_id,dataset_material,vacancy_sites,substitution_sites,defect_sites,to_strata,Formation_Energy,band_gap_value
619cdd5145851b2ed2430ebf,low_WSe2,2.0,1.0,3.0,WSe2_0.01562,39.33932598999995,0.2721999999999998
619cdd5145851b2ed2430ec0,low_WSe2,1.0,2.0,3.0,WSe2_0.01562,28.04990668000005,0.21369999999999933
619cdd5145851b2ed2430ec1,low_WSe2,1.0,2.0,3.0,WSe2_0.01562,11.77290556999991,1.2912999999999997
619cdd5145851b2ed2430ec2,low_WSe2,2.0,1.0,3.0,WSe2_0.01562,39.22776148000007,0.21640000000000015
619cdd5145851b2ed2430ec3,low_WSe2,2.0,1.0,3.0,WSe2_0.01562,39.23099065000001,0.2024000000000008
619cdd5145851b2ed2430ec4,low_WSe2,1.0,2.0,3.0,WSe2_0.01562,11.770558890000064,1.2982000000000014
619cdd5145851b2ed2430ec5,low_WSe2,2.0,0.0,2.0,WSe2_0.01042,19.377892390000106,1.2797
619cdd5145851b2ed2430ec6,low_WSe2,1.0,2.0,3.0,WSe2_0.01562,11.75311985999996,1.2952000000000012
619cdd5145851b2ed2430ec7,low_WSe2,2.0,1.0,3.0,WSe2_0.01562,39.24704288000002,0.1872000000000007
619cdd5145851b2ed2430ec8,low_WSe2,1.0,2.0,3.0,WSe2_0.01562,11.784448789999932,1.1599000000000004
619cdd5145851b2ed2430ec9,low_WSe2,2.0,1.0,3.0,WSe2_0.01562,39.19181353999993,0.21000000000000085
619cdd5145851b2ed2430eca,low_WSe2,0.0,3.0,3.0,WSe2_0.01562,0.4298831600000881,1.8231000000000037
619cdd5145851b2ed2430ecb,low_WSe2,3.0,0.0,3.0,WSe2_0.01562,50.57195676999991,0.1927999999999983
619cdd5145851b2ed2430ecc,low_WSe2,1.0,2.0,3.0,WSe2_0.01562,27.915479600000026,0.19399999999999906
619cdd5145851b2ed2430ecd,low_WSe2,2.0,1.0,3.0,WSe2_0.01562,39.32601400999992,0.2734999999999985
619cdd5145851b2ed2430ece,low_WSe2,1.0,2.0,3.0,WSe2_0.01562,27.912689539999974,0.1958000000000002
619cdd5145851b2ed2430ecf,low_WSe2,0.0,3.0,3.0,WSe2_0.01562,0.4297558699999513,1.831000000000003
619cdd5145851b2ed2430ed0,low_WSe2,1.0,2.0,3.0,WSe2_0.01562,27.92014117000008,0.18989999999999974
619cdd5145851b2ed2430ed1,low_WSe2,1.0,2.0,3.0,WSe2_0.01562,11.766552739999941,1.2989999999999995
619cdd5145851b2ed2430ed2,low_WSe2,2.0,1.0,3.0,WSe2_0.01562,23.27233527000002,0.8562999999999974
619cdd5145851b2ed2430ed3,low_WSe2,0.0,3.0,3.0,WSe2_0.01562,0.4289053399999716,1.8325999999999993
619cdd5145851b2ed2430ed4,low_WSe2,1.0,2.0,3.0,WSe2_0.01562,11.784444469999915,1.3011000000000053
619cdd5145851b2ed2430ed5,low_WSe2,1.0,2.0,3.0,WSe2_0.01562,11.760877689999905,1.2999999999999972
619cdd5145851b2ed2430ed6,low_WSe2,1.0,2.0,3.0,WSe2_0.01562,27.92074464999996,0.18810000000000038
619cdd5145851b2ed2430ed7,low_WSe2,1.0,2.0,3.0,WSe2_0.01562,27.87594721000005,0.1761999999999997
619cdd5145851b2ed2430ed8,low_WSe2,1.0,2.0,3.0,WSe2_0.01562,27.883702670000048,0.1742000000000008
619cdd5145851b2ed2430ed9,low_WSe2,1.0,2.0,3.0,WSe2_0.01562,27.922998179999922,0.19180000000000064
619cdd5145851b2ed2430eda,low_WSe2,1.0,2.0,3.0,WSe2_0.01562,11.773849030000054,1.3001999999999967
619cdd5145851b2ed2430edb,low_WSe2,1.0,2.0,3.0,WSe2_0.01562,11.680186309999943,1.3059000000000012
619cdd5145851b2ed2430edc,low_WSe2,2.0,1.0,3.0,WSe2_0.01562,23.115128160000076,1.2453000000000003
619cdd5145851b2ed2430edd,low_WSe2,0.0,3.0,3.0,WSe2_0.01562,0.4284139299999765,1.827300000000001
619cdd5145851b2ed2430ede,low_WSe2,1.0,2.0,3.0,WSe2_0.01562,11.76408179000008,1.3028000000000048
619cdd5145851b2ed2430edf,low_WSe2,0.0,3.0,3.0,WSe2_0.01562,0.42781822999990027,1.823999999999998
619cdd5145851b2ed2430ee0,low_WSe2,2.0,1.0,3.0,WSe2_0.01562,37.57914798000006,0.6563000000000017
619cdd5145851b2ed2430ee1,low_WSe2,1.0,2.0,3.0,WSe2_0.01562,27.926052020000043,0.1891000000000016
619cdd5145851b2ed2430ee2,low_WSe2,0.0,3.0,3.0,WSe2_0.01562,0.42560713999995414,1.829900000000002
619cdd5145851b2ed2430ee3,low_WSe2,2.0,1.0,3.0,WSe2_0.01562,39.198745579999965,0.21119999999999983
619cdd5145851b2ed2430ee4,low_WSe2,2.0,1.0,3.0,WSe2_0.01562,23.090304399999958,1.2552999999999983
619cdd5145851b2ed2430ee5,low_WSe2,0.0,3.0,3.0,WSe2_0.01562,0.4302001099999302,1.825099999999999
619cdd5145851b2ed2430ee6,low_WSe2,0.0,3.0,3.0,WSe2_0.01562,0.430564449999963,1.8316999999999979
619cdd5145851b2ed2430ee7,low_WSe2,2.0,1.0,3.0,WSe2_0.01562,39.37596231000002,0.2776999999999994
619cdd5145851b2ed2430ee8,low_WSe2,1.0,2.0,3.0,WSe2_0.01562,11.767057320000038,1.3022999999999954
619cdd5145851b2ed2430ee9,low_WSe2,2.0,1.0,3.0,WSe2_0.01562,23.053257990000056,1.1206000000000031
619cdd5145851b2ed2430eea,low_WSe2,0.0,2.0,2.0,WSe2_0.01042,2.089992369999914,1.8329999999999984
619cdd5145851b2ed2430eeb,low_WSe2,2.0,1.0,3.0,WSe2_0.01562,23.112114620000092,1.2552999999999983
619cdd5145851b2ed2430eec,low_WSe2,1.0,2.0,3.0,WSe2_0.01562,11.772309590000066,1.3016000000000005
619cdd5145851b2ed2430eed,low_WSe2,2.0,1.0,3.0,WSe2_0.01562,39.31979968,0.27839999999999954
619cdd5145851b2ed2430eee,low_WSe2,2.0,1.0,3.0,WSe2_0.01562,23.028477630000033,1.1156000000000006
619cdd5145851b2ed2430eef,low_WSe2,1.0,2.0,3.0,WSe2_0.01562,11.755829960000018,1.2994000000000057
619cdd5145851b2ed2430ef0,low_WSe2,2.0,1.0,3.0,WSe2_0.01562,39.24469400999992,0.19629999999999903
619cdd5145851b2ed2430ef1,low_WSe2,0.0,2.0,2.0,WSe2_0.01042,-3.319495899999925,1.8644999999999996
619cdd5145851b2ed2430ef2,low_WSe2,1.0,2.0,3.0,WSe2_0.01562,11.768172779999976,1.2875999999999976
619cdd5145851b2ed2430ef3,low_WSe2,2.0,1.0,3.0,WSe2_0.01562,39.19265945000011,0.20760000000000112
619cdd5145851b2ed2430ef4,low_WSe2,2.0,1.0,3.0,WSe2_0.01562,39.326311029999985,0.26510000000000034
619cdd5145851b2ed2430ef5,low_WSe2,1.0,2.0,3.0,WSe2_0.01562,27.96429003000003,0.15279999999999916
619cdd5145851b2ed2430ef6,low_WSe2,2.0,1.0,3.0,WSe2_0.01562,39.365197659999964,0.19790000000000063
619cdd5145851b2ed2430ef7,low_WSe2,2.0,1.0,3.0,WSe2_0.01562,37.57368414000011,0.6597000000000008
619cdd5145851b2ed2430ef8,low_WSe2,0.0,3.0,3.0,WSe2_0.01562,0.4283787300000199,1.8286000000000016
619cdd5145851b2ed2430ef9,low_WSe2,0.0,3.0,3.0,WSe2_0.01562,0.4541632199999981,1.8308999999999997
619cdd5245851b2ed2430efa,low_WSe2,1.0,2.0,3.0,WSe2_0.01562,11.762497460000066,1.2968000000000046
619cdd5245851b2ed2430efb,low_WSe2,2.0,1.0,3.0,WSe2_0.01562,39.40252035999997,0.2848999999999986
619cdd5245851b2ed2430efc,low_WSe2,1.0,1.0,2.0,WSe2_0.01042,13.42964906999994,1.3028000000000048
619cdd5245851b2ed2430efd,low_WSe2,2.0,1.0,3.0,WSe2_0.01562,39.16893796999993,0.13329999999999842
619cdd5245851b2ed2430efe,low_WSe2,1.0,2.0,3.0,WSe2_0.01562,11.771707509999931,1.2989999999999995
619cdd5245851b2ed2430eff,low_WSe2,0.0,3.0,3.0,WSe2_0.01562,0.45507842000000664,1.8147999999999982
619cdd5245851b2ed2430f00,low_WSe2,1.0,2.0,3.0,WSe2_0.01562,11.78563209999992,1.2695000000000007
619cdd5245851b2ed2430f01,low_WSe2,3.0,0.0,3.0,WSe2_0.01562,50.563875749999944,0.14329999999999998
619cdd5245851b2ed2430f02,low_WSe2,1.0,2.0,3.0,WSe2_0.01562,11.770913009999948,1.294399999999996
619cdd5245851b2ed2430f03,low_WSe2,1.0,2.0,3.0,WSe2_0.01562,11.760864079999909,1.3006000000000029
619cdd5245851b2ed2430f04,low_WSe2,2.0,1.0,3.0,WSe2_0.01562,23.271439390000104,0.8574000000000055
619cdd5245851b2ed2430f05,low_WSe2,1.0,2.0,3.0,WSe2_0.01562,11.768872670000054,1.2971000000000004
619cdd5245851b2ed2430f06,low_WSe2,2.0,1.0,3.0,WSe2_0.01562,39.226686660000084,0.152099999999999
619cdd5245851b2ed2430f07,low_WSe2,1.0,2.0,3.0,WSe2_0.01562,11.76328084999999,1.3022000000000062
619cdd5245851b2ed2430f08,low_WSe2,1.0,2.0,3.0,WSe2_0.01562,11.762738500000058,1.3001999999999967
619cdd5245851b2ed2430f09,low_WSe2,1.0,2.0,3.0,WSe2_0.01562,27.87206493000008,0.22999999999999865
619cdd5245851b2ed2430f0a,low_WSe2,2.0,1.0,3.0,WSe2_0.01562,23.141353419999895,1.2760999999999996
619cdd5245851b2ed2430f0b,low_WSe2,1.0,2.0,3.0,WSe2_0.01562,11.76624151000009,1.3048000000000002
619cdd5245851b2ed2430f0c,low_WSe2,2.0,1.0,3.0,WSe2_0.01562,39.23181671999991,0.21419999999999995
619cdd5245851b2ed2430f0d,low_WSe2,1.0,2.0,3.0,WSe2_0.01562,11.776980670000047,1.3055999999999983
619cdd5245851b2ed2430f0e,low_WSe2,1.0,2.0,3.0,WSe2_0.01562,11.77668063000009,1.2997000000000014
619cdd5245851b2ed2430f0f,low_WSe2,0.0,3.0,3.0,WSe2_0.01562,0.42489253000002236,1.8216999999999999
619cdd5245851b2ed2430f10,low_WSe2,2.0,1.0,3.0,WSe2_0.01562,39.22276629999992,0.14880000000000138
619cdd5245851b2ed2430f11,low_WSe2,1.0,2.0,3.0,WSe2_0.01562,27.8739258600001,0.1753
619cdd5245851b2ed2430f12,low_WSe2,3.0,0.0,3.0,WSe2_0.01562,49.96250758000006,0.19200000000000017
619cdd5245851b2ed2430f13,low_WSe2,2.0,1.0,3.0,WSe2_0.01562,39.23456203000005,0.15370000000000061
619cdd5245851b2ed2430f14,low_WSe2,1.0,2.0,3.0,WSe2_0.01562,11.769137219999937,1.2984000000000009
619cdd5245851b2ed2430f15,low_WSe2,0.0,3.0,3.0,WSe2_0.01562,0.4286407100000247,1.8301000000000016
619cdd5245851b2ed2430f16,low_WSe2,1.0,2.0,3.0,WSe2_0.01562,28.000240430000076,0.2569999999999997
619cdd5245851b2ed2430f17,low_WSe2,1.0,2.0,3.0,WSe2_0.01562,11.774928029999945,1.2965000000000018
619cdd5245851b2ed2430f18,low_WSe2,1.0,2.0,3.0,WSe2_0.01562,28.002760549999948,0.26420000000000066
619cdd5245851b2ed2430f19,low_WSe2,1.0,2.0,3.0,WSe2_0.01562,11.745778349999899,1.298099999999998
619cdd5245851b2ed2430f1a,low_WSe2,1.0,2.0,3.0,WSe2_0.01562,11.78911164000009,1.2678999999999974
619cdd5245851b2ed2430f1b,low_WSe2,1.0,2.0,3.0,WSe2_0.01562,27.974239500000067,0.2574999999999985
619cdd5245851b2ed2430f1c,low_WSe2,2.0,1.0,3.0,WSe2_0.01562,39.230111840000106,0.21449999999999925
619cdd5245851b2ed2430f1d,low_WSe2,1.0,2.0,3.0,WSe2_0.01562,27.91632901999992,0.1894999999999989
619cdd5245851b2ed2430f1e,low_WSe2,1.0,2.0,3.0,WSe2_0.01562,27.88400531000002,0.1725999999999992
619cdd5245851b2ed2430f1f,low_WSe2,2.0,1.0,3.0,WSe2_0.01562,38.63407076000003,0.19409999999999883
619cdd5245851b2ed2430f20,low_WSe2,1.0,2.0,3.0,WSe2_0.01562,11.740607630000103,1.298499999999997
619cdd5245851b2ed2430f21,low_WSe2,1.0,2.0,3.0,WSe2_0.01562,11.782296280000072,1.2935000000000016
619cdd5245851b2ed2430f22,low_WSe2,1.0,2.0,3.0,WSe2_0.01562,11.764727310000115,1.301399999999994
619cdd5245851b2ed2430f23,low_WSe2,2.0,1.0,3.0,WSe2_0.01562,38.6251630499999,0.19430000000000014
619cdd5245851b2ed2430f24,low_WSe2,2.0,0.0,2.0,WSe2_0.01042,40.89649053999996,0.2012999999999998
619cdd5245851b2ed2430f25,low_WSe2,2.0,1.0,3.0,WSe2_0.01562,23.095472830000098,1.2668000000000035
619cdd5245851b2ed2430f26,low_WSe2,0.0,3.0,3.0,WSe2_0.01562,0.42986837000006517,1.8278000000000034
619cdd5245851b2ed2430f27,low_WSe2,2.0,1.0,3.0,WSe2_0.01562,23.100923700000102,1.249299999999998
619cdd5245851b2ed2430f28,low_WSe2,1.0,2.0,3.0,WSe2_0.01562,27.997135780000008,0.26060000000000016
619cdd5245851b2ed2430f29,low_WSe2,1.0,2.0,3.0,WSe2_0.01562,11.768195849999973,1.2991000000000028
619cdd5245851b2ed2430f2a,low_WSe2,0.0,3.0,3.0,WSe2_0.01562,0.4287545900000964,1.829900000000002
619cdd5245851b2ed2430f2b,low_WSe2,1.0,2.0,3.0,WSe2_0.01562,11.774679659999936,1.2973
619cdd5245851b2ed2430f2c,low_WSe2,2.0,1.0,3.0,WSe2_0.01562,23.125696480000023,1.2827999999999946
619cdd5245851b2ed2430f2d,low_WSe2,1.0,2.0,3.0,WSe2_0.01562,11.77013037000005,1.296199999999999
619cdd5245851b2ed2430f2e,low_WSe2,3.0,0.0,3.0,WSe2_0.01562,50.57621479999998,0.22780000000000022
619cdd5245851b2ed2430f2f,low_WSe2,0.0,3.0,3.0,WSe2_0.01562,0.4543583599999579,1.8280999999999992
619cdd5245851b2ed2430f30,low_WSe2,0.0,2.0,2.0,WSe2_0.01042,2.089482260000091,1.8301000000000016
619cdd5245851b2ed2430f31,low_WSe2,0.0,3.0,3.0,WSe2_0.01562,0.4285332199999061,1.830599999999997
619cdd5245851b2ed2430f32,low_WSe2,2.0,1.0,3.0,WSe2_0.01562,23.08859667000005,1.2580000000000027
619cdd5245851b2ed2430f33,low_WSe2,1.0,2.0,3.0,WSe2_0.01562,11.762959460000037,1.3005999999999958
619cdd5245851b2ed2430f34,low_WSe2,0.0,3.0,3.0,WSe2_0.01562,0.4332266200000845,1.816199999999995
619cdd5245851b2ed2430f35,low_WSe2,1.0,2.0,3.0,WSe2_0.01562,11.795771430000048,1.3029999999999973
619cdd5245851b2ed2430f36,low_WSe2,0.0,3.0,3.0,WSe2_0.01562,0.4281605000000468,1.8293000000000035
619cdd5245851b2ed2430f37,low_WSe2,2.0,1.0,3.0,WSe2_0.01562,39.21017020999993,0.1888999999999985
619cdd5245851b2ed2430f38,low_WSe2,0.0,3.0,3.0,WSe2_0.01562,0.42642728000004126,1.8228000000000009
619cdd5245851b2ed2430f39,low_WSe2,3.0,0.0,3.0,WSe2_0.01562,50.53535042999997,0.21189999999999998
619cdd5245851b2ed2430f3a,low_WSe2,2.0,1.0,3.0,WSe2_0.01562,23.27214796000002,0.8554999999999993
619cdd5245851b2ed2430f3b,low_WSe2,3.0,0.0,3.0,WSe2_0.01562,50.55288024999991,0.22199999999999953
619cdd5245851b2ed2430f3c,low_WSe2,2.0,1.0,3.0,WSe2_0.01562,23.119497559999935,1.2848000000000042
619cdd5245851b2ed2430f3d,low_WSe2,0.0,3.0,3.0,WSe2_0.01562,0.427739039999949,1.8307999999999964
619cdd5245851b2ed2430f3e,low_WSe2,2.0,1.0,3.0,WSe2_0.01562,39.19673384000002,0.21009999999999884
619cdd5245851b2ed2430f3f,low_WSe2,1.0,2.0,3.0,WSe2_0.01562,28.002249110000093,0.26720000000000077
619cdd5245851b2ed2430f40,low_WSe2,0.0,3.0,3.0,WSe2_0.01562,0.4280669799999828,1.8256000000000014
619cdd5245851b2ed2430f41,low_WSe2,2.0,1.0,3.0,WSe2_0.01562,23.100784069999953,1.2599000000000018
619cdd5245851b2ed2430f42,low_WSe2,2.0,1.0,3.0,WSe2_0.01562,39.24730161999996,0.19700000000000095
619cdd5245851b2ed2430f43,low_WSe2,2.0,1.0,3.0,WSe2_0.01562,23.131257840000025,1.2633999999999972
619cdd5245851b2ed2430f44,low_WSe2,2.0,1.0,3.0,WSe2_0.01562,23.10566513000007,1.180100000000003
619cdd5245851b2ed2430f45,low_WSe2,1.0,2.0,3.0,WSe2_0.01562,11.770538609999893,1.2822999999999993
619cdd5245851b2ed2430f46,low_WSe2,3.0,0.0,3.0,WSe2_0.01562,50.57755067000003,0.19180000000000064
619cdd5245851b2ed2430f47,low_WSe2,3.0,0.0,3.0,WSe2_0.01562,48.8840729699999,0.5847999999999995
619cdd5245851b2ed2430f48,low_WSe2,1.0,2.0,3.0,WSe2_0.01562,27.91796361999991,0.1943999999999999
619cdd5245851b2ed2430f49,low_WSe2,0.0,3.0,3.0,WSe2_0.01562,0.4300942399999599,1.827300000000001
619cdd5245851b2ed2430f4a,low_WSe2,3.0,0.0,3.0,WSe2_0.01562,49.96987638000005,0.186399999999999
619cdd5345851b2ed2430f4b,low_WSe2,1.0,2.0,3.0,WSe2_0.01562,27.927903640000068,0.19240000000000101
619cdd5345851b2ed2430f4c,low_WSe2,1.0,2.0,3.0,WSe2_0.01562,27.96016877000011,0.16130000000000067
619cdd5345851b2ed2430f4d,low_WSe2,1.0,2.0,3.0,WSe2_0.01562,11.762681390000115,1.3016999999999967
619cdd5345851b2ed2430f4e,low_WSe2,2.0,1.0,3.0,WSe2_0.01562,39.25266478999997,0.182500000000001
619cdd5345851b2ed2430f4f,low_WSe2,1.0,2.0,3.0,WSe2_0.01562,27.927867930000048,0.1921999999999997
619cdd5345851b2ed2430f50,low_WSe2,2.0,1.0,3.0,WSe2_0.01562,39.23860109000002,0.14860000000000007
619cdd5345851b2ed2430f51,low_WSe2,3.0,0.0,3.0,WSe2_0.01562,50.739501240000074,0.1629000000000005
619cdd5345851b2ed2430f52,low_WSe2,1.0,2.0,3.0,WSe2_0.01562,11.774590960000058,1.2990999999999957
619cdd5345851b2ed2430f53,low_WSe2,2.0,1.0,3.0,WSe2_0.01562,23.10422208999993,1.1544999999999987
619cdd5345851b2ed2430f54,low_WSe2,0.0,3.0,3.0,WSe2_0.01562,0.42662422999995897,1.8236999999999952
619cdd5345851b2ed2430f55,low_WSe2,1.0,2.0,3.0,WSe2_0.01562,11.766601049999952,1.2997000000000014
619cdd5345851b2ed2430f56,low_WSe2,2.0,1.0,3.0,WSe2_0.01562,23.12516813999995,1.2858000000000018
619cdd5345851b2ed2430f57,low_WSe2,2.0,1.0,3.0,WSe2_0.01562,38.60353611999999,0.20250000000000057
619cdd5345851b2ed2430f58,low_WSe2,2.0,1.0,3.0,WSe2_0.01562,39.245149690000105,0.19740000000000002
619cdd5345851b2ed2430f59,low_WSe2,2.0,1.0,3.0,WSe2_0.01562,39.36742344000008,0.2778999999999989
619cdd5345851b2ed2430f5a,low_WSe2,1.0,2.0,3.0,WSe2_0.01562,27.91515028999993,0.19430000000000014
619cdd5345851b2ed2430f5b,low_WSe2,0.0,3.0,3.0,WSe2_0.01562,0.4291195899999707,1.8260000000000005
619cdd5345851b2ed2430f5c,low_WSe2,1.0,2.0,3.0,WSe2_0.01562,11.777444990000038,1.3014999999999972
619cdd5345851b2ed2430f5d,low_WSe2,1.0,2.0,3.0,WSe2_0.01562,11.767791579999983,1.2957999999999998
619cdd5345851b2ed2430f5e,low_WSe2,2.0,1.0,3.0,WSe2_0.01562,39.23404701000008,0.2019000000000002
619cdd5345851b2ed2430f5f,low_WSe2,2.0,1.0,3.0,WSe2_0.01562,39.230536970000045,0.21509999999999962
619cdd5345851b2ed2430f60,low_WSe2,1.0,2.0,3.0,WSe2_0.01562,11.752099840000017,1.2959999999999994
619cdd5345851b2ed2430f61,low_WSe2,2.0,1.0,3.0,WSe2_0.01562,39.20121339999996,0.20650000000000013
619cdd5345851b2ed2430f62,low_WSe2,1.0,2.0,3.0,WSe2_0.01562,11.763090950000095,1.3055999999999983
619cdd5345851b2ed2430f63,low_WSe2,2.0,1.0,3.0,WSe2_0.01562,23.274009300000024,0.8581999999999965
619cdd5345851b2ed2430f64,low_WSe2,1.0,2.0,3.0,WSe2_0.01562,11.76899073000003,1.2996000000000052
619cdd5345851b2ed2430f65,low_WSe2,2.0,1.0,3.0,WSe2_0.01562,39.27351311000011,0.25879999999999903
619cdd5345851b2ed2430f66,low_WSe2,1.0,2.0,3.0,WSe2_0.01562,11.764214810000102,1.3017000000000039
619cdd5345851b2ed2430f67,low_WSe2,0.0,3.0,3.0,WSe2_0.01562,0.4620866199999796,1.8243999999999971
619cdd5345851b2ed2430f68,low_WSe2,2.0,1.0,3.0,WSe2_0.01562,23.112490700000116,1.2657000000000025
619cdd5345851b2ed2430f69,low_WSe2,2.0,1.0,3.0,WSe2_0.01562,39.24583798999997,0.19790000000000063
619cdd5345851b2ed2430f6a,low_WSe2,0.0,3.0,3.0,WSe2_0.01562,0.4281945399999927,1.8252000000000024
619cdd5345851b2ed2430f6b,low_WSe2,0.0,3.0,3.0,WSe2_0.01562,0.45294875999996975,1.8246000000000038
619cdd5345851b2ed2430f6c,low_WSe2,0.0,3.0,3.0,WSe2_0.01562,0.4377871900000514,1.828400000000002
619cdd5345851b2ed2430f6d,low_WSe2,2.0,1.0,3.0,WSe2_0.01562,39.23783473999997,0.19899999999999984
619cdd5345851b2ed2430f6e,low_WSe2,2.0,1.0,3.0,WSe2_0.01562,39.237975479999974,0.19670000000000165
619cdd5345851b2ed2430f6f,low_WSe2,1.0,2.0,3.0,WSe2_0.01562,27.92249285999992,0.1905000000000001
619cdd5345851b2ed2430f70,low_WSe2,1.0,2.0,3.0,WSe2_0.01562,11.76932231999989,1.2963999999999984
619cdd5345851b2ed2430f71,low_WSe2,2.0,1.0,3.0,WSe2_0.01562,23.11354921000001,1.200800000000001
619cdd5345851b2ed2430f72,low_WSe2,1.0,2.0,3.0,WSe2_0.01562,11.776496919999989,1.277700000000003
619cdd5345851b2ed2430f73,low_WSe2,1.0,2.0,3.0,WSe2_0.01562,11.770121559999996,1.2996999999999943
619cdd5345851b2ed2430f74,low_WSe2,3.0,0.0,3.0,WSe2_0.01562,50.51732830000001,0.21419999999999995
619cdd5345851b2ed2430f75,low_WSe2,2.0,1.0,3.0,WSe2_0.01562,23.12620625000003,1.2807999999999993
619cdd5345851b2ed2430f76,low_WSe2,2.0,1.0,3.0,WSe2_0.01562,39.37266213000002,0.2779000000000007
619cdd5345851b2ed2430f77,low_WSe2,0.0,3.0,3.0,WSe2_0.01562,0.4287411899999256,1.828400000000002
619cdd5345851b2ed2430f78,low_WSe2,2.0,1.0,3.0,WSe2_0.01562,39.20259293000008,0.19379999999999953
619cdd5345851b2ed2430f79,low_WSe2,1.0,2.0,3.0,WSe2_0.01562,27.880839440000045,0.1733999999999991
619cdd5345851b2ed2430f7a,low_WSe2,2.0,1.0,3.0,WSe2_0.01562,39.39854227000005,0.28880000000000017
619cdd5345851b2ed2430f7b,low_WSe2,1.0,2.0,3.0,WSe2_0.01562,28.06334014999993,0.27580000000000027
619cdd5345851b2ed2430f7c,low_WSe2,1.0,2.0,3.0,WSe2_0.01562,11.77181771000004,1.3001000000000005
619cdd5345851b2ed2430f7d,low_WSe2,2.0,1.0,3.0,WSe2_0.01562,23.105061560000003,1.2441999999999993
619cdd5345851b2ed2430f7e,low_WSe2,0.0,3.0,3.0,WSe2_0.01562,0.4252426200000059,1.8286999999999978
619cdd5345851b2ed2430f7f,low_WSe2,2.0,1.0,3.0,WSe2_0.01562,38.6269749399999,0.19460000000000122
619cdd5345851b2ed2430f80,low_WSe2,1.0,2.0,3.0,WSe2_0.01562,11.774681419999968,1.2944999999999993
619cdd5345851b2ed2430f81,low_WSe2,1.0,2.0,3.0,WSe2_0.01562,11.785459070000105,1.3023999999999987
619cdd5345851b2ed2430f82,low_WSe2,1.0,2.0,3.0,WSe2_0.01562,27.918650780000007,0.18880000000000052
619cdd5345851b2ed2430f83,low_WSe2,2.0,1.0,3.0,WSe2_0.01562,38.65655971999995,0.22880000000000145
619cdd5345851b2ed2430f84,low_WSe2,0.0,3.0,3.0,WSe2_0.01562,0.42505116000000953,1.8260999999999967
619cdd5345851b2ed2430f85,low_WSe2,3.0,0.0,3.0,WSe2_0.01562,50.577659570000016,0.22029999999999994
619cdd5345851b2ed2430f86,low_WSe2,1.0,2.0,3.0,WSe2_0.01562,27.997310550000066,0.26529999999999987
619cdd5345851b2ed2430f87,low_WSe2,1.0,2.0,3.0,WSe2_0.01562,11.76865720999989,1.2991000000000028
619cdd5345851b2ed2430f88,low_WSe2,2.0,1.0,3.0,WSe2_0.01562,23.116510899999902,1.2875999999999976
619cdd5345851b2ed2430f89,low_WSe2,0.0,3.0,3.0,WSe2_0.01562,0.4295717199999558,1.8286999999999978
619cdd5345851b2ed2430f8a,low_WSe2,1.0,2.0,3.0,WSe2_0.01562,11.770673219999924,1.2852999999999994
619cdd5345851b2ed2430f8b,low_WSe2,0.0,3.0,3.0,WSe2_0.01562,0.42919049000005316,1.8251999999999953
619cdd5345851b2ed2430f8c,low_WSe2,3.0,0.0,3.0,WSe2_0.01562,49.982127630000015,0.2710000000000008
619cdd5345851b2ed2430f8d,low_WSe2,3.0,0.0,3.0,WSe2_0.01562,50.55711568999991,0.19309999999999938
619cdd5345851b2ed2430f8e,low_WSe2,0.0,3.0,3.0,WSe2_0.01562,0.4313550700000519,1.8212000000000046
619cdd5345851b2ed2430f8f,low_WSe2,0.0,3.0,3.0,WSe2_0.01562,0.43018550000005007,1.830299999999994
619cdd5345851b2ed2430f90,low_WSe2,2.0,1.0,3.0,WSe2_0.01562,39.269947459999955,0.19560000000000066
619cdd5345851b2ed2430f91,low_WSe2,1.0,2.0,3.0,WSe2_0.01562,11.762065930000052,1.2971000000000004
619cdd5345851b2ed2430f92,low_WSe2,2.0,1.0,3.0,WSe2_0.01562,23.130494329999955,1.279199999999996
619cdd5345851b2ed2430f93,low_WSe2,3.0,0.0,3.0,WSe2_0.01562,48.856009539999924,0.6051000000000002
619cdd5345851b2ed2430f94,low_WSe2,1.0,2.0,3.0,WSe2_0.01562,27.912488050000093,0.1943999999999999
619cdd5345851b2ed2430f95,low_WSe2,0.0,3.0,3.0,WSe2_0.01562,0.42957607000010967,1.8305000000000007
619cdd5345851b2ed2430f96,low_WSe2,1.0,2.0,3.0,WSe2_0.01562,11.768752239999902,1.298099999999998
619cdd5345851b2ed2430f97,low_WSe2,2.0,1.0,3.0,WSe2_0.01562,39.23709996999996,0.19479999999999897
619cdd5345851b2ed2430f98,low_WSe2,2.0,1.0,3.0,WSe2_0.01562,39.232501620000036,0.1524000000000001
619cdd5345851b2ed2430f99,low_WSe2,1.0,2.0,3.0,WSe2_0.01562,11.764062790000015,1.296599999999998
619cdd5345851b2ed2430f9a,low_WSe2,2.0,1.0,3.0,WSe2_0.01562,23.129216379999924,1.1788999999999987
619cdd5445851b2ed2430f9b,low_WSe2,2.0,1.0,3.0,WSe2_0.01562,39.217199709999974,0.2024000000000008
619cdd5445851b2ed2430f9c,low_WSe2,1.0,2.0,3.0,WSe2_0.01562,11.771019510000077,1.2962999999999951
619cdd5445851b2ed2430f9d,low_WSe2,1.0,2.0,3.0,WSe2_0.01562,11.773379700000067,1.2992999999999952
619cdd5445851b2ed2430f9e,low_WSe2,1.0,2.0,3.0,WSe2_0.01562,11.771921660000078,1.292100000000005
619cdd5445851b2ed2430f9f,low_WSe2,1.0,2.0,3.0,WSe2_0.01562,11.746975600000031,1.2946999999999989
619cdd5445851b2ed2430fa0,low_WSe2,0.0,3.0,3.0,WSe2_0.01562,0.45365368999995326,1.8267999999999986
619cdd5445851b2ed2430fa1,low_WSe2,1.0,2.0,3.0,WSe2_0.01562,11.767328010000018,1.2993000000000023
619cdd5445851b2ed2430fa2,low_WSe2,1.0,2.0,3.0,WSe2_0.01562,27.913479069999994,0.19769999999999932
619cdd5445851b2ed2430fa3,low_WSe2,3.0,0.0,3.0,WSe2_0.01562,50.56868573000006,0.16469999999999985
619cdd5445851b2ed2430fa4,low_WSe2,0.0,3.0,3.0,WSe2_0.01562,0.4332693099999574,1.8193999999999946
619cdd5445851b2ed2430fa5,low_WSe2,2.0,1.0,3.0,WSe2_0.01562,39.23854987999998,0.20110000000000028
619cdd5445851b2ed2430fa6,low_WSe2,2.0,1.0,3.0,WSe2_0.01562,39.19397136000002,0.18870000000000076
619cdd5445851b2ed2430fa7,low_WSe2,2.0,1.0,3.0,WSe2_0.01562,39.24544225999993,0.1988000000000003
619cdd5445851b2ed2430fa8,low_WSe2,2.0,1.0,3.0,WSe2_0.01562,38.63689038000011,0.19669999999999987
619cdd5445851b2ed2430fa9,low_WSe2,2.0,1.0,3.0,WSe2_0.01562,37.582789840000075,0.6573999999999991
619cdd5445851b2ed2430faa,low_WSe2,2.0,1.0,3.0,WSe2_0.01562,39.21103662,0.18189999999999884
619cdd5445851b2ed2430fab,low_WSe2,2.0,1.0,3.0,WSe2_0.01562,39.20750412000011,0.2032000000000007
619cdd5445851b2ed2430fac,low_WSe2,2.0,1.0,3.0,WSe2_0.01562,39.24509229999994,0.19730000000000025
619cdd5445851b2ed2430fad,low_WSe2,3.0,0.0,3.0,WSe2_0.01562,50.29386200999998,0.23209999999999908
619cdd5445851b2ed2430fae,low_WSe2,2.0,1.0,3.0,WSe2_0.01562,39.3884216500001,0.2918000000000003
619cdd5445851b2ed2430faf,low_WSe2,2.0,1.0,3.0,WSe2_0.01562,39.24839772,0.1850000000000005
619cdd5445851b2ed2430fb0,low_WSe2,2.0,1.0,3.0,WSe2_0.01562,23.25625298999993,0.853199999999994
619cdd5445851b2ed2430fb1,low_WSe2,0.0,3.0,3.0,WSe2_0.01562,0.4264122700000712,1.821799999999996
619cdd5445851b2ed2430fb2,low_WSe2,2.0,1.0,3.0,WSe2_0.01562,37.57197397000009,0.6568000000000005
619cdd5445851b2ed2430fb3,low_WSe2,3.0,0.0,3.0,WSe2_0.01562,50.571291060000114,0.19500000000000028
619cdd5445851b2ed2430fb4,low_WSe2,1.0,2.0,3.0,WSe2_0.01562,27.925654959999974,0.19339999999999868
619cdd5445851b2ed2430fb5,low_WSe2,3.0,0.0,3.0,WSe2_0.01562,50.57279013999992,0.21449999999999925
619cdd5445851b2ed2430fb6,low_WSe2,1.0,2.0,3.0,WSe2_0.01562,27.88055656000006,0.1750000000000007
619cdd5445851b2ed2430fb7,low_WSe2,3.0,0.0,3.0,WSe2_0.01562,50.59713601999997,0.20669999999999966
619cdd5445851b2ed2430fb8,low_WSe2,1.0,2.0,3.0,WSe2_0.01562,27.917828039999904,0.1877999999999993
619cdd5445851b2ed2430fb9,low_WSe2,3.0,0.0,3.0,WSe2_0.01562,50.48827876000005,0.2342999999999993
619cdd5445851b2ed2430fba,low_WSe2,0.0,3.0,3.0,WSe2_0.01562,0.43235042000009116,1.8314000000000021
619cdd5445851b2ed2430fbb,low_WSe2,1.0,2.0,3.0,WSe2_0.01562,27.92283092999992,0.1844999999999999
619cdd5445851b2ed2430fbc,low_WSe2,1.0,2.0,3.0,WSe2_0.01562,11.774859260000074,1.295100000000005
619cdd5445851b2ed2430fbd,low_WSe2,1.0,2.0,3.0,WSe2_0.01562,27.876533870000003,0.1767000000000003
619cdd5445851b2ed2430fbe,low_WSe2,1.0,2.0,3.0,WSe2_0.01562,11.75916576999997,1.3004000000000033
619cdd5445851b2ed2430fbf,low_WSe2,1.0,2.0,3.0,WSe2_0.01562,11.775220819999948,1.3011000000000053
619cdd5445851b2ed2430fc0,low_WSe2,1.0,2.0,3.0,WSe2_0.01562,11.768055790000052,1.2993000000000023
619cdd5445851b2ed2430fc1,low_WSe2,2.0,1.0,3.0,WSe2_0.01562,23.10770370999993,1.2665999999999968
619cdd5445851b2ed2430fc2,low_WSe2,1.0,2.0,3.0,WSe2_0.01562,11.774655200000087,1.2993999999999986
619cdd5445851b2ed2430fc3,low_WSe2,1.0,2.0,3.0,WSe2_0.01562,11.747358459999976,1.299199999999999
619cdd5445851b2ed2430fc4,low_WSe2,1.0,2.0,3.0,WSe2_0.01562,27.91486071999998,0.19539999999999935
619cdd5445851b2ed2430fc5,low_WSe2,3.0,0.0,3.0,WSe2_0.01562,49.90822435999994,0.20780000000000065
619cdd5445851b2ed2430fc6,low_WSe2,0.0,3.0,3.0,WSe2_0.01562,0.42791286999994327,1.830200000000005
619cdd5445851b2ed2430fc7,low_WSe2,1.0,2.0,3.0,WSe2_0.01562,28.059464509999998,0.2774000000000001
619cdd5445851b2ed2430fc8,low_WSe2,1.0,2.0,3.0,WSe2_0.01562,11.7708610699999,1.2985000000000042
619cdd5445851b2ed2430fc9,low_WSe2,2.0,1.0,3.0,WSe2_0.01562,39.23468665,0.19570000000000043
619cdd5445851b2ed2430fca,low_WSe2,2.0,1.0,3.0,WSe2_0.01562,23.125664219999898,1.2412999999999954
619cdd5445851b2ed2430fcb,low_WSe2,0.0,3.0,3.0,WSe2_0.01562,0.42801982999998245,1.834299999999999
619cdd5445851b2ed2430fcc,low_WSe2,3.0,0.0,3.0,WSe2_0.01562,50.55603920999997,0.1570999999999998
619cdd5445851b2ed2430fcd,low_WSe2,1.0,2.0,3.0,WSe2_0.01562,27.96178297000006,0.1598000000000006
619cdd5445851b2ed2430fce,low_WSe2,2.0,1.0,3.0,WSe2_0.01562,23.120991320000066,1.2672999999999988
619cdd5445851b2ed2430fcf,low_WSe2,0.0,2.0,2.0,WSe2_0.01042,-3.3209237099999207,1.8657000000000004
619cdd5445851b2ed2430fd0,low_WSe2,2.0,1.0,3.0,WSe2_0.01562,39.33669809000007,0.26699999999999946
619cdd5445851b2ed2430fd1,low_WSe2,1.0,2.0,3.0,WSe2_0.01562,11.775927939999963,1.3020999999999958
619cdd5445851b2ed2430fd2,low_WSe2,1.0,2.0,3.0,WSe2_0.01562,11.776296759999912,1.3027000000000015
619cdd5445851b2ed2430fd3,low_WSe2,3.0,0.0,3.0,WSe2_0.01562,50.130636720000076,0.27220000000000155
619cdd5445851b2ed2430fd4,low_WSe2,2.0,1.0,3.0,WSe2_0.01562,39.34908045999991,0.2555999999999994
619cdd5445851b2ed2430fd5,low_WSe2,1.0,2.0,3.0,WSe2_0.01562,11.767469710000103,1.299199999999999
619cdd5445851b2ed2430fd6,low_WSe2,2.0,1.0,3.0,WSe2_0.01562,23.143271389999917,1.1439000000000021
619cdd5445851b2ed2430fd7,low_WSe2,3.0,0.0,3.0,WSe2_0.01562,50.573938670000054,0.20280000000000165
619cdd5445851b2ed2430fd8,low_WSe2,2.0,1.0,3.0,WSe2_0.01562,23.275437950000004,0.8588999999999984
619cdd5445851b2ed2430fd9,low_WSe2,3.0,0.0,3.0,WSe2_0.01562,50.64290390000006,0.2834000000000003
619cdd5445851b2ed2430fda,low_WSe2,1.0,2.0,3.0,WSe2_0.01562,11.767525590000094,1.2965000000000018
619cdd5445851b2ed2430fdb,low_WSe2,1.0,2.0,3.0,WSe2_0.01562,27.91389284999991,0.18510000000000026
619cdd5445851b2ed2430fdc,low_WSe2,1.0,2.0,3.0,WSe2_0.01562,11.765707680000094,1.2964999999999947
619cdd5445851b2ed2430fdd,low_WSe2,1.0,2.0,3.0,WSe2_0.01562,27.967994939999926,0.15720000000000134
619cdd5445851b2ed2430fde,low_WSe2,2.0,1.0,3.0,WSe2_0.01562,39.22964611000002,0.20170000000000066
619cdd5445851b2ed2430fdf,low_WSe2,1.0,2.0,3.0,WSe2_0.01562,27.912405190000072,0.19299999999999962
619cdd5445851b2ed2430fe0,low_WSe2,0.0,3.0,3.0,WSe2_0.01562,0.42749451999992516,1.834700000000005
619cdd5445851b2ed2430fe1,low_WSe2,1.0,2.0,3.0,WSe2_0.01562,11.770514719999927,1.3012999999999977
619cdd5445851b2ed2430fe2,low_WSe2,0.0,3.0,3.0,WSe2_0.01562,0.4287891599998943,1.8286000000000016
619cdd5445851b2ed2430fe3,low_WSe2,2.0,1.0,3.0,WSe2_0.01562,23.13295107999992,1.1811000000000007
619cdd5445851b2ed2430fe4,low_WSe2,2.0,1.0,3.0,WSe2_0.01562,23.108293049999965,1.2672999999999988
619cdd5445851b2ed2430fe5,low_WSe2,0.0,3.0,3.0,WSe2_0.01562,0.43323982000009664,1.8161000000000058
619cdd5445851b2ed2430fe6,low_WSe2,3.0,0.0,3.0,WSe2_0.01562,48.052164309999945,0.6364000000000001
619cdd5445851b2ed2430fe7,low_WSe2,2.0,1.0,3.0,WSe2_0.01562,39.28120958999993,0.17070000000000007
619cdd5445851b2ed2430fe8,low_WSe2,1.0,2.0,3.0,WSe2_0.01562,11.774823480000112,1.3000000000000043
619cdd5445851b2ed2430fe9,low_WSe2,2.0,1.0,3.0,WSe2_0.01562,39.2417413000001,0.18950000000000067
619cdd5445851b2ed2430fea,low_WSe2,2.0,1.0,3.0,WSe2_0.01562,39.21866673000004,0.20340000000000025
619cdd5445851b2ed2430feb,low_WSe2,1.0,2.0,3.0,WSe2_0.01562,27.915298379999967,0.19239999999999924
619cdd5445851b2ed2430fec,low_WSe2,2.0,1.0,3.0,WSe2_0.01562,38.629056589999934,0.19120000000000026
619cdd5545851b2ed2430fed,low_WSe2,1.0,2.0,3.0,WSe2_0.01562,27.92547988000001,0.18689999999999962
619cdd5545851b2ed2430fee,low_WSe2,1.0,2.0,3.0,WSe2_0.01562,11.775909239999908,1.2941000000000003
619cdd5545851b2ed2430fef,low_WSe2,2.0,1.0,3.0,WSe2_0.01562,23.124679240000013,1.282899999999998
619cdd5545851b2ed2430ff0,low_WSe2,0.0,3.0,3.0,WSe2_0.01562,0.42818394999989096,1.8297999999999988
619cdd5545851b2ed2430ff1,low_WSe2,2.0,1.0,3.0,WSe2_0.01562,39.24438880000007,0.20170000000000066
619cdd5545851b2ed2430ff2,low_WSe2,0.0,3.0,3.0,WSe2_0.01562,0.42765593999996554,1.8286999999999978
619cdd5545851b2ed2430ff3,low_WSe2,1.0,2.0,3.0,WSe2_0.01562,11.771141449999948,1.2957999999999998
619cdd5545851b2ed2430ff4,low_WSe2,3.0,0.0,3.0,WSe2_0.01562,50.586899129999985,0.15779999999999994
619cdd5545851b2ed2430ff5,low_WSe2,1.0,2.0,3.0,WSe2_0.01562,11.770267240000056,1.2984000000000009
619cdd5545851b2ed2430ff6,low_WSe2,1.0,1.0,2.0,WSe2_0.01042,8.019368549999967,1.2970000000000006
619cdd5545851b2ed2430ff7,low_WSe2,1.0,2.0,3.0,WSe2_0.01562,27.933273880000115,0.22060000000000102
619cdd5545851b2ed2430ff8,low_WSe2,2.0,1.0,3.0,WSe2_0.01562,39.251834279999954,0.1844999999999999
619cdd5545851b2ed2430ff9,low_WSe2,2.0,1.0,3.0,WSe2_0.01562,39.24057788000009,0.20229999999999926
619cdd5545851b2ed2430ffa,low_WSe2,3.0,0.0,3.0,WSe2_0.01562,48.914622039999905,0.6227999999999998
619cdd5545851b2ed2430ffb,low_WSe2,3.0,0.0,3.0,WSe2_0.01562,50.586535000000005,0.18930000000000113
619cdd5545851b2ed2430ffc,low_WSe2,1.0,2.0,3.0,WSe2_0.01562,11.753424160000112,1.302500000000002
619cdd5545851b2ed2430ffd,low_WSe2,1.0,2.0,3.0,WSe2_0.01562,27.880825779999896,0.17350000000000065
619cdd5545851b2ed2430ffe,low_WSe2,3.0,0.0,3.0,WSe2_0.01562,50.59408614999993,0.19200000000000017
619cdd5545851b2ed2430fff,low_WSe2,1.0,2.0,3.0,WSe2_0.01562,27.966958519999935,0.15399999999999991
619cdd5545851b2ed2431000,low_WSe2,0.0,3.0,3.0,WSe2_0.01562,0.4318589799999586,1.8303000000000011
619cdd5545851b2ed2431001,low_WSe2,2.0,1.0,3.0,WSe2_0.01562,39.197769209999976,0.20529999999999937
619cdd5545851b2ed2431002,low_WSe2,2.0,1.0,3.0,WSe2_0.01562,23.096158300000106,1.2441999999999993
619cdd5545851b2ed2431003,low_WSe2,2.0,1.0,3.0,WSe2_0.01562,23.146019869999954,1.1783000000000001
619cdd5545851b2ed2431004,low_WSe2,1.0,2.0,3.0,WSe2_0.01562,11.764411030000009,1.3018
619cdd5545851b2ed2431005,low_WSe2,0.0,3.0,3.0,WSe2_0.01562,0.43262156000008645,1.8141999999999996
619cdd5545851b2ed2431006,low_WSe2,2.0,1.0,3.0,WSe2_0.01562,39.30827640000011,0.26500000000000057
619cdd5545851b2ed2431007,low_WSe2,2.0,1.0,3.0,WSe2_0.01562,39.24290969999997,0.21369999999999933
619cdd5545851b2ed2431008,low_WSe2,0.0,3.0,3.0,WSe2_0.01562,0.4292612500000246,1.8288999999999973
619cdd5545851b2ed2431009,low_WSe2,2.0,1.0,3.0,WSe2_0.01562,23.06240845999995,1.1229999999999976
619cdd5545851b2ed243100a,low_WSe2,1.0,2.0,3.0,WSe2_0.01562,11.823424350000085,1.2661999999999978
619cdd5545851b2ed243100b,low_WSe2,1.0,2.0,3.0,WSe2_0.01562,11.7709027400001,1.294400000000003
619cdd5545851b2ed243100c,low_WSe2,1.0,2.0,3.0,WSe2_0.01562,27.91904464000004,0.19679999999999964
619cdd5545851b2ed243100d,low_WSe2,0.0,3.0,3.0,WSe2_0.01562,0.4565470199999595,1.827300000000001
619cdd5545851b2ed243100e,low_WSe2,0.0,3.0,3.0,WSe2_0.01562,0.4275447199999576,1.8320000000000007
619cdd5545851b2ed243100f,low_WSe2,2.0,1.0,3.0,WSe2_0.01562,39.236904050000064,0.18350000000000044
619cdd5545851b2ed2431010,low_WSe2,2.0,1.0,3.0,WSe2_0.01562,23.125608860000092,1.1492999999999967
619cdd5545851b2ed2431011,low_WSe2,2.0,1.0,3.0,WSe2_0.01562,39.23905896000001,0.18929999999999936
619cdd5545851b2ed2431012,low_WSe2,1.0,2.0,3.0,WSe2_0.01562,11.768828920000022,1.3004000000000033
619cdd5545851b2ed2431013,low_WSe2,1.0,2.0,3.0,WSe2_0.01562,27.874878150000086,0.17469999999999963
619cdd5545851b2ed2431014,low_WSe2,1.0,2.0,3.0,WSe2_0.01562,11.769124220000084,1.299199999999999
619cdd5545851b2ed2431015,low_WSe2,2.0,1.0,3.0,WSe2_0.01562,39.23038215000001,0.14599999999999902
619cdd5545851b2ed2431016,low_WSe2,1.0,1.0,2.0,WSe2_0.01042,29.665083700000046,0.2576999999999998
619cdd5545851b2ed2431017,low_WSe2,1.0,2.0,3.0,WSe2_0.01562,27.870433820000017,0.17419999999999902
619cdd5545851b2ed2431018,low_WSe2,3.0,0.0,3.0,WSe2_0.01562,50.50500120999991,0.21529999999999916
619cdd5545851b2ed2431019,low_WSe2,2.0,1.0,3.0,WSe2_0.01562,39.23662775999996,0.19170000000000087
619cdd5545851b2ed243101a,low_WSe2,1.0,2.0,3.0,WSe2_0.01562,11.771416459999944,1.3008999999999986
619cdd5545851b2ed243101b,low_WSe2,3.0,0.0,3.0,WSe2_0.01562,49.92511903999989,0.1725999999999992
619cdd5545851b2ed243101c,low_WSe2,1.0,2.0,3.0,WSe2_0.01562,11.770511169999953,1.3027999999999977
619cdd5545851b2ed243101d,low_WSe2,3.0,0.0,3.0,WSe2_0.01562,50.529586870000095,0.21189999999999998
619cdd5545851b2ed243101e,low_WSe2,0.0,3.0,3.0,WSe2_0.01562,0.4372028499998919,1.8223999999999947
619cdd5545851b2ed243101f,low_WSe2,2.0,1.0,3.0,WSe2_0.01562,23.08966198000011,1.2871999999999986
619cdd5545851b2ed2431020,low_WSe2,1.0,2.0,3.0,WSe2_0.01562,28.055681840000034,0.2788000000000004
619cdd5545851b2ed2431021,low_WSe2,2.0,1.0,3.0,WSe2_0.01562,39.2304502299999,0.20120000000000005
619cdd5545851b2ed2431022,low_WSe2,0.0,3.0,3.0,WSe2_0.01562,0.42876412999993363,1.8343999999999951
619cdd5545851b2ed2431023,low_WSe2,2.0,1.0,3.0,WSe2_0.01562,39.22094982000003,0.1440999999999999
619cdd5545851b2ed2431024,low_WSe2,1.0,2.0,3.0,WSe2_0.01562,11.768452029999924,1.2990999999999957
619cdd5545851b2ed2431025,low_WSe2,1.0,2.0,3.0,WSe2_0.01562,11.787570969999923,1.1547000000000054
619cdd5545851b2ed2431026,low_WSe2,0.0,3.0,3.0,WSe2_0.01562,0.43181227000007993,1.8209000000000017
619cdd5545851b2ed2431027,low_WSe2,0.0,3.0,3.0,WSe2_0.01562,0.4264005899999006,1.8276000000000039
619cdd5545851b2ed2431028,low_WSe2,1.0,2.0,3.0,WSe2_0.01562,11.680823729999918,1.3049999999999997
619cdd5545851b2ed2431029,low_WSe2,2.0,1.0,3.0,WSe2_0.01562,23.12318740000004,1.2903999999999982
619cdd5545851b2ed243102a,low_WSe2,2.0,1.0,3.0,WSe2_0.01562,39.253905430000074,0.19500000000000028
619cdd5545851b2ed243102b,low_WSe2,0.0,3.0,3.0,WSe2_0.01562,0.4343389899999579,1.8265999999999991
619cdd5545851b2ed243102c,low_WSe2,1.0,2.0,3.0,WSe2_0.01562,27.920706050000035,0.18469999999999942
619cdd5545851b2ed243102d,low_WSe2,2.0,1.0,3.0,WSe2_0.01562,23.1010314999999,1.2466000000000008
619cdd5545851b2ed243102e,low_WSe2,1.0,2.0,3.0,WSe2_0.01562,27.926458540000112,0.19130000000000003
619cdd5545851b2ed243102f,low_WSe2,1.0,2.0,3.0,WSe2_0.01562,11.768059839999967,1.2963000000000022
619cdd5545851b2ed2431030,low_WSe2,2.0,1.0,3.0,WSe2_0.01562,39.26375190000003,0.19209999999999994
619cdd5545851b2ed2431031,low_WSe2,3.0,0.0,3.0,WSe2_0.01562,50.58236941000005,0.2004999999999999
619cdd5545851b2ed2431032,low_WSe2,2.0,1.0,3.0,WSe2_0.01562,23.107583029999923,1.2173000000000016
619cdd5545851b2ed2431033,low_WSe2,1.0,2.0,3.0,WSe2_0.01562,11.769178490000048,1.3016000000000005
619cdd5545851b2ed2431034,low_WSe2,2.0,1.0,3.0,WSe2_0.01562,39.3483761800001,0.26559999999999917
619cdd5545851b2ed2431035,low_WSe2,1.0,2.0,3.0,WSe2_0.01562,11.769538360000059,1.2974999999999994
619cdd5545851b2ed2431036,low_WSe2,2.0,1.0,3.0,WSe2_0.01562,37.572190030000044,0.6607000000000003
619cdd5545851b2ed2431037,low_WSe2,1.0,2.0,3.0,WSe2_0.01562,11.784871670000019,1.2710000000000008
619cdd5545851b2ed2431038,low_WSe2,2.0,1.0,3.0,WSe2_0.01562,39.24941831999995,0.27030000000000065
619cdd5545851b2ed2431039,low_WSe2,2.0,1.0,3.0,WSe2_0.01562,39.246766269999895,0.19679999999999964
619cdd5545851b2ed243103a,low_WSe2,3.0,0.0,3.0,WSe2_0.01562,50.57980082000004,0.19860000000000078
619cdd5545851b2ed243103b,low_WSe2,2.0,1.0,3.0,WSe2_0.01562,39.24233964999989,0.20179999999999865
619cdd5545851b2ed243103c,low_WSe2,2.0,1.0,3.0,WSe2_0.01562,39.214822729999966,0.19239999999999924
619cdd5545851b2ed243103d,low_WSe2,2.0,1.0,3.0,WSe2_0.01562,39.23112778999989,0.1490999999999989
619cdd5545851b2ed243103e,low_WSe2,2.0,1.0,3.0,WSe2_0.01562,23.10118225,1.278099999999995
619cdd5545851b2ed243103f,low_WSe2,2.0,1.0,3.0,WSe2_0.01562,39.202828949999954,0.2051999999999996
619cdd5645851b2ed2431040,low_WSe2,0.0,3.0,3.0,WSe2_0.01562,0.43194717999989507,1.830200000000005
619cdd5645851b2ed2431041,low_WSe2,1.0,2.0,3.0,WSe2_0.01562,11.777326119999987,1.2982000000000014
619cdd5645851b2ed2431042,low_WSe2,1.0,2.0,3.0,WSe2_0.01562,27.993729900000062,0.26309999999999967
619cdd5645851b2ed2431043,low_WSe2,1.0,2.0,3.0,WSe2_0.01562,11.790236040000071,1.1451999999999956
619cdd5645851b2ed2431044,low_WSe2,2.0,1.0,3.0,WSe2_0.01562,23.150666990000026,1.1321000000000012
619cdd5645851b2ed2431045,low_WSe2,1.0,2.0,3.0,WSe2_0.01562,27.917544090000092,0.19200000000000017
619cdd5645851b2ed2431046,low_WSe2,0.0,3.0,3.0,WSe2_0.01562,0.4255522499999529,1.8284999999999982
619cdd5645851b2ed2431047,low_WSe2,2.0,1.0,3.0,WSe2_0.01562,38.61699094000009,0.19329999999999892
619cdd5645851b2ed2431048,low_WSe2,2.0,1.0,3.0,WSe2_0.01562,23.11027139999991,1.288499999999999
619cdd5645851b2ed2431049,low_WSe2,1.0,2.0,3.0,WSe2_0.01562,11.765924949999988,1.3018
619cdd5645851b2ed243104a,low_WSe2,2.0,1.0,3.0,WSe2_0.01562,22.58788602999997,1.2521000000000058
619cdd5645851b2ed243104b,low_WSe2,1.0,2.0,3.0,WSe2_0.01562,27.913429780000115,0.19240000000000101
619cdd5645851b2ed243104c,low_WSe2,1.0,2.0,3.0,WSe2_0.01562,11.769688439999971,1.302900000000001
619cdd5645851b2ed243104d,low_WSe2,1.0,2.0,3.0,WSe2_0.01562,11.788790499999994,1.2839000000000027
619cdd5645851b2ed243104e,low_WSe2,0.0,3.0,3.0,WSe2_0.01562,0.426998170000104,1.8207000000000022
619cdd5645851b2ed243104f,low_WSe2,1.0,2.0,3.0,WSe2_0.01562,11.765174930000047,1.3023999999999987
619cdd5645851b2ed2431050,low_WSe2,1.0,2.0,3.0,WSe2_0.01562,11.76827591999994,1.2973999999999961
619cdd5645851b2ed2431051,low_WSe2,0.0,3.0,3.0,WSe2_0.01562,0.4288184599999454,1.8249999999999957
619cdd5645851b2ed2431052,low_WSe2,2.0,1.0,3.0,WSe2_0.01562,22.58483774999994,1.2469000000000037
619cdd5645851b2ed2431053,low_WSe2,1.0,2.0,3.0,WSe2_0.01562,27.880226640000046,0.1745000000000001
619cdd5645851b2ed2431054,low_WSe2,1.0,2.0,3.0,WSe2_0.01562,11.783709600000055,1.1582000000000008
619cdd5645851b2ed2431055,low_WSe2,2.0,1.0,3.0,WSe2_0.01562,23.104524679999976,1.2172000000000054
619cdd5645851b2ed2431056,low_WSe2,3.0,0.0,3.0,WSe2_0.01562,50.5561708199999,0.1755999999999993
619cdd5645851b2ed2431057,low_WSe2,1.0,2.0,3.0,WSe2_0.01562,11.770976909999934,1.3025999999999982
619cdd5645851b2ed2431058,low_WSe2,2.0,1.0,3.0,WSe2_0.01562,23.105354370000022,1.2576999999999998
619cdd5645851b2ed2431059,low_WSe2,2.0,1.0,3.0,WSe2_0.01562,39.253078080000066,0.19270000000000032
619cdd5645851b2ed243105a,low_WSe2,2.0,1.0,3.0,WSe2_0.01562,23.127081549999993,1.2835000000000036
619cdd5645851b2ed243105b,low_WSe2,0.0,3.0,3.0,WSe2_0.01562,0.4271655800000076,1.831700000000005
619cdd5645851b2ed243105c,low_WSe2,1.0,2.0,3.0,WSe2_0.01562,27.997078730000112,0.2636000000000003
619cdd5645851b2ed243105d,low_WSe2,0.0,3.0,3.0,WSe2_0.01562,0.4256237500000566,1.832499999999996
619cdd5645851b2ed243105e,low_WSe2,1.0,2.0,3.0,WSe2_0.01562,11.76916911000011,1.2969000000000008
619cdd5645851b2ed243105f,low_WSe2,2.0,1.0,3.0,WSe2_0.01562,39.23743300000005,0.20040000000000013
619cdd5645851b2ed2431060,low_WSe2,3.0,0.0,3.0,WSe2_0.01562,49.96962098999993,0.20120000000000005
619cdd5645851b2ed2431061,low_WSe2,2.0,1.0,3.0,WSe2_0.01562,23.10242889000009,1.2822999999999993
619cdd5645851b2ed2431062,low_WSe2,3.0,0.0,3.0,WSe2_0.01562,50.523104479999894,0.22530000000000072
619cdd5645851b2ed2431063,low_WSe2,3.0,0.0,3.0,WSe2_0.01562,50.56861308000007,0.15669999999999895
619cdd5645851b2ed2431064,low_WSe2,2.0,1.0,3.0,WSe2_0.01562,39.23823883999994,0.19690000000000119
619cdd5645851b2ed2431065,low_WSe2,2.0,1.0,3.0,WSe2_0.01562,39.24666000999996,0.19519999999999982
619cdd5645851b2ed2431066,low_WSe2,1.0,2.0,3.0,WSe2_0.01562,11.765450699999963,1.298099999999998
619cdd5645851b2ed2431067,low_WSe2,2.0,1.0,3.0,WSe2_0.01562,39.25052267000005,0.1921999999999997
619cdd5645851b2ed2431068,low_WSe2,2.0,1.0,3.0,WSe2_0.01562,39.27375230000011,0.2458999999999989
619cdd5645851b2ed2431069,low_WSe2,2.0,1.0,3.0,WSe2_0.01562,39.29138581000011,0.27330000000000076
619cdd5645851b2ed243106a,low_WSe2,1.0,2.0,3.0,WSe2_0.01562,11.76759321999997,1.298499999999997
619cdd5645851b2ed243106b,low_WSe2,1.0,2.0,3.0,WSe2_0.01562,11.769408760000022,1.3030000000000044
619cdd5645851b2ed243106c,low_WSe2,1.0,2.0,3.0,WSe2_0.01562,11.763060830000075,1.3016999999999967
619cdd5645851b2ed243106d,low_WSe2,3.0,0.0,3.0,WSe2_0.01562,50.68287984999993,0.17110000000000092
619cdd5645851b2ed243106e,low_WSe2,1.0,2.0,3.0,WSe2_0.01562,11.769833009999946,1.300699999999999
619cdd5645851b2ed243106f,low_WSe2,1.0,2.0,3.0,WSe2_0.01562,27.928970590000063,0.1911000000000005
619cdd5645851b2ed2431070,low_WSe2,1.0,2.0,3.0,WSe2_0.01562,11.773323260000087,1.2929999999999993
619cdd5645851b2ed2431071,low_WSe2,3.0,0.0,3.0,WSe2_0.01562,48.85502264000011,0.6082999999999998
619cdd5645851b2ed2431072,low_WSe2,2.0,1.0,3.0,WSe2_0.01562,23.086179879999953,1.2873000000000019
619cdd5645851b2ed2431073,low_WSe2,2.0,1.0,3.0,WSe2_0.01562,39.2070056999999,0.1905000000000001
619cdd5645851b2ed2431074,low_WSe2,1.0,2.0,3.0,WSe2_0.01562,27.883844440000075,0.17519999999999847
619cdd5645851b2ed2431075,low_WSe2,2.0,1.0,3.0,WSe2_0.01562,23.056505629999982,1.1258000000000052
619cdd5645851b2ed2431076,low_WSe2,2.0,1.0,3.0,WSe2_0.01562,39.19502932999994,0.20609999999999928
619cdd5645851b2ed2431077,low_WSe2,1.0,1.0,2.0,WSe2_0.01042,8.012673390000032,1.300600000000001
619cdd5645851b2ed2431078,low_WSe2,1.0,2.0,3.0,WSe2_0.01562,11.806616179999981,1.1601
619cdd5645851b2ed2431079,low_WSe2,1.0,2.0,3.0,WSe2_0.01562,11.769019060000108,1.2989999999999995
619cdd5645851b2ed243107a,low_WSe2,1.0,2.0,3.0,WSe2_0.01562,11.783521280000048,1.2693999999999974
619cdd5645851b2ed243107b,low_WSe2,2.0,1.0,3.0,WSe2_0.01562,39.11803160000004,0.1385000000000005
619cdd5645851b2ed243107c,low_WSe2,2.0,1.0,3.0,WSe2_0.01562,39.239295879999915,0.19079999999999941
619cdd5645851b2ed243107d,low_WSe2,1.0,2.0,3.0,WSe2_0.01562,11.767376420000108,1.302899999999994
619cdd5645851b2ed243107e,low_WSe2,1.0,2.0,3.0,WSe2_0.01562,28.014574490000086,0.2576999999999998
619cdd5645851b2ed243107f,low_WSe2,2.0,1.0,3.0,WSe2_0.01562,39.23704709999997,0.19890000000000008
619cdd5645851b2ed2431080,low_WSe2,2.0,1.0,3.0,WSe2_0.01562,39.31322858999992,0.23710000000000164
619cdd5645851b2ed2431081,low_WSe2,2.0,1.0,3.0,WSe2_0.01562,23.075519770000064,1.2456000000000031
619cdd5645851b2ed2431082,low_WSe2,2.0,1.0,3.0,WSe2_0.01562,23.088332450000088,1.215200000000003
619cdd5645851b2ed2431083,low_WSe2,3.0,0.0,3.0,WSe2_0.01562,50.56063626,0.20319999999999894
619cdd5645851b2ed2431084,low_WSe2,2.0,0.0,2.0,WSe2_0.01042,40.99794116000011,0.24770000000000003
619cdd5645851b2ed2431085,low_WSe2,2.0,1.0,3.0,WSe2_0.01562,22.585046039999987,1.2464000000000013
619cdd5645851b2ed2431086,low_WSe2,1.0,2.0,3.0,WSe2_0.01562,27.884050090000073,0.17329999999999934
619cdd5645851b2ed2431087,low_WSe2,0.0,3.0,3.0,WSe2_0.01562,0.4283985799999641,1.8272000000000048
619cdd5645851b2ed2431088,low_WSe2,3.0,0.0,3.0,WSe2_0.01562,49.961415150000086,0.19459999999999944
619cdd5645851b2ed2431089,low_WSe2,0.0,3.0,3.0,WSe2_0.01562,0.43287406999996847,1.8147999999999982
619cdd5645851b2ed243108a,low_WSe2,2.0,1.0,3.0,WSe2_0.01562,38.633976079999954,0.19449999999999967
619cdd5645851b2ed243108b,low_WSe2,1.0,2.0,3.0,WSe2_0.01562,27.91015779999998,0.1960000000000015
619cdd5645851b2ed243108c,low_WSe2,2.0,1.0,3.0,WSe2_0.01562,39.364033189999915,0.2759999999999998
619cdd5645851b2ed243108d,low_WSe2,1.0,2.0,3.0,WSe2_0.01562,11.749102479999909,1.2975000000000065
619cdd5645851b2ed243108e,low_WSe2,2.0,1.0,3.0,WSe2_0.01562,39.17755994000008,0.20589999999999975
619cdd5645851b2ed243108f,low_WSe2,1.0,2.0,3.0,WSe2_0.01562,28.0000339799999,0.2623999999999995
619cdd5645851b2ed2431090,low_WSe2,2.0,1.0,3.0,WSe2_0.01562,23.11303694999996,1.1982
619cdd5645851b2ed2431091,low_WSe2,2.0,1.0,3.0,WSe2_0.01562,39.18919387999999,0.21010000000000062
619cdd5645851b2ed2431092,low_WSe2,1.0,2.0,3.0,WSe2_0.01562,11.7640831399999,1.303999999999995
619cdd5645851b2ed2431093,low_WSe2,0.0,3.0,3.0,WSe2_0.01562,0.428397240000038,1.8299999999999983
619cdd5645851b2ed2431094,low_WSe2,2.0,1.0,3.0,WSe2_0.01562,39.23949524000004,0.1882999999999999
619cdd5745851b2ed2431095,low_WSe2,1.0,2.0,3.0,WSe2_0.01562,27.911835150000115,0.19490000000000052
619cdd5745851b2ed2431096,low_WSe2,1.0,2.0,3.0,WSe2_0.01562,11.769122180000057,1.2960000000000065
619cdd5745851b2ed2431097,low_WSe2,3.0,0.0,3.0,WSe2_0.01562,50.506816930000106,0.2198000000000011
619cdd5745851b2ed2431098,low_WSe2,1.0,2.0,3.0,WSe2_0.01562,27.990682379999953,0.26060000000000016
619cdd5745851b2ed2431099,low_WSe2,2.0,1.0,3.0,WSe2_0.01562,39.18298630000008,0.21249999999999858
619cdd5745851b2ed243109a,low_WSe2,2.0,1.0,3.0,WSe2_0.01562,23.10803104000005,1.2826000000000022
619cdd5745851b2ed243109b,low_WSe2,1.0,2.0,3.0,WSe2_0.01562,11.76370653999992,1.2994999999999948
619cdd5745851b2ed243109c,low_WSe2,1.0,2.0,3.0,WSe2_0.01562,27.88208996000003,0.1759000000000004
619cdd5745851b2ed243109d,low_WSe2,2.0,1.0,3.0,WSe2_0.01562,39.22148186000008,0.14750000000000085
619cdd5745851b2ed243109e,low_WSe2,3.0,0.0,3.0,WSe2_0.01562,50.527182599999925,0.21330000000000027
619cdd5745851b2ed243109f,low_WSe2,3.0,0.0,3.0,WSe2_0.01562,50.71965701999998,0.17279999999999873
619cdd5745851b2ed24310a0,low_WSe2,3.0,0.0,3.0,WSe2_0.01562,50.510399450000115,0.22579999999999956
619cdd5745851b2ed24310a1,low_WSe2,2.0,1.0,3.0,WSe2_0.01562,39.24765097999993,0.1958000000000002
619cdd5745851b2ed24310a2,low_WSe2,3.0,0.0,3.0,WSe2_0.01562,50.5582378099999,0.21550000000000047
619cdd5745851b2ed24310a3,low_WSe2,1.0,2.0,3.0,WSe2_0.01562,27.878498929999978,0.18279999999999852
619cdd5745851b2ed24310a4,low_WSe2,2.0,0.0,2.0,WSe2_0.01042,40.8914834000001,0.1982999999999997
619cdd5745851b2ed24310a5,low_WSe2,2.0,1.0,3.0,WSe2_0.01562,23.123684489999995,1.2794999999999987
619cdd5745851b2ed24310a6,low_WSe2,2.0,1.0,3.0,WSe2_0.01562,39.22313689000002,0.21780000000000044
619cdd5745851b2ed24310a7,low_WSe2,1.0,2.0,3.0,WSe2_0.01562,28.0041815699999,0.2561
619cdd5745851b2ed24310a8,low_WSe2,2.0,1.0,3.0,WSe2_0.01562,23.119101589999936,1.2789000000000001
619cdd5745851b2ed24310a9,low_WSe2,0.0,3.0,3.0,WSe2_0.01562,0.4280161399998974,1.8230000000000004
619cdd5745851b2ed24310aa,low_WSe2,2.0,1.0,3.0,WSe2_0.01562,39.33743830999997,0.27059999999999995
619cdd5745851b2ed24310ab,low_WSe2,0.0,3.0,3.0,WSe2_0.01562,0.4370542599999112,1.8234999999999957
619cdd5745851b2ed24310ac,low_WSe2,1.0,2.0,3.0,WSe2_0.01562,11.774019350000106,1.2815000000000012
619cdd5745851b2ed24310ad,low_WSe2,2.0,1.0,3.0,WSe2_0.01562,39.194962919999895,0.19379999999999953
619cdd5745851b2ed24310ae,low_WSe2,2.0,1.0,3.0,WSe2_0.01562,23.100333610000042,1.2826000000000022
619cdd5745851b2ed24310af,low_WSe2,1.0,2.0,3.0,WSe2_0.01562,11.771891990000075,1.3003
619cdd5745851b2ed24310b0,low_WSe2,2.0,1.0,3.0,WSe2_0.01562,39.250219450000074,0.2021999999999995
619cdd5745851b2ed24310b1,low_WSe2,1.0,2.0,3.0,WSe2_0.01562,28.000973319999957,0.26449999999999996
619cdd5745851b2ed24310b2,low_WSe2,2.0,1.0,3.0,WSe2_0.01562,39.23976193000003,0.192499999999999
619cdd5745851b2ed24310b3,low_WSe2,0.0,3.0,3.0,WSe2_0.01562,0.4298483199999623,1.828400000000002
619cdd5745851b2ed24310b4,low_WSe2,3.0,0.0,3.0,WSe2_0.01562,48.60708547999989,0.4723000000000006
619cdd5745851b2ed24310b5,low_WSe2,3.0,0.0,3.0,WSe2_0.01562,49.9643489000001,0.19369999999999976
619cdd5745851b2ed24310b6,low_WSe2,2.0,1.0,3.0,WSe2_0.01562,39.372424499999894,0.2774000000000001
619cdd5745851b2ed24310b7,low_WSe2,1.0,2.0,3.0,WSe2_0.01562,27.93074210000009,0.18619999999999948
619cdd5745851b2ed24310b8,low_WSe2,0.0,3.0,3.0,WSe2_0.01562,0.4274437099999773,1.8267999999999986
619cdd5745851b2ed24310b9,low_WSe2,0.0,3.0,3.0,WSe2_0.01562,0.42506255000006377,1.8256000000000014
619cdd5745851b2ed24310ba,low_WSe2,1.0,2.0,3.0,WSe2_0.01562,11.772614049999891,1.3023000000000025
619cdd5745851b2ed24310bb,low_WSe2,2.0,1.0,3.0,WSe2_0.01562,39.15396168000011,0.20609999999999928
619cdd5745851b2ed24310bc,low_WSe2,1.0,2.0,3.0,WSe2_0.01562,27.9274108300001,0.19159999999999933
619cdd5745851b2ed24310bd,low_WSe2,2.0,1.0,3.0,WSe2_0.01562,23.153565489999927,1.1806999999999945
619cdd5745851b2ed24310be,low_WSe2,2.0,1.0,3.0,WSe2_0.01562,23.095209319999903,1.2650000000000006
619cdd5745851b2ed24310bf,low_WSe2,3.0,0.0,3.0,WSe2_0.01562,50.561474830000044,0.15629999999999988
619cdd5745851b2ed24310c0,low_WSe2,2.0,1.0,3.0,WSe2_0.01562,38.64858284000006,0.18399999999999928
619cdd5745851b2ed24310c1,low_WSe2,2.0,1.0,3.0,WSe2_0.01562,38.61008640000004,0.19379999999999953
619cdd5745851b2ed24310c2,low_WSe2,2.0,1.0,3.0,WSe2_0.01562,38.62786886999997,0.19089999999999918
619cdd5745851b2ed24310c3,low_WSe2,2.0,1.0,3.0,WSe2_0.01562,39.268138510000014,0.17929999999999957
619cdd5745851b2ed24310c4,low_WSe2,2.0,1.0,3.0,WSe2_0.01562,23.1285708400001,1.2702999999999989
619cdd5745851b2ed24310c5,low_WSe2,0.0,3.0,3.0,WSe2_0.01562,0.4293331999999168,1.828400000000002
619cdd5745851b2ed24310c6,low_WSe2,1.0,2.0,3.0,WSe2_0.01562,11.76689065000004,1.2942000000000036
619cdd5745851b2ed24310c7,low_WSe2,2.0,1.0,3.0,WSe2_0.01562,39.27802939000007,0.1664000000000012
619cdd5745851b2ed24310c8,low_WSe2,1.0,2.0,3.0,WSe2_0.01562,11.797364400000095,1.2974000000000032
619cdd5745851b2ed24310c9,low_WSe2,2.0,1.0,3.0,WSe2_0.01562,39.19015954000001,0.19519999999999982
619cdd5745851b2ed24310ca,low_WSe2,1.0,2.0,3.0,WSe2_0.01562,11.759625890000041,1.3015000000000043
619cdd5745851b2ed24310cb,low_WSe2,1.0,2.0,3.0,WSe2_0.01562,11.767539749999958,1.302500000000002
619cdd5745851b2ed24310cc,low_WSe2,1.0,2.0,3.0,WSe2_0.01562,11.777236509999955,1.3022000000000062
619cdd5745851b2ed24310cd,low_WSe2,2.0,1.0,3.0,WSe2_0.01562,23.098829849999937,1.2872000000000057
619cdd5745851b2ed24310ce,low_WSe2,2.0,0.0,2.0,WSe2_0.01042,40.98080147999998,0.26500000000000057
619cdd5745851b2ed24310cf,low_WSe2,1.0,2.0,3.0,WSe2_0.01562,28.0008924199999,0.26149999999999984
619cdd5745851b2ed24310d0,low_WSe2,1.0,2.0,3.0,WSe2_0.01562,11.748010459999922,1.2974000000000032
619cdd5745851b2ed24310d1,low_WSe2,1.0,2.0,3.0,WSe2_0.01562,27.92917095000007,0.18759999999999977
619cdd5745851b2ed24310d2,low_WSe2,2.0,1.0,3.0,WSe2_0.01562,23.109036090000053,1.1995999999999967
619cdd5745851b2ed24310d3,low_WSe2,0.0,2.0,2.0,WSe2_0.01042,-3.320914900000094,1.8666
619cdd5745851b2ed24310d4,low_WSe2,2.0,1.0,3.0,WSe2_0.01562,39.30031684999999,0.1659999999999986
619cdd5745851b2ed24310d5,low_WSe2,2.0,1.0,3.0,WSe2_0.01562,23.125219399999914,1.2657000000000025
619cdd5745851b2ed24310d6,low_WSe2,1.0,2.0,3.0,WSe2_0.01562,27.91528674999995,0.19099999999999895
619cdd5745851b2ed24310d7,low_WSe2,0.0,3.0,3.0,WSe2_0.01562,0.426203140000041,1.829500000000003
619cdd5745851b2ed24310d8,low_WSe2,2.0,1.0,3.0,WSe2_0.01562,39.23574022999996,0.19420000000000037
619cdd5745851b2ed24310d9,low_WSe2,2.0,1.0,3.0,WSe2_0.01562,39.242762690000106,0.2032000000000007
619cdd5745851b2ed24310da,low_WSe2,1.0,2.0,3.0,WSe2_0.01562,11.76299199999993,1.2980000000000018
619cdd5745851b2ed24310db,low_WSe2,0.0,3.0,3.0,WSe2_0.01562,0.42951179000004913,1.8267999999999986
619cdd5745851b2ed24310dc,low_WSe2,2.0,1.0,3.0,WSe2_0.01562,23.127470080000002,1.279199999999996
619cdd5745851b2ed24310dd,low_WSe2,2.0,1.0,3.0,WSe2_0.01562,23.14597129000007,1.1509999999999962
619cdd5745851b2ed24310de,low_WSe2,0.0,3.0,3.0,WSe2_0.01562,0.42997701999996707,1.8342000000000027
619cdd5745851b2ed24310df,low_WSe2,2.0,1.0,3.0,WSe2_0.01562,23.110770849999916,1.2670999999999992
619cdd5745851b2ed24310e0,low_WSe2,0.0,3.0,3.0,WSe2_0.01562,0.42486032000005025,1.8252999999999986
619cdd5745851b2ed24310e1,low_WSe2,0.0,3.0,3.0,WSe2_0.01562,0.42835624999992206,1.8297000000000025
619cdd5745851b2ed24310e2,low_WSe2,0.0,3.0,3.0,WSe2_0.01562,0.4291043400000376,1.8312000000000026
619cdd5745851b2ed24310e3,low_WSe2,1.0,2.0,3.0,WSe2_0.01562,28.058215250000103,0.27479999999999905
619cdd5745851b2ed24310e4,low_WSe2,1.0,2.0,3.0,WSe2_0.01562,27.876558780000096,0.17539999999999978
619cdd5745851b2ed24310e5,low_WSe2,2.0,1.0,3.0,WSe2_0.01562,23.132779070000005,1.2664000000000044
619cdd5745851b2ed24310e6,low_WSe2,3.0,0.0,3.0,WSe2_0.01562,50.583198610000046,0.20429999999999993
619cdd5745851b2ed24310e7,low_WSe2,2.0,1.0,3.0,WSe2_0.01562,23.12648807999998,1.2039000000000044
619cdd5745851b2ed24310e8,low_WSe2,2.0,1.0,3.0,WSe2_0.01562,39.251478120000044,0.19500000000000028
619cdd5845851b2ed24310e9,low_WSe2,1.0,2.0,3.0,WSe2_0.01562,27.925288149999915,0.19149999999999956
619cdd5845851b2ed24310ea,low_WSe2,2.0,1.0,3.0,WSe2_0.01562,23.103099400000055,1.2586000000000013
619cdd5845851b2ed24310eb,low_WSe2,2.0,1.0,3.0,WSe2_0.01562,23.09730199000004,1.280300000000004
619cdd5845851b2ed24310ec,low_WSe2,2.0,1.0,3.0,WSe2_0.01562,23.11757257000003,1.2746999999999957
619cdd5845851b2ed24310ed,low_WSe2,3.0,0.0,3.0,WSe2_0.01562,50.55084395999993,0.19200000000000017
619cdd5845851b2ed24310ee,low_WSe2,2.0,1.0,3.0,WSe2_0.01562,39.24365747999995,0.19189999999999863
619cdd5845851b2ed24310ef,low_WSe2,1.0,2.0,3.0,WSe2_0.01562,11.772593899999936,1.3004999999999995
619cdd5845851b2ed24310f0,low_WSe2,1.0,2.0,3.0,WSe2_0.01562,11.789447370000051,1.3004000000000033
619cdd5845851b2ed24310f1,low_WSe2,2.0,1.0,3.0,WSe2_0.01562,37.585647729999934,0.6602999999999994
619cdd5845851b2ed24310f2,low_WSe2,1.0,2.0,3.0,WSe2_0.01562,11.77469246999998,1.297699999999999
619cdd5845851b2ed24310f3,low_WSe2,1.0,2.0,3.0,WSe2_0.01562,27.91188992000002,0.19570000000000043
619cdd5845851b2ed24310f4,low_WSe2,2.0,1.0,3.0,WSe2_0.01562,39.251019029999995,0.14789999999999992
619cdd5845851b2ed24310f5,low_WSe2,2.0,1.0,3.0,WSe2_0.01562,39.19307162999989,0.2115999999999989
619cdd5845851b2ed24310f6,low_WSe2,1.0,2.0,3.0,WSe2_0.01562,11.773335150000083,1.2986000000000004
619cdd5845851b2ed24310f7,low_WSe2,1.0,2.0,3.0,WSe2_0.01562,11.774459270000069,1.2997000000000014
619cdd5845851b2ed24310f8,low_WSe2,2.0,1.0,3.0,WSe2_0.01562,23.051623020000115,1.1214000000000013
619cdd5845851b2ed24310f9,low_WSe2,0.0,3.0,3.0,WSe2_0.01562,0.4298083699999893,1.8312000000000026
619cdd5845851b2ed24310fa,low_WSe2,0.0,3.0,3.0,WSe2_0.01562,0.4275232500000925,1.825400000000002
619cdd5845851b2ed24310fb,low_WSe2,3.0,0.0,3.0,WSe2_0.01562,50.53982318999997,0.21450000000000102
619cdd5845851b2ed24310fc,low_WSe2,2.0,1.0,3.0,WSe2_0.01562,23.131984950000096,1.2811000000000021
619cdd5845851b2ed24310fd,low_WSe2,2.0,1.0,3.0,WSe2_0.01562,23.084700120000015,1.2830000000000013
619cdd5845851b2ed24310fe,low_WSe2,1.0,2.0,3.0,WSe2_0.01562,11.78433313000004,1.2702999999999989
619cdd5845851b2ed24310ff,low_WSe2,0.0,3.0,3.0,WSe2_0.01562,0.44103500999989365,1.8148999999999944
619cdd5845851b2ed2431100,low_WSe2,3.0,0.0,3.0,WSe2_0.01562,50.58889529999997,0.19899999999999984
619cdd5845851b2ed2431101,low_WSe2,1.0,2.0,3.0,WSe2_0.01562,11.752976360000037,1.2948999999999984
619cdd5845851b2ed2431102,low_WSe2,3.0,0.0,3.0,WSe2_0.01562,50.561783550000065,0.21530000000000094
619cdd5845851b2ed2431103,low_WSe2,2.0,1.0,3.0,WSe2_0.01562,23.1177258600001,1.2775999999999996
619cdd5845851b2ed2431104,low_WSe2,1.0,2.0,3.0,WSe2_0.01562,11.770737080000107,1.286200000000001
619cdd5845851b2ed2431105,low_WSe2,2.0,1.0,3.0,WSe2_0.01562,39.211996929999984,0.21889999999999965
619cdd5845851b2ed2431106,low_WSe2,0.0,3.0,3.0,WSe2_0.01562,0.4315242600000033,1.8329000000000022
619cdd5845851b2ed2431107,low_WSe2,1.0,2.0,3.0,WSe2_0.01562,11.77220254000007,1.3012000000000015
619cdd5845851b2ed2431108,low_WSe2,2.0,1.0,3.0,WSe2_0.01562,37.571546380000015,0.648200000000001
619cdd5845851b2ed2431109,low_WSe2,1.0,2.0,3.0,WSe2_0.01562,11.741940449999891,1.2980000000000018
619cdd5845851b2ed243110a,low_WSe2,1.0,2.0,3.0,WSe2_0.01562,11.77678220000006,1.2988999999999962
619cdd5845851b2ed243110b,low_WSe2,2.0,1.0,3.0,WSe2_0.01562,39.207335840000084,0.19059999999999988
619cdd5845851b2ed243110c,low_WSe2,2.0,1.0,3.0,WSe2_0.01562,39.241600359999936,0.20189999999999841
619cdd5845851b2ed243110d,low_WSe2,1.0,2.0,3.0,WSe2_0.01562,28.060067789999948,0.28139999999999965
619cdd5845851b2ed243110e,low_WSe2,1.0,2.0,3.0,WSe2_0.01562,11.77207227000007,1.3038999999999987
619cdd5845851b2ed243110f,low_WSe2,2.0,1.0,3.0,WSe2_0.01562,23.1166751000001,1.245899999999999
619cdd5845851b2ed2431110,low_WSe2,2.0,1.0,3.0,WSe2_0.01562,39.24723853000005,0.1971999999999987
619cdd5845851b2ed2431111,low_WSe2,1.0,2.0,3.0,WSe2_0.01562,27.914835949999997,0.19089999999999918
619cdd5845851b2ed2431112,low_WSe2,1.0,2.0,3.0,WSe2_0.01562,11.770015520000005,1.3018999999999963
619cdd5845851b2ed2431113,low_WSe2,3.0,0.0,3.0,WSe2_0.01562,50.542825619999896,0.21310000000000073
619cdd5845851b2ed2431114,low_WSe2,1.0,2.0,3.0,WSe2_0.01562,11.768288729999984,1.2988
619cdd5845851b2ed2431115,low_WSe2,2.0,1.0,3.0,WSe2_0.01562,39.25395910000002,0.19259999999999877
619cdd5845851b2ed2431116,low_WSe2,2.0,1.0,3.0,WSe2_0.01562,23.122354890000032,1.2464000000000013
619cdd5845851b2ed2431117,low_WSe2,1.0,2.0,3.0,WSe2_0.01562,11.772676799999989,1.2976000000000028
619cdd5845851b2ed2431118,low_WSe2,1.0,2.0,3.0,WSe2_0.01562,11.790844589999995,1.3016000000000005
619cdd5845851b2ed2431119,low_WSe2,1.0,2.0,3.0,WSe2_0.01562,11.775356959999943,1.2969000000000008
619cdd5845851b2ed243111a,low_WSe2,0.0,3.0,3.0,WSe2_0.01562,0.4293431000000396,1.829500000000003
619cdd5845851b2ed243111b,low_WSe2,1.0,2.0,3.0,WSe2_0.01562,11.789693879999948,1.1565000000000012
619cdd5845851b2ed243111c,low_WSe2,2.0,1.0,3.0,WSe2_0.01562,39.253376509999995,0.20279999999999987
619cdd5845851b2ed243111d,low_WSe2,3.0,0.0,3.0,WSe2_0.01562,50.540550940000095,0.22140000000000093
619cdd5845851b2ed243111e,low_WSe2,1.0,2.0,3.0,WSe2_0.01562,11.785560430000022,1.2698999999999998
619cdd5845851b2ed243111f,low_WSe2,2.0,1.0,3.0,WSe2_0.01562,39.32883582999993,0.26869999999999905
619cdd5845851b2ed2431120,low_WSe2,2.0,1.0,3.0,WSe2_0.01562,39.21081415999997,0.21449999999999925
619cdd5845851b2ed2431121,low_WSe2,0.0,3.0,3.0,WSe2_0.01562,0.4377618200000484,1.830599999999997
619cdd5845851b2ed2431122,low_WSe2,2.0,1.0,3.0,WSe2_0.01562,23.126522820000027,1.2391000000000005
619cdd5845851b2ed2431123,low_WSe2,1.0,2.0,3.0,WSe2_0.01562,11.761633970000037,1.2888999999999982
619cdd5845851b2ed2431124,low_WSe2,2.0,1.0,3.0,WSe2_0.01562,38.63008992999998,0.1902000000000008
619cdd5845851b2ed2431125,low_WSe2,1.0,2.0,3.0,WSe2_0.01562,27.914459450000095,0.19280000000000008
619cdd5845851b2ed2431126,low_WSe2,1.0,2.0,3.0,WSe2_0.01562,27.916119879999997,0.19040000000000035
619cdd5845851b2ed2431127,low_WSe2,1.0,2.0,3.0,WSe2_0.01562,28.00794459000008,0.26200000000000045
619cdd5845851b2ed2431128,low_WSe2,0.0,2.0,2.0,WSe2_0.01042,2.090359520000016,1.8327000000000027
619cdd5845851b2ed2431129,low_WSe2,1.0,2.0,3.0,WSe2_0.01562,27.921215170000096,0.1899999999999995
619cdd5845851b2ed243112a,low_WSe2,1.0,2.0,3.0,WSe2_0.01562,11.765248749999945,1.294399999999996
619cdd5845851b2ed243112b,low_WSe2,1.0,2.0,3.0,WSe2_0.01562,27.878826919999938,0.17379999999999995
619cdd5845851b2ed243112c,low_WSe2,2.0,1.0,3.0,WSe2_0.01562,39.22647830999999,0.21479999999999855
619cdd5845851b2ed243112d,low_WSe2,2.0,1.0,3.0,WSe2_0.01562,39.186890239999954,0.20999999999999908
619cdd5845851b2ed243112e,low_WSe2,2.0,1.0,3.0,WSe2_0.01562,38.625054330000054,0.19179999999999886
619cdd5845851b2ed243112f,low_WSe2,2.0,1.0,3.0,WSe2_0.01562,39.39099491000006,0.2850999999999999
619cdd5845851b2ed2431130,low_WSe2,0.0,3.0,3.0,WSe2_0.01562,0.42578300000008085,1.8335000000000008
619cdd5845851b2ed2431131,low_WSe2,0.0,3.0,3.0,WSe2_0.01562,0.4315575899999544,1.8271000000000015
619cdd5845851b2ed2431132,low_WSe2,2.0,1.0,3.0,WSe2_0.01562,39.2609001199999,0.19409999999999883
619cdd5845851b2ed2431133,low_WSe2,2.0,1.0,3.0,WSe2_0.01562,23.115466819999973,1.266300000000001
619cdd5845851b2ed2431134,low_WSe2,1.0,2.0,3.0,WSe2_0.01562,28.055262760000005,0.27810000000000024
619cdd5845851b2ed2431135,low_WSe2,1.0,2.0,3.0,WSe2_0.01562,11.768252159999964,1.3040999999999983
619cdd5845851b2ed2431136,low_WSe2,2.0,1.0,3.0,WSe2_0.01562,39.19861442999995,0.2123999999999988
619cdd5845851b2ed2431137,low_WSe2,3.0,0.0,3.0,WSe2_0.01562,50.59244070000009,0.20869999999999855
619cdd5845851b2ed2431138,low_WSe2,0.0,3.0,3.0,WSe2_0.01562,0.4285132500000941,1.828800000000001
619cdd5845851b2ed2431139,low_WSe2,1.0,2.0,3.0,WSe2_0.01562,27.96689218000006,0.15249999999999986
619cdd5845851b2ed243113a,low_WSe2,2.0,1.0,3.0,WSe2_0.01562,39.272555900000086,0.266
619cdd5845851b2ed243113b,low_WSe2,2.0,1.0,3.0,WSe2_0.01562,38.59842520000011,0.2220999999999993
619cdd5945851b2ed243113c,low_WSe2,1.0,2.0,3.0,WSe2_0.01562,27.997792180000033,0.2658000000000005
619cdd5945851b2ed243113d,low_WSe2,0.0,3.0,3.0,WSe2_0.01562,0.4303541900000596,1.8318000000000012
619cdd5945851b2ed243113e,low_WSe2,1.0,2.0,3.0,WSe2_0.01562,27.930011279999917,0.18510000000000026
619cdd5945851b2ed243113f,low_WSe2,2.0,1.0,3.0,WSe2_0.01562,39.25123214,0.20489999999999853
619cdd5945851b2ed2431140,low_WSe2,0.0,3.0,3.0,WSe2_0.01562,0.4297339199999328,1.8314000000000021
619cdd5945851b2ed2431141,low_WSe2,2.0,1.0,3.0,WSe2_0.01562,23.11080565000001,1.2727999999999966
619cdd5945851b2ed2431142,low_WSe2,0.0,3.0,3.0,WSe2_0.01562,0.4270072700000469,1.8218000000000032
619cdd5945851b2ed2431143,low_WSe2,2.0,1.0,3.0,WSe2_0.01562,23.121945970000105,1.2854000000000028
619cdd5945851b2ed2431144,low_WSe2,1.0,2.0,3.0,WSe2_0.01562,11.770992890000105,1.2952000000000012
619cdd5945851b2ed2431145,low_WSe2,1.0,2.0,3.0,WSe2_0.01562,11.77846326000007,1.289200000000001
619cdd5945851b2ed2431146,low_WSe2,1.0,2.0,3.0,WSe2_0.01562,27.915463820000014,0.1966000000000001
619cdd5945851b2ed2431147,low_WSe2,0.0,2.0,2.0,WSe2_0.01042,-3.319551940000043,1.8646999999999991
619cdd5945851b2ed2431148,low_WSe2,0.0,3.0,3.0,WSe2_0.01562,0.4295804600000679,1.8278999999999996
619cdd5945851b2ed2431149,low_WSe2,1.0,2.0,3.0,WSe2_0.01562,11.772905949999984,1.3003999999999962
619cdd5945851b2ed243114a,low_WSe2,2.0,1.0,3.0,WSe2_0.01562,23.272693960000005,0.8551999999999964
619cdd5945851b2ed243114b,low_WSe2,2.0,1.0,3.0,WSe2_0.01562,23.10698365000011,1.2582000000000022
619cdd5945851b2ed243114c,low_WSe2,2.0,1.0,3.0,WSe2_0.01562,23.097893950000106,1.244499999999995
619cdd5945851b2ed243114d,low_WSe2,2.0,1.0,3.0,WSe2_0.01562,39.25555801,0.1905000000000001
619cdd5945851b2ed243114e,low_WSe2,0.0,3.0,3.0,WSe2_0.01562,0.42786154999993187,1.8252999999999986
619cdd5945851b2ed243114f,low_WSe2,1.0,2.0,3.0,WSe2_0.01562,11.768426470000112,1.2974999999999994
619cdd5945851b2ed2431150,low_WSe2,0.0,3.0,3.0,WSe2_0.01562,0.4293096999999193,1.8290999999999968
619cdd5945851b2ed2431151,low_WSe2,1.0,2.0,3.0,WSe2_0.01562,11.782056629999932,1.1611000000000047
619cdd5945851b2ed2431152,low_WSe2,1.0,2.0,3.0,WSe2_0.01562,27.995189279999977,0.26560000000000095
619cdd5945851b2ed2431153,low_WSe2,1.0,2.0,3.0,WSe2_0.01562,11.765912730000071,1.297699999999999
619cdd5945851b2ed2431154,low_WSe2,3.0,0.0,3.0,WSe2_0.01562,49.97299940999992,0.18650000000000055
619cdd5945851b2ed2431155,low_WSe2,2.0,1.0,3.0,WSe2_0.01562,23.104686420000043,1.1948000000000008
619cdd5945851b2ed2431156,low_WSe2,2.0,1.0,3.0,WSe2_0.01562,39.228064519999904,0.20279999999999987
619cdd5945851b2ed2431157,low_WSe2,0.0,3.0,3.0,WSe2_0.01562,0.4302673500000651,1.8325999999999993
619cdd5945851b2ed2431158,low_WSe2,0.0,3.0,3.0,WSe2_0.01562,0.4295650900000396,1.831399999999995
619cdd5945851b2ed2431159,low_WSe2,2.0,1.0,3.0,WSe2_0.01562,39.25477748000007,0.19430000000000014
619cdd5945851b2ed243115a,low_WSe2,1.0,2.0,3.0,WSe2_0.01562,27.91848241999992,0.18759999999999977
619cdd5945851b2ed243115b,low_WSe2,1.0,2.0,3.0,WSe2_0.01562,27.99167512000008,0.26670000000000016
619cdd5945851b2ed243115c,low_WSe2,3.0,0.0,3.0,WSe2_0.01562,50.5687202099999,0.20009999999999906
619cdd5945851b2ed243115d,low_WSe2,2.0,1.0,3.0,WSe2_0.01562,39.23519999,0.19790000000000063
619cdd5945851b2ed243115e,low_WSe2,1.0,2.0,3.0,WSe2_0.01562,11.76956457999994,1.2974999999999994
619cdd5945851b2ed243115f,low_WSe2,2.0,1.0,3.0,WSe2_0.01562,39.19731707999999,0.20400000000000063
619cdd5945851b2ed2431160,low_WSe2,1.0,2.0,3.0,WSe2_0.01562,11.789819650000016,1.3018
619cdd5945851b2ed2431161,low_WSe2,2.0,1.0,3.0,WSe2_0.01562,23.11763249000004,1.2841000000000022
619cdd5945851b2ed2431162,low_WSe2,1.0,2.0,3.0,WSe2_0.01562,11.663025170000072,1.3033000000000001
619cdd5945851b2ed2431163,low_WSe2,3.0,0.0,3.0,WSe2_0.01562,50.530186609999966,0.17029999999999923
619cdd5945851b2ed2431164,low_WSe2,0.0,3.0,3.0,WSe2_0.01562,0.4271400399999834,1.828000000000003
619cdd5945851b2ed2431165,low_WSe2,0.0,3.0,3.0,WSe2_0.01562,0.42732723000011674,1.8323000000000036
619cdd5945851b2ed2431166,low_WSe2,2.0,1.0,3.0,WSe2_0.01562,39.23633012000009,0.19819999999999993
619cdd5945851b2ed2431167,low_WSe2,1.0,2.0,3.0,WSe2_0.01562,28.00751420000006,0.26099999999999923
619cdd5945851b2ed2431168,low_WSe2,1.0,2.0,3.0,WSe2_0.01562,11.773127209999974,1.3048000000000002
619cdd5945851b2ed2431169,low_WSe2,1.0,2.0,3.0,WSe2_0.01562,11.7487168,1.2984000000000009
619cdd5945851b2ed243116a,low_WSe2,3.0,0.0,3.0,WSe2_0.01562,50.59981946000003,0.2759999999999998
619cdd5945851b2ed243116b,low_WSe2,2.0,1.0,3.0,WSe2_0.01562,38.626507550000085,0.19200000000000017
619cdd5945851b2ed243116c,low_WSe2,1.0,2.0,3.0,WSe2_0.01562,11.778501270000096,1.2922000000000011
619cdd5945851b2ed243116d,low_WSe2,1.0,2.0,3.0,WSe2_0.01562,27.91220610000005,0.19740000000000002
619cdd5945851b2ed243116e,low_WSe2,1.0,2.0,3.0,WSe2_0.01562,11.771501100000012,1.2944999999999993
619cdd5945851b2ed243116f,low_WSe2,1.0,2.0,3.0,WSe2_0.01562,11.772641300000021,1.3008000000000024
619cdd5945851b2ed2431170,low_WSe2,2.0,1.0,3.0,WSe2_0.01562,39.27115404999999,0.1911000000000005
619cdd5945851b2ed2431171,low_WSe2,0.0,3.0,3.0,WSe2_0.01562,0.42969188000000713,1.8282999999999987
619cdd5945851b2ed2431172,low_WSe2,1.0,2.0,3.0,WSe2_0.01562,11.764462950000041,1.2986000000000004
619cdd5945851b2ed2431173,low_WSe2,1.0,2.0,3.0,WSe2_0.01562,27.920971960000088,0.18759999999999977
619cdd5945851b2ed2431174,low_WSe2,2.0,1.0,3.0,WSe2_0.01562,23.115889640000013,1.2832000000000008
619cdd5945851b2ed2431175,low_WSe2,1.0,2.0,3.0,WSe2_0.01562,11.764269600000024,1.3023000000000025
619cdd5945851b2ed2431176,low_WSe2,2.0,1.0,3.0,WSe2_0.01562,39.241669629999976,0.20090000000000074
619cdd5945851b2ed2431177,low_WSe2,0.0,3.0,3.0,WSe2_0.01562,0.42980701999994153,1.8293999999999997
619cdd5945851b2ed2431178,low_WSe2,2.0,1.0,3.0,WSe2_0.01562,23.28721270000009,0.7991000000000028
619cdd5945851b2ed2431179,low_WSe2,0.0,3.0,3.0,WSe2_0.01562,0.42882002000004604,1.8231000000000037
619cdd5945851b2ed243117a,low_WSe2,1.0,2.0,3.0,WSe2_0.01562,27.991736949999904,0.2660999999999998
619cdd5945851b2ed243117b,low_WSe2,3.0,0.0,3.0,WSe2_0.01562,50.58415040000009,0.15850000000000009
619cdd5945851b2ed243117c,low_WSe2,0.0,3.0,3.0,WSe2_0.01562,0.4297463100000982,1.8259000000000043
619cdd5945851b2ed243117d,low_WSe2,2.0,1.0,3.0,WSe2_0.01562,23.050952410000072,1.124299999999998
619cdd5945851b2ed243117e,low_WSe2,2.0,1.0,3.0,WSe2_0.01562,23.117707630000076,1.2725000000000009
619cdd5945851b2ed243117f,low_WSe2,2.0,1.0,3.0,WSe2_0.01562,39.23763824999996,0.19329999999999892
619cdd5945851b2ed2431180,low_WSe2,2.0,1.0,3.0,WSe2_0.01562,39.23366448999995,0.1980000000000004
619cdd5945851b2ed2431181,low_WSe2,2.0,1.0,3.0,WSe2_0.01562,39.26069981999994,0.19979999999999976
619cdd5945851b2ed2431182,low_WSe2,3.0,0.0,3.0,WSe2_0.01562,50.49645902999996,0.20700000000000074
619cdd5945851b2ed2431183,low_WSe2,2.0,1.0,3.0,WSe2_0.01562,39.19416413999993,0.20639999999999858
619cdd5945851b2ed2431184,low_WSe2,1.0,2.0,3.0,WSe2_0.01562,27.83931819999998,0.18219999999999992
619cdd5945851b2ed2431185,low_WSe2,1.0,2.0,3.0,WSe2_0.01562,11.771607959999972,1.3016000000000005
619cdd5945851b2ed2431186,low_WSe2,0.0,3.0,3.0,WSe2_0.01562,0.4297534500000779,1.8271000000000015
619cdd5945851b2ed2431187,low_WSe2,2.0,1.0,3.0,WSe2_0.01562,39.23865824999989,0.20459999999999923
619cdd5945851b2ed2431188,low_WSe2,2.0,1.0,3.0,WSe2_0.01562,23.114861820000023,1.287399999999998
619cdd5945851b2ed2431189,low_WSe2,2.0,1.0,3.0,WSe2_0.01562,39.245382390000074,0.18920000000000137
619cdd5945851b2ed243118a,low_WSe2,2.0,1.0,3.0,WSe2_0.01562,39.240102280000016,0.19599999999999973
619cdd5945851b2ed243118b,low_WSe2,1.0,2.0,3.0,WSe2_0.01562,11.771494959999917,1.2991000000000028
619cdd5945851b2ed243118c,low_WSe2,1.0,2.0,3.0,WSe2_0.01562,28.006001940000033,0.2652000000000001
619cdd5945851b2ed243118d,low_WSe2,3.0,0.0,3.0,WSe2_0.01562,50.595976279999924,0.21450000000000102
619cdd5a45851b2ed243118e,low_WSe2,1.0,2.0,3.0,WSe2_0.01562,11.756812840000055,1.3022999999999954
619cdd5a45851b2ed243118f,low_WSe2,2.0,1.0,3.0,WSe2_0.01562,39.25605918000001,0.18029999999999902
619cdd5a45851b2ed2431190,low_WSe2,3.0,0.0,3.0,WSe2_0.01562,50.61365288000011,0.19209999999999994
619cdd5a45851b2ed2431191,low_WSe2,1.0,2.0,3.0,WSe2_0.01562,11.762844939999912,1.302900000000001
619cdd5a45851b2ed2431192,low_WSe2,0.0,3.0,3.0,WSe2_0.01562,0.4320388900000012,1.8322000000000003
619cdd5a45851b2ed2431193,low_WSe2,1.0,2.0,3.0,WSe2_0.01562,27.99572861999991,0.266
619cdd5a45851b2ed2431194,low_WSe2,2.0,1.0,3.0,WSe2_0.01562,39.24131502999994,0.18689999999999962
619cdd5a45851b2ed2431195,low_WSe2,1.0,2.0,3.0,WSe2_0.01562,11.771818109999902,1.3044000000000011
619cdd5a45851b2ed2431196,low_WSe2,2.0,1.0,3.0,WSe2_0.01562,39.178686239999976,0.20679999999999943
619cdd5a45851b2ed2431197,low_WSe2,3.0,0.0,3.0,WSe2_0.01562,50.666306510000005,0.28919999999999924
619cdd5a45851b2ed2431198,low_WSe2,1.0,2.0,3.0,WSe2_0.01562,11.777294900000005,1.2935000000000016
619cdd5a45851b2ed2431199,low_WSe2,2.0,1.0,3.0,WSe2_0.01562,39.222231750000034,0.14830000000000076
619cdd5a45851b2ed243119a,low_WSe2,1.0,2.0,3.0,WSe2_0.01562,27.926039039999978,0.18539999999999957
619cdd5a45851b2ed243119b,low_WSe2,0.0,3.0,3.0,WSe2_0.01562,0.4564147600000865,1.8257000000000048
619cdd5a45851b2ed243119c,low_WSe2,3.0,0.0,3.0,WSe2_0.01562,50.5139113199999,0.21110000000000007
619cdd5a45851b2ed243119d,low_WSe2,1.0,2.0,3.0,WSe2_0.01562,11.765347239999972,1.3008000000000024
619cdd5a45851b2ed243119e,low_WSe2,0.0,3.0,3.0,WSe2_0.01562,0.4272818999999686,1.8258999999999972
619cdd5a45851b2ed243119f,low_WSe2,2.0,1.0,3.0,WSe2_0.01562,23.10075972999997,1.2569000000000017
619cdd5a45851b2ed24311a0,low_WSe2,2.0,1.0,3.0,WSe2_0.01562,39.23666497999993,0.19620000000000104
619cdd5a45851b2ed24311a1,low_WSe2,1.0,2.0,3.0,WSe2_0.01562,11.769021119999923,1.3018999999999963
619cdd5a45851b2ed24311a2,low_WSe2,2.0,1.0,3.0,WSe2_0.01562,39.23094762999999,0.20370000000000132
619cdd5a45851b2ed24311a3,low_WSe2,2.0,1.0,3.0,WSe2_0.01562,23.106993460000048,1.288499999999999
619cdd5a45851b2ed24311a4,low_WSe2,1.0,2.0,3.0,WSe2_0.01562,28.063035310000032,0.2814999999999994
619cdd5a45851b2ed24311a5,low_WSe2,2.0,1.0,3.0,WSe2_0.01562,23.093925610000078,1.2830999999999975
619cdd5a45851b2ed24311a6,low_WSe2,0.0,3.0,3.0,WSe2_0.01562,0.42837683999999854,1.8292999999999964
619cdd5a45851b2ed24311a7,low_WSe2,2.0,1.0,3.0,WSe2_0.01562,37.58381536000006,0.6576000000000004
619cdd5a45851b2ed24311a8,low_WSe2,1.0,2.0,3.0,WSe2_0.01562,11.749329590000105,1.2985000000000042
619cdd5a45851b2ed24311a9,low_WSe2,3.0,0.0,3.0,WSe2_0.01562,50.527469199999906,0.2159000000000013
619cdd5a45851b2ed24311aa,low_WSe2,1.0,2.0,3.0,WSe2_0.01562,27.9105854500001,0.19759999999999955
619cdd5a45851b2ed24311ab,low_WSe2,2.0,1.0,3.0,WSe2_0.01562,38.63184376000008,0.19510000000000005
619cdd5a45851b2ed24311ac,low_WSe2,2.0,1.0,3.0,WSe2_0.01562,39.22437853000001,0.15109999999999957
619cdd5a45851b2ed24311ad,low_WSe2,1.0,2.0,3.0,WSe2_0.01562,27.87453273999995,0.17510000000000048
619cdd5a45851b2ed24311ae,low_WSe2,0.0,3.0,3.0,WSe2_0.01562,0.42618226000007553,1.822099999999999
619cdd5a45851b2ed24311af,low_WSe2,1.0,2.0,3.0,WSe2_0.01562,11.784688499999891,1.2944999999999993
619cdd5a45851b2ed24311b0,low_WSe2,1.0,2.0,3.0,WSe2_0.01562,11.77880924000009,1.1562000000000054
619cdd5a45851b2ed24311b1,low_WSe2,1.0,1.0,2.0,WSe2_0.01042,29.581413380000036,0.1988000000000003
619cdd5a45851b2ed24311b2,low_WSe2,1.0,2.0,3.0,WSe2_0.01562,27.919521479999958,0.1889000000000003
619cdd5a45851b2ed24311b3,low_WSe2,3.0,0.0,3.0,WSe2_0.01562,49.998564939999916,0.2098999999999993
619cdd5a45851b2ed24311b4,low_WSe2,3.0,0.0,3.0,WSe2_0.01562,50.588459639999975,0.20220000000000127
619cdd5a45851b2ed24311b5,low_WSe2,2.0,1.0,3.0,WSe2_0.01562,39.25033082999998,0.1980000000000004
619cdd5a45851b2ed24311b6,low_WSe2,3.0,0.0,3.0,WSe2_0.01562,50.52434127999991,0.2043999999999997
619cdd5a45851b2ed24311b7,low_WSe2,0.0,3.0,3.0,WSe2_0.01562,0.4262586399999577,1.8232
619cdd5a45851b2ed24311b8,low_WSe2,3.0,0.0,3.0,WSe2_0.01562,50.5531298899999,0.14620000000000033
619cdd5a45851b2ed24311b9,low_WSe2,3.0,0.0,3.0,WSe2_0.01562,50.567693390000024,0.20700000000000074
619cdd5a45851b2ed24311ba,low_WSe2,1.0,2.0,3.0,WSe2_0.01562,28.081795609999972,0.2751000000000001
619cdd5a45851b2ed24311bb,low_WSe2,1.0,2.0,3.0,WSe2_0.01562,11.772616149999966,1.3031999999999968
619cdd5a45851b2ed24311bc,low_WSe2,1.0,2.0,3.0,WSe2_0.01562,11.767357740000069,1.299900000000001
619cdd5a45851b2ed24311bd,low_WSe2,0.0,3.0,3.0,WSe2_0.01562,0.4305078799999933,1.8268999999999949
619cdd5a45851b2ed24311be,low_WSe2,2.0,1.0,3.0,WSe2_0.01562,39.24889198999999,0.19170000000000087
619cdd5a45851b2ed24311bf,low_WSe2,3.0,0.0,3.0,WSe2_0.01562,50.50471223999998,0.2228999999999992
619cdd5a45851b2ed24311c0,low_WSe2,0.0,3.0,3.0,WSe2_0.01562,0.4294159000000377,1.8314999999999984
619cdd5a45851b2ed24311c1,low_WSe2,1.0,2.0,3.0,WSe2_0.01562,11.771968900000036,1.3051999999999992
619cdd5a45851b2ed24311c2,low_WSe2,3.0,0.0,3.0,WSe2_0.01562,50.558991449999986,0.19790000000000063
619cdd5a45851b2ed24311c3,low_WSe2,0.0,3.0,3.0,WSe2_0.01562,0.4289946700000087,1.8277
619cdd5a45851b2ed24311c4,low_WSe2,1.0,2.0,3.0,WSe2_0.01562,27.916776219999974,0.18979999999999997
619cdd5a45851b2ed24311c5,low_WSe2,0.0,3.0,3.0,WSe2_0.01562,0.4254929099999458,1.8275000000000006
619cdd5a45851b2ed24311c6,low_WSe2,1.0,2.0,3.0,WSe2_0.01562,11.776410870000053,1.1580999999999975
619cdd5a45851b2ed24311c7,low_WSe2,2.0,1.0,3.0,WSe2_0.01562,39.24713614000011,0.19810000000000016
619cdd5a45851b2ed24311c8,low_WSe2,2.0,1.0,3.0,WSe2_0.01562,39.322241650000066,0.2676999999999996
619cdd5a45851b2ed24311c9,low_WSe2,2.0,1.0,3.0,WSe2_0.01562,39.19488454000002,0.19570000000000043
619cdd5a45851b2ed24311ca,low_WSe2,1.0,2.0,3.0,WSe2_0.01562,11.766316149999955,1.2978999999999985
619cdd5a45851b2ed24311cb,low_WSe2,3.0,0.0,3.0,WSe2_0.01562,50.597479659999955,0.19539999999999935
619cdd5a45851b2ed24311cc,low_WSe2,2.0,1.0,3.0,WSe2_0.01562,39.24128709999995,0.1880999999999986
619cdd5a45851b2ed24311cd,low_WSe2,2.0,1.0,3.0,WSe2_0.01562,23.106339369999922,1.1936999999999998
619cdd5a45851b2ed24311ce,low_WSe2,2.0,1.0,3.0,WSe2_0.01562,39.16985011000001,0.19189999999999863
619cdd5a45851b2ed24311cf,low_WSe2,3.0,0.0,3.0,WSe2_0.01562,50.613067659999935,0.1230999999999991
619cdd5a45851b2ed24311d0,low_WSe2,2.0,1.0,3.0,WSe2_0.01562,39.22025572000011,0.21220000000000105
619cdd5a45851b2ed24311d1,low_WSe2,1.0,2.0,3.0,WSe2_0.01562,11.7743284999999,1.2970000000000041
619cdd5a45851b2ed24311d2,low_WSe2,1.0,2.0,3.0,WSe2_0.01562,27.994025770000007,0.26480000000000103
619cdd5a45851b2ed24311d3,low_WSe2,1.0,2.0,3.0,WSe2_0.01562,11.768211060000102,1.2971000000000004
619cdd5a45851b2ed24311d4,low_WSe2,3.0,0.0,3.0,WSe2_0.01562,50.57059908000006,0.19149999999999956
619cdd5a45851b2ed24311d5,low_WSe2,2.0,1.0,3.0,WSe2_0.01562,23.124358800000017,1.284000000000006
619cdd5a45851b2ed24311d6,low_WSe2,2.0,1.0,3.0,WSe2_0.01562,23.100115730000006,1.2471999999999994
619cdd5a45851b2ed24311d7,low_WSe2,1.0,2.0,3.0,WSe2_0.01562,11.76805779999994,1.2993999999999986
619cdd5a45851b2ed24311d8,low_WSe2,2.0,1.0,3.0,WSe2_0.01562,23.09622076999998,1.2426999999999992
619cdd5a45851b2ed24311d9,low_WSe2,1.0,2.0,3.0,WSe2_0.01562,11.771836139999994,1.2990999999999957
619cdd5a45851b2ed24311da,low_WSe2,3.0,0.0,3.0,WSe2_0.01562,50.51744792000009,0.251100000000001
619cdd5a45851b2ed24311db,low_WSe2,2.0,1.0,3.0,WSe2_0.01562,39.24295056999999,0.20300000000000118
619cdd5a45851b2ed24311dc,low_WSe2,3.0,0.0,3.0,WSe2_0.01562,49.98290705999998,0.16820000000000057
619cdd5a45851b2ed24311dd,low_WSe2,2.0,1.0,3.0,WSe2_0.01562,39.22999772000007,0.2137999999999991
619cdd5b45851b2ed24311de,low_WSe2,2.0,1.0,3.0,WSe2_0.01562,39.24762203999994,0.1966000000000001
619cdd5b45851b2ed24311df,low_WSe2,0.0,3.0,3.0,WSe2_0.01562,0.42762480000004643,1.8308999999999997
619cdd5b45851b2ed24311e0,low_WSe2,2.0,1.0,3.0,WSe2_0.01562,37.577694379999954,0.6573000000000011
619cdd5b45851b2ed24311e1,low_WSe2,1.0,2.0,3.0,WSe2_0.01562,28.012299629999916,0.25760000000000005
619cdd5b45851b2ed24311e2,low_WSe2,2.0,1.0,3.0,WSe2_0.01562,39.23885694999994,0.19960000000000022
619cdd5b45851b2ed24311e3,low_WSe2,1.0,2.0,3.0,WSe2_0.01562,11.767942749999964,1.2977999999999952
619cdd5b45851b2ed24311e4,low_WSe2,2.0,1.0,3.0,WSe2_0.01562,23.106921639999918,1.2567999999999984
619cdd5b45851b2ed24311e5,low_WSe2,2.0,1.0,3.0,WSe2_0.01562,23.13160296999994,1.080600000000004
619cdd5b45851b2ed24311e6,low_WSe2,2.0,1.0,3.0,WSe2_0.01562,39.20954975999989,0.1789000000000005
619cdd5b45851b2ed24311e7,low_WSe2,3.0,0.0,3.0,WSe2_0.01562,50.64973623000001,0.2774000000000001
619cdd5b45851b2ed24311e8,low_WSe2,2.0,1.0,3.0,WSe2_0.01562,23.138391539999965,1.2813999999999979
619cdd5b45851b2ed24311e9,low_WSe2,2.0,1.0,3.0,WSe2_0.01562,39.25635541000001,0.192499999999999
619cdd5b45851b2ed24311ea,low_WSe2,2.0,1.0,3.0,WSe2_0.01562,23.114690090000103,1.2713999999999999
619cdd5b45851b2ed24311eb,low_WSe2,1.0,2.0,3.0,WSe2_0.01562,11.760706340000059,1.302100000000003
619cdd5b45851b2ed24311ec,low_WSe2,1.0,2.0,3.0,WSe2_0.01562,11.772136669999998,1.3035999999999959
619cdd5b45851b2ed24311ed,low_WSe2,2.0,1.0,3.0,WSe2_0.01562,23.1286036899999,1.0957000000000008
619cdd5b45851b2ed24311ee,low_WSe2,1.0,2.0,3.0,WSe2_0.01562,11.748075069999903,1.2949999999999946
619cdd5b45851b2ed24311ef,low_WSe2,0.0,3.0,3.0,WSe2_0.01562,0.4287550900000383,1.829499999999996
619cdd5b45851b2ed24311f0,low_WSe2,2.0,1.0,3.0,WSe2_0.01562,39.19601061999997,0.20340000000000025
619cdd5b45851b2ed24311f1,low_WSe2,2.0,1.0,3.0,WSe2_0.01562,39.22772390000004,0.14539999999999864
619cdd5b45851b2ed24311f2,low_WSe2,1.0,2.0,3.0,WSe2_0.01562,11.774432830000013,1.2967000000000013
619cdd5b45851b2ed24311f3,low_WSe2,3.0,0.0,3.0,WSe2_0.01562,50.51220754999995,0.2198999999999991
619cdd5b45851b2ed24311f4,low_WSe2,0.0,3.0,3.0,WSe2_0.01562,0.42591983000005484,1.8323999999999998
619cdd5b45851b2ed24311f5,low_WSe2,2.0,1.0,3.0,WSe2_0.01562,39.246894919999974,0.1988000000000003
619cdd5b45851b2ed24311f6,low_WSe2,1.0,2.0,3.0,WSe2_0.01562,11.68260237000003,1.308400000000006
619cdd5b45851b2ed24311f7,low_WSe2,1.0,2.0,3.0,WSe2_0.01562,11.769469179999977,1.2982999999999976
619cdd5b45851b2ed24311f8,low_WSe2,1.0,2.0,3.0,WSe2_0.01562,11.747012739999935,1.294799999999995
619cdd5b45851b2ed24311f9,low_WSe2,2.0,1.0,3.0,WSe2_0.01562,39.24921391999992,0.20350000000000001
619cdd5b45851b2ed24311fa,low_WSe2,1.0,2.0,3.0,WSe2_0.01562,11.787470559999964,1.2713999999999999
619cdd5b45851b2ed24311fb,low_WSe2,1.0,2.0,3.0,WSe2_0.01562,11.772945010000047,1.282599999999995
619cdd5b45851b2ed24311fc,low_WSe2,1.0,2.0,3.0,WSe2_0.01562,11.762299250000058,1.303600000000003
619cdd5b45851b2ed24311fd,low_WSe2,2.0,1.0,3.0,WSe2_0.01562,39.17574741000003,0.20429999999999993
619cdd5b45851b2ed24311fe,low_WSe2,2.0,1.0,3.0,WSe2_0.01562,38.6262580999999,0.1899999999999995
619cdd5b45851b2ed24311ff,low_WSe2,1.0,2.0,3.0,WSe2_0.01562,11.766777419999915,1.2956000000000003
619cdd5b45851b2ed2431200,low_WSe2,1.0,2.0,3.0,WSe2_0.01562,27.997637639999994,0.26510000000000034
619cdd5b45851b2ed2431201,low_WSe2,1.0,2.0,3.0,WSe2_0.01562,11.769860569999981,1.3036999999999992
619cdd5b45851b2ed2431202,low_WSe2,1.0,2.0,3.0,WSe2_0.01562,28.079037319999998,0.29609999999999914
619cdd5b45851b2ed2431203,low_WSe2,3.0,0.0,3.0,WSe2_0.01562,50.57534406,0.15289999999999893
619cdd5b45851b2ed2431204,low_WSe2,2.0,1.0,3.0,WSe2_0.01562,39.24910084999992,0.19200000000000017
619cdd5b45851b2ed2431205,low_WSe2,2.0,1.0,3.0,WSe2_0.01562,39.31903837999998,0.27619999999999933
619cdd5b45851b2ed2431206,low_WSe2,1.0,2.0,3.0,WSe2_0.01562,11.765737209999987,1.3005999999999958
619cdd5b45851b2ed2431207,low_WSe2,1.0,2.0,3.0,WSe2_0.01562,11.795808289999957,1.3014999999999972
619cdd5b45851b2ed2431208,low_WSe2,0.0,3.0,3.0,WSe2_0.01562,0.4371136599999659,1.8222999999999985
619cdd5b45851b2ed2431209,low_WSe2,1.0,2.0,3.0,WSe2_0.01562,11.766417230000105,1.3014999999999972
619cdd5b45851b2ed243120a,low_WSe2,1.0,2.0,3.0,WSe2_0.01562,11.7826797099999,1.1555000000000035
619cdd5b45851b2ed243120b,low_WSe2,2.0,1.0,3.0,WSe2_0.01562,39.190200130000036,0.20950000000000024
619cdd5b45851b2ed243120c,low_WSe2,1.0,2.0,3.0,WSe2_0.01562,11.76599413000007,1.2948999999999984
619cdd5b45851b2ed243120d,low_WSe2,1.0,2.0,3.0,WSe2_0.01562,11.765079920000051,1.2973
619cdd5b45851b2ed243120e,low_WSe2,2.0,1.0,3.0,WSe2_0.01562,23.12260401999996,1.2416000000000054
619cdd5b45851b2ed243120f,low_WSe2,1.0,1.0,2.0,WSe2_0.01042,8.01853253999991,1.298
619cdd5b45851b2ed2431210,low_WSe2,2.0,1.0,3.0,WSe2_0.01562,23.115799239999923,1.288499999999999
619cdd5b45851b2ed2431211,low_WSe2,1.0,2.0,3.0,WSe2_0.01562,11.797196960000054,1.2965000000000018
619cdd5b45851b2ed2431212,low_WSe2,2.0,1.0,3.0,WSe2_0.01562,23.14089560999995,1.1533000000000015
619cdd5b45851b2ed2431213,low_WSe2,1.0,2.0,3.0,WSe2_0.01562,28.000955429999976,0.267199999999999
619cdd5b45851b2ed2431214,low_WSe2,3.0,0.0,3.0,WSe2_0.01562,50.68200244999989,0.2775999999999996
619cdd5b45851b2ed2431215,low_WSe2,2.0,1.0,3.0,WSe2_0.01562,38.62732886000008,0.19480000000000075
619cdd5b45851b2ed2431216,low_WSe2,1.0,2.0,3.0,WSe2_0.01562,11.766969719999896,1.2944999999999993
619cdd5b45851b2ed2431217,low_WSe2,3.0,0.0,3.0,WSe2_0.01562,48.908971220000105,0.5785
619cdd5b45851b2ed2431218,low_WSe2,2.0,1.0,3.0,WSe2_0.01562,39.18627298999995,0.18269999999999875
619cdd5b45851b2ed2431219,low_WSe2,2.0,1.0,3.0,WSe2_0.01562,23.12928493999997,1.275500000000001
619cdd5b45851b2ed243121a,low_WSe2,3.0,0.0,3.0,WSe2_0.01562,50.50715455000009,0.21530000000000094
619cdd5b45851b2ed243121b,low_WSe2,1.0,2.0,3.0,WSe2_0.01562,27.921100600000045,0.19489999999999874
619cdd5b45851b2ed243121c,low_WSe2,0.0,3.0,3.0,WSe2_0.01562,0.45256667999996125,1.8263000000000034
619cdd5b45851b2ed243121d,low_WSe2,1.0,2.0,3.0,WSe2_0.01562,11.774170679999987,1.3035999999999959
619cdd5b45851b2ed243121e,low_WSe2,2.0,1.0,3.0,WSe2_0.01562,23.1092902400001,1.2590999999999966
619cdd5b45851b2ed243121f,low_WSe2,2.0,1.0,3.0,WSe2_0.01562,39.191964670000104,0.1936
619cdd5b45851b2ed2431220,low_WSe2,0.0,3.0,3.0,WSe2_0.01562,0.4573592200001144,1.823599999999999
619cdd5b45851b2ed2431221,low_WSe2,2.0,1.0,3.0,WSe2_0.01562,23.105446730000075,1.2816000000000045
619cdd5b45851b2ed2431222,low_WSe2,1.0,2.0,3.0,WSe2_0.01562,27.9159298699999,0.186399999999999
619cdd5b45851b2ed2431223,low_WSe2,2.0,1.0,3.0,WSe2_0.01562,37.579657540000014,0.6447000000000003
619cdd5b45851b2ed2431224,low_WSe2,2.0,1.0,3.0,WSe2_0.01562,39.226318730000045,0.1477000000000004
619cdd5b45851b2ed2431225,low_WSe2,2.0,1.0,3.0,WSe2_0.01562,39.229206150000024,0.1507000000000005
619cdd5b45851b2ed2431226,low_WSe2,2.0,0.0,2.0,WSe2_0.01042,40.895152140000064,0.15559999999999974
619cdd5b45851b2ed2431227,low_WSe2,2.0,1.0,3.0,WSe2_0.01562,39.21398079000009,0.15069999999999872
619cdd5b45851b2ed2431228,low_WSe2,1.0,2.0,3.0,WSe2_0.01562,11.773589849999997,1.279900000000005
619cdd5b45851b2ed2431229,low_WSe2,1.0,2.0,3.0,WSe2_0.01562,11.774320759999899,1.300699999999999
619cdd5b45851b2ed243122a,low_WSe2,2.0,1.0,3.0,WSe2_0.01562,39.24659593999995,0.1966000000000001
619cdd5b45851b2ed243122b,low_WSe2,1.0,2.0,3.0,WSe2_0.01562,11.763423099999944,1.3030000000000044
619cdd5b45851b2ed243122c,low_WSe2,0.0,3.0,3.0,WSe2_0.01562,0.4257879199998911,1.823999999999998
619cdd5c45851b2ed243122d,low_WSe2,2.0,1.0,3.0,WSe2_0.01562,39.230346189999906,0.17730000000000068
619cdd5c45851b2ed243122e,low_WSe2,1.0,2.0,3.0,WSe2_0.01562,11.766438189999906,1.3002000000000038
619cdd5c45851b2ed243122f,low_WSe2,0.0,3.0,3.0,WSe2_0.01562,0.4282832000000667,1.8303000000000011
619cdd5c45851b2ed2431230,low_WSe2,1.0,2.0,3.0,WSe2_0.01562,11.769363269999975,1.2989999999999995
619cdd5c45851b2ed2431231,low_WSe2,2.0,1.0,3.0,WSe2_0.01562,23.115877969999964,1.2482000000000042
619cdd5c45851b2ed2431232,low_WSe2,2.0,1.0,3.0,WSe2_0.01562,39.21914176,0.19000000000000128
619cdd5c45851b2ed2431233,low_WSe2,3.0,0.0,3.0,WSe2_0.01562,50.59152066000011,0.19870000000000054
619cdd5c45851b2ed2431234,low_WSe2,2.0,1.0,3.0,WSe2_0.01562,23.110843790000025,1.280699999999996
619cdd5c45851b2ed2431235,low_WSe2,1.0,2.0,3.0,WSe2_0.01562,11.760809509999934,1.2997000000000014
619cdd5c45851b2ed2431236,low_WSe2,1.0,2.0,3.0,WSe2_0.01562,11.786746400000073,1.2727000000000004
619cdd5c45851b2ed2431237,low_WSe2,1.0,2.0,3.0,WSe2_0.01562,11.753955699999995,1.2971000000000004
619cdd5c45851b2ed2431238,low_WSe2,2.0,1.0,3.0,WSe2_0.01562,39.20377566000006,0.20040000000000013
619cdd5c45851b2ed2431239,low_WSe2,2.0,1.0,3.0,WSe2_0.01562,23.113109749999957,1.2192000000000007
619cdd5c45851b2ed243123a,low_WSe2,1.0,2.0,3.0,WSe2_0.01562,28.06213582999999,0.27590000000000003
619cdd5c45851b2ed243123b,low_WSe2,2.0,1.0,3.0,WSe2_0.01562,23.115583929999993,1.2813000000000017
619cdd5c45851b2ed243123c,low_WSe2,3.0,0.0,3.0,WSe2_0.01562,50.54979011999999,0.1487999999999996
619cdd5c45851b2ed243123d,low_WSe2,0.0,3.0,3.0,WSe2_0.01562,0.42701920000007476,1.8278000000000034
619cdd5c45851b2ed243123e,low_WSe2,1.0,2.0,3.0,WSe2_0.01562,11.772112860000096,1.299900000000001
619cdd5c45851b2ed243123f,low_WSe2,1.0,2.0,3.0,WSe2_0.01562,11.763094509999963,1.3048000000000002
619cdd5c45851b2ed2431240,low_WSe2,1.0,2.0,3.0,WSe2_0.01562,27.926012950000086,0.1916000000000011
619cdd5c45851b2ed2431241,low_WSe2,1.0,2.0,3.0,WSe2_0.01562,27.95452515000011,0.1647999999999996
619cdd5c45851b2ed2431242,low_WSe2,2.0,1.0,3.0,WSe2_0.01562,23.105358269999932,1.2759
619cdd5c45851b2ed2431243,low_WSe2,1.0,2.0,3.0,WSe2_0.01562,11.77151544000002,1.295099999999998
619cdd5c45851b2ed2431244,low_WSe2,3.0,0.0,3.0,WSe2_0.01562,50.54392444999994,0.2093000000000007
619cdd5c45851b2ed2431245,low_WSe2,1.0,2.0,3.0,WSe2_0.01562,11.768969250000044,1.3001000000000005
619cdd5c45851b2ed2431246,low_WSe2,2.0,0.0,2.0,WSe2_0.01042,40.91249174999997,0.19640000000000057
619cdd5c45851b2ed2431247,low_WSe2,2.0,1.0,3.0,WSe2_0.01562,23.08762183999992,1.2454000000000036
619cdd5c45851b2ed2431248,low_WSe2,1.0,2.0,3.0,WSe2_0.01562,11.763616469999977,1.3026000000000053
619cdd5c45851b2ed2431249,low_WSe2,3.0,0.0,3.0,WSe2_0.01562,48.93605125999998,0.4803999999999995
619cdd5c45851b2ed243124a,low_WSe2,3.0,0.0,3.0,WSe2_0.01562,48.890203139999905,0.5938999999999997
619cdd5c45851b2ed243124b,low_WSe2,0.0,3.0,3.0,WSe2_0.01562,0.4555607500000747,1.8322000000000003
619cdd5c45851b2ed243124c,low_WSe2,1.0,2.0,3.0,WSe2_0.01562,11.770430660000091,1.3023999999999987
619cdd5c45851b2ed243124d,low_WSe2,1.0,2.0,3.0,WSe2_0.01562,27.96950138000011,0.24650000000000105
619cdd5c45851b2ed243124e,low_WSe2,1.0,2.0,3.0,WSe2_0.01562,11.77029865999997,1.2689999999999984
619cdd5c45851b2ed243124f,low_WSe2,1.0,2.0,3.0,WSe2_0.01562,11.77091848000008,1.3033000000000001
619cdd5c45851b2ed2431250,low_WSe2,1.0,2.0,3.0,WSe2_0.01562,11.765767950000043,1.301400000000001
619cdd5c45851b2ed2431251,low_WSe2,1.0,2.0,3.0,WSe2_0.01562,11.771069840000099,1.3004999999999995
619cdd5c45851b2ed2431252,low_WSe2,1.0,2.0,3.0,WSe2_0.01562,11.771667030000106,1.2978999999999985
619cdd5c45851b2ed2431253,low_WSe2,1.0,2.0,3.0,WSe2_0.01562,28.04832635999992,0.2215000000000007
619cdd5c45851b2ed2431254,low_WSe2,2.0,1.0,3.0,WSe2_0.01562,39.37985576999999,0.2908999999999988
619cdd5c45851b2ed2431255,low_WSe2,1.0,2.0,3.0,WSe2_0.01562,27.996770290000086,0.2635000000000005
619cdd5c45851b2ed2431256,low_WSe2,2.0,1.0,3.0,WSe2_0.01562,39.22238320000001,0.14490000000000158
619cdd5c45851b2ed2431257,low_WSe2,2.0,1.0,3.0,WSe2_0.01562,23.109154979999893,1.2162999999999968
619cdd5c45851b2ed2431258,low_WSe2,1.0,2.0,3.0,WSe2_0.01562,11.771344850000094,1.2978000000000023
619cdd5c45851b2ed2431259,low_WSe2,2.0,1.0,3.0,WSe2_0.01562,23.12202254999992,1.2794999999999987
619cdd5c45851b2ed243125a,low_WSe2,3.0,0.0,3.0,WSe2_0.01562,50.72529440000003,0.1737000000000002
619cdd5c45851b2ed243125b,low_WSe2,1.0,2.0,3.0,WSe2_0.01562,11.741291199999967,1.296999999999997
619cdd5c45851b2ed243125c,low_WSe2,2.0,1.0,3.0,WSe2_0.01562,39.23918688999997,0.18960000000000043
619cdd5c45851b2ed243125d,low_WSe2,2.0,1.0,3.0,WSe2_0.01562,39.19272273000006,0.20760000000000112
619cdd5c45851b2ed243125e,low_WSe2,0.0,3.0,3.0,WSe2_0.01562,0.4383200799999827,1.829499999999996
619cdd5c45851b2ed243125f,low_WSe2,2.0,1.0,3.0,WSe2_0.01562,39.195956950000024,0.21160000000000068
619cdd5c45851b2ed2431260,low_WSe2,1.0,2.0,3.0,WSe2_0.01562,27.926302840000062,0.1578999999999997
619cdd5c45851b2ed2431261,low_WSe2,1.0,2.0,3.0,WSe2_0.01562,27.951873089999935,0.16999999999999993
619cdd5c45851b2ed2431262,low_WSe2,2.0,1.0,3.0,WSe2_0.01562,38.628001500000025,0.18920000000000137
619cdd5c45851b2ed2431263,low_WSe2,1.0,2.0,3.0,WSe2_0.01562,11.778086349999956,1.2960999999999956
619cdd5c45851b2ed2431264,low_WSe2,3.0,0.0,3.0,WSe2_0.01562,50.68675418999997,0.2640000000000011
619cdd5c45851b2ed2431265,low_WSe2,2.0,1.0,3.0,WSe2_0.01562,39.220696559999894,0.19340000000000046
619cdd5c45851b2ed2431266,low_WSe2,1.0,2.0,3.0,WSe2_0.01562,11.771695500000067,1.2989999999999995
619cdd5c45851b2ed2431267,low_WSe2,2.0,1.0,3.0,WSe2_0.01562,23.14458369999992,1.1792000000000016
619cdd5c45851b2ed2431268,low_WSe2,1.0,2.0,3.0,WSe2_0.01562,27.875477289999935,0.17539999999999978
619cdd5c45851b2ed2431269,low_WSe2,3.0,0.0,3.0,WSe2_0.01562,50.5800527299999,0.2002000000000006
619cdd5c45851b2ed243126a,low_WSe2,0.0,3.0,3.0,WSe2_0.01562,0.4287054499999954,1.8278999999999996
619cdd5c45851b2ed243126b,low_WSe2,1.0,2.0,3.0,WSe2_0.01562,11.76692069999989,1.3017000000000039
619cdd5c45851b2ed243126c,low_WSe2,1.0,2.0,3.0,WSe2_0.01562,11.762934900000108,1.2995000000000019
619cdd5c45851b2ed243126d,low_WSe2,2.0,1.0,3.0,WSe2_0.01562,39.19062173999991,0.21119999999999983
619cdd5c45851b2ed243126e,low_WSe2,3.0,0.0,3.0,WSe2_0.01562,50.58412821000011,0.19929999999999914
619cdd5c45851b2ed243126f,low_WSe2,2.0,1.0,3.0,WSe2_0.01562,23.120446819999906,1.2832000000000008
619cdd5c45851b2ed2431270,low_WSe2,2.0,1.0,3.0,WSe2_0.01562,23.098949640000036,1.1979000000000042
619cdd5c45851b2ed2431271,low_WSe2,2.0,1.0,3.0,WSe2_0.01562,38.73530759000009,0.22959999999999958
619cdd5c45851b2ed2431272,low_WSe2,1.0,2.0,3.0,WSe2_0.01562,11.765914790000114,1.3003999999999962
619cdd5c45851b2ed2431273,low_WSe2,2.0,1.0,3.0,WSe2_0.01562,38.63358036999993,0.19289999999999985
619cdd5c45851b2ed2431274,low_WSe2,2.0,1.0,3.0,WSe2_0.01562,23.14613360000002,1.2657999999999987
619cdd5c45851b2ed2431275,low_WSe2,1.0,2.0,3.0,WSe2_0.01562,28.08111441999995,0.28439999999999976
619cdd5c45851b2ed2431276,low_WSe2,2.0,1.0,3.0,WSe2_0.01562,39.191426200000066,0.20379999999999932
619cdd5c45851b2ed2431277,low_WSe2,0.0,3.0,3.0,WSe2_0.01562,0.4292952800000762,1.8292000000000002
619cdd5c45851b2ed2431278,low_WSe2,0.0,3.0,3.0,WSe2_0.01562,0.428067819999967,1.8264999999999958
619cdd5c45851b2ed2431279,low_WSe2,2.0,1.0,3.0,WSe2_0.01562,23.074549160000096,1.2441999999999993
619cdd5c45851b2ed243127a,low_WSe2,1.0,2.0,3.0,WSe2_0.01562,11.768145109999967,1.3007999999999953
619cdd5d45851b2ed243127b,low_WSe2,1.0,2.0,3.0,WSe2_0.01562,11.766187100000014,1.2978000000000023
619cdd5d45851b2ed243127c,low_WSe2,2.0,1.0,3.0,WSe2_0.01562,23.109431140000005,1.2676000000000016
619cdd5d45851b2ed243127d,low_WSe2,1.0,2.0,3.0,WSe2_0.01562,11.76415565000001,1.3006000000000029
619cdd5d45851b2ed243127e,low_WSe2,1.0,2.0,3.0,WSe2_0.01562,27.83838164000008,0.16159999999999997
619cdd5d45851b2ed243127f,low_WSe2,3.0,0.0,3.0,WSe2_0.01562,49.87502694000009,0.11730000000000018
619cdd5d45851b2ed2431280,low_WSe2,2.0,1.0,3.0,WSe2_0.01562,39.22423037999992,0.2012999999999998
619cdd5d45851b2ed2431281,low_WSe2,2.0,1.0,3.0,WSe2_0.01562,23.113675300000104,1.2556000000000012
619cdd5d45851b2ed2431282,low_WSe2,2.0,1.0,3.0,WSe2_0.01562,39.18907573999995,0.1836000000000002
619cdd5d45851b2ed2431283,low_WSe2,1.0,2.0,3.0,WSe2_0.01562,27.881019809999998,0.1753
619cdd5d45851b2ed2431284,low_WSe2,0.0,3.0,3.0,WSe2_0.01562,0.45505739000003587,1.8260999999999967
619cdd5d45851b2ed2431285,low_WSe2,2.0,1.0,3.0,WSe2_0.01562,23.12370947000003,1.2680000000000007
619cdd5d45851b2ed2431286,low_WSe2,1.0,2.0,3.0,WSe2_0.01562,28.14736323000011,0.2508999999999997
619cdd5d45851b2ed2431287,low_WSe2,1.0,2.0,3.0,WSe2_0.01562,11.776840909999908,1.2952999999999975
619cdd5d45851b2ed2431288,low_WSe2,1.0,2.0,3.0,WSe2_0.01562,27.959788290000006,0.1598000000000006
619cdd5d45851b2ed2431289,low_WSe2,3.0,0.0,3.0,WSe2_0.01562,50.5574017299999,0.2063000000000006
619cdd5d45851b2ed243128a,low_WSe2,2.0,1.0,3.0,WSe2_0.01562,39.25345960999998,0.19740000000000002
619cdd5d45851b2ed243128b,low_WSe2,1.0,2.0,3.0,WSe2_0.01562,11.75401370999997,1.3018999999999963
619cdd5d45851b2ed243128c,low_WSe2,1.0,2.0,3.0,WSe2_0.01562,27.916528329999892,0.1916999999999991
619cdd5d45851b2ed243128d,low_WSe2,1.0,2.0,3.0,WSe2_0.01562,27.91373507000003,0.1938999999999993
619cdd5d45851b2ed243128e,low_WSe2,1.0,2.0,3.0,WSe2_0.01562,11.758761110000012,1.2931999999999988
619cdd5d45851b2ed243128f,low_WSe2,3.0,0.0,3.0,WSe2_0.01562,50.141393340000015,0.08509999999999884
619cdd5d45851b2ed2431290,low_WSe2,2.0,1.0,3.0,WSe2_0.01562,39.24898048000004,0.18849999999999945
619cdd5d45851b2ed2431291,low_WSe2,2.0,1.0,3.0,WSe2_0.01562,39.223733309999986,0.20019999999999882
619cdd5d45851b2ed2431292,low_WSe2,0.0,3.0,3.0,WSe2_0.01562,0.4282024500000148,1.828400000000002
619cdd5d45851b2ed2431293,low_WSe2,0.0,3.0,3.0,WSe2_0.01562,0.4549706699999092,1.8271000000000015
619cdd5d45851b2ed2431294,low_WSe2,0.0,3.0,3.0,WSe2_0.01562,0.4315473099999849,1.8282999999999987
619cdd5d45851b2ed2431295,low_WSe2,2.0,1.0,3.0,WSe2_0.01562,23.123473679999996,1.142400000000002
619cdd5d45851b2ed2431296,low_WSe2,0.0,3.0,3.0,WSe2_0.01562,0.4274005799999827,1.8286000000000016
619cdd5d45851b2ed2431297,low_WSe2,2.0,1.0,3.0,WSe2_0.01562,39.228399559999886,0.21499999999999986
619cdd5d45851b2ed2431298,low_WSe2,0.0,3.0,3.0,WSe2_0.01562,0.4254018200001042,1.8281000000000063
619cdd5d45851b2ed2431299,low_WSe2,1.0,2.0,3.0,WSe2_0.01562,11.766604050000058,1.2987000000000037
619cdd5d45851b2ed243129a,low_WSe2,1.0,2.0,3.0,WSe2_0.01562,11.79008715000008,1.157899999999998
619cdd5d45851b2ed243129b,low_WSe2,0.0,3.0,3.0,WSe2_0.01562,0.43021697000011727,1.8271999999999977
619cdd5d45851b2ed243129c,low_WSe2,1.0,2.0,3.0,WSe2_0.01562,11.762216609999985,1.3003
619cdd5d45851b2ed243129d,low_WSe2,3.0,0.0,3.0,WSe2_0.01562,50.57847608999996,0.19529999999999959
619cdd5d45851b2ed243129e,low_WSe2,1.0,2.0,3.0,WSe2_0.01562,11.765685959999917,1.3004999999999995
619cdd5d45851b2ed243129f,low_WSe2,2.0,1.0,3.0,WSe2_0.01562,23.021282790000022,1.1134999999999948
619cdd5d45851b2ed24312a0,low_WSe2,2.0,1.0,3.0,WSe2_0.01562,39.32611686999989,0.26529999999999987
619cdd5d45851b2ed24312a1,low_WSe2,1.0,2.0,3.0,WSe2_0.01562,11.77652082999997,1.2823999999999955
619cdd5d45851b2ed24312a2,low_WSe2,3.0,0.0,3.0,WSe2_0.01562,50.58943003999989,0.20319999999999894
619cdd5d45851b2ed24312a3,low_WSe2,2.0,1.0,3.0,WSe2_0.01562,23.111342449999974,1.286200000000001
619cdd5d45851b2ed24312a4,low_WSe2,1.0,2.0,3.0,WSe2_0.01562,11.759542810000074,1.2987000000000037
619cdd5d45851b2ed24312a5,low_WSe2,3.0,0.0,3.0,WSe2_0.01562,50.46002938999991,0.21729999999999983
619cdd5d45851b2ed24312a6,low_WSe2,0.0,3.0,3.0,WSe2_0.01562,0.43157375000004095,1.834299999999999
619cdd5d45851b2ed24312a7,low_WSe2,1.0,2.0,3.0,WSe2_0.01562,27.913443760000064,0.19440000000000168
619cdd5d45851b2ed24312a8,low_WSe2,1.0,2.0,3.0,WSe2_0.01562,11.775091790000022,1.3023999999999987
619cdd5d45851b2ed24312a9,low_WSe2,2.0,1.0,3.0,WSe2_0.01562,39.24287437999992,0.2142999999999997
619cdd5d45851b2ed24312aa,low_WSe2,2.0,1.0,3.0,WSe2_0.01562,39.282516150000035,0.16019999999999968
619cdd5d45851b2ed24312ab,low_WSe2,2.0,1.0,3.0,WSe2_0.01562,23.121952369999953,1.268500000000003
619cdd5d45851b2ed24312ac,low_WSe2,1.0,1.0,2.0,WSe2_0.01042,13.405977760000113,1.298099999999998
619cdd5d45851b2ed24312ad,low_WSe2,3.0,0.0,3.0,WSe2_0.01562,50.45778712999991,0.20940000000000047
619cdd5d45851b2ed24312ae,low_WSe2,1.0,2.0,3.0,WSe2_0.01562,11.774821940000027,1.3012999999999977
619cdd5d45851b2ed24312af,low_WSe2,2.0,1.0,3.0,WSe2_0.01562,39.24762414000001,0.18149999999999977
619cdd5d45851b2ed24312b0,low_WSe2,2.0,1.0,3.0,WSe2_0.01562,39.23716307999989,0.1991000000000014
619cdd5d45851b2ed24312b1,low_WSe2,0.0,3.0,3.0,WSe2_0.01562,0.4298263600000496,1.8307000000000002
619cdd5d45851b2ed24312b2,low_WSe2,2.0,1.0,3.0,WSe2_0.01562,23.106073230000028,1.2567999999999984
619cdd5d45851b2ed24312b3,low_WSe2,0.0,2.0,2.0,WSe2_0.01042,-3.317627470000094,1.8634999999999984
619cdd5d45851b2ed24312b4,low_WSe2,1.0,2.0,3.0,WSe2_0.01562,11.772922769999912,1.3003999999999962
619cdd5d45851b2ed24312b5,low_WSe2,2.0,1.0,3.0,WSe2_0.01562,39.23820927999991,0.18539999999999957
619cdd5d45851b2ed24312b6,low_WSe2,2.0,1.0,3.0,WSe2_0.01562,23.13777770000005,1.1801999999999992
619cdd5d45851b2ed24312b7,low_WSe2,1.0,2.0,3.0,WSe2_0.01562,11.763022139999965,1.2995000000000019
619cdd5d45851b2ed24312b8,low_WSe2,3.0,0.0,3.0,WSe2_0.01562,50.4923106499999,0.27529999999999966
619cdd5d45851b2ed24312b9,low_WSe2,1.0,2.0,3.0,WSe2_0.01562,11.771306470000116,1.2864999999999966
619cdd5d45851b2ed24312ba,low_WSe2,1.0,2.0,3.0,WSe2_0.01562,11.763764739999932,1.298099999999998
619cdd5d45851b2ed24312bb,low_WSe2,1.0,2.0,3.0,WSe2_0.01562,27.921644069999957,0.18909999999999982
619cdd5d45851b2ed24312bc,low_WSe2,2.0,1.0,3.0,WSe2_0.01562,23.112744959999908,1.2601000000000013
619cdd5d45851b2ed24312bd,low_WSe2,2.0,1.0,3.0,WSe2_0.01562,39.24905960000005,0.19500000000000028
619cdd5d45851b2ed24312be,low_WSe2,2.0,1.0,3.0,WSe2_0.01562,37.57995794000003,0.6538000000000004
619cdd5d45851b2ed24312bf,low_WSe2,2.0,1.0,3.0,WSe2_0.01562,23.10976877000011,1.2845000000000013
619cdd5d45851b2ed24312c0,low_WSe2,3.0,0.0,3.0,WSe2_0.01562,49.952058989999934,0.19759999999999955
619cdd5d45851b2ed24312c1,low_WSe2,1.0,2.0,3.0,WSe2_0.01562,11.769881709999925,1.2969000000000008
619cdd5d45851b2ed24312c2,low_WSe2,1.0,2.0,3.0,WSe2_0.01562,11.777954449999914,1.2996000000000052
619cdd5d45851b2ed24312c3,low_WSe2,1.0,2.0,3.0,WSe2_0.01562,11.77959278000002,1.2982000000000014
619cdd5d45851b2ed24312c4,low_WSe2,2.0,1.0,3.0,WSe2_0.01562,39.20909932999989,0.20509999999999984
619cdd5d45851b2ed24312c5,low_WSe2,2.0,1.0,3.0,WSe2_0.01562,39.23167996000011,0.19640000000000057
619cdd5d45851b2ed24312c6,low_WSe2,1.0,2.0,3.0,WSe2_0.01562,11.78586977000008,1.2719999999999985
619cdd5d45851b2ed24312c7,low_WSe2,0.0,3.0,3.0,WSe2_0.01562,0.4532064899999,1.8277999999999963
619cdd5d45851b2ed24312c8,low_WSe2,1.0,2.0,3.0,WSe2_0.01562,27.975688980000086,0.16249999999999964
619cdd5d45851b2ed24312c9,low_WSe2,1.0,2.0,3.0,WSe2_0.01562,27.91912544999991,0.1869999999999994
619cdd5d45851b2ed24312ca,low_WSe2,3.0,0.0,3.0,WSe2_0.01562,50.6310046300001,0.20309999999999917
619cdd5d45851b2ed24312cb,low_WSe2,1.0,2.0,3.0,WSe2_0.01562,28.001708880000024,0.263300000000001
619cdd5d45851b2ed24312cc,low_WSe2,2.0,1.0,3.0,WSe2_0.01562,23.11746702999998,1.2809000000000026
619cdd5e45851b2ed24312cd,low_WSe2,2.0,1.0,3.0,WSe2_0.01562,39.23428313999993,0.18469999999999942
619cdd5e45851b2ed24312ce,low_WSe2,2.0,1.0,3.0,WSe2_0.01562,23.10708397000011,1.2661999999999978
619cdd5e45851b2ed24312cf,low_WSe2,2.0,1.0,3.0,WSe2_0.01562,23.073708539999906,1.2635000000000005
619cdd5e45851b2ed24312d0,low_WSe2,1.0,2.0,3.0,WSe2_0.01562,11.757175649999898,1.2997000000000014
619cdd5e45851b2ed24312d1,low_WSe2,3.0,0.0,3.0,WSe2_0.01562,50.57720793000008,0.20540000000000092
619cdd5e45851b2ed24312d2,low_WSe2,2.0,1.0,3.0,WSe2_0.01562,23.135538840000017,1.139799999999994
619cdd5e45851b2ed24312d3,low_WSe2,1.0,2.0,3.0,WSe2_0.01562,11.771661259999963,1.304700000000004
619cdd5e45851b2ed24312d4,low_WSe2,2.0,1.0,3.0,WSe2_0.01562,23.133812609999985,1.2691999999999979
619cdd5e45851b2ed24312d5,low_WSe2,2.0,1.0,3.0,WSe2_0.01562,38.621948949999975,0.1919000000000004
619cdd5e45851b2ed24312d6,low_WSe2,2.0,1.0,3.0,WSe2_0.01562,23.123247190000065,1.2789999999999964
619cdd5e45851b2ed24312d7,low_WSe2,1.0,2.0,3.0,WSe2_0.01562,28.062506310000117,0.2763000000000009
619cdd5e45851b2ed24312d8,low_WSe2,1.0,2.0,3.0,WSe2_0.01562,11.775823010000057,1.2961000000000027
619cdd5e45851b2ed24312d9,low_WSe2,2.0,1.0,3.0,WSe2_0.01562,39.183761219999994,0.1377000000000006
619cdd5e45851b2ed24312da,low_WSe2,0.0,3.0,3.0,WSe2_0.01562,0.4349734900001181,1.8215000000000003
619cdd5e45851b2ed24312db,low_WSe2,3.0,0.0,3.0,WSe2_0.01562,48.90367941000009,0.6019999999999985
619cdd5e45851b2ed24312dc,low_WSe2,0.0,3.0,3.0,WSe2_0.01562,0.4542729799999847,1.8305000000000007
619cdd5e45851b2ed24312dd,low_WSe2,0.0,3.0,3.0,WSe2_0.01562,0.42867190000009714,1.8271000000000015
619cdd5e45851b2ed24312de,low_WSe2,1.0,2.0,3.0,WSe2_0.01562,11.78701556000009,1.2939000000000007
619cdd5e45851b2ed24312df,low_WSe2,3.0,0.0,3.0,WSe2_0.01562,50.6775028999999,0.2817000000000007
619cdd5e45851b2ed24312e0,low_WSe2,2.0,1.0,3.0,WSe2_0.01562,39.22071463000002,0.18880000000000052
619cdd5e45851b2ed24312e1,low_WSe2,2.0,1.0,3.0,WSe2_0.01562,39.236240570000106,0.15319999999999823
619cdd5e45851b2ed24312e2,low_WSe2,1.0,2.0,3.0,WSe2_0.01562,27.880556410000054,0.17359999999999864
619cdd5e45851b2ed24312e3,low_WSe2,3.0,0.0,3.0,WSe2_0.01562,49.952131599999895,0.18849999999999945
619cdd5e45851b2ed24312e4,low_WSe2,1.0,2.0,3.0,WSe2_0.01562,27.910406140000077,0.19349999999999845
619cdd5e45851b2ed24312e5,low_WSe2,2.0,0.0,2.0,WSe2_0.01042,40.84446218999996,0.20679999999999943
619cdd5e45851b2ed24312e6,low_WSe2,1.0,2.0,3.0,WSe2_0.01562,27.91898067000011,0.19599999999999973
619cdd5e45851b2ed24312e7,low_WSe2,2.0,1.0,3.0,WSe2_0.01562,37.581264810000036,0.649799999999999
619cdd5e45851b2ed24312e8,low_WSe2,2.0,1.0,3.0,WSe2_0.01562,39.24627672000001,0.19669999999999987
619cdd5e45851b2ed24312e9,low_WSe2,2.0,1.0,3.0,WSe2_0.01562,39.22773188000001,0.18839999999999968
619cdd5e45851b2ed24312ea,low_WSe2,2.0,1.0,3.0,WSe2_0.01562,39.19202546000001,0.20550000000000068
619cdd5e45851b2ed24312eb,low_WSe2,2.0,1.0,3.0,WSe2_0.01562,39.329836980000024,0.26729999999999876
619cdd5e45851b2ed24312ec,low_WSe2,2.0,1.0,3.0,WSe2_0.01562,39.234745649999965,0.19319999999999915
619cdd5e45851b2ed24312ed,low_WSe2,2.0,1.0,3.0,WSe2_0.01562,39.23977337000001,0.20570000000000022
619cdd5e45851b2ed24312ee,low_WSe2,1.0,2.0,3.0,WSe2_0.01562,11.805078730000094,1.2896999999999963
619cdd5e45851b2ed24312ef,low_WSe2,2.0,1.0,3.0,WSe2_0.01562,23.115796070000023,1.2826999999999984
619cdd5e45851b2ed24312f0,low_WSe2,2.0,1.0,3.0,WSe2_0.01562,39.19855278999994,0.2124000000000006
619cdd5e45851b2ed24312f1,low_WSe2,0.0,3.0,3.0,WSe2_0.01562,0.4571862300001044,1.829499999999996
619cdd5e45851b2ed24312f2,low_WSe2,3.0,0.0,3.0,WSe2_0.01562,49.94740695000005,0.19560000000000066
619cdd5e45851b2ed24312f3,low_WSe2,2.0,1.0,3.0,WSe2_0.01562,23.10814691999989,1.2184999999999988
619cdd5e45851b2ed24312f4,low_WSe2,2.0,1.0,3.0,WSe2_0.01562,23.102216549999902,1.2830000000000013
619cdd5e45851b2ed24312f5,low_WSe2,1.0,2.0,3.0,WSe2_0.01562,11.771548380000002,1.3031999999999968
619cdd5e45851b2ed24312f6,low_WSe2,2.0,1.0,3.0,WSe2_0.01562,39.23508141000006,0.1517999999999997
619cdd5e45851b2ed24312f7,low_WSe2,3.0,0.0,3.0,WSe2_0.01562,50.500863470000105,0.2198000000000011
619cdd5e45851b2ed24312f8,low_WSe2,1.0,2.0,3.0,WSe2_0.01562,27.914161899999954,0.19560000000000066
619cdd5e45851b2ed24312f9,low_WSe2,2.0,1.0,3.0,WSe2_0.01562,39.22497402999993,0.14949999999999974
619cdd5e45851b2ed24312fa,low_WSe2,2.0,1.0,3.0,WSe2_0.01562,39.248846049999926,0.15700000000000003
619cdd5e45851b2ed24312fb,low_WSe2,1.0,2.0,3.0,WSe2_0.01562,11.76793348,1.299599999999998
619cdd5e45851b2ed24312fc,low_WSe2,0.0,3.0,3.0,WSe2_0.01562,0.42699854000005644,1.8297000000000025
619cdd5e45851b2ed24312fd,low_WSe2,1.0,2.0,3.0,WSe2_0.01562,27.916912809999985,0.19270000000000032
619cdd5e45851b2ed24312fe,low_WSe2,2.0,1.0,3.0,WSe2_0.01562,38.633169530000075,0.18709999999999916
619cdd5e45851b2ed24312ff,low_WSe2,1.0,2.0,3.0,WSe2_0.01562,11.772540559999914,1.2984000000000009
619cdd5e45851b2ed2431300,low_WSe2,3.0,0.0,3.0,WSe2_0.01562,50.59444870000002,0.15920000000000023
619cdd5e45851b2ed2431301,low_WSe2,3.0,0.0,3.0,WSe2_0.01562,50.562965740000074,0.2096
619cdd5e45851b2ed2431302,low_WSe2,1.0,2.0,3.0,WSe2_0.01562,27.917010749999918,0.19250000000000078
619cdd5e45851b2ed2431303,low_WSe2,1.0,2.0,3.0,WSe2_0.01562,11.763103210000043,1.3031000000000006
619cdd5e45851b2ed2431304,low_WSe2,2.0,1.0,3.0,WSe2_0.01562,39.24957453000006,0.20369999999999955
619cdd5e45851b2ed2431305,low_WSe2,1.0,2.0,3.0,WSe2_0.01562,11.78140043999996,1.2886000000000024
619cdd5e45851b2ed2431306,low_WSe2,1.0,2.0,3.0,WSe2_0.01562,27.99504374000003,0.26759999999999984
619cdd5e45851b2ed2431307,low_WSe2,3.0,0.0,3.0,WSe2_0.01562,50.579004829999896,0.21480000000000032
619cdd5e45851b2ed2431308,low_WSe2,2.0,1.0,3.0,WSe2_0.01562,23.12141900999999,1.2800000000000011
619cdd5e45851b2ed2431309,low_WSe2,1.0,2.0,3.0,WSe2_0.01562,11.758131690000017,1.2983000000000047
619cdd5e45851b2ed243130a,low_WSe2,1.0,2.0,3.0,WSe2_0.01562,11.772289060000038,1.3038999999999987
619cdd5e45851b2ed243130b,low_WSe2,2.0,1.0,3.0,WSe2_0.01562,23.100047350000104,1.2613000000000056
619cdd5e45851b2ed243130c,low_WSe2,1.0,2.0,3.0,WSe2_0.01562,11.760206400000005,1.2838999999999956
619cdd5e45851b2ed243130d,low_WSe2,3.0,0.0,3.0,WSe2_0.01562,50.593014129999894,0.2004999999999999
619cdd5e45851b2ed243130e,low_WSe2,0.0,3.0,3.0,WSe2_0.01562,0.4352740300000164,1.814700000000002
619cdd5e45851b2ed243130f,low_WSe2,2.0,1.0,3.0,WSe2_0.01562,39.23515385,0.19650000000000034
619cdd5e45851b2ed2431310,low_WSe2,3.0,0.0,3.0,WSe2_0.01562,50.56477095,0.19789999999999885
619cdd5e45851b2ed2431311,low_WSe2,1.0,2.0,3.0,WSe2_0.01562,11.764703940000107,1.2978999999999985
619cdd5e45851b2ed2431312,low_WSe2,2.0,1.0,3.0,WSe2_0.01562,39.232119629999985,0.14970000000000105
619cdd5e45851b2ed2431313,low_WSe2,1.0,2.0,3.0,WSe2_0.01562,11.762423919999936,1.3004999999999995
619cdd5e45851b2ed2431314,low_WSe2,1.0,2.0,3.0,WSe2_0.01562,27.922523499999897,0.1902000000000008
619cdd5e45851b2ed2431315,low_WSe2,1.0,2.0,3.0,WSe2_0.01562,11.745837250000012,1.3004999999999995
619cdd5e45851b2ed2431316,low_WSe2,0.0,3.0,3.0,WSe2_0.01562,0.42862792999989097,1.8304999999999936
619cdd5e45851b2ed2431317,low_WSe2,1.0,2.0,3.0,WSe2_0.01562,27.99878295999997,0.26099999999999923
619cdd5e45851b2ed2431318,low_WSe2,1.0,2.0,3.0,WSe2_0.01562,11.771376290000024,1.2998999999999938
619cdd5e45851b2ed2431319,low_WSe2,1.0,2.0,3.0,WSe2_0.01562,27.92634395999994,0.18950000000000067
619cdd5e45851b2ed243131a,low_WSe2,1.0,2.0,3.0,WSe2_0.01562,11.775166639999942,1.296999999999997
619cdd5e45851b2ed243131b,low_WSe2,3.0,0.0,3.0,WSe2_0.01562,50.59420955000005,0.21899999999999942
619cdd5e45851b2ed243131c,low_WSe2,2.0,1.0,3.0,WSe2_0.01562,37.58247575,0.6640999999999995
619cdd5e45851b2ed243131d,low_WSe2,3.0,0.0,3.0,WSe2_0.01562,50.51380097999991,0.21670000000000122
619cdd5e45851b2ed243131e,low_WSe2,2.0,1.0,3.0,WSe2_0.01562,39.1993719,0.18930000000000113
619cdd5e45851b2ed243131f,low_WSe2,2.0,1.0,3.0,WSe2_0.01562,23.13107201000006,1.278099999999995
619cdd5f45851b2ed2431320,low_WSe2,1.0,2.0,3.0,WSe2_0.01562,11.763805320000063,1.2984000000000009
619cdd5f45851b2ed2431321,low_WSe2,3.0,0.0,3.0,WSe2_0.01562,50.45867293999991,0.2071000000000005
619cdd5f45851b2ed2431322,low_WSe2,1.0,2.0,3.0,WSe2_0.01562,11.786573379999925,1.3038999999999987
619cdd5f45851b2ed2431323,low_WSe2,0.0,3.0,3.0,WSe2_0.01562,0.42990899000000127,1.8261000000000038
619cdd5f45851b2ed2431324,low_WSe2,1.0,2.0,3.0,WSe2_0.01562,27.923555309999983,0.19120000000000026
619cdd5f45851b2ed2431325,low_WSe2,1.0,2.0,3.0,WSe2_0.01562,11.771328680000114,1.2988999999999962
619cdd5f45851b2ed2431326,low_WSe2,0.0,3.0,3.0,WSe2_0.01562,0.4276303900000471,1.827300000000001
619cdd5f45851b2ed2431327,low_WSe2,3.0,0.0,3.0,WSe2_0.01562,50.023377359999905,0.19490000000000052
619cdd5f45851b2ed2431328,low_WSe2,1.0,1.0,2.0,WSe2_0.01042,8.020917080000004,1.2988999999999997
619cdd5f45851b2ed2431329,low_WSe2,1.0,2.0,3.0,WSe2_0.01562,27.912420670000074,0.1988000000000003
619cdd5f45851b2ed243132a,low_WSe2,0.0,3.0,3.0,WSe2_0.01562,0.42808972999995376,1.830200000000005
619cdd5f45851b2ed243132b,low_WSe2,1.0,2.0,3.0,WSe2_0.01562,11.77744892999998,1.1542999999999992
619cdd5f45851b2ed243132c,low_WSe2,2.0,1.0,3.0,WSe2_0.01562,23.122706830000006,1.2839000000000027
619cdd5f45851b2ed243132d,low_WSe2,2.0,1.0,3.0,WSe2_0.01562,23.117332049999995,1.279599999999995
619cdd5f45851b2ed243132e,low_WSe2,2.0,1.0,3.0,WSe2_0.01562,38.628781109999906,0.19399999999999906
619cdd5f45851b2ed243132f,low_WSe2,0.0,3.0,3.0,WSe2_0.01562,0.4296052300000497,1.8269999999999982
619cdd5f45851b2ed2431330,low_WSe2,3.0,0.0,3.0,WSe2_0.01562,49.97446784000008,0.20080000000000098
619cdd5f45851b2ed2431331,low_WSe2,1.0,2.0,3.0,WSe2_0.01562,11.783778870000095,1.297699999999999
619cdd5f45851b2ed2431332,low_WSe2,0.0,3.0,3.0,WSe2_0.01562,0.4319337500000415,1.8248000000000033
619cdd5f45851b2ed2431333,low_WSe2,0.0,3.0,3.0,WSe2_0.01562,0.4288454199999592,1.8307000000000002
619cdd5f45851b2ed2431334,low_WSe2,2.0,1.0,3.0,WSe2_0.01562,37.57708166999991,0.658100000000001
619cdd5f45851b2ed2431335,low_WSe2,3.0,0.0,3.0,WSe2_0.01562,50.53881074000001,0.214599999999999
619cdd5f45851b2ed2431336,low_WSe2,1.0,2.0,3.0,WSe2_0.01562,27.921703579999985,0.18679999999999986
619cdd5f45851b2ed2431337,low_WSe2,2.0,1.0,3.0,WSe2_0.01562,39.22178768000008,0.15679999999999872
619cdd5f45851b2ed2431338,low_WSe2,1.0,2.0,3.0,WSe2_0.01562,11.752626940000017,1.2954000000000008
619cdd5f45851b2ed2431339,low_WSe2,0.0,3.0,3.0,WSe2_0.01562,0.429441519999898,1.8293999999999997
619cdd5f45851b2ed243133a,low_WSe2,0.0,3.0,3.0,WSe2_0.01562,0.4302599399999849,1.8308000000000035
619cdd5f45851b2ed243133b,low_WSe2,1.0,2.0,3.0,WSe2_0.01562,11.786040330000095,1.1570999999999998
619cdd5f45851b2ed243133c,low_WSe2,3.0,0.0,3.0,WSe2_0.01562,50.585511580000095,0.22390000000000043
619cdd5f45851b2ed243133d,low_WSe2,0.0,3.0,3.0,WSe2_0.01562,0.4276521900000603,1.8226000000000013
619cdd5f45851b2ed243133e,low_WSe2,2.0,1.0,3.0,WSe2_0.01562,37.581371340000075,0.6579000000000015
619cdd5f45851b2ed243133f,low_WSe2,2.0,1.0,3.0,WSe2_0.01562,39.192932109999944,0.2073999999999998
619cdd5f45851b2ed2431340,low_WSe2,2.0,1.0,3.0,WSe2_0.01562,39.24268514000009,0.1700999999999997
619cdd5f45851b2ed2431341,low_WSe2,3.0,0.0,3.0,WSe2_0.01562,50.56439738000004,0.1921999999999997
619cdd5f45851b2ed2431342,low_WSe2,2.0,1.0,3.0,WSe2_0.01562,39.19824532000011,0.19170000000000087
619cdd5f45851b2ed2431343,low_WSe2,2.0,1.0,3.0,WSe2_0.01562,38.63765251999989,0.19430000000000014
619cdd5f45851b2ed2431344,low_WSe2,3.0,0.0,3.0,WSe2_0.01562,50.54753549999996,0.2088000000000001
619cdd5f45851b2ed2431345,low_WSe2,0.0,2.0,2.0,WSe2_0.01042,2.0897034800000487,1.8301000000000016
619cdd5f45851b2ed2431346,low_WSe2,2.0,1.0,3.0,WSe2_0.01562,39.241486420000044,0.2002000000000006
619cdd5f45851b2ed2431347,low_WSe2,1.0,2.0,3.0,WSe2_0.01562,11.749417559999973,1.2982000000000014
619cdd5f45851b2ed2431348,low_WSe2,1.0,2.0,3.0,WSe2_0.01562,27.88018029,0.1742000000000008
619cdd5f45851b2ed2431349,low_WSe2,1.0,2.0,3.0,WSe2_0.01562,27.920899409999947,0.1936
619cdd5f45851b2ed243134a,low_WSe2,2.0,1.0,3.0,WSe2_0.01562,39.24178966999993,0.1982999999999997
619cdd5f45851b2ed243134b,low_WSe2,0.0,3.0,3.0,WSe2_0.01562,0.4539793999999233,1.828000000000003
619cdd5f45851b2ed243134c,low_WSe2,1.0,2.0,3.0,WSe2_0.01562,28.062270820000094,0.2757000000000005
619cdd5f45851b2ed243134d,low_WSe2,0.0,3.0,3.0,WSe2_0.01562,0.42757038000007697,1.8264999999999958
619cdd5f45851b2ed243134e,low_WSe2,2.0,1.0,3.0,WSe2_0.01562,39.19351149999993,0.1933000000000007
619cdd5f45851b2ed243134f,low_WSe2,2.0,1.0,3.0,WSe2_0.01562,39.22018963000009,0.15009999999999835
619cdd5f45851b2ed2431350,low_WSe2,1.0,2.0,3.0,WSe2_0.01562,27.924440920000052,0.1960999999999995
619cdd5f45851b2ed2431351,low_WSe2,2.0,1.0,3.0,WSe2_0.01562,39.22492799000001,0.15109999999999957
619cdd5f45851b2ed2431352,low_WSe2,1.0,2.0,3.0,WSe2_0.01562,27.876263780000045,0.17469999999999963
619cdd5f45851b2ed2431353,low_WSe2,2.0,1.0,3.0,WSe2_0.01562,39.25400354999992,0.1963999999999988
619cdd5f45851b2ed2431354,low_WSe2,3.0,0.0,3.0,WSe2_0.01562,50.52345232999992,0.18009999999999948
619cdd5f45851b2ed2431355,low_WSe2,2.0,1.0,3.0,WSe2_0.01562,39.23381414000009,0.2171000000000003
619cdd5f45851b2ed2431356,low_WSe2,2.0,1.0,3.0,WSe2_0.01562,23.11420361000004,1.2434000000000012
619cdd5f45851b2ed2431357,low_WSe2,1.0,2.0,3.0,WSe2_0.01562,11.772592669999984,1.2828000000000017
619cdd5f45851b2ed2431358,low_WSe2,2.0,1.0,3.0,WSe2_0.01562,23.12586218000005,1.1595999999999975
619cdd5f45851b2ed2431359,low_WSe2,1.0,2.0,3.0,WSe2_0.01562,11.785713830000066,1.2933000000000021
619cdd5f45851b2ed243135a,low_WSe2,1.0,2.0,3.0,WSe2_0.01562,11.76896972999997,1.2970999999999933
619cdd5f45851b2ed243135b,low_WSe2,2.0,1.0,3.0,WSe2_0.01562,23.14501346000001,1.2645999999999944
619cdd5f45851b2ed243135c,low_WSe2,1.0,2.0,3.0,WSe2_0.01562,27.875436979999904,0.17510000000000048
619cdd5f45851b2ed243135d,low_WSe2,1.0,2.0,3.0,WSe2_0.01562,11.763083549999909,1.2959999999999994
619cdd5f45851b2ed243135e,low_WSe2,1.0,2.0,3.0,WSe2_0.01562,27.91864805,0.19179999999999886
619cdd5f45851b2ed243135f,low_WSe2,3.0,0.0,3.0,WSe2_0.01562,49.9715451999999,0.19019999999999904
619cdd5f45851b2ed2431360,low_WSe2,3.0,0.0,3.0,WSe2_0.01562,50.523251720000054,0.22029999999999994
619cdd5f45851b2ed2431361,low_WSe2,2.0,1.0,3.0,WSe2_0.01562,39.23923012999994,0.2142999999999997
619cdd5f45851b2ed2431362,low_WSe2,1.0,2.0,3.0,WSe2_0.01562,27.917762320000065,0.19619999999999926
619cdd5f45851b2ed2431363,low_WSe2,1.0,2.0,3.0,WSe2_0.01562,11.772832979999965,1.294400000000003
619cdd5f45851b2ed2431364,low_WSe2,2.0,1.0,3.0,WSe2_0.01562,39.23741821000003,0.1997
619cdd5f45851b2ed2431365,low_WSe2,3.0,0.0,3.0,WSe2_0.01562,50.544723179999984,0.17999999999999972
619cdd5f45851b2ed2431366,low_WSe2,1.0,2.0,3.0,WSe2_0.01562,28.00747561000003,0.25849999999999973
619cdd5f45851b2ed2431367,low_WSe2,2.0,1.0,3.0,WSe2_0.01562,39.23186177999996,0.2151999999999994
619cdd5f45851b2ed2431368,low_WSe2,2.0,1.0,3.0,WSe2_0.01562,23.111551009999893,1.2653999999999996
619cdd5f45851b2ed2431369,low_WSe2,1.0,2.0,3.0,WSe2_0.01562,11.752104879999923,1.2973999999999961
619cdd5f45851b2ed243136a,low_WSe2,3.0,0.0,3.0,WSe2_0.01562,50.57711582000011,0.22460000000000058
619cdd5f45851b2ed243136b,low_WSe2,0.0,3.0,3.0,WSe2_0.01562,0.42751700999991726,1.8226000000000013
619cdd5f45851b2ed243136c,low_WSe2,1.0,2.0,3.0,WSe2_0.01562,11.771683090000113,1.299199999999999
619cdd5f45851b2ed243136d,low_WSe2,1.0,2.0,3.0,WSe2_0.01562,27.92152226999997,0.1919000000000004
619cdd5f45851b2ed243136e,low_WSe2,2.0,1.0,3.0,WSe2_0.01562,37.613607499999986,0.6326
619cdd5f45851b2ed243136f,low_WSe2,2.0,1.0,3.0,WSe2_0.01562,39.20274887999999,0.1941000000000006
619cdd5f45851b2ed2431370,low_WSe2,0.0,3.0,3.0,WSe2_0.01562,0.43182700000005525,1.8175999999999988
619cdd6045851b2ed2431371,low_WSe2,1.0,2.0,3.0,WSe2_0.01562,28.055190349999975,0.28059999999999974
619cdd6045851b2ed2431372,low_WSe2,2.0,1.0,3.0,WSe2_0.01562,37.58604863000009,0.6592000000000002
619cdd6045851b2ed2431373,low_WSe2,0.0,3.0,3.0,WSe2_0.01562,0.42871989999997595,1.829900000000002
619cdd6045851b2ed2431374,low_WSe2,1.0,2.0,3.0,WSe2_0.01562,11.766364560000046,1.2973
619cdd6045851b2ed2431375,low_WSe2,1.0,2.0,3.0,WSe2_0.01562,27.917763610000065,0.19079999999999941
619cdd6045851b2ed2431376,low_WSe2,3.0,0.0,3.0,WSe2_0.01562,50.592781010000046,0.19699999999999918
619cdd6045851b2ed2431377,low_WSe2,1.0,2.0,3.0,WSe2_0.01562,11.751243220000095,1.295099999999998
619cdd6045851b2ed2431378,low_WSe2,1.0,2.0,3.0,WSe2_0.01562,11.777763940000103,1.2767999999999944
619cdd6045851b2ed2431379,low_WSe2,3.0,0.0,3.0,WSe2_0.01562,50.547768450000014,0.21340000000000003
619cdd6045851b2ed243137a,low_WSe2,3.0,0.0,3.0,WSe2_0.01562,49.98350977999994,0.17580000000000062
619cdd6045851b2ed243137b,low_WSe2,2.0,1.0,3.0,WSe2_0.01562,39.22738959999997,0.1991000000000014
619cdd6045851b2ed243137c,low_WSe2,1.0,2.0,3.0,WSe2_0.01562,11.775555030000067,1.3001000000000005
619cdd6045851b2ed243137d,low_WSe2,1.0,2.0,3.0,WSe2_0.01562,27.995976689999907,0.2682000000000002
619cdd6045851b2ed243137e,low_WSe2,2.0,1.0,3.0,WSe2_0.01562,39.251358329999945,0.1958000000000002
619cdd6045851b2ed243137f,low_WSe2,2.0,1.0,3.0,WSe2_0.01562,39.22156395000006,0.18409999999999904
619cdd6045851b2ed2431380,low_WSe2,2.0,1.0,3.0,WSe2_0.01562,23.102263260000008,1.2167999999999992
619cdd6045851b2ed2431381,low_WSe2,3.0,0.0,3.0,WSe2_0.01562,50.39939682999998,0.1844999999999999
619cdd6045851b2ed2431382,low_WSe2,1.0,2.0,3.0,WSe2_0.01562,11.787695239999938,1.1570000000000036
619cdd6045851b2ed2431383,low_WSe2,2.0,1.0,3.0,WSe2_0.01562,39.233034870000026,0.21469999999999878
619cdd6045851b2ed2431384,low_WSe2,1.0,2.0,3.0,WSe2_0.01562,27.91713881999999,0.19560000000000066
619cdd6045851b2ed2431385,low_WSe2,0.0,3.0,3.0,WSe2_0.01562,0.4287980500000117,1.8295999999999992
619cdd6045851b2ed2431386,low_WSe2,2.0,1.0,3.0,WSe2_0.01562,39.2342583099999,0.14810000000000123
619cdd6045851b2ed2431387,low_WSe2,1.0,2.0,3.0,WSe2_0.01562,27.923354479999944,0.18679999999999986
619cdd6045851b2ed2431388,low_WSe2,2.0,1.0,3.0,WSe2_0.01562,23.142870460000076,1.1559999999999988
619cdd6045851b2ed2431389,low_WSe2,1.0,2.0,3.0,WSe2_0.01562,27.888417480000044,0.1706000000000003
619cdd6045851b2ed243138a,low_WSe2,3.0,0.0,3.0,WSe2_0.01562,48.91589996999992,0.5968999999999998
619cdd6045851b2ed243138b,low_WSe2,2.0,1.0,3.0,WSe2_0.01562,39.23323392000002,0.15059999999999896
619cdd6045851b2ed243138c,low_WSe2,2.0,1.0,3.0,WSe2_0.01562,39.24434047000004,0.15450000000000053
619cdd6045851b2ed243138d,low_WSe2,0.0,3.0,3.0,WSe2_0.01562,0.4290276000000972,1.8257999999999939
619cdd6045851b2ed243138e,low_WSe2,1.0,2.0,3.0,WSe2_0.01562,11.7899993599999,1.1631
619cdd6045851b2ed243138f,low_WSe2,2.0,1.0,3.0,WSe2_0.01562,39.191485280000094,0.18379999999999974
619cdd6045851b2ed2431390,low_WSe2,1.0,2.0,3.0,WSe2_0.01562,27.950980399999935,0.16550000000000153
619cdd6045851b2ed2431391,low_WSe2,1.0,2.0,3.0,WSe2_0.01562,27.914042910000035,0.19179999999999886
619cdd6045851b2ed2431392,low_WSe2,2.0,1.0,3.0,WSe2_0.01562,39.27717160000002,0.17550000000000132
619cdd6045851b2ed2431393,low_WSe2,1.0,2.0,3.0,WSe2_0.01562,11.762337019999894,1.2988
619cdd6045851b2ed2431394,low_WSe2,1.0,2.0,3.0,WSe2_0.01562,11.784635559999959,1.1488000000000014
619cdd6045851b2ed2431395,low_WSe2,0.0,3.0,3.0,WSe2_0.01562,0.4275399499999253,1.8273999999999972
619cdd6045851b2ed2431396,low_WSe2,3.0,0.0,3.0,WSe2_0.01562,50.57123641999997,0.2228999999999992
619cdd6045851b2ed2431397,low_WSe2,1.0,2.0,3.0,WSe2_0.01562,11.773619289999932,1.2992999999999952
619cdd6045851b2ed2431398,low_WSe2,2.0,1.0,3.0,WSe2_0.01562,39.23336217000001,0.2015999999999991
619cdd6045851b2ed2431399,low_WSe2,2.0,1.0,3.0,WSe2_0.01562,23.120104549999986,1.2453000000000003
619cdd6045851b2ed243139a,low_WSe2,1.0,2.0,3.0,WSe2_0.01562,11.76397294000002,1.2986999999999966
619cdd6045851b2ed243139b,low_WSe2,3.0,0.0,3.0,WSe2_0.01562,49.978375530000086,0.1880000000000006
619cdd6045851b2ed243139c,low_WSe2,1.0,2.0,3.0,WSe2_0.01562,11.76689667000004,1.2970000000000041
619cdd6045851b2ed243139d,low_WSe2,2.0,1.0,3.0,WSe2_0.01562,22.585489710000083,1.2468999999999966
619cdd6045851b2ed243139e,low_WSe2,1.0,2.0,3.0,WSe2_0.01562,27.92307108,0.1894999999999989
619cdd6045851b2ed243139f,low_WSe2,2.0,1.0,3.0,WSe2_0.01562,23.118359899999895,1.1362999999999985
619cdd6045851b2ed24313a0,low_WSe2,1.0,2.0,3.0,WSe2_0.01562,11.781681429999924,1.292900000000003
619cdd6045851b2ed24313a1,low_WSe2,0.0,3.0,3.0,WSe2_0.01562,0.42868306999997685,1.8310999999999993
619cdd6045851b2ed24313a2,low_WSe2,0.0,3.0,3.0,WSe2_0.01562,0.43366134000001466,1.8156999999999996
619cdd6045851b2ed24313a3,low_WSe2,2.0,1.0,3.0,WSe2_0.01562,23.129906729999938,1.2676000000000016
619cdd6045851b2ed24313a4,low_WSe2,0.0,3.0,3.0,WSe2_0.01562,0.4319076999999538,1.817299999999996
619cdd6045851b2ed24313a5,low_WSe2,2.0,1.0,3.0,WSe2_0.01562,39.24058603999997,0.20640000000000036
619cdd6045851b2ed24313a6,low_WSe2,3.0,0.0,3.0,WSe2_0.01562,49.96194894999994,0.20420000000000016
619cdd6045851b2ed24313a7,low_WSe2,2.0,1.0,3.0,WSe2_0.01562,39.23357659000003,0.1977000000000011
619cdd6045851b2ed24313a8,low_WSe2,2.0,1.0,3.0,WSe2_0.01562,39.1896206899999,0.21169999999999867
619cdd6045851b2ed24313a9,low_WSe2,0.0,3.0,3.0,WSe2_0.01562,0.426988690000087,1.8275000000000006
619cdd6045851b2ed24313aa,low_WSe2,1.0,2.0,3.0,WSe2_0.01562,11.772696519999943,1.2971999999999966
619cdd6045851b2ed24313ab,low_WSe2,3.0,0.0,3.0,WSe2_0.01562,50.5905530399999,0.1943999999999999
619cdd6045851b2ed24313ac,low_WSe2,0.0,3.0,3.0,WSe2_0.01562,0.4288436399999114,1.8271000000000015
619cdd6045851b2ed24313ad,low_WSe2,3.0,0.0,3.0,WSe2_0.01562,50.54106878999992,0.1257999999999999
619cdd6045851b2ed24313ae,low_WSe2,0.0,3.0,3.0,WSe2_0.01562,0.4318957600000317,1.8301999999999978
619cdd6045851b2ed24313af,low_WSe2,1.0,2.0,3.0,WSe2_0.01562,11.772245030000011,1.2993000000000023
619cdd6045851b2ed24313b0,low_WSe2,1.0,2.0,3.0,WSe2_0.01562,27.992890839999973,0.26619999999999955
619cdd6045851b2ed24313b1,low_WSe2,1.0,2.0,3.0,WSe2_0.01562,11.764787800000011,1.299900000000001
619cdd6045851b2ed24313b2,low_WSe2,2.0,1.0,3.0,WSe2_0.01562,23.12969774000002,1.1392999999999986
619cdd6045851b2ed24313b3,low_WSe2,2.0,1.0,3.0,WSe2_0.01562,39.24362761999991,0.18539999999999957
619cdd6045851b2ed24313b4,low_WSe2,1.0,2.0,3.0,WSe2_0.01562,11.770073290000017,1.3035999999999959
619cdd6045851b2ed24313b5,low_WSe2,2.0,1.0,3.0,WSe2_0.01562,39.33555512000002,0.2657000000000007
619cdd6045851b2ed24313b6,low_WSe2,2.0,1.0,3.0,WSe2_0.01562,39.23084818000011,0.19899999999999984
619cdd6045851b2ed24313b7,low_WSe2,0.0,3.0,3.0,WSe2_0.01562,0.42841480000009824,1.8277
619cdd6045851b2ed24313b8,low_WSe2,0.0,3.0,3.0,WSe2_0.01562,0.4294495799999254,1.8256000000000014
619cdd6045851b2ed24313b9,low_WSe2,3.0,0.0,3.0,WSe2_0.01562,48.92341233000011,0.607800000000001
619cdd6045851b2ed24313ba,low_WSe2,1.0,2.0,3.0,WSe2_0.01562,11.769801760000053,1.2999999999999972
619cdd6045851b2ed24313bb,low_WSe2,0.0,3.0,3.0,WSe2_0.01562,0.42949625999989394,1.8274000000000044
619cdd6045851b2ed24313bc,low_WSe2,1.0,1.0,2.0,WSe2_0.01042,13.423088639999904,1.2974999999999994
619cdd6045851b2ed24313bd,low_WSe2,2.0,1.0,3.0,WSe2_0.01562,39.236572249999924,0.14259999999999984
619cdd6045851b2ed24313be,low_WSe2,2.0,1.0,3.0,WSe2_0.01562,39.23923483000003,0.1847999999999992
619cdd6045851b2ed24313bf,low_WSe2,1.0,2.0,3.0,WSe2_0.01562,11.778156240000033,1.295899999999996
619cdd6045851b2ed24313c0,low_WSe2,1.0,2.0,3.0,WSe2_0.01562,11.769244029999971,1.2965000000000018
619cdd6045851b2ed24313c1,low_WSe2,2.0,1.0,3.0,WSe2_0.01562,39.24373838000001,0.19650000000000034
619cdd6045851b2ed24313c2,low_WSe2,1.0,2.0,3.0,WSe2_0.01562,27.99310543999991,0.2679000000000009
619cdd6045851b2ed24313c3,low_WSe2,1.0,2.0,3.0,WSe2_0.01562,27.992896700000074,0.26420000000000066
619cdd6145851b2ed24313c4,low_WSe2,0.0,3.0,3.0,WSe2_0.01562,0.45541520000000446,1.8295999999999992
619cdd6145851b2ed24313c5,low_WSe2,2.0,1.0,3.0,WSe2_0.01562,23.10898791000003,1.2673000000000059
619cdd6145851b2ed24313c6,low_WSe2,2.0,1.0,3.0,WSe2_0.01562,38.635282400000094,0.19589999999999996
619cdd6145851b2ed24313c7,low_WSe2,2.0,1.0,3.0,WSe2_0.01562,37.57875293000011,0.6588000000000012
619cdd6145851b2ed24313c8,low_WSe2,2.0,1.0,3.0,WSe2_0.01562,39.22797530000007,0.2142999999999997
619cdd6145851b2ed24313c9,low_WSe2,0.0,3.0,3.0,WSe2_0.01562,0.4279187399999387,1.833199999999998
619cdd6145851b2ed24313ca,low_WSe2,1.0,2.0,3.0,WSe2_0.01562,11.773382470000104,1.3055999999999983
619cdd6145851b2ed24313cb,low_WSe2,3.0,0.0,3.0,WSe2_0.01562,50.588409950000006,0.1676000000000002
619cdd6145851b2ed24313cc,low_WSe2,3.0,0.0,3.0,WSe2_0.01562,50.529617349999945,0.21169999999999867
619cdd6145851b2ed24313cd,low_WSe2,2.0,1.0,3.0,WSe2_0.01562,23.157511680000006,1.178999999999995
619cdd6145851b2ed24313ce,low_WSe2,1.0,2.0,3.0,WSe2_0.01562,11.763612879999972,1.295500000000004
619cdd6145851b2ed24313cf,low_WSe2,2.0,1.0,3.0,WSe2_0.01562,23.11266346999995,1.2693000000000012
619cdd6145851b2ed24313d0,low_WSe2,1.0,2.0,3.0,WSe2_0.01562,11.767809570000043,1.3000999999999934
619cdd6145851b2ed24313d1,low_WSe2,2.0,1.0,3.0,WSe2_0.01562,38.62401856000001,0.18689999999999962
619cdd6145851b2ed24313d2,low_WSe2,1.0,2.0,3.0,WSe2_0.01562,11.787439859999939,1.2739999999999938
619cdd6145851b2ed24313d3,low_WSe2,1.0,2.0,3.0,WSe2_0.01562,27.915861760000098,0.1833000000000009
619cdd6145851b2ed24313d4,low_WSe2,1.0,2.0,3.0,WSe2_0.01562,11.780410869999958,1.2930999999999955
619cdd6145851b2ed24313d5,low_WSe2,1.0,2.0,3.0,WSe2_0.01562,28.04910636999989,0.2232000000000003
619cdd6145851b2ed24313d6,low_WSe2,2.0,1.0,3.0,WSe2_0.01562,23.036620979999988,1.123899999999999
619cdd6145851b2ed24313d7,low_WSe2,1.0,2.0,3.0,WSe2_0.01562,11.767822000000013,1.2866
619cdd6145851b2ed24313d8,low_WSe2,3.0,0.0,3.0,WSe2_0.01562,49.967491830000064,0.1968999999999994
619cdd6145851b2ed24313d9,low_WSe2,3.0,0.0,3.0,WSe2_0.01562,50.677627899999926,0.27779999999999916
619cdd6145851b2ed24313da,low_WSe2,2.0,1.0,3.0,WSe2_0.01562,39.24629282000005,0.19780000000000086
619cdd6145851b2ed24313db,low_WSe2,2.0,1.0,3.0,WSe2_0.01562,39.230628220000014,0.20080000000000098
619cdd6145851b2ed24313dc,low_WSe2,2.0,1.0,3.0,WSe2_0.01562,39.24260280999992,0.2015999999999991
619cdd6145851b2ed24313dd,low_WSe2,0.0,3.0,3.0,WSe2_0.01562,0.42997974000007844,1.829100000000004
619cdd6145851b2ed24313de,low_WSe2,2.0,1.0,3.0,WSe2_0.01562,38.635066930000036,0.19599999999999973
619cdd6145851b2ed24313df,low_WSe2,2.0,1.0,3.0,WSe2_0.01562,39.25801153000002,0.1955000000000009
619cdd6145851b2ed24313e0,low_WSe2,2.0,1.0,3.0,WSe2_0.01562,23.091278379999984,1.194899999999997
619cdd6145851b2ed24313e1,low_WSe2,3.0,0.0,3.0,WSe2_0.01562,50.57261378999997,0.1620999999999988
619cdd6145851b2ed24313e2,low_WSe2,3.0,0.0,3.0,WSe2_0.01562,49.93666208999989,0.22100000000000009
619cdd6145851b2ed24313e3,low_WSe2,2.0,1.0,3.0,WSe2_0.01562,39.23631770999991,0.20150000000000112
619cdd6145851b2ed24313e4,low_WSe2,1.0,2.0,3.0,WSe2_0.01562,27.912852079999993,0.19320000000000093
619cdd6145851b2ed24313e5,low_WSe2,3.0,0.0,3.0,WSe2_0.01562,48.8628193999999,0.1166999999999998
619cdd6145851b2ed24313e6,low_WSe2,0.0,3.0,3.0,WSe2_0.01562,0.43149205999992546,1.826500000000003
619cdd6145851b2ed24313e7,low_WSe2,2.0,1.0,3.0,WSe2_0.01562,23.14566177999999,1.180500000000002
619cdd6145851b2ed24313e8,low_WSe2,2.0,1.0,3.0,WSe2_0.01562,39.14857035999994,0.14369999999999905
619cdd6145851b2ed24313e9,low_WSe2,1.0,2.0,3.0,WSe2_0.01562,27.966199189999998,0.15779999999999994
619cdd6145851b2ed24313ea,low_WSe2,1.0,2.0,3.0,WSe2_0.01562,11.748445059999984,1.2969000000000008
619cdd6145851b2ed24313eb,low_WSe2,2.0,1.0,3.0,WSe2_0.01562,39.23342518000008,0.15199999999999925
619cdd6145851b2ed24313ec,low_WSe2,3.0,0.0,3.0,WSe2_0.01562,50.720519410000044,0.18239999999999945
619cdd6145851b2ed24313ed,low_WSe2,3.0,0.0,3.0,WSe2_0.01562,48.659785680000006,0.14569999999999972
619cdd6145851b2ed24313ee,low_WSe2,3.0,0.0,3.0,WSe2_0.01562,50.55760893000011,0.2115999999999989
619cdd6145851b2ed24313ef,low_WSe2,2.0,1.0,3.0,WSe2_0.01562,23.12906935999994,1.2745000000000033
619cdd6145851b2ed24313f0,low_WSe2,3.0,0.0,3.0,WSe2_0.01562,50.54199312000001,0.21809999999999974
619cdd6145851b2ed24313f1,low_WSe2,2.0,1.0,3.0,WSe2_0.01562,37.57978366999991,0.6569000000000003
619cdd6145851b2ed24313f2,low_WSe2,3.0,0.0,3.0,WSe2_0.01562,50.567689860000065,0.20099999999999874
619cdd6145851b2ed24313f3,low_WSe2,2.0,1.0,3.0,WSe2_0.01562,23.109186940000008,1.2469999999999999
619cdd6145851b2ed24313f4,low_WSe2,2.0,1.0,3.0,WSe2_0.01562,39.25563528000002,0.1916999999999991
619cdd6145851b2ed24313f5,low_WSe2,2.0,1.0,3.0,WSe2_0.01562,23.094401639999923,1.2454000000000036
619cdd6145851b2ed24313f6,low_WSe2,1.0,2.0,3.0,WSe2_0.01562,11.77250623000008,1.302100000000003
619cdd6145851b2ed24313f7,low_WSe2,2.0,1.0,3.0,WSe2_0.01562,23.140732509999943,1.1456000000000017
619cdd6145851b2ed24313f8,low_WSe2,0.0,3.0,3.0,WSe2_0.01562,0.43286931999995204,1.8146000000000058
619cdd6145851b2ed24313f9,low_WSe2,1.0,2.0,3.0,WSe2_0.01562,27.916240419999895,0.19140000000000157
619cdd6145851b2ed24313fa,low_WSe2,1.0,2.0,3.0,WSe2_0.01562,27.916221510000014,0.18909999999999982
619cdd6145851b2ed24313fb,low_WSe2,2.0,1.0,3.0,WSe2_0.01562,38.79134271999992,0.22279999999999944
619cdd6145851b2ed24313fc,low_WSe2,3.0,0.0,3.0,WSe2_0.01562,50.57516934999999,0.17520000000000024
619cdd6145851b2ed24313fd,low_WSe2,2.0,1.0,3.0,WSe2_0.01562,39.23969582999989,0.19130000000000003
619cdd6145851b2ed24313fe,low_WSe2,0.0,3.0,3.0,WSe2_0.01562,0.4301919599999451,1.825800000000001
619cdd6145851b2ed24313ff,low_WSe2,2.0,1.0,3.0,WSe2_0.01562,39.285131229999976,0.16699999999999982
619cdd6145851b2ed2431400,low_WSe2,0.0,3.0,3.0,WSe2_0.01562,0.43191571000005524,1.8162999999999982
619cdd6145851b2ed2431401,low_WSe2,0.0,3.0,3.0,WSe2_0.01562,0.42668750999990834,1.8256000000000014
619cdd6145851b2ed2431402,low_WSe2,2.0,1.0,3.0,WSe2_0.01562,39.23261323000001,0.1882999999999999
619cdd6145851b2ed2431403,low_WSe2,0.0,3.0,3.0,WSe2_0.01562,0.4298512699999151,1.8271999999999977
619cdd6145851b2ed2431404,low_WSe2,2.0,1.0,3.0,WSe2_0.01562,23.0403023700001,1.1182000000000016
619cdd6145851b2ed2431405,low_WSe2,2.0,1.0,3.0,WSe2_0.01562,23.099824530000014,1.2661000000000016
619cdd6145851b2ed2431406,low_WSe2,0.0,3.0,3.0,WSe2_0.01562,0.4314097700000161,1.8134000000000015
619cdd6145851b2ed2431407,low_WSe2,0.0,3.0,3.0,WSe2_0.01562,0.4324003799999332,1.8323999999999998
619cdd6145851b2ed2431408,low_WSe2,1.0,2.0,3.0,WSe2_0.01562,11.76500650999991,1.2702000000000027
619cdd6145851b2ed2431409,low_WSe2,1.0,2.0,3.0,WSe2_0.01562,11.771621119999953,1.302899999999994
619cdd6145851b2ed243140a,low_WSe2,0.0,3.0,3.0,WSe2_0.01562,0.4377468399999884,1.8299999999999983
619cdd6145851b2ed243140b,low_WSe2,1.0,2.0,3.0,WSe2_0.01562,11.7675287500001,1.3008999999999986
619cdd6145851b2ed243140c,low_WSe2,3.0,0.0,3.0,WSe2_0.01562,49.975628230000076,0.19270000000000032
619cdd6145851b2ed243140d,low_WSe2,0.0,3.0,3.0,WSe2_0.01562,0.4275318100000618,1.8244000000000042
619cdd6145851b2ed243140e,low_WSe2,1.0,2.0,3.0,WSe2_0.01562,11.770879299999923,1.3016999999999967
619cdd6145851b2ed243140f,low_WSe2,2.0,1.0,3.0,WSe2_0.01562,39.143026459999916,0.19399999999999906
619cdd6145851b2ed2431410,low_WSe2,2.0,1.0,3.0,WSe2_0.01562,39.24702940999991,0.19699999999999918
619cdd6145851b2ed2431411,low_WSe2,3.0,0.0,3.0,WSe2_0.01562,50.56972531000006,0.15670000000000073
619cdd6145851b2ed2431412,low_WSe2,2.0,1.0,3.0,WSe2_0.01562,23.142074700000002,1.1507999999999967
619cdd6145851b2ed2431413,low_WSe2,1.0,2.0,3.0,WSe2_0.01562,11.771233729999938,1.3017000000000039
619cdd6145851b2ed2431414,low_WSe2,2.0,1.0,3.0,WSe2_0.01562,39.34224801000009,0.2662999999999993
619cdd6145851b2ed2431415,low_WSe2,2.0,1.0,3.0,WSe2_0.01562,39.23943702000001,0.19529999999999959
619cdd6245851b2ed2431416,low_WSe2,2.0,1.0,3.0,WSe2_0.01562,37.26612686999992,0.5030000000000001
619cdd6245851b2ed2431417,low_WSe2,0.0,3.0,3.0,WSe2_0.01562,0.42938120999991725,1.8228000000000009
619cdd6245851b2ed2431418,low_WSe2,1.0,2.0,3.0,WSe2_0.01562,11.754014099999939,1.3016999999999967
619cdd6245851b2ed2431419,low_WSe2,3.0,0.0,3.0,WSe2_0.01562,50.53122104999998,0.2124000000000006
619cdd6245851b2ed243141a,low_WSe2,2.0,0.0,2.0,WSe2_0.01042,40.996921549999925,0.26649999999999885
619cdd6245851b2ed243141b,low_WSe2,1.0,2.0,3.0,WSe2_0.01562,11.784473639999977,1.2691000000000017
619cdd6245851b2ed243141c,low_WSe2,1.0,2.0,3.0,WSe2_0.01562,11.767579970000032,1.2978000000000023
619cdd6245851b2ed243141d,low_WSe2,1.0,2.0,3.0,WSe2_0.01562,27.9999539800001,0.2596999999999987
619cdd6245851b2ed243141e,low_WSe2,2.0,1.0,3.0,WSe2_0.01562,39.19240880000011,0.20800000000000018
619cdd6245851b2ed243141f,low_WSe2,2.0,1.0,3.0,WSe2_0.01562,39.235906460000066,0.19979999999999976
619cdd6245851b2ed2431420,low_WSe2,2.0,1.0,3.0,WSe2_0.01562,23.107115580000062,1.2190999999999974
619cdd6245851b2ed2431421,low_WSe2,1.0,2.0,3.0,WSe2_0.01562,27.922631619999947,0.1855999999999991
619cdd6245851b2ed2431422,low_WSe2,0.0,3.0,3.0,WSe2_0.01562,0.4379699699999833,1.8314000000000021
619cdd6245851b2ed2431423,low_WSe2,1.0,2.0,3.0,WSe2_0.01562,27.9977429999999,0.2629999999999999
619cdd6245851b2ed2431424,low_WSe2,1.0,2.0,3.0,WSe2_0.01562,11.771740460000036,1.299599999999998
619cdd6245851b2ed2431425,low_WSe2,2.0,1.0,3.0,WSe2_0.01562,23.142004880000094,1.1791000000000054
619cdd6245851b2ed2431426,low_WSe2,3.0,0.0,3.0,WSe2_0.01562,50.52567097000006,0.2146000000000008
619cdd6245851b2ed2431427,low_WSe2,2.0,1.0,3.0,WSe2_0.01562,39.19107128,0.20370000000000132
619cdd6245851b2ed2431428,low_WSe2,2.0,1.0,3.0,WSe2_0.01562,23.092052120000098,1.2627999999999986
619cdd6245851b2ed2431429,low_WSe2,2.0,1.0,3.0,WSe2_0.01562,23.122767569999986,1.277700000000003
619cdd6245851b2ed243142a,low_WSe2,1.0,2.0,3.0,WSe2_0.01562,11.768898810000099,1.2988
619cdd6245851b2ed243142b,low_WSe2,1.0,2.0,3.0,WSe2_0.01562,27.9235932900001,0.1908000000000012
619cdd6245851b2ed243142c,low_WSe2,3.0,0.0,3.0,WSe2_0.01562,50.57518525999999,0.20420000000000016
619cdd6245851b2ed243142d,low_WSe2,2.0,1.0,3.0,WSe2_0.01562,39.239871089999994,0.19810000000000016
619cdd6245851b2ed243142e,low_WSe2,2.0,1.0,3.0,WSe2_0.01562,23.110091320000073,1.2813999999999979
619cdd6245851b2ed243142f,low_WSe2,3.0,0.0,3.0,WSe2_0.01562,50.692121789999966,0.1869999999999994
619cdd6245851b2ed2431430,low_WSe2,2.0,1.0,3.0,WSe2_0.01562,39.21480815999989,0.14480000000000004
619cdd6245851b2ed2431431,low_WSe2,2.0,1.0,3.0,WSe2_0.01562,39.19432852000004,0.17830000000000013
619cdd6245851b2ed2431432,low_WSe2,1.0,2.0,3.0,WSe2_0.01562,11.77164745999993,1.299900000000001
619cdd6245851b2ed2431433,low_WSe2,1.0,2.0,3.0,WSe2_0.01562,11.784054429999959,1.2927999999999997
619cdd6245851b2ed2431434,low_WSe2,1.0,2.0,3.0,WSe2_0.01562,27.99930758000005,0.26229999999999976
619cdd6245851b2ed2431435,low_WSe2,2.0,1.0,3.0,WSe2_0.01562,38.63572294000009,0.19430000000000014
619cdd6245851b2ed2431436,low_WSe2,2.0,1.0,3.0,WSe2_0.01562,38.69025452999999,0.1324999999999985
619cdd6245851b2ed2431437,low_WSe2,2.0,1.0,3.0,WSe2_0.01562,23.108454669999936,1.2584000000000017
619cdd6245851b2ed2431438,low_WSe2,2.0,1.0,3.0,WSe2_0.01562,38.63726709999996,0.1913999999999998
619cdd6245851b2ed2431439,low_WSe2,2.0,1.0,3.0,WSe2_0.01562,39.236839709999956,0.19250000000000078
619cdd6245851b2ed243143a,low_WSe2,3.0,0.0,3.0,WSe2_0.01562,49.97503562999996,0.20760000000000112
619cdd6245851b2ed243143b,low_WSe2,2.0,1.0,3.0,WSe2_0.01562,37.578932489999985,0.6575000000000006
619cdd6245851b2ed243143c,low_WSe2,2.0,1.0,3.0,WSe2_0.01562,39.186492690000065,0.21119999999999983
619cdd6245851b2ed243143d,low_WSe2,2.0,1.0,3.0,WSe2_0.01562,39.324911510000035,0.26890000000000036
619cdd6245851b2ed243143e,low_WSe2,1.0,2.0,3.0,WSe2_0.01562,11.762105519999967,1.3021999999999991
619cdd6245851b2ed243143f,low_WSe2,2.0,0.0,2.0,WSe2_0.01042,19.373514640000103,1.2765000000000004
619cdd6245851b2ed2431440,low_WSe2,2.0,1.0,3.0,WSe2_0.01562,39.18659017000009,0.20790000000000042
619cdd6245851b2ed2431441,low_WSe2,1.0,2.0,3.0,WSe2_0.01562,11.784653500000093,1.1602999999999994
619cdd6245851b2ed2431442,low_WSe2,1.0,2.0,3.0,WSe2_0.01562,11.76579753000009,1.3027000000000015
619cdd6245851b2ed2431443,low_WSe2,3.0,0.0,3.0,WSe2_0.01562,50.59331755000003,0.20429999999999993
619cdd6245851b2ed2431444,low_WSe2,2.0,1.0,3.0,WSe2_0.01562,23.10504001999997,1.261499999999998
619cdd6245851b2ed2431445,low_WSe2,1.0,2.0,3.0,WSe2_0.01562,27.91820333999999,0.18459999999999965
619cdd6245851b2ed2431446,low_WSe2,0.0,3.0,3.0,WSe2_0.01562,0.4279243699999711,1.828000000000003
619cdd6245851b2ed2431447,low_WSe2,1.0,2.0,3.0,WSe2_0.01562,11.773882680000032,1.2832000000000008
619cdd6245851b2ed2431448,low_WSe2,2.0,1.0,3.0,WSe2_0.01562,39.38735610999997,0.2827000000000002
619cdd6245851b2ed2431449,low_WSe2,2.0,1.0,3.0,WSe2_0.01562,23.08938087000005,1.2875000000000014
619cdd6245851b2ed243144a,low_WSe2,2.0,1.0,3.0,WSe2_0.01562,39.27349845999997,0.26370000000000005
619cdd6245851b2ed243144b,low_WSe2,2.0,1.0,3.0,WSe2_0.01562,39.1553648699999,0.1867000000000001
619cdd6245851b2ed243144c,low_WSe2,1.0,1.0,2.0,WSe2_0.01042,29.660494549999918,0.25900000000000034
619cdd6245851b2ed243144d,low_WSe2,3.0,0.0,3.0,WSe2_0.01562,49.970046700000104,0.19209999999999994
619cdd6245851b2ed243144e,low_WSe2,2.0,1.0,3.0,WSe2_0.01562,23.09789561000006,1.1963000000000008
619cdd6245851b2ed243144f,low_WSe2,0.0,3.0,3.0,WSe2_0.01562,0.4278210199999535,1.8307000000000002
619cdd6245851b2ed2431450,low_WSe2,3.0,0.0,3.0,WSe2_0.01562,50.502294629999916,0.20259999999999856
619cdd6245851b2ed2431451,low_WSe2,2.0,1.0,3.0,WSe2_0.01562,39.25880577000002,0.19209999999999994
619cdd6245851b2ed2431452,low_WSe2,1.0,2.0,3.0,WSe2_0.01562,28.063944210000045,0.28200000000000003
619cdd6245851b2ed2431453,low_WSe2,2.0,1.0,3.0,WSe2_0.01562,39.24930804,0.18629999999999924
619cdd6245851b2ed2431454,low_WSe2,1.0,2.0,3.0,WSe2_0.01562,28.002373549999902,0.2663000000000011
619cdd6245851b2ed2431455,low_WSe2,0.0,3.0,3.0,WSe2_0.01562,0.4313220000000797,1.833200000000005
619cdd6245851b2ed2431456,low_WSe2,1.0,2.0,3.0,WSe2_0.01562,11.773744639999894,1.297699999999999
619cdd6245851b2ed2431457,low_WSe2,3.0,0.0,3.0,WSe2_0.01562,50.05503366999992,0.27810000000000024
619cdd6245851b2ed2431458,low_WSe2,2.0,1.0,3.0,WSe2_0.01562,39.237111890000094,0.19679999999999964
619cdd6245851b2ed2431459,low_WSe2,1.0,2.0,3.0,WSe2_0.01562,11.770498769999893,1.2957999999999998
619cdd6245851b2ed243145a,low_WSe2,0.0,3.0,3.0,WSe2_0.01562,0.4304563800000665,1.8323999999999998
619cdd6245851b2ed243145b,low_WSe2,1.0,2.0,3.0,WSe2_0.01562,11.772839080000029,1.302500000000002
619cdd6245851b2ed243145c,low_WSe2,1.0,2.0,3.0,WSe2_0.01562,11.764434200000085,1.3013000000000048
619cdd6245851b2ed243145d,low_WSe2,2.0,1.0,3.0,WSe2_0.01562,39.22578195999999,0.18849999999999945
619cdd6245851b2ed243145e,low_WSe2,2.0,1.0,3.0,WSe2_0.01562,39.23445272999997,0.19839999999999947
619cdd6245851b2ed243145f,low_WSe2,1.0,2.0,3.0,WSe2_0.01562,11.761933029999899,1.3021999999999991
619cdd6245851b2ed2431460,low_WSe2,2.0,1.0,3.0,WSe2_0.01562,39.25008585999994,0.1968999999999994
619cdd6245851b2ed2431461,low_WSe2,2.0,1.0,3.0,WSe2_0.01562,23.114610220000067,1.2822999999999993
619cdd6245851b2ed2431462,low_WSe2,2.0,1.0,3.0,WSe2_0.01562,23.117819679999947,1.2659999999999982
619cdd6245851b2ed2431463,low_WSe2,2.0,1.0,3.0,WSe2_0.01562,39.32472587000011,0.2710999999999988
619cdd6245851b2ed2431464,low_WSe2,1.0,2.0,3.0,WSe2_0.01562,11.79905602000007,1.3004999999999995
619cdd6245851b2ed2431465,low_WSe2,2.0,1.0,3.0,WSe2_0.01562,39.241794999999954,0.18649999999999878
619cdd6245851b2ed2431466,low_WSe2,1.0,2.0,3.0,WSe2_0.01562,11.768269910000061,1.2963999999999984
619cdd6245851b2ed2431467,low_WSe2,0.0,3.0,3.0,WSe2_0.01562,0.45396857000008595,1.8275999999999968
619cdd6245851b2ed2431468,low_WSe2,0.0,3.0,3.0,WSe2_0.01562,0.4299081399998954,1.8318000000000012
619cdd6345851b2ed2431469,low_WSe2,0.0,3.0,3.0,WSe2_0.01562,0.4283989299999007,1.8290999999999968
619cdd6345851b2ed243146a,low_WSe2,2.0,1.0,3.0,WSe2_0.01562,38.63124193000003,0.19399999999999906
619cdd6345851b2ed243146b,low_WSe2,1.0,2.0,3.0,WSe2_0.01562,28.055531210000026,0.27669999999999995
619cdd6345851b2ed243146c,low_WSe2,3.0,0.0,3.0,WSe2_0.01562,49.37680602999999,0.6405000000000012
619cdd6345851b2ed243146d,low_WSe2,2.0,1.0,3.0,WSe2_0.01562,23.119384059999938,1.2683000000000035
619cdd6345851b2ed243146e,low_WSe2,1.0,2.0,3.0,WSe2_0.01562,11.787338719999969,1.2744999999999962
619cdd6345851b2ed243146f,low_WSe2,1.0,2.0,3.0,WSe2_0.01562,11.77128132000006,1.3016999999999967
619cdd6345851b2ed2431470,low_WSe2,1.0,2.0,3.0,WSe2_0.01562,11.774255009999923,1.297699999999999
619cdd6345851b2ed2431471,low_WSe2,3.0,0.0,3.0,WSe2_0.01562,50.68086176999996,0.24760000000000026
619cdd6345851b2ed2431472,low_WSe2,2.0,1.0,3.0,WSe2_0.01562,39.24950668000001,0.20090000000000074
619cdd6345851b2ed2431473,low_WSe2,1.0,2.0,3.0,WSe2_0.01562,11.770955630000106,1.2978999999999985
619cdd6345851b2ed2431474,low_WSe2,0.0,3.0,3.0,WSe2_0.01562,0.4391130500000031,1.806199999999997
619cdd6345851b2ed2431475,low_WSe2,0.0,3.0,3.0,WSe2_0.01562,0.43124978000008696,1.827299999999994
619cdd6345851b2ed2431476,low_WSe2,2.0,1.0,3.0,WSe2_0.01562,39.18318503999994,0.21260000000000012
619cdd6345851b2ed2431477,low_WSe2,2.0,1.0,3.0,WSe2_0.01562,37.57551801999993,0.655899999999999
619cdd6345851b2ed2431478,low_WSe2,1.0,2.0,3.0,WSe2_0.01562,11.765141840000059,1.296599999999998
619cdd6345851b2ed2431479,low_WSe2,3.0,0.0,3.0,WSe2_0.01562,50.545408759999965,0.19920000000000115
619cdd6345851b2ed243147a,low_WSe2,3.0,0.0,3.0,WSe2_0.01562,50.58252068000011,0.20370000000000132
619cdd6345851b2ed243147b,low_WSe2,1.0,2.0,3.0,WSe2_0.01562,11.772671789999993,1.3046999999999969
619cdd6345851b2ed243147c,low_WSe2,1.0,2.0,3.0,WSe2_0.01562,27.88555649,0.22529999999999895
619cdd6345851b2ed243147d,low_WSe2,3.0,0.0,3.0,WSe2_0.01562,49.94862524999994,0.20260000000000034
619cdd6345851b2ed243147e,low_WSe2,0.0,3.0,3.0,WSe2_0.01562,0.43285695999992413,1.8201999999999998
619cdd6345851b2ed243147f,low_WSe2,1.0,2.0,3.0,WSe2_0.01562,11.786162979999961,1.294300000000007
619cdd6345851b2ed2431480,low_WSe2,1.0,2.0,3.0,WSe2_0.01562,11.750403929999937,1.2971000000000004
619cdd6345851b2ed2431481,low_WSe2,0.0,3.0,3.0,WSe2_0.01562,0.4290024999999673,1.8258999999999972
619cdd6345851b2ed2431482,low_WSe2,2.0,1.0,3.0,WSe2_0.01562,39.37457221000004,0.2858999999999998
619cdd6345851b2ed2431483,low_WSe2,0.0,3.0,3.0,WSe2_0.01562,0.4328345499999955,1.8168000000000006
619cdd6345851b2ed2431484,low_WSe2,3.0,0.0,3.0,WSe2_0.01562,50.53913876000011,0.2142999999999997
619cdd6345851b2ed2431485,low_WSe2,1.0,2.0,3.0,WSe2_0.01562,27.91604641999993,0.20030000000000037
619cdd6345851b2ed2431486,low_WSe2,1.0,2.0,3.0,WSe2_0.01562,11.770231989999946,1.3010999999999981
619cdd6345851b2ed2431487,low_WSe2,3.0,0.0,3.0,WSe2_0.01562,50.51079063999996,0.21410000000000018
619cdd6345851b2ed2431488,low_WSe2,2.0,1.0,3.0,WSe2_0.01562,39.322704010000095,0.26959999999999873
619cdd6345851b2ed2431489,low_WSe2,2.0,1.0,3.0,WSe2_0.01562,39.246335679999945,0.19129999999999825
619cdd6345851b2ed243148a,low_WSe2,2.0,1.0,3.0,WSe2_0.01562,39.28220214999992,0.1941000000000006
619cdd6345851b2ed243148b,low_WSe2,1.0,2.0,3.0,WSe2_0.01562,11.777372589999903,1.294399999999996
619cdd6345851b2ed243148c,low_WSe2,3.0,0.0,3.0,WSe2_0.01562,50.55111773000008,0.15620000000000012
619cdd6345851b2ed243148d,low_WSe2,2.0,1.0,3.0,WSe2_0.01562,37.582153760000025,0.6564000000000014
619cdd6345851b2ed243148e,low_WSe2,2.0,1.0,3.0,WSe2_0.01562,23.116438770000094,1.1437999999999988
619cdd6345851b2ed243148f,low_WSe2,0.0,3.0,3.0,WSe2_0.01562,0.42935531999995646,1.8271999999999977
619cdd6345851b2ed2431490,low_WSe2,1.0,2.0,3.0,WSe2_0.01562,11.76404825999997,1.2920999999999978
619cdd6345851b2ed2431491,low_WSe2,2.0,1.0,3.0,WSe2_0.01562,39.250087089999894,0.19200000000000017
619cdd6345851b2ed2431492,low_WSe2,1.0,2.0,3.0,WSe2_0.01562,11.785509849999915,1.2715000000000032
619cdd6345851b2ed2431493,low_WSe2,1.0,2.0,3.0,WSe2_0.01562,11.788905869999997,1.2893999999999934
619cdd6345851b2ed2431494,low_WSe2,2.0,1.0,3.0,WSe2_0.01562,23.10711642999994,1.2710000000000008
619cdd6345851b2ed2431495,low_WSe2,3.0,0.0,3.0,WSe2_0.01562,50.57777537999991,0.1493000000000002
619cdd6345851b2ed2431496,low_WSe2,1.0,2.0,3.0,WSe2_0.01562,11.7866715,1.1567000000000007
619cdd6345851b2ed2431497,low_WSe2,1.0,2.0,3.0,WSe2_0.01562,27.914655060000086,0.19549999999999912
619cdd6345851b2ed2431498,low_WSe2,2.0,1.0,3.0,WSe2_0.01562,39.235659470000016,0.18560000000000088
619cdd6345851b2ed2431499,low_WSe2,2.0,1.0,3.0,WSe2_0.01562,39.24969259999993,0.1938999999999993
619cdd6345851b2ed243149a,low_WSe2,0.0,3.0,3.0,WSe2_0.01562,0.4294759599999338,1.8290999999999968
619cdd6345851b2ed243149b,low_WSe2,1.0,2.0,3.0,WSe2_0.01562,11.773930459999963,1.2941000000000003
619cdd6345851b2ed243149c,low_WSe2,2.0,1.0,3.0,WSe2_0.01562,39.240952740000054,0.1819999999999986
619cdd6345851b2ed243149d,low_WSe2,3.0,0.0,3.0,WSe2_0.01562,50.533536400000095,0.20860000000000056
619cdd6345851b2ed243149e,low_WSe2,2.0,1.0,3.0,WSe2_0.01562,39.19799321000009,0.20420000000000016
619cdd6345851b2ed243149f,low_WSe2,1.0,2.0,3.0,WSe2_0.01562,11.77530739000007,1.2920000000000016
619cdd6345851b2ed24314a0,low_WSe2,1.0,2.0,3.0,WSe2_0.01562,27.879837169999973,0.1758999999999986
619cdd6345851b2ed24314a1,low_WSe2,3.0,0.0,3.0,WSe2_0.01562,50.59369088999993,0.20420000000000016
619cdd6345851b2ed24314a2,low_WSe2,1.0,2.0,3.0,WSe2_0.01562,27.909532209999952,0.19329999999999892
619cdd6345851b2ed24314a3,low_WSe2,3.0,0.0,3.0,WSe2_0.01562,50.67802042000003,0.2698999999999998
619cdd6345851b2ed24314a4,low_WSe2,2.0,1.0,3.0,WSe2_0.01562,23.115419669999973,1.198599999999999
619cdd6345851b2ed24314a5,low_WSe2,2.0,1.0,3.0,WSe2_0.01562,39.34306180000003,0.25179999999999936
619cdd6345851b2ed24314a6,low_WSe2,3.0,0.0,3.0,WSe2_0.01562,50.56892894000007,0.21469999999999878
619cdd6345851b2ed24314a7,low_WSe2,2.0,1.0,3.0,WSe2_0.01562,39.24818598000006,0.19369999999999976
619cdd6345851b2ed24314a8,low_WSe2,2.0,1.0,3.0,WSe2_0.01562,23.25321480000006,0.855400000000003
619cdd6345851b2ed24314a9,low_WSe2,1.0,2.0,3.0,WSe2_0.01562,11.763900120000006,1.299599999999998
619cdd6345851b2ed24314aa,low_WSe2,0.0,3.0,3.0,WSe2_0.01562,0.424952029999929,1.825800000000001
619cdd6345851b2ed24314ab,low_WSe2,1.0,2.0,3.0,WSe2_0.01562,11.77382273000011,1.3008000000000024
619cdd6345851b2ed24314ac,low_WSe2,0.0,3.0,3.0,WSe2_0.01562,0.43689276000003474,1.8262999999999963
619cdd6345851b2ed24314ad,low_WSe2,3.0,0.0,3.0,WSe2_0.01562,50.52080338000005,0.21879999999999988
619cdd6345851b2ed24314ae,low_WSe2,0.0,3.0,3.0,WSe2_0.01562,0.42815500000000384,1.8271000000000015
619cdd6345851b2ed24314af,low_WSe2,1.0,2.0,3.0,WSe2_0.01562,11.789113430000032,1.1539000000000001
619cdd6345851b2ed24314b0,low_WSe2,2.0,1.0,3.0,WSe2_0.01562,23.1206113000001,1.2793999999999954
619cdd6345851b2ed24314b1,low_WSe2,1.0,2.0,3.0,WSe2_0.01562,27.971561220000012,0.15620000000000012
619cdd6345851b2ed24314b2,low_WSe2,1.0,2.0,3.0,WSe2_0.01562,11.78577696000001,1.2704000000000022
619cdd6345851b2ed24314b3,low_WSe2,1.0,2.0,3.0,WSe2_0.01562,11.77232602999992,1.2798000000000016
619cdd6345851b2ed24314b4,low_WSe2,2.0,0.0,2.0,WSe2_0.01042,19.375834890000014,1.1996000000000002
619cdd6345851b2ed24314b5,low_WSe2,1.0,2.0,3.0,WSe2_0.01562,11.780912899999965,1.1558999999999955
619cdd6345851b2ed24314b6,low_WSe2,1.0,2.0,3.0,WSe2_0.01562,27.927475539999932,0.18960000000000043
619cdd6345851b2ed24314b7,low_WSe2,1.0,2.0,3.0,WSe2_0.01562,27.964969440000004,0.16089999999999982
619cdd6345851b2ed24314b8,low_WSe2,2.0,1.0,3.0,WSe2_0.01562,39.18715696000008,0.19109999999999872
619cdd6345851b2ed24314b9,low_WSe2,1.0,2.0,3.0,WSe2_0.01562,11.787838100000034,1.154200000000003
619cdd6345851b2ed24314ba,low_WSe2,3.0,0.0,3.0,WSe2_0.01562,50.587054689999924,0.22029999999999994
619cdd6345851b2ed24314bb,low_WSe2,1.0,2.0,3.0,WSe2_0.01562,28.00311932999989,0.2663000000000011
619cdd6445851b2ed24314bc,low_WSe2,1.0,2.0,3.0,WSe2_0.01562,11.773326519999944,1.3003
619cdd6445851b2ed24314bd,low_WSe2,1.0,2.0,3.0,WSe2_0.01562,11.767502639999964,1.2978999999999985
619cdd6445851b2ed24314be,low_WSe2,2.0,1.0,3.0,WSe2_0.01562,39.234628810000046,0.20790000000000042
619cdd6445851b2ed24314bf,low_WSe2,1.0,2.0,3.0,WSe2_0.01562,11.744939809999995,1.3000000000000043
619cdd6445851b2ed24314c0,low_WSe2,3.0,0.0,3.0,WSe2_0.01562,50.572545040000115,0.1999999999999993
619cdd6445851b2ed24314c1,low_WSe2,1.0,2.0,3.0,WSe2_0.01562,11.767387820000057,1.2970000000000041
619cdd6445851b2ed24314c2,low_WSe2,1.0,2.0,3.0,WSe2_0.01562,11.754069509999898,1.3008999999999986
619cdd6445851b2ed24314c3,low_WSe2,0.0,3.0,3.0,WSe2_0.01562,0.43776649000000134,1.8299999999999983
619cdd6445851b2ed24314c4,low_WSe2,2.0,1.0,3.0,WSe2_0.01562,23.111238739999898,1.2445000000000022
619cdd6445851b2ed24314c5,low_WSe2,0.0,3.0,3.0,WSe2_0.01562,0.427640560000043,1.8252999999999986
619cdd6445851b2ed24314c6,low_WSe2,2.0,1.0,3.0,WSe2_0.01562,39.342358520000104,0.27009999999999934
619cdd6445851b2ed24314c7,low_WSe2,2.0,1.0,3.0,WSe2_0.01562,39.2319214300001,0.2173999999999996
619cdd6445851b2ed24314c8,low_WSe2,2.0,1.0,3.0,WSe2_0.01562,39.19501808999989,0.20730000000000004
619cdd6445851b2ed24314c9,low_WSe2,2.0,1.0,3.0,WSe2_0.01562,39.230855399999925,0.19900000000000162
619cdd6445851b2ed24314ca,low_WSe2,2.0,1.0,3.0,WSe2_0.01562,39.24395144000009,0.1855000000000011
619cdd6445851b2ed24314cb,low_WSe2,2.0,1.0,3.0,WSe2_0.01562,23.1487276799999,1.1807999999999979
619cdd6445851b2ed24314cc,low_WSe2,2.0,1.0,3.0,WSe2_0.01562,38.62751278,0.1913999999999998
619cdd6445851b2ed24314cd,low_WSe2,0.0,3.0,3.0,WSe2_0.01562,0.4370780500000251,1.8256999999999977
619cdd6445851b2ed24314ce,low_WSe2,0.0,3.0,3.0,WSe2_0.01562,0.42861164000004237,1.8284999999999982
619cdd6445851b2ed24314cf,low_WSe2,2.0,1.0,3.0,WSe2_0.01562,39.33880825999999,0.266
619cdd6445851b2ed24314d0,low_WSe2,1.0,2.0,3.0,WSe2_0.01562,11.771103060000076,1.305500000000002
619cdd6445851b2ed24314d1,low_WSe2,2.0,1.0,3.0,WSe2_0.01562,39.250393860000074,0.19409999999999883
619cdd6445851b2ed24314d2,low_WSe2,1.0,2.0,3.0,WSe2_0.01562,28.001684049999994,0.2627999999999986
619cdd6445851b2ed24314d3,low_WSe2,2.0,1.0,3.0,WSe2_0.01562,39.191624350000026,0.20309999999999917
619cdd6445851b2ed24314d4,low_WSe2,0.0,3.0,3.0,WSe2_0.01562,0.42993997999991507,1.8285999999999945
619cdd6445851b2ed24314d5,low_WSe2,1.0,2.0,3.0,WSe2_0.01562,11.772269629999972,1.3056000000000054
619cdd6445851b2ed24314d6,low_WSe2,1.0,2.0,3.0,WSe2_0.01562,28.052353840000023,0.21870000000000012
619cdd6445851b2ed24314d7,low_WSe2,1.0,2.0,3.0,WSe2_0.01562,11.775373050000088,1.2895000000000039
619cdd6445851b2ed24314d8,low_WSe2,3.0,0.0,3.0,WSe2_0.01562,50.54894389000001,0.15649999999999942
619cdd6445851b2ed24314d9,low_WSe2,1.0,2.0,3.0,WSe2_0.01562,27.920542289999958,0.19310000000000116
619cdd6445851b2ed24314da,low_WSe2,2.0,1.0,3.0,WSe2_0.01562,23.098965109999916,1.1994999999999933
619cdd6445851b2ed24314db,low_WSe2,1.0,2.0,3.0,WSe2_0.01562,11.7609127600001,1.2974999999999994
619cdd6445851b2ed24314dc,low_WSe2,3.0,0.0,3.0,WSe2_0.01562,50.607391769999914,0.2245999999999988
619cdd6445851b2ed24314dd,low_WSe2,1.0,2.0,3.0,WSe2_0.01562,11.7817356800001,1.1552000000000007
619cdd6445851b2ed24314de,low_WSe2,2.0,1.0,3.0,WSe2_0.01562,39.27398391999991,0.18379999999999974
619cdd6445851b2ed24314df,low_WSe2,1.0,2.0,3.0,WSe2_0.01562,27.891519849999895,0.1739000000000015
619cdd6445851b2ed24314e0,low_WSe2,1.0,2.0,3.0,WSe2_0.01562,11.774590089999936,1.3019999999999996
619cdd6445851b2ed24314e1,low_WSe2,1.0,2.0,3.0,WSe2_0.01562,11.767204329999903,1.2965000000000018
619cdd6445851b2ed24314e2,low_WSe2,2.0,1.0,3.0,WSe2_0.01562,23.10739068999991,1.282100000000007
619cdd6445851b2ed24314e3,low_WSe2,2.0,1.0,3.0,WSe2_0.01562,39.19588434999996,0.18430000000000035
619cdd6445851b2ed24314e4,low_WSe2,0.0,3.0,3.0,WSe2_0.01562,0.45488653999990447,1.8286999999999978
619cdd6445851b2ed24314e5,low_WSe2,2.0,1.0,3.0,WSe2_0.01562,23.2616930699999,0.8481000000000023
619cdd6445851b2ed24314e6,low_WSe2,3.0,0.0,3.0,WSe2_0.01562,49.92252685999993,0.18009999999999948
619cdd6445851b2ed24314e7,low_WSe2,1.0,2.0,3.0,WSe2_0.01562,11.77238568000006,1.2845000000000013
619cdd6445851b2ed24314e8,low_WSe2,2.0,1.0,3.0,WSe2_0.01562,38.62945139000003,0.19459999999999944
619cdd6445851b2ed24314e9,low_WSe2,1.0,2.0,3.0,WSe2_0.01562,11.762752059999901,1.3024000000000058
619cdd6445851b2ed24314ea,low_WSe2,1.0,2.0,3.0,WSe2_0.01562,27.877699630000052,0.1750999999999987
619cdd6445851b2ed24314eb,low_WSe2,3.0,0.0,3.0,WSe2_0.01562,50.559021500000064,0.19570000000000043
619cdd6445851b2ed24314ec,low_WSe2,1.0,2.0,3.0,WSe2_0.01562,11.766382349999947,1.2676000000000016
619cdd6445851b2ed24314ed,low_WSe2,2.0,1.0,3.0,WSe2_0.01562,23.117856150000115,1.2782000000000053
619cdd6445851b2ed24314ee,low_WSe2,3.0,0.0,3.0,WSe2_0.01562,50.68180835999997,0.17070000000000007
619cdd6445851b2ed24314ef,low_WSe2,1.0,2.0,3.0,WSe2_0.01562,28.00015030999998,0.26250000000000107
619cdd6445851b2ed24314f0,low_WSe2,0.0,2.0,2.0,WSe2_0.01042,-3.3232573699998973,1.8652999999999995
619cdd6445851b2ed24314f1,low_WSe2,1.0,2.0,3.0,WSe2_0.01562,27.946950660000084,0.1664999999999992
619cdd6445851b2ed24314f2,low_WSe2,1.0,2.0,3.0,WSe2_0.01562,11.767353879999963,1.2959000000000032
619cdd6445851b2ed24314f3,low_WSe2,2.0,1.0,3.0,WSe2_0.01562,23.127784060000103,1.2820999999999998
619cdd6445851b2ed24314f4,low_WSe2,2.0,1.0,3.0,WSe2_0.01562,39.38005230000003,0.2646999999999995
619cdd6445851b2ed24314f5,low_WSe2,1.0,2.0,3.0,WSe2_0.01562,11.793649210000002,1.3004999999999995
619cdd6445851b2ed24314f6,low_WSe2,2.0,1.0,3.0,WSe2_0.01562,23.274038430000054,0.8589000000000055
619cdd6445851b2ed24314f7,low_WSe2,1.0,2.0,3.0,WSe2_0.01562,11.769531399999995,1.2975999999999956
619cdd6445851b2ed24314f8,low_WSe2,2.0,1.0,3.0,WSe2_0.01562,39.245302269999954,0.1836000000000002
619cdd6445851b2ed24314f9,low_WSe2,2.0,1.0,3.0,WSe2_0.01562,39.232083890000055,0.19159999999999933
619cdd6445851b2ed24314fa,low_WSe2,3.0,0.0,3.0,WSe2_0.01562,50.67096733000003,0.17440000000000033
619cdd6445851b2ed24314fb,low_WSe2,1.0,2.0,3.0,WSe2_0.01562,11.798073350000085,1.3018
619cdd6445851b2ed24314fc,low_WSe2,1.0,2.0,3.0,WSe2_0.01562,11.7743782299999,1.2980000000000018
619cdd6445851b2ed24314fd,low_WSe2,1.0,2.0,3.0,WSe2_0.01562,11.758177610000065,1.3028000000000048
619cdd6445851b2ed24314fe,low_WSe2,0.0,3.0,3.0,WSe2_0.01562,0.43766058999989355,1.8323999999999998
619cdd6445851b2ed24314ff,low_WSe2,2.0,1.0,3.0,WSe2_0.01562,39.22565966000006,0.19720000000000049
619cdd6445851b2ed2431500,low_WSe2,3.0,0.0,3.0,WSe2_0.01562,48.89910519000009,0.15549999999999997
619cdd6445851b2ed2431501,low_WSe2,2.0,1.0,3.0,WSe2_0.01562,39.23619046000003,0.20319999999999894
619cdd6445851b2ed2431502,low_WSe2,2.0,1.0,3.0,WSe2_0.01562,39.25068298000001,0.1943999999999999
619cdd6445851b2ed2431503,low_WSe2,2.0,1.0,3.0,WSe2_0.01562,38.638021770000066,0.1941000000000006
619cdd6445851b2ed2431504,low_WSe2,2.0,1.0,3.0,WSe2_0.01562,23.11945668000002,1.287700000000001
619cdd6445851b2ed2431505,low_WSe2,1.0,2.0,3.0,WSe2_0.01562,11.752212560000078,1.2971999999999966
619cdd6445851b2ed2431506,low_WSe2,1.0,2.0,3.0,WSe2_0.01562,27.990756229999988,0.26529999999999987
619cdd6445851b2ed2431507,low_WSe2,0.0,2.0,2.0,WSe2_0.01042,-3.3198057799999567,1.8659999999999997
619cdd6445851b2ed2431508,low_WSe2,2.0,1.0,3.0,WSe2_0.01562,39.323078290000055,0.26510000000000034
619cdd6445851b2ed2431509,low_WSe2,1.0,2.0,3.0,WSe2_0.01562,27.91344028000003,0.19730000000000025
619cdd6445851b2ed243150a,low_WSe2,1.0,0.0,1.0,WSe2_0.00521,31.323757049999973,0.2591000000000001
619cdd6445851b2ed243150b,low_WSe2,3.0,0.0,3.0,WSe2_0.01562,50.52253165000011,0.20220000000000127
619cdd6445851b2ed243150c,low_WSe2,0.0,3.0,3.0,WSe2_0.01562,0.4277281100000323,1.8243999999999971
619cdd6445851b2ed243150d,low_WSe2,1.0,2.0,3.0,WSe2_0.01562,11.764724999999988,1.3025999999999982
619cdd6445851b2ed243150e,low_WSe2,1.0,2.0,3.0,WSe2_0.01562,11.77108674000009,1.3034000000000034
619cdd6545851b2ed243150f,low_WSe2,2.0,1.0,3.0,WSe2_0.01562,23.10946902000004,1.2539000000000016
619cdd6545851b2ed2431510,low_WSe2,2.0,1.0,3.0,WSe2_0.01562,39.24839200000001,0.20019999999999882
619cdd6545851b2ed2431511,low_WSe2,1.0,2.0,3.0,WSe2_0.01562,11.770886190000045,1.2882999999999996
619cdd6545851b2ed2431512,low_WSe2,2.0,1.0,3.0,WSe2_0.01562,39.24609330999992,0.19720000000000049
619cdd6545851b2ed2431513,low_WSe2,2.0,1.0,3.0,WSe2_0.01562,37.58351672999997,0.6557999999999993
619cdd6545851b2ed2431514,low_WSe2,1.0,2.0,3.0,WSe2_0.01562,28.10727840000004,0.20829999999999949
619cdd6545851b2ed2431515,low_WSe2,3.0,0.0,3.0,WSe2_0.01562,50.56603710999989,0.2015999999999991
619cdd6545851b2ed2431516,low_WSe2,0.0,3.0,3.0,WSe2_0.01562,0.4290613699999426,1.8263999999999996
619cdd6545851b2ed2431517,low_WSe2,2.0,1.0,3.0,WSe2_0.01562,23.120674799999996,1.2872000000000057
619cdd6545851b2ed2431518,low_WSe2,1.0,2.0,3.0,WSe2_0.01562,27.875684079999928,0.1761999999999997
619cdd6545851b2ed2431519,low_WSe2,1.0,2.0,3.0,WSe2_0.01562,27.923800540000002,0.19239999999999924
619cdd6545851b2ed243151a,low_WSe2,1.0,2.0,3.0,WSe2_0.01562,11.773285980000072,1.2907999999999973
619cdd6545851b2ed243151b,low_WSe2,0.0,3.0,3.0,WSe2_0.01562,0.428004289999933,1.8333999999999975
619cdd6545851b2ed243151c,low_WSe2,2.0,1.0,3.0,WSe2_0.01562,39.18032307000003,0.2124000000000006
619cdd6545851b2ed243151d,low_WSe2,0.0,3.0,3.0,WSe2_0.01562,0.42863436000010324,1.8280999999999992
619cdd6545851b2ed243151e,low_WSe2,2.0,1.0,3.0,WSe2_0.01562,39.32293538000003,0.2718000000000007
619cdd6545851b2ed243151f,low_WSe2,2.0,1.0,3.0,WSe2_0.01562,23.110635000000038,1.2734999999999985
619cdd6545851b2ed2431520,low_WSe2,0.0,3.0,3.0,WSe2_0.01562,0.4287016600000584,1.8281999999999954
619cdd6545851b2ed2431521,low_WSe2,2.0,1.0,3.0,WSe2_0.01562,39.172595759999965,0.20910000000000117
619cdd6545851b2ed2431522,low_WSe2,3.0,0.0,3.0,WSe2_0.01562,50.6658506100001,0.28169999999999895
619cdd6545851b2ed2431523,low_WSe2,2.0,1.0,3.0,WSe2_0.01562,39.340340640000065,0.254999999999999
619cdd6545851b2ed2431524,low_WSe2,3.0,0.0,3.0,WSe2_0.01562,50.54213295999998,0.15399999999999991
619cdd6545851b2ed2431525,low_WSe2,1.0,2.0,3.0,WSe2_0.01562,11.772966029999896,1.2805999999999997
619cdd6545851b2ed2431526,low_WSe2,3.0,0.0,3.0,WSe2_0.01562,49.61693984999997,0.6512999999999991
619cdd6545851b2ed2431527,low_WSe2,1.0,2.0,3.0,WSe2_0.01562,27.91202859000009,0.1938999999999993
619cdd6545851b2ed2431528,low_WSe2,0.0,3.0,3.0,WSe2_0.01562,0.4288722999999095,1.8216999999999999
619cdd6545851b2ed2431529,low_WSe2,2.0,1.0,3.0,WSe2_0.01562,39.24054572999994,0.20110000000000028
619cdd6545851b2ed243152a,low_WSe2,0.0,3.0,3.0,WSe2_0.01562,0.42635381999997435,1.8256999999999977
619cdd6545851b2ed243152b,low_WSe2,1.0,1.0,2.0,WSe2_0.01042,8.021531459999892,1.3026
619cdd6545851b2ed243152c,low_WSe2,1.0,2.0,3.0,WSe2_0.01562,11.771440010000095,1.3031000000000006
619cdd6545851b2ed243152d,low_WSe2,1.0,2.0,3.0,WSe2_0.01562,11.777827330000026,1.2998000000000047
619cdd6545851b2ed243152e,low_WSe2,2.0,1.0,3.0,WSe2_0.01562,39.29075414000003,0.18229999999999968
619cdd6545851b2ed243152f,low_WSe2,1.0,2.0,3.0,WSe2_0.01562,11.76662753000004,1.298099999999998
619cdd6545851b2ed2431530,low_WSe2,2.0,1.0,3.0,WSe2_0.01562,39.24999443000006,0.1966000000000001
619cdd6545851b2ed2431531,low_WSe2,0.0,3.0,3.0,WSe2_0.01562,0.42690173999989156,1.8290999999999968
619cdd6545851b2ed2431532,low_WSe2,1.0,2.0,3.0,WSe2_0.01562,11.786857329999965,1.1627999999999972
619cdd6545851b2ed2431533,low_WSe2,1.0,2.0,3.0,WSe2_0.01562,11.78761671999995,1.1608000000000018
619cdd6545851b2ed2431534,low_WSe2,2.0,1.0,3.0,WSe2_0.01562,39.24512682000004,0.18909999999999982
619cdd6545851b2ed2431535,low_WSe2,0.0,3.0,3.0,WSe2_0.01562,0.4341446699999665,1.816200000000002
619cdd6545851b2ed2431536,low_WSe2,0.0,3.0,3.0,WSe2_0.01562,0.4296820700000694,1.825800000000001
619cdd6545851b2ed2431537,low_WSe2,2.0,1.0,3.0,WSe2_0.01562,39.23657435,0.26890000000000036
619cdd6545851b2ed2431538,low_WSe2,1.0,2.0,3.0,WSe2_0.01562,11.769443489999947,1.3011000000000053
619cdd6545851b2ed2431539,low_WSe2,2.0,1.0,3.0,WSe2_0.01562,39.273181459999975,0.1913999999999998
619cdd6545851b2ed243153a,low_WSe2,2.0,1.0,3.0,WSe2_0.01562,39.19901308000003,0.22229999999999883
619cdd6545851b2ed243153b,low_WSe2,1.0,2.0,3.0,WSe2_0.01562,11.781729620000068,1.2937000000000012
619cdd6545851b2ed243153c,low_WSe2,1.0,2.0,3.0,WSe2_0.01562,27.91631183000004,0.19790000000000063
619cdd6545851b2ed243153d,low_WSe2,0.0,3.0,3.0,WSe2_0.01562,0.4286815400000137,1.8255000000000052
619cdd6545851b2ed243153e,low_WSe2,3.0,0.0,3.0,WSe2_0.01562,50.56931835999999,0.1728000000000005
619cdd6545851b2ed243153f,low_WSe2,0.0,3.0,3.0,WSe2_0.01562,0.4274680699999749,1.8255999999999943
619cdd6545851b2ed2431540,low_WSe2,1.0,2.0,3.0,WSe2_0.01562,11.764251320000074,1.2993000000000023
619cdd6545851b2ed2431541,low_WSe2,1.0,2.0,3.0,WSe2_0.01562,11.765762499999926,1.3008000000000024
619cdd6545851b2ed2431542,low_WSe2,1.0,2.0,3.0,WSe2_0.01562,11.772312289999935,1.2989999999999995
619cdd6545851b2ed2431543,low_WSe2,3.0,0.0,3.0,WSe2_0.01562,50.51507621000005,0.20700000000000074
619cdd6545851b2ed2431544,low_WSe2,1.0,2.0,3.0,WSe2_0.01562,11.74363328000003,1.296599999999998
619cdd6545851b2ed2431545,low_WSe2,1.0,2.0,3.0,WSe2_0.01562,11.773375870000098,1.3019000000000034
619cdd6545851b2ed2431546,low_WSe2,0.0,3.0,3.0,WSe2_0.01562,0.4298442599999248,1.8316999999999979
619cdd6545851b2ed2431547,low_WSe2,1.0,2.0,3.0,WSe2_0.01562,11.792214029999958,1.3027000000000015
619cdd6545851b2ed2431548,low_WSe2,3.0,0.0,3.0,WSe2_0.01562,50.51620347999992,0.21859999999999857
619cdd6545851b2ed2431549,low_WSe2,3.0,0.0,3.0,WSe2_0.01562,50.49138920000005,0.16159999999999997
619cdd6545851b2ed243154a,low_WSe2,1.0,2.0,3.0,WSe2_0.01562,27.930289180000045,0.19250000000000078
619cdd6545851b2ed243154b,low_WSe2,3.0,0.0,3.0,WSe2_0.01562,50.57014482999998,0.22419999999999973
619cdd6545851b2ed243154c,low_WSe2,1.0,2.0,3.0,WSe2_0.01562,11.76587044000006,1.2954000000000008
619cdd6545851b2ed243154d,low_WSe2,3.0,0.0,3.0,WSe2_0.01562,50.543297080000094,0.21799999999999997
619cdd6545851b2ed243154e,low_WSe2,0.0,3.0,3.0,WSe2_0.01562,0.42974898000005624,1.8253999999999948
619cdd6545851b2ed243154f,low_WSe2,3.0,0.0,3.0,WSe2_0.01562,48.883857749999926,0.5975000000000001
619cdd6545851b2ed2431550,low_WSe2,2.0,1.0,3.0,WSe2_0.01562,23.119985880000094,1.2786000000000044
619cdd6545851b2ed2431551,low_WSe2,1.0,2.0,3.0,WSe2_0.01562,28.000430170000072,0.26149999999999984
619cdd6545851b2ed2431552,low_WSe2,0.0,3.0,3.0,WSe2_0.01562,0.4279789799999776,1.828000000000003
619cdd6545851b2ed2431553,low_WSe2,3.0,0.0,3.0,WSe2_0.01562,50.59900643000001,0.16439999999999877
619cdd6545851b2ed2431554,low_WSe2,2.0,1.0,3.0,WSe2_0.01562,23.041655309999932,1.1208000000000027
619cdd6545851b2ed2431555,low_WSe2,1.0,2.0,3.0,WSe2_0.01562,11.769289040000093,1.2971999999999966
619cdd6545851b2ed2431556,low_WSe2,1.0,2.0,3.0,WSe2_0.01562,28.01266297999996,0.26500000000000057
619cdd6545851b2ed2431557,low_WSe2,1.0,2.0,3.0,WSe2_0.01562,27.929825370000117,0.18769999999999953
619cdd6545851b2ed2431558,low_WSe2,0.0,3.0,3.0,WSe2_0.01562,0.42876683000002913,1.8320000000000007
619cdd6545851b2ed2431559,low_WSe2,0.0,3.0,3.0,WSe2_0.01562,0.4283153999999172,1.8233999999999995
619cdd6545851b2ed243155a,low_WSe2,2.0,1.0,3.0,WSe2_0.01562,23.11088883999995,1.2860999999999976
619cdd6545851b2ed243155b,low_WSe2,2.0,1.0,3.0,WSe2_0.01562,38.629685599999945,0.19209999999999994
619cdd6545851b2ed243155c,low_WSe2,2.0,1.0,3.0,WSe2_0.01562,23.115536130000045,1.1989000000000019
619cdd6545851b2ed243155d,low_WSe2,2.0,1.0,3.0,WSe2_0.01562,39.26875270999999,0.18410000000000082
619cdd6545851b2ed243155e,low_WSe2,1.0,1.0,2.0,WSe2_0.01042,13.424324520000098,1.298499999999997
619cdd6545851b2ed243155f,low_WSe2,1.0,2.0,3.0,WSe2_0.01562,27.91951930999994,0.1911000000000005
619cdd6545851b2ed2431560,low_WSe2,1.0,2.0,3.0,WSe2_0.01562,27.998152110000092,0.264899999999999
619cdd6545851b2ed2431561,low_WSe2,2.0,1.0,3.0,WSe2_0.01562,39.23489483999997,0.15310000000000024
619cdd6545851b2ed2431562,low_WSe2,2.0,1.0,3.0,WSe2_0.01562,39.235906749999955,0.20260000000000034
619cdd6645851b2ed2431563,low_WSe2,1.0,2.0,3.0,WSe2_0.01562,27.99738174999993,0.2644000000000002
619cdd6645851b2ed2431564,low_WSe2,1.0,2.0,3.0,WSe2_0.01562,11.78555477000008,1.295499999999997
619cdd6645851b2ed2431565,low_WSe2,2.0,1.0,3.0,WSe2_0.01562,22.603439389999984,1.232599999999998
619cdd6645851b2ed2431566,low_WSe2,1.0,2.0,3.0,WSe2_0.01562,11.770203759999948,1.3023000000000025
619cdd6645851b2ed2431567,low_WSe2,0.0,3.0,3.0,WSe2_0.01562,0.42799166000003197,1.8296999999999954
619cdd6645851b2ed2431568,low_WSe2,3.0,0.0,3.0,WSe2_0.01562,50.55856847999994,0.2184999999999988
619cdd6645851b2ed2431569,low_WSe2,2.0,1.0,3.0,WSe2_0.01562,39.23638983000005,0.18400000000000105
619cdd6645851b2ed243156a,low_WSe2,0.0,3.0,3.0,WSe2_0.01562,0.4302833500000247,1.8312999999999988
619cdd6645851b2ed243156b,low_WSe2,2.0,1.0,3.0,WSe2_0.01562,23.091628700000037,1.2726000000000042
619cdd6645851b2ed243156c,low_WSe2,2.0,1.0,3.0,WSe2_0.01562,23.10201319999991,1.2579999999999956
619cdd6645851b2ed243156d,low_WSe2,1.0,2.0,3.0,WSe2_0.01562,27.997920029999932,0.2607999999999997
619cdd6645851b2ed243156e,low_WSe2,2.0,1.0,3.0,WSe2_0.01562,39.18214001999995,0.21229999999999905
619cdd6645851b2ed243156f,low_WSe2,2.0,1.0,3.0,WSe2_0.01562,23.088531720000027,1.2842000000000056
619cdd6645851b2ed2431570,low_WSe2,2.0,1.0,3.0,WSe2_0.01562,39.35115617000001,0.2704000000000004
619cdd6645851b2ed2431571,low_WSe2,1.0,2.0,3.0,WSe2_0.01562,27.880890619999946,0.17389999999999972
619cdd6645851b2ed2431572,low_WSe2,1.0,2.0,3.0,WSe2_0.01562,11.77668919000006,1.2941000000000003
619cdd6645851b2ed2431573,low_WSe2,0.0,3.0,3.0,WSe2_0.01562,0.4344585200000779,1.8286000000000016
619cdd6645851b2ed2431574,low_WSe2,1.0,2.0,3.0,WSe2_0.01562,27.914114460000064,0.1958000000000002
619cdd6645851b2ed2431575,low_WSe2,2.0,1.0,3.0,WSe2_0.01562,39.2386532200001,0.14740000000000109
619cdd6645851b2ed2431576,low_WSe2,3.0,0.0,3.0,WSe2_0.01562,50.678005090000035,0.2697000000000003
619cdd6645851b2ed2431577,low_WSe2,0.0,3.0,3.0,WSe2_0.01562,0.4323372499999891,1.8143999999999991
619cdd6645851b2ed2431578,low_WSe2,3.0,0.0,3.0,WSe2_0.01562,49.387506399999985,0.3998999999999988
619cdd6645851b2ed2431579,low_WSe2,1.0,2.0,3.0,WSe2_0.01562,27.91567052000005,0.19780000000000086
619cdd6645851b2ed243157a,low_WSe2,1.0,2.0,3.0,WSe2_0.01562,27.92846609000003,0.1864000000000008
619cdd6645851b2ed243157b,low_WSe2,0.0,3.0,3.0,WSe2_0.01562,0.4283711400000243,1.8275999999999968
619cdd6645851b2ed243157c,low_WSe2,3.0,0.0,3.0,WSe2_0.01562,50.5787053,0.19250000000000078
619cdd6645851b2ed243157d,low_WSe2,2.0,1.0,3.0,WSe2_0.01562,23.102698929999896,1.2177000000000007
619cdd6645851b2ed243157e,low_WSe2,1.0,2.0,3.0,WSe2_0.01562,11.771219539999937,1.2996000000000052
619cdd6645851b2ed243157f,low_WSe2,2.0,1.0,3.0,WSe2_0.01562,39.26287028000006,0.19369999999999976
619cdd6645851b2ed2431580,low_WSe2,3.0,0.0,3.0,WSe2_0.01562,50.666896499999986,0.27970000000000006
619cdd6645851b2ed2431581,low_WSe2,0.0,3.0,3.0,WSe2_0.01562,0.42882389999994075,1.829100000000004
619cdd6645851b2ed2431582,low_WSe2,2.0,1.0,3.0,WSe2_0.01562,39.25573127000011,0.19760000000000133
619cdd6645851b2ed2431583,low_WSe2,1.0,2.0,3.0,WSe2_0.01562,11.763916059999918,1.3021999999999991
619cdd6645851b2ed2431584,low_WSe2,1.0,2.0,3.0,WSe2_0.01562,11.761035510000045,1.3023999999999987
619cdd6645851b2ed2431585,low_WSe2,2.0,1.0,3.0,WSe2_0.01562,39.25293087000004,0.1814
619cdd6645851b2ed2431586,low_WSe2,2.0,1.0,3.0,WSe2_0.01562,39.25417433000011,0.1838999999999995
619cdd6645851b2ed2431587,low_WSe2,1.0,2.0,3.0,WSe2_0.01562,27.91573298000003,0.19369999999999976
619cdd6645851b2ed2431588,low_WSe2,2.0,1.0,3.0,WSe2_0.01562,39.265788210000025,0.19090000000000096
619cdd6645851b2ed2431589,low_WSe2,1.0,2.0,3.0,WSe2_0.01562,11.775109290000035,1.302100000000003
619cdd6645851b2ed243158a,low_WSe2,1.0,2.0,3.0,WSe2_0.01562,11.786564459999898,1.295500000000004
619cdd6645851b2ed243158b,low_WSe2,1.0,2.0,3.0,WSe2_0.01562,27.929386680000107,0.18849999999999945
619cdd6645851b2ed243158c,low_WSe2,1.0,2.0,3.0,WSe2_0.01562,11.762923089999948,1.299199999999999
619cdd6645851b2ed243158d,low_WSe2,2.0,1.0,3.0,WSe2_0.01562,39.25668098999999,0.1936
619cdd6645851b2ed243158e,low_WSe2,2.0,1.0,3.0,WSe2_0.01562,23.12263497000007,1.2801000000000045
619cdd6645851b2ed243158f,low_WSe2,1.0,2.0,3.0,WSe2_0.01562,11.769665139999905,1.302100000000003
619cdd6645851b2ed2431590,low_WSe2,1.0,2.0,3.0,WSe2_0.01562,28.144115509999892,0.34609999999999985
619cdd6645851b2ed2431591,low_WSe2,2.0,1.0,3.0,WSe2_0.01562,23.09677319999995,1.2426999999999992
619cdd6645851b2ed2431592,low_WSe2,1.0,2.0,3.0,WSe2_0.01562,11.793723020000005,1.3020999999999958
619cdd6645851b2ed2431593,low_WSe2,2.0,1.0,3.0,WSe2_0.01562,39.219821740000086,0.14949999999999974
619cdd6645851b2ed2431594,low_WSe2,0.0,3.0,3.0,WSe2_0.01562,0.42853361999999606,1.8305000000000007
619cdd6645851b2ed2431595,low_WSe2,1.0,2.0,3.0,WSe2_0.01562,27.91475125000011,0.19229999999999947
619cdd6645851b2ed2431596,low_WSe2,1.0,2.0,3.0,WSe2_0.01562,27.926875580000114,0.18989999999999974
619cdd6645851b2ed2431597,low_WSe2,2.0,1.0,3.0,WSe2_0.01562,23.1160406899999,1.2695000000000007
619cdd6645851b2ed2431598,low_WSe2,2.0,1.0,3.0,WSe2_0.01562,39.36769764,0.27890000000000015
619cdd6645851b2ed2431599,low_WSe2,1.0,2.0,3.0,WSe2_0.01562,28.018192120000094,0.2475000000000005
619cdd6645851b2ed243159a,low_WSe2,3.0,0.0,3.0,WSe2_0.01562,49.96079575000008,0.19059999999999988
619cdd6645851b2ed243159b,low_WSe2,3.0,0.0,3.0,WSe2_0.01562,50.48741847999995,0.2228999999999992
619cdd6645851b2ed243159c,low_WSe2,2.0,1.0,3.0,WSe2_0.01562,23.099408029999985,1.2672000000000025
619cdd6645851b2ed243159d,low_WSe2,2.0,1.0,3.0,WSe2_0.01562,39.217453150000026,0.16610000000000014
619cdd6645851b2ed243159e,low_WSe2,3.0,0.0,3.0,WSe2_0.01562,50.643001989999995,0.2790999999999997
619cdd6645851b2ed243159f,low_WSe2,2.0,1.0,3.0,WSe2_0.01562,23.13698361000005,1.281800000000004
619cdd6645851b2ed24315a0,low_WSe2,2.0,1.0,3.0,WSe2_0.01562,39.24503209999993,0.19789999999999885
619cdd6645851b2ed24315a1,low_WSe2,2.0,1.0,3.0,WSe2_0.01562,23.106364929999962,1.2705999999999946
619cdd6645851b2ed24315a2,low_WSe2,1.0,2.0,3.0,WSe2_0.01562,11.768461590000005,1.298499999999997
619cdd6645851b2ed24315a3,low_WSe2,1.0,2.0,3.0,WSe2_0.01562,11.776258119999955,1.3044000000000011
619cdd6645851b2ed24315a4,low_WSe2,3.0,0.0,3.0,WSe2_0.01562,50.57411527999998,0.20690000000000097
619cdd6645851b2ed24315a5,low_WSe2,0.0,3.0,3.0,WSe2_0.01562,0.42943710000002966,1.8281999999999954
619cdd6645851b2ed24315a6,low_WSe2,3.0,0.0,3.0,WSe2_0.01562,49.95365845000001,0.17859999999999943
619cdd6645851b2ed24315a7,low_WSe2,2.0,1.0,3.0,WSe2_0.01562,39.24396013999994,0.18950000000000067
619cdd6645851b2ed24315a8,low_WSe2,2.0,1.0,3.0,WSe2_0.01562,39.27135122999998,0.19890000000000008
619cdd6645851b2ed24315a9,low_WSe2,1.0,2.0,3.0,WSe2_0.01562,11.748318740000048,1.296199999999999
619cdd6645851b2ed24315aa,low_WSe2,1.0,2.0,3.0,WSe2_0.01562,27.917699820000053,0.19470000000000098
619cdd6645851b2ed24315ab,low_WSe2,1.0,2.0,3.0,WSe2_0.01562,27.93508029999998,0.1902999999999988
619cdd6645851b2ed24315ac,low_WSe2,2.0,1.0,3.0,WSe2_0.01562,39.259303939999924,0.1960999999999995
619cdd6645851b2ed24315ad,low_WSe2,2.0,1.0,3.0,WSe2_0.01562,39.25237889999998,0.2662999999999993
619cdd6645851b2ed24315ae,low_WSe2,0.0,2.0,2.0,WSe2_0.01042,2.0902989599999504,1.833200000000005
619cdd6645851b2ed24315af,low_WSe2,1.0,2.0,3.0,WSe2_0.01562,11.758884809999916,1.2973
619cdd6645851b2ed24315b0,low_WSe2,2.0,1.0,3.0,WSe2_0.01562,23.12065164000004,1.2851999999999961
619cdd6645851b2ed24315b1,low_WSe2,2.0,1.0,3.0,WSe2_0.01562,39.18987689000009,0.2662000000000013
619cdd6645851b2ed24315b2,low_WSe2,2.0,1.0,3.0,WSe2_0.01562,23.04059370000008,1.119499999999995
619cdd6645851b2ed24315b3,low_WSe2,2.0,1.0,3.0,WSe2_0.01562,39.23050418999996,0.21509999999999962
619cdd6645851b2ed24315b4,low_WSe2,1.0,2.0,3.0,WSe2_0.01562,11.773841409999921,1.3001000000000005
619cdd6645851b2ed24315b5,low_WSe2,1.0,2.0,3.0,WSe2_0.01562,11.760403230000055,1.2989999999999995
619cdd6645851b2ed24315b6,low_WSe2,1.0,2.0,3.0,WSe2_0.01562,11.787280089999957,1.1614999999999966
619cdd6745851b2ed24315b7,low_WSe2,2.0,0.0,2.0,WSe2_0.01042,40.99860097999989,0.26560000000000095
619cdd6745851b2ed24315b8,low_WSe2,2.0,1.0,3.0,WSe2_0.01562,23.12675380999989,1.2835999999999999
619cdd6745851b2ed24315b9,low_WSe2,2.0,1.0,3.0,WSe2_0.01562,23.126316290000013,1.1330000000000027
619cdd6745851b2ed24315ba,low_WSe2,2.0,1.0,3.0,WSe2_0.01562,39.22317679999996,0.20530000000000115
619cdd6745851b2ed24315bb,low_WSe2,2.0,1.0,3.0,WSe2_0.01562,39.23921283999998,0.20209999999999972
619cdd6745851b2ed24315bc,low_WSe2,2.0,1.0,3.0,WSe2_0.01562,39.19787285000011,0.14230000000000054
619cdd6745851b2ed24315bd,low_WSe2,2.0,1.0,3.0,WSe2_0.01562,23.107495750000034,1.1998999999999995
619cdd6745851b2ed24315be,low_WSe2,1.0,2.0,3.0,WSe2_0.01562,11.77709391999996,1.2989000000000033
619cdd6745851b2ed24315bf,low_WSe2,0.0,3.0,3.0,WSe2_0.01562,0.4545675199998982,1.826900000000002
619cdd6745851b2ed24315c0,low_WSe2,1.0,2.0,3.0,WSe2_0.01562,27.973006409999925,0.15660000000000096
619cdd6745851b2ed24315c1,low_WSe2,2.0,1.0,3.0,WSe2_0.01562,23.125500220000085,1.2817000000000007
619cdd6745851b2ed24315c2,low_WSe2,1.0,2.0,3.0,WSe2_0.01562,11.799158069999965,1.2650000000000006
619cdd6745851b2ed24315c3,low_WSe2,2.0,1.0,3.0,WSe2_0.01562,23.09789052,1.2432999999999979
619cdd6745851b2ed24315c4,low_WSe2,2.0,1.0,3.0,WSe2_0.01562,39.198405879999925,0.20479999999999876
619cdd6745851b2ed24315c5,low_WSe2,1.0,2.0,3.0,WSe2_0.01562,27.912112839999963,0.1968999999999994
619cdd6745851b2ed24315c6,low_WSe2,1.0,2.0,3.0,WSe2_0.01562,27.912208389999932,0.20139999999999958
619cdd6745851b2ed24315c7,low_WSe2,1.0,2.0,3.0,WSe2_0.01562,11.770235769999989,1.2987000000000037
619cdd6745851b2ed24315c8,low_WSe2,2.0,1.0,3.0,WSe2_0.01562,23.116501159999906,1.270700000000005
619cdd6745851b2ed24315c9,low_WSe2,2.0,1.0,3.0,WSe2_0.01562,39.23745983999997,0.17389999999999972
619cdd6745851b2ed24315ca,low_WSe2,1.0,2.0,3.0,WSe2_0.01562,11.715165520000017,1.1612999999999971
619cdd6745851b2ed24315cb,low_WSe2,1.0,2.0,3.0,WSe2_0.01562,11.785751090000065,1.1601
619cdd6745851b2ed24315cc,low_WSe2,1.0,2.0,3.0,WSe2_0.01562,11.762435919999906,1.2985000000000042
619cdd6745851b2ed24315cd,low_WSe2,2.0,1.0,3.0,WSe2_0.01562,23.110591079999985,1.2698999999999998
619cdd6745851b2ed24315ce,low_WSe2,2.0,1.0,3.0,WSe2_0.01562,39.23421751000005,0.20069999999999943
619cdd6745851b2ed24315cf,low_WSe2,1.0,2.0,3.0,WSe2_0.01562,27.915497980000055,0.19250000000000078
619cdd6745851b2ed24315d0,low_WSe2,1.0,2.0,3.0,WSe2_0.01562,27.924161249999997,0.19320000000000093
619cdd6745851b2ed24315d1,low_WSe2,1.0,2.0,3.0,WSe2_0.01562,27.87129299000003,0.20369999999999955
619cdd6745851b2ed24315d2,low_WSe2,3.0,0.0,3.0,WSe2_0.01562,50.492602420000004,0.2068999999999992
619cdd6745851b2ed24315d3,low_WSe2,1.0,2.0,3.0,WSe2_0.01562,27.8877222000001,0.17189999999999905
619cdd6745851b2ed24315d4,low_WSe2,1.0,2.0,3.0,WSe2_0.01562,11.766592619999972,1.2957999999999998
619cdd6745851b2ed24315d5,low_WSe2,2.0,1.0,3.0,WSe2_0.01562,23.111333860000094,1.1976000000000013
619cdd6745851b2ed24315d6,low_WSe2,1.0,1.0,2.0,WSe2_0.01042,13.426093820000077,1.2997000000000014
619cdd6745851b2ed24315d7,low_WSe2,2.0,1.0,3.0,WSe2_0.01562,39.19476379000007,0.20189999999999841
619cdd6745851b2ed24315d8,low_WSe2,0.0,3.0,3.0,WSe2_0.01562,0.4251614399999539,1.8236999999999952
619cdd6745851b2ed24315d9,low_WSe2,1.0,2.0,3.0,WSe2_0.01562,27.917192489999934,0.1938999999999993
619cdd6745851b2ed24315da,low_WSe2,2.0,1.0,3.0,WSe2_0.01562,39.19987451999991,0.21119999999999983
619cdd6745851b2ed24315db,low_WSe2,1.0,2.0,3.0,WSe2_0.01562,27.915454140000065,0.18810000000000038
619cdd6745851b2ed24315dc,low_WSe2,2.0,1.0,3.0,WSe2_0.01562,39.326896289999965,0.24099999999999966
619cdd6745851b2ed24315dd,low_WSe2,1.0,2.0,3.0,WSe2_0.01562,11.752007519999996,1.2993000000000023
619cdd6745851b2ed24315de,low_WSe2,1.0,2.0,3.0,WSe2_0.01562,28.052765420000014,0.21929999999999872
619cdd6745851b2ed24315df,low_WSe2,0.0,3.0,3.0,WSe2_0.01562,0.45591364000000567,1.8181999999999974
619cdd6745851b2ed24315e0,low_WSe2,2.0,1.0,3.0,WSe2_0.01562,23.138316060000115,1.2824999999999989
619cdd6745851b2ed24315e1,low_WSe2,2.0,1.0,3.0,WSe2_0.01562,23.11597267999995,1.1392999999999986
619cdd6745851b2ed24315e2,low_WSe2,2.0,1.0,3.0,WSe2_0.01562,39.232160199999996,0.15949999999999953
619cdd6745851b2ed24315e3,low_WSe2,1.0,2.0,3.0,WSe2_0.01562,11.772842070000014,1.298099999999998
619cdd6745851b2ed24315e4,low_WSe2,2.0,1.0,3.0,WSe2_0.01562,39.237869679999946,0.19529999999999959
619cdd6745851b2ed24315e5,low_WSe2,3.0,0.0,3.0,WSe2_0.01562,50.555206009999985,0.21720000000000006
619cdd6745851b2ed24315e6,low_WSe2,1.0,2.0,3.0,WSe2_0.01562,11.76894317999994,1.2993999999999986
619cdd6745851b2ed24315e7,low_WSe2,1.0,2.0,3.0,WSe2_0.01562,11.772315749999951,1.3012000000000015
619cdd6745851b2ed24315e8,low_WSe2,2.0,1.0,3.0,WSe2_0.01562,39.21156707999994,0.18440000000000012
619cdd6745851b2ed24315e9,low_WSe2,1.0,2.0,3.0,WSe2_0.01562,11.783760539999992,1.2968000000000046
619cdd6745851b2ed24315ea,low_WSe2,2.0,1.0,3.0,WSe2_0.01562,39.18288865000004,0.21279999999999966
619cdd6745851b2ed24315eb,low_WSe2,3.0,0.0,3.0,WSe2_0.01562,50.53924164000009,0.21480000000000032
619cdd6745851b2ed24315ec,low_WSe2,2.0,1.0,3.0,WSe2_0.01562,23.119807029999983,1.2804000000000002
619cdd6745851b2ed24315ed,low_WSe2,0.0,3.0,3.0,WSe2_0.01562,0.42760353000011264,1.8297999999999988
619cdd6745851b2ed24315ee,low_WSe2,1.0,2.0,3.0,WSe2_0.01562,11.762269609999965,1.2989000000000033
619cdd6745851b2ed24315ef,low_WSe2,1.0,2.0,3.0,WSe2_0.01562,27.91546859999994,0.19529999999999959
619cdd6745851b2ed24315f0,low_WSe2,1.0,2.0,3.0,WSe2_0.01562,27.930525660000058,0.19340000000000046
619cdd6745851b2ed24315f1,low_WSe2,1.0,2.0,3.0,WSe2_0.01562,11.7650907300001,1.3003
619cdd6745851b2ed24315f2,low_WSe2,0.0,2.0,2.0,WSe2_0.01042,2.090092890000074,1.834699999999998
619cdd6745851b2ed24315f3,low_WSe2,2.0,1.0,3.0,WSe2_0.01562,23.1252619100001,1.2657000000000025
619cdd6745851b2ed24315f4,low_WSe2,1.0,2.0,3.0,WSe2_0.01562,11.767330560000108,1.296199999999999
619cdd6745851b2ed24315f5,low_WSe2,2.0,1.0,3.0,WSe2_0.01562,39.2713078499999,0.2596000000000007
619cdd6745851b2ed24315f6,low_WSe2,1.0,2.0,3.0,WSe2_0.01562,11.773030459999962,1.301400000000001
619cdd6745851b2ed24315f7,low_WSe2,3.0,0.0,3.0,WSe2_0.01562,50.55610299000009,0.15570000000000128
619cdd6745851b2ed24315f8,low_WSe2,1.0,2.0,3.0,WSe2_0.01562,11.768492299999924,1.2956999999999965
619cdd6745851b2ed24315f9,low_WSe2,1.0,2.0,3.0,WSe2_0.01562,11.77241430999992,1.3007000000000062
619cdd6745851b2ed24315fa,low_WSe2,2.0,1.0,3.0,WSe2_0.01562,23.11055558999991,1.2445999999999984
619cdd6745851b2ed24315fb,low_WSe2,3.0,0.0,3.0,WSe2_0.01562,50.56083191999992,0.20720000000000027
619cdd6745851b2ed24315fc,low_WSe2,2.0,1.0,3.0,WSe2_0.01562,23.11199119000006,1.2817000000000007
619cdd6745851b2ed24315fd,low_WSe2,2.0,1.0,3.0,WSe2_0.01562,22.59023686000004,1.244099999999996
619cdd6745851b2ed24315fe,low_WSe2,1.0,2.0,3.0,WSe2_0.01562,11.751718720000088,1.296599999999998
619cdd6745851b2ed24315ff,low_WSe2,2.0,1.0,3.0,WSe2_0.01562,23.11718221999994,1.2802999999999969
619cdd6745851b2ed2431600,low_WSe2,1.0,2.0,3.0,WSe2_0.01562,11.81515400000011,1.2783000000000015
619cdd6745851b2ed2431601,low_WSe2,2.0,1.0,3.0,WSe2_0.01562,23.12358391999991,1.280300000000004
619cdd6745851b2ed2431602,low_WSe2,1.0,2.0,3.0,WSe2_0.01562,28.05532416999995,0.27839999999999954
619cdd6745851b2ed2431603,low_WSe2,1.0,2.0,3.0,WSe2_0.01562,11.765796249999983,1.3031999999999968
619cdd6745851b2ed2431604,low_WSe2,0.0,3.0,3.0,WSe2_0.01562,0.43121953000007807,1.8170999999999964
619cdd6745851b2ed2431605,low_WSe2,3.0,0.0,3.0,WSe2_0.01562,50.707523780000066,0.11960000000000015
619cdd6745851b2ed2431606,low_WSe2,3.0,0.0,3.0,WSe2_0.01562,50.51924689999996,0.2129999999999992
619cdd6745851b2ed2431607,low_WSe2,1.0,2.0,3.0,WSe2_0.01562,11.762157319999904,1.2997000000000014
619cdd6745851b2ed2431608,low_WSe2,2.0,1.0,3.0,WSe2_0.01562,39.23610400000011,0.15039999999999942
619cdd6745851b2ed2431609,low_WSe2,0.0,3.0,3.0,WSe2_0.01562,0.42760091999997485,1.8303999999999974
619cdd6745851b2ed243160a,low_WSe2,2.0,1.0,3.0,WSe2_0.01562,39.207513590000005,0.21250000000000036
619cdd6845851b2ed243160b,low_WSe2,2.0,1.0,3.0,WSe2_0.01562,23.138981919999914,1.2742000000000004
619cdd6845851b2ed243160c,low_WSe2,2.0,1.0,3.0,WSe2_0.01562,23.043941879999956,1.1206999999999994
619cdd6845851b2ed243160d,low_WSe2,2.0,1.0,3.0,WSe2_0.01562,39.234886730000014,0.19329999999999892
619cdd6845851b2ed243160e,low_WSe2,3.0,0.0,3.0,WSe2_0.01562,50.51548104000003,0.21750000000000114
619cdd6845851b2ed243160f,low_WSe2,0.0,3.0,3.0,WSe2_0.01562,0.4274751600000286,1.828400000000002
619cdd6845851b2ed2431610,low_WSe2,2.0,1.0,3.0,WSe2_0.01562,39.23555483,0.19700000000000095
619cdd6845851b2ed2431611,low_WSe2,2.0,1.0,3.0,WSe2_0.01562,39.230982529999935,0.19619999999999926
619cdd6845851b2ed2431612,low_WSe2,3.0,0.0,3.0,WSe2_0.01562,50.58945552999999,0.21979999999999933
619cdd6845851b2ed2431613,low_WSe2,3.0,0.0,3.0,WSe2_0.01562,50.15449060000001,0.26010000000000133
619cdd6845851b2ed2431614,low_WSe2,3.0,0.0,3.0,WSe2_0.01562,50.00084561999993,0.17520000000000024
619cdd6845851b2ed2431615,low_WSe2,2.0,1.0,3.0,WSe2_0.01562,39.26710213999995,0.19500000000000028
619cdd6845851b2ed2431616,low_WSe2,1.0,2.0,3.0,WSe2_0.01562,27.91855129999999,0.1990999999999996
619cdd6845851b2ed2431617,low_WSe2,2.0,1.0,3.0,WSe2_0.01562,23.11984190000002,1.2682999999999964
619cdd6845851b2ed2431618,low_WSe2,1.0,2.0,3.0,WSe2_0.01562,27.92396020000001,0.18950000000000067
619cdd6845851b2ed2431619,low_WSe2,1.0,2.0,3.0,WSe2_0.01562,11.76760766999995,1.2934999999999945
619cdd6845851b2ed243161a,low_WSe2,1.0,2.0,3.0,WSe2_0.01562,11.75264530000003,1.3006000000000029
619cdd6845851b2ed243161b,low_WSe2,1.0,2.0,3.0,WSe2_0.01562,11.771594750000066,1.3011000000000053
619cdd6845851b2ed243161c,low_WSe2,1.0,2.0,3.0,WSe2_0.01562,27.91600126000003,0.19769999999999932
619cdd6845851b2ed243161d,low_WSe2,0.0,3.0,3.0,WSe2_0.01562,0.42745944000006375,1.830299999999994
619cdd6845851b2ed243161e,low_WSe2,1.0,2.0,3.0,WSe2_0.01562,28.00004304999993,0.26420000000000066
619cdd6845851b2ed243161f,low_WSe2,2.0,1.0,3.0,WSe2_0.01562,39.23551892000005,0.19700000000000095
619cdd6845851b2ed2431620,low_WSe2,2.0,1.0,3.0,WSe2_0.01562,39.252903630000034,0.1994000000000007
619cdd6845851b2ed2431621,low_WSe2,1.0,2.0,3.0,WSe2_0.01562,11.788314990000107,1.1610000000000014
619cdd6845851b2ed2431622,low_WSe2,2.0,1.0,3.0,WSe2_0.01562,37.583721380000085,0.6537000000000006
619cdd6845851b2ed2431623,low_WSe2,2.0,1.0,3.0,WSe2_0.01562,23.120050479999954,1.1490999999999971
619cdd6845851b2ed2431624,low_WSe2,1.0,2.0,3.0,WSe2_0.01562,11.775762669999938,1.304300000000005
619cdd6845851b2ed2431625,low_WSe2,1.0,2.0,3.0,WSe2_0.01562,11.765103700000044,1.3019999999999996
619cdd6845851b2ed2431626,low_WSe2,2.0,1.0,3.0,WSe2_0.01562,39.23893011999989,0.18190000000000062
619cdd6845851b2ed2431627,low_WSe2,1.0,2.0,3.0,WSe2_0.01562,11.783960330000117,1.2697000000000003
619cdd6845851b2ed2431628,low_WSe2,3.0,0.0,3.0,WSe2_0.01562,50.51409782000005,0.2118000000000002
619cdd6845851b2ed2431629,low_WSe2,2.0,1.0,3.0,WSe2_0.01562,39.19322691999996,0.20359999999999978
619cdd6845851b2ed243162a,low_WSe2,0.0,3.0,3.0,WSe2_0.01562,0.4286585199999422,1.8323999999999998
619cdd6845851b2ed243162b,low_WSe2,1.0,2.0,3.0,WSe2_0.01562,11.773776680000072,1.2987000000000037
619cdd6845851b2ed243162c,low_WSe2,1.0,2.0,3.0,WSe2_0.01562,11.774078270000008,1.3031000000000006
619cdd6845851b2ed243162d,low_WSe2,2.0,1.0,3.0,WSe2_0.01562,23.109859069999892,1.281799999999997
619cdd6845851b2ed243162e,low_WSe2,1.0,2.0,3.0,WSe2_0.01562,27.876752269999997,0.1742000000000008
619cdd6845851b2ed243162f,low_WSe2,0.0,3.0,3.0,WSe2_0.01562,0.45318755000010924,1.8288999999999973
619cdd6845851b2ed2431630,low_WSe2,0.0,3.0,3.0,WSe2_0.01562,0.42940119000007826,1.8264999999999958
619cdd6845851b2ed2431631,low_WSe2,0.0,3.0,3.0,WSe2_0.01562,0.43359597000011263,1.828800000000001
619cdd6845851b2ed2431632,low_WSe2,2.0,1.0,3.0,WSe2_0.01562,39.229335600000056,0.1512000000000011
619cdd6845851b2ed2431633,low_WSe2,0.0,3.0,3.0,WSe2_0.01562,0.42943338999992875,1.8327999999999989
619cdd6845851b2ed2431634,low_WSe2,2.0,1.0,3.0,WSe2_0.01562,23.091397740000083,1.244799999999998
619cdd6845851b2ed2431635,low_WSe2,2.0,1.0,3.0,WSe2_0.01562,39.251786970000055,0.18870000000000076
619cdd6845851b2ed2431636,low_WSe2,1.0,2.0,3.0,WSe2_0.01562,28.000750059999973,0.2619000000000007
619cdd6845851b2ed2431637,low_WSe2,1.0,2.0,3.0,WSe2_0.01562,11.774709230000088,1.284399999999998
619cdd6845851b2ed2431638,low_WSe2,2.0,1.0,3.0,WSe2_0.01562,22.579721999999983,1.2457000000000065
619cdd6845851b2ed2431639,low_WSe2,2.0,1.0,3.0,WSe2_0.01562,39.32980116000003,0.26789999999999914
619cdd6845851b2ed243163a,low_WSe2,0.0,3.0,3.0,WSe2_0.01562,0.42803661000010607,1.8280999999999992
619cdd6845851b2ed243163b,low_WSe2,2.0,1.0,3.0,WSe2_0.01562,39.17753991999989,0.22719999999999985
619cdd6845851b2ed243163c,low_WSe2,2.0,1.0,3.0,WSe2_0.01562,38.63460977000004,0.1875
619cdd6845851b2ed243163d,low_WSe2,2.0,1.0,3.0,WSe2_0.01562,23.113507829999925,1.2839000000000027
619cdd6845851b2ed243163e,low_WSe2,2.0,1.0,3.0,WSe2_0.01562,39.28716151999997,0.1698000000000004
619cdd6845851b2ed243163f,low_WSe2,1.0,2.0,3.0,WSe2_0.01562,27.99297765999995,0.2643000000000004
619cdd6845851b2ed2431640,low_WSe2,1.0,2.0,3.0,WSe2_0.01562,27.934918169999946,0.1875
619cdd6845851b2ed2431641,low_WSe2,3.0,0.0,3.0,WSe2_0.01562,50.671236980000096,0.27449999999999974
619cdd6845851b2ed2431642,low_WSe2,2.0,1.0,3.0,WSe2_0.01562,38.638235189999975,0.19699999999999918
619cdd6845851b2ed2431643,low_WSe2,2.0,1.0,3.0,WSe2_0.01562,39.306094229999914,0.1620000000000008
619cdd6845851b2ed2431644,low_WSe2,2.0,1.0,3.0,WSe2_0.01562,39.33384202000006,0.25229999999999997
619cdd6845851b2ed2431645,low_WSe2,3.0,0.0,3.0,WSe2_0.01562,49.99197310999998,0.25
619cdd6845851b2ed2431646,low_WSe2,2.0,1.0,3.0,WSe2_0.01562,39.34445260000011,0.27120000000000033
619cdd6845851b2ed2431647,low_WSe2,3.0,0.0,3.0,WSe2_0.01562,50.56348816,0.20069999999999943
619cdd6845851b2ed2431648,low_WSe2,1.0,2.0,3.0,WSe2_0.01562,11.77465305999998,1.299900000000001
619cdd6845851b2ed2431649,low_WSe2,1.0,2.0,3.0,WSe2_0.01562,27.915193959999897,0.19740000000000002
619cdd6845851b2ed243164a,low_WSe2,1.0,2.0,3.0,WSe2_0.01562,11.782780750000018,1.2941000000000003
619cdd6845851b2ed243164b,low_WSe2,1.0,2.0,3.0,WSe2_0.01562,28.00750543999993,0.232800000000001
619cdd6845851b2ed243164c,low_WSe2,2.0,1.0,3.0,WSe2_0.01562,39.22077964000009,0.21979999999999933
619cdd6845851b2ed243164d,low_WSe2,1.0,2.0,3.0,WSe2_0.01562,27.99799819000009,0.2663000000000011
619cdd6845851b2ed243164e,low_WSe2,2.0,1.0,3.0,WSe2_0.01562,39.21648931999998,0.1750000000000007
619cdd6845851b2ed243164f,low_WSe2,2.0,1.0,3.0,WSe2_0.01562,39.24285571,0.1880000000000006
619cdd6845851b2ed2431650,low_WSe2,1.0,2.0,3.0,WSe2_0.01562,27.935194279999905,0.19340000000000046
619cdd6845851b2ed2431651,low_WSe2,2.0,1.0,3.0,WSe2_0.01562,22.59090917999996,1.2485
619cdd6845851b2ed2431652,low_WSe2,1.0,2.0,3.0,WSe2_0.01562,11.766813070000115,1.3018999999999963
619cdd6845851b2ed2431653,low_WSe2,1.0,2.0,3.0,WSe2_0.01562,11.800021129999994,1.292899999999996
619cdd6845851b2ed2431654,low_WSe2,1.0,2.0,3.0,WSe2_0.01562,11.786156729999892,1.2956000000000003
619cdd6845851b2ed2431655,low_WSe2,1.0,2.0,3.0,WSe2_0.01562,27.879700779999894,0.17330000000000112
619cdd6845851b2ed2431656,low_WSe2,1.0,2.0,3.0,WSe2_0.01562,11.758735000000105,1.3017000000000039
619cdd6845851b2ed2431657,low_WSe2,2.0,1.0,3.0,WSe2_0.01562,39.24046705999994,0.19810000000000016
619cdd6845851b2ed2431658,low_WSe2,1.0,2.0,3.0,WSe2_0.01562,27.920127009999987,0.20180000000000042
619cdd6845851b2ed2431659,low_WSe2,3.0,0.0,3.0,WSe2_0.01562,49.963835440000004,0.19039999999999857
619cdd6845851b2ed243165a,low_WSe2,1.0,2.0,3.0,WSe2_0.01562,27.9503871899999,0.16589999999999883
619cdd6945851b2ed243165b,low_WSe2,1.0,2.0,3.0,WSe2_0.01562,28.0154096199999,0.24829999999999863
619cdd6945851b2ed243165c,low_WSe2,1.0,2.0,3.0,WSe2_0.01562,11.769226610000022,1.299199999999999
619cdd6945851b2ed243165d,low_WSe2,0.0,3.0,3.0,WSe2_0.01562,0.4269541699999877,1.8314999999999984
619cdd6945851b2ed243165e,low_WSe2,2.0,1.0,3.0,WSe2_0.01562,23.112138360000053,1.2011000000000038
619cdd6945851b2ed243165f,low_WSe2,1.0,2.0,3.0,WSe2_0.01562,11.767083030000084,1.2926000000000002
619cdd6945851b2ed2431660,low_WSe2,3.0,0.0,3.0,WSe2_0.01562,50.58672308000005,0.2203999999999997
619cdd6945851b2ed2431661,low_WSe2,2.0,1.0,3.0,WSe2_0.01562,39.25759694000003,0.19599999999999973
619cdd6945851b2ed2431662,low_WSe2,1.0,1.0,2.0,WSe2_0.01042,13.433006920000096,1.298099999999998
619cdd6945851b2ed2431663,low_WSe2,0.0,3.0,3.0,WSe2_0.01562,0.45422112999989395,1.8325999999999993
619cdd6945851b2ed2431664,low_WSe2,0.0,3.0,3.0,WSe2_0.01562,0.42660622000011017,1.8267999999999986
619cdd6945851b2ed2431665,low_WSe2,1.0,2.0,3.0,WSe2_0.01562,27.937080530000003,0.1844999999999999
619cdd6945851b2ed2431666,low_WSe2,1.0,2.0,3.0,WSe2_0.01562,28.066686910000044,0.2797999999999998
619cdd6945851b2ed2431667,low_WSe2,3.0,0.0,3.0,WSe2_0.01562,48.62727836999998,0.46229999999999905
619cdd6945851b2ed2431668,low_WSe2,2.0,1.0,3.0,WSe2_0.01562,39.22083372999991,0.1471
619cdd6945851b2ed2431669,low_WSe2,0.0,3.0,3.0,WSe2_0.01562,0.4293678299999897,1.8303999999999974
619cdd6945851b2ed243166a,low_WSe2,2.0,1.0,3.0,WSe2_0.01562,23.12531257000004,1.2805000000000035
619cdd6945851b2ed243166b,low_WSe2,1.0,2.0,3.0,WSe2_0.01562,11.749138419999998,1.295500000000004
619cdd6945851b2ed243166c,low_WSe2,2.0,1.0,3.0,WSe2_0.01562,39.24456708000007,0.1938999999999993
619cdd6945851b2ed243166d,low_WSe2,1.0,2.0,3.0,WSe2_0.01562,11.768249660000027,1.3019999999999996
619cdd6945851b2ed243166e,low_WSe2,1.0,2.0,3.0,WSe2_0.01562,27.994882109999935,0.26399999999999935
619cdd6945851b2ed243166f,low_WSe2,2.0,1.0,3.0,WSe2_0.01562,39.20869619999989,0.2041000000000004
619cdd6945851b2ed2431670,low_WSe2,1.0,2.0,3.0,WSe2_0.01562,11.772721580000042,1.2832000000000008
619cdd6945851b2ed2431671,low_WSe2,2.0,1.0,3.0,WSe2_0.01562,39.225862280000044,0.1471
619cdd6945851b2ed2431672,low_WSe2,1.0,2.0,3.0,WSe2_0.01562,11.752401239999916,1.295500000000004
619cdd6945851b2ed2431673,low_WSe2,1.0,2.0,3.0,WSe2_0.01562,27.919051800000034,0.1958000000000002
619cdd6945851b2ed2431674,low_WSe2,2.0,1.0,3.0,WSe2_0.01562,39.24618278000007,0.19760000000000133
619cdd6945851b2ed2431675,low_WSe2,2.0,1.0,3.0,WSe2_0.01562,23.107888739999943,1.2464000000000013
619cdd6945851b2ed2431676,low_WSe2,2.0,1.0,3.0,WSe2_0.01562,23.12307037999998,1.2648999999999972
619cdd6945851b2ed2431677,low_WSe2,1.0,2.0,3.0,WSe2_0.01562,11.74914689000001,1.2963999999999984
619cdd6945851b2ed2431678,low_WSe2,1.0,2.0,3.0,WSe2_0.01562,27.91543853999997,0.19149999999999956
619cdd6945851b2ed2431679,low_WSe2,2.0,1.0,3.0,WSe2_0.01562,38.63424723000007,0.18929999999999936
619cdd6945851b2ed243167a,low_WSe2,2.0,1.0,3.0,WSe2_0.01562,23.119365099999904,1.2817000000000007
619cdd6945851b2ed243167b,low_WSe2,0.0,3.0,3.0,WSe2_0.01562,0.43664879000010615,1.8226999999999975
619cdd6945851b2ed243167c,low_WSe2,2.0,1.0,3.0,WSe2_0.01562,23.115151799999957,1.2642999999999986
619cdd6945851b2ed243167d,low_WSe2,2.0,1.0,3.0,WSe2_0.01562,39.15839688999999,0.19519999999999982
619cdd6945851b2ed243167e,low_WSe2,2.0,1.0,3.0,WSe2_0.01562,39.23581698999992,0.19309999999999938
619cdd6945851b2ed243167f,low_WSe2,2.0,1.0,3.0,WSe2_0.01562,23.099235930000113,1.2567999999999984
619cdd6945851b2ed2431680,low_WSe2,1.0,2.0,3.0,WSe2_0.01562,11.773222569999906,1.3028000000000048
619cdd6945851b2ed2431681,low_WSe2,3.0,0.0,3.0,WSe2_0.01562,50.5882376999999,0.27110000000000056
619cdd6945851b2ed2431682,low_WSe2,2.0,1.0,3.0,WSe2_0.01562,39.19569039999992,0.20849999999999902
619cdd6945851b2ed2431683,low_WSe2,2.0,1.0,3.0,WSe2_0.01562,23.082619430000058,1.2180999999999997
619cdd6945851b2ed2431684,low_WSe2,1.0,2.0,3.0,WSe2_0.01562,11.775059540000019,1.3006000000000029
619cdd6945851b2ed2431685,low_WSe2,1.0,2.0,3.0,WSe2_0.01562,27.917839790000016,0.19019999999999904
619cdd6945851b2ed2431686,low_WSe2,0.0,3.0,3.0,WSe2_0.01562,0.4253246000000104,1.8238999999999947
619cdd6945851b2ed2431687,low_WSe2,1.0,2.0,3.0,WSe2_0.01562,11.799131060000025,1.1401000000000039
619cdd6945851b2ed2431688,low_WSe2,2.0,1.0,3.0,WSe2_0.01562,39.226317899999955,0.13949999999999996
619cdd6945851b2ed2431689,low_WSe2,0.0,3.0,3.0,WSe2_0.01562,0.42857975000009674,1.8303999999999974
619cdd6945851b2ed243168a,low_WSe2,3.0,0.0,3.0,WSe2_0.01562,50.57343307999995,0.19870000000000054
619cdd6945851b2ed243168b,low_WSe2,3.0,0.0,3.0,WSe2_0.01562,50.48230789999989,0.23220000000000063
619cdd6945851b2ed243168c,low_WSe2,1.0,2.0,3.0,WSe2_0.01562,11.765666210000052,1.3040999999999983
619cdd6945851b2ed243168d,low_WSe2,3.0,0.0,3.0,WSe2_0.01562,50.48709386000005,0.15039999999999942
619cdd6945851b2ed243168e,low_WSe2,2.0,0.0,2.0,WSe2_0.01042,19.378606599999948,1.2719000000000005
619cdd6945851b2ed243168f,low_WSe2,2.0,1.0,3.0,WSe2_0.01562,23.08241365000007,1.2563999999999993
619cdd6945851b2ed2431690,low_WSe2,1.0,2.0,3.0,WSe2_0.01562,28.051823759999934,0.28110000000000035
619cdd6945851b2ed2431691,low_WSe2,1.0,2.0,3.0,WSe2_0.01562,28.063516519999894,0.28020000000000067
619cdd6945851b2ed2431692,low_WSe2,2.0,1.0,3.0,WSe2_0.01562,23.101218739999958,1.264000000000003
619cdd6945851b2ed2431693,low_WSe2,1.0,2.0,3.0,WSe2_0.01562,28.04406212999993,0.2146000000000008
619cdd6945851b2ed2431694,low_WSe2,2.0,1.0,3.0,WSe2_0.01562,23.094995720000078,1.264800000000001
619cdd6945851b2ed2431695,low_WSe2,1.0,2.0,3.0,WSe2_0.01562,11.77393034999999,1.3019999999999996
619cdd6945851b2ed2431696,low_WSe2,1.0,2.0,3.0,WSe2_0.01562,11.78887052999993,1.3014999999999972
619cdd6945851b2ed2431697,low_WSe2,2.0,1.0,3.0,WSe2_0.01562,23.0359723500001,1.1161999999999992
619cdd6945851b2ed2431698,low_WSe2,1.0,2.0,3.0,WSe2_0.01562,27.88466552,0.1722999999999999
619cdd6945851b2ed2431699,low_WSe2,1.0,2.0,3.0,WSe2_0.01562,11.770832370000097,1.3012000000000015
619cdd6945851b2ed243169a,low_WSe2,2.0,1.0,3.0,WSe2_0.01562,39.25604073000004,0.1844999999999999
619cdd6945851b2ed243169b,low_WSe2,1.0,2.0,3.0,WSe2_0.01562,11.769780040000104,1.3004999999999995
619cdd6945851b2ed243169c,low_WSe2,2.0,1.0,3.0,WSe2_0.01562,39.245861449999936,0.19950000000000045
619cdd6945851b2ed243169d,low_WSe2,2.0,1.0,3.0,WSe2_0.01562,39.18883964000001,0.21010000000000062
619cdd6945851b2ed243169e,low_WSe2,2.0,1.0,3.0,WSe2_0.01562,39.24916583000008,0.18490000000000073
619cdd6945851b2ed243169f,low_WSe2,1.0,2.0,3.0,WSe2_0.01562,11.796504800000083,1.3002000000000038
619cdd6945851b2ed24316a0,low_WSe2,3.0,0.0,3.0,WSe2_0.01562,50.57997527000007,0.20009999999999906
619cdd6945851b2ed24316a1,low_WSe2,2.0,1.0,3.0,WSe2_0.01562,39.24039227000007,0.18259999999999899
619cdd6945851b2ed24316a2,low_WSe2,2.0,1.0,3.0,WSe2_0.01562,39.196421659999984,0.2120999999999995
619cdd6945851b2ed24316a3,low_WSe2,2.0,1.0,3.0,WSe2_0.01562,39.22939152999997,0.14589999999999925
619cdd6945851b2ed24316a4,low_WSe2,1.0,2.0,3.0,WSe2_0.01562,11.76720851999993,1.3019000000000034
619cdd6945851b2ed24316a5,low_WSe2,1.0,2.0,3.0,WSe2_0.01562,27.92831503000002,0.18009999999999948
619cdd6945851b2ed24316a6,low_WSe2,1.0,2.0,3.0,WSe2_0.01562,11.768998660000069,1.2993000000000023
619cdd6945851b2ed24316a7,low_WSe2,2.0,1.0,3.0,WSe2_0.01562,39.19445716,0.20289999999999964
619cdd6945851b2ed24316a8,low_WSe2,1.0,2.0,3.0,WSe2_0.01562,28.063129720000006,0.279300000000001
619cdd6945851b2ed24316a9,low_WSe2,2.0,1.0,3.0,WSe2_0.01562,39.19631499000006,0.20509999999999984
619cdd6945851b2ed24316aa,low_WSe2,2.0,1.0,3.0,WSe2_0.01562,23.130348980000043,1.1388000000000034
619cdd6945851b2ed24316ab,low_WSe2,1.0,2.0,3.0,WSe2_0.01562,11.772417280000116,1.3037999999999954
619cdd6945851b2ed24316ac,low_WSe2,1.0,2.0,3.0,WSe2_0.01562,11.767585009999937,1.2975999999999956
619cdd6945851b2ed24316ad,low_WSe2,0.0,3.0,3.0,WSe2_0.01562,0.4299453900000003,1.8269999999999982
619cdd6a45851b2ed24316ae,low_WSe2,2.0,1.0,3.0,WSe2_0.01562,23.08685797000002,1.2009000000000043
619cdd6a45851b2ed24316af,low_WSe2,2.0,1.0,3.0,WSe2_0.01562,37.581569720000104,0.6597000000000008
619cdd6a45851b2ed24316b0,low_WSe2,2.0,0.0,2.0,WSe2_0.01042,19.36786455999998,1.267900000000001
619cdd6a45851b2ed24316b1,low_WSe2,2.0,1.0,3.0,WSe2_0.01562,39.23338910000011,0.20230000000000103
619cdd6a45851b2ed24316b2,low_WSe2,1.0,2.0,3.0,WSe2_0.01562,11.747262320000107,1.2997000000000014
619cdd6a45851b2ed24316b3,low_WSe2,3.0,0.0,3.0,WSe2_0.01562,50.60862675000008,0.27120000000000033
619cdd6a45851b2ed24316b4,low_WSe2,2.0,1.0,3.0,WSe2_0.01562,23.11860337000011,1.2811000000000021
619cdd6a45851b2ed24316b5,low_WSe2,2.0,1.0,3.0,WSe2_0.01562,39.185622309999914,0.20730000000000004
619cdd6a45851b2ed24316b6,low_WSe2,2.0,1.0,3.0,WSe2_0.01562,39.198609130000065,0.20579999999999998
619cdd6a45851b2ed24316b7,low_WSe2,0.0,3.0,3.0,WSe2_0.01562,0.4289824899998962,1.829899999999995
619cdd6a45851b2ed24316b8,low_WSe2,3.0,0.0,3.0,WSe2_0.01562,49.93750572999998,0.17629999999999946
619cdd6a45851b2ed24316b9,low_WSe2,2.0,1.0,3.0,WSe2_0.01562,23.139118899999893,1.1814999999999998
619cdd6a45851b2ed24316ba,low_WSe2,2.0,1.0,3.0,WSe2_0.01562,39.23864170000006,0.19120000000000026
619cdd6a45851b2ed24316bb,low_WSe2,2.0,1.0,3.0,WSe2_0.01562,23.11696510000005,1.2021000000000015
619cdd6a45851b2ed24316bc,low_WSe2,1.0,1.0,2.0,WSe2_0.01042,29.65714308999994,0.2632999999999992
619cdd6a45851b2ed24316bd,low_WSe2,1.0,2.0,3.0,WSe2_0.01562,11.786205910000024,1.1567000000000007
619cdd6a45851b2ed24316be,low_WSe2,2.0,1.0,3.0,WSe2_0.01562,39.209335569999936,0.2049000000000003
619cdd6a45851b2ed24316bf,low_WSe2,1.0,2.0,3.0,WSe2_0.01562,11.768228829999988,1.296599999999998
619cdd6a45851b2ed24316c0,low_WSe2,1.0,2.0,3.0,WSe2_0.01562,27.914021820000016,0.18569999999999887
619cdd6a45851b2ed24316c1,low_WSe2,1.0,2.0,3.0,WSe2_0.01562,11.76012809000007,1.2975999999999956
619cdd6a45851b2ed24316c2,low_WSe2,0.0,3.0,3.0,WSe2_0.01562,0.42981307000007973,1.8303000000000011
619cdd6a45851b2ed24316c3,low_WSe2,1.0,2.0,3.0,WSe2_0.01562,11.766473990000112,1.2998000000000047
619cdd6a45851b2ed24316c4,low_WSe2,0.0,3.0,3.0,WSe2_0.01562,0.43265629000001127,1.817700000000002
619cdd6a45851b2ed24316c5,low_WSe2,1.0,2.0,3.0,WSe2_0.01562,11.791702160000103,1.2678000000000011
619cdd6a45851b2ed24316c6,low_WSe2,1.0,2.0,3.0,WSe2_0.01562,11.796623299999954,1.3000000000000043
619cdd6a45851b2ed24316c7,low_WSe2,2.0,1.0,3.0,WSe2_0.01562,39.23483270999991,0.20080000000000098
619cdd6a45851b2ed24316c8,low_WSe2,1.0,2.0,3.0,WSe2_0.01562,11.767364150000038,1.2975999999999956
619cdd6a45851b2ed24316c9,low_WSe2,3.0,0.0,3.0,WSe2_0.01562,48.88797553000004,0.6181000000000001
619cdd6a45851b2ed24316ca,low_WSe2,2.0,1.0,3.0,WSe2_0.01562,23.10490503000009,1.2589000000000041
619cdd6a45851b2ed24316cb,low_WSe2,3.0,0.0,3.0,WSe2_0.01562,50.59287000000004,0.21920000000000073
619cdd6a45851b2ed24316cc,low_WSe2,2.0,1.0,3.0,WSe2_0.01562,39.24691166999996,0.20120000000000005
619cdd6a45851b2ed24316cd,low_WSe2,2.0,1.0,3.0,WSe2_0.01562,23.10068598999991,1.2817000000000007
619cdd6a45851b2ed24316ce,low_WSe2,2.0,1.0,3.0,WSe2_0.01562,23.031300820000105,1.117600000000003
619cdd6a45851b2ed24316cf,low_WSe2,2.0,1.0,3.0,WSe2_0.01562,23.12078716,1.2462000000000018
619cdd6a45851b2ed24316d0,low_WSe2,0.0,3.0,3.0,WSe2_0.01562,0.45670570999999427,1.8271999999999977
619cdd6a45851b2ed24316d1,low_WSe2,0.0,3.0,3.0,WSe2_0.01562,0.4285578099999725,1.8301999999999978
619cdd6a45851b2ed24316d2,low_WSe2,2.0,1.0,3.0,WSe2_0.01562,37.57878480999993,0.6589000000000009
619cdd6a45851b2ed24316d3,low_WSe2,2.0,1.0,3.0,WSe2_0.01562,39.23325277000008,0.19819999999999993
619cdd6a45851b2ed24316d4,low_WSe2,1.0,2.0,3.0,WSe2_0.01562,11.746333210000092,1.301000000000002
619cdd6a45851b2ed24316d5,low_WSe2,1.0,2.0,3.0,WSe2_0.01562,27.92435533999992,0.18960000000000043
619cdd6a45851b2ed24316d6,low_WSe2,2.0,1.0,3.0,WSe2_0.01562,39.239848969999954,0.1963000000000008
619cdd6a45851b2ed24316d7,low_WSe2,2.0,1.0,3.0,WSe2_0.01562,37.575780949999896,0.6589999999999989
619cdd6a45851b2ed24316d8,low_WSe2,2.0,1.0,3.0,WSe2_0.01562,39.24612445999996,0.1938000000000013
619cdd6a45851b2ed24316d9,low_WSe2,1.0,2.0,3.0,WSe2_0.01562,11.774752199999956,1.2963999999999984
619cdd6a45851b2ed24316da,low_WSe2,2.0,1.0,3.0,WSe2_0.01562,23.27375108999994,0.8594000000000008
619cdd6a45851b2ed24316db,low_WSe2,2.0,1.0,3.0,WSe2_0.01562,39.17962926999989,0.21670000000000122
619cdd6a45851b2ed24316dc,low_WSe2,1.0,2.0,3.0,WSe2_0.01562,11.77521296000008,1.2998000000000047
619cdd6a45851b2ed24316dd,low_WSe2,0.0,3.0,3.0,WSe2_0.01562,0.4287505900001065,1.8284999999999982
619cdd6a45851b2ed24316de,low_WSe2,3.0,0.0,3.0,WSe2_0.01562,49.96876376999999,0.19329999999999892
619cdd6a45851b2ed24316df,low_WSe2,1.0,1.0,2.0,WSe2_0.01042,29.589617310000072,0.19229999999999947
619cdd6a45851b2ed24316e0,low_WSe2,2.0,1.0,3.0,WSe2_0.01562,22.5846450500001,1.2458000000000027
619cdd6a45851b2ed24316e1,low_WSe2,2.0,1.0,3.0,WSe2_0.01562,39.197196310000024,0.21030000000000015
619cdd6a45851b2ed24316e2,low_WSe2,2.0,1.0,3.0,WSe2_0.01562,23.13008031999997,1.267400000000002
619cdd6a45851b2ed24316e3,low_WSe2,3.0,0.0,3.0,WSe2_0.01562,50.10767126000005,0.1988000000000003
619cdd6a45851b2ed24316e4,low_WSe2,3.0,0.0,3.0,WSe2_0.01562,48.907215600000065,0.5990000000000002
619cdd6a45851b2ed24316e5,low_WSe2,1.0,2.0,3.0,WSe2_0.01562,11.768708020000066,1.297699999999999
619cdd6a45851b2ed24316e6,low_WSe2,1.0,2.0,3.0,WSe2_0.01562,11.772535880000067,1.2988999999999962
619cdd6a45851b2ed24316e7,low_WSe2,1.0,2.0,3.0,WSe2_0.01562,11.774226060000036,1.3041000000000054
619cdd6a45851b2ed24316e8,low_WSe2,1.0,2.0,3.0,WSe2_0.01562,11.754052510000054,1.2982000000000014
619cdd6a45851b2ed24316e9,low_WSe2,2.0,1.0,3.0,WSe2_0.01562,23.125147320000032,1.1379999999999981
619cdd6a45851b2ed24316ea,low_WSe2,2.0,1.0,3.0,WSe2_0.01562,39.20217134999989,0.1767000000000003
619cdd6a45851b2ed24316eb,low_WSe2,0.0,3.0,3.0,WSe2_0.01562,0.43709766000000627,1.823599999999999
619cdd6a45851b2ed24316ec,low_WSe2,1.0,2.0,3.0,WSe2_0.01562,11.776750080000046,1.2809999999999988
619cdd6a45851b2ed24316ed,low_WSe2,3.0,0.0,3.0,WSe2_0.01562,49.94792541999991,0.2049000000000003
619cdd6a45851b2ed24316ee,low_WSe2,1.0,2.0,3.0,WSe2_0.01562,11.755368119999947,1.296999999999997
619cdd6a45851b2ed24316ef,low_WSe2,0.0,3.0,3.0,WSe2_0.01562,0.42906725000005963,1.8305000000000007
619cdd6a45851b2ed24316f0,low_WSe2,3.0,0.0,3.0,WSe2_0.01562,49.86417981000009,0.20599999999999952
619cdd6a45851b2ed24316f1,low_WSe2,1.0,2.0,3.0,WSe2_0.01562,11.77269126000009,1.283699999999996
619cdd6a45851b2ed24316f2,low_WSe2,1.0,2.0,3.0,WSe2_0.01562,11.762786920000043,1.299900000000001
619cdd6a45851b2ed24316f3,low_WSe2,2.0,1.0,3.0,WSe2_0.01562,23.08979135999997,1.2792999999999992
619cdd6a45851b2ed24316f4,low_WSe2,3.0,0.0,3.0,WSe2_0.01562,48.93647147000011,0.6084999999999994
619cdd6a45851b2ed24316f5,low_WSe2,1.0,2.0,3.0,WSe2_0.01562,27.916950080000106,0.19209999999999994
619cdd6a45851b2ed24316f6,low_WSe2,2.0,1.0,3.0,WSe2_0.01562,38.632588830000074,0.18960000000000043
619cdd6a45851b2ed24316f7,low_WSe2,1.0,2.0,3.0,WSe2_0.01562,11.776776429999916,1.3000000000000043
619cdd6a45851b2ed24316f8,low_WSe2,1.0,2.0,3.0,WSe2_0.01562,27.87632241999995,0.17549999999999955
619cdd6a45851b2ed24316f9,low_WSe2,0.0,3.0,3.0,WSe2_0.01562,0.42946722999994336,1.830999999999996
619cdd6a45851b2ed24316fa,low_WSe2,1.0,2.0,3.0,WSe2_0.01562,11.770339550000006,1.3038999999999987
619cdd6a45851b2ed24316fb,low_WSe2,2.0,1.0,3.0,WSe2_0.01562,39.1863988999999,0.20869999999999855
619cdd6a45851b2ed24316fc,low_WSe2,0.0,3.0,3.0,WSe2_0.01562,0.43102644999993345,1.8241999999999976
619cdd6a45851b2ed24316fd,low_WSe2,0.0,3.0,3.0,WSe2_0.01562,0.4282600000000798,1.826500000000003
619cdd6a45851b2ed24316fe,low_WSe2,2.0,1.0,3.0,WSe2_0.01562,37.57772161999996,0.6555
619cdd6a45851b2ed24316ff,low_WSe2,1.0,2.0,3.0,WSe2_0.01562,11.785033070000043,1.2683999999999997
619cdd6b45851b2ed2431700,low_WSe2,2.0,1.0,3.0,WSe2_0.01562,38.775293669999925,0.18340000000000067
619cdd6b45851b2ed2431701,low_WSe2,1.0,2.0,3.0,WSe2_0.01562,11.769397640000069,1.300699999999999
619cdd6b45851b2ed2431702,low_WSe2,3.0,0.0,3.0,WSe2_0.01562,50.67806430000005,0.24910000000000032
619cdd6b45851b2ed2431703,low_WSe2,1.0,2.0,3.0,WSe2_0.01562,11.74960291000001,1.299599999999998
619cdd6b45851b2ed2431704,low_WSe2,2.0,1.0,3.0,WSe2_0.01562,39.19714941000011,0.18090000000000117
619cdd6b45851b2ed2431705,low_WSe2,1.0,2.0,3.0,WSe2_0.01562,11.755789820000007,1.3029999999999973
619cdd6b45851b2ed2431706,low_WSe2,3.0,0.0,3.0,WSe2_0.01562,50.55824212999992,0.14559999999999995
619cdd6b45851b2ed2431707,low_WSe2,1.0,2.0,3.0,WSe2_0.01562,11.770359589999988,1.286200000000001
619cdd6b45851b2ed2431708,low_WSe2,1.0,2.0,3.0,WSe2_0.01562,11.765223430000095,1.3028000000000048
619cdd6b45851b2ed2431709,low_WSe2,3.0,0.0,3.0,WSe2_0.01562,50.58163662000002,0.18600000000000172
619cdd6b45851b2ed243170a,low_WSe2,2.0,1.0,3.0,WSe2_0.01562,39.239023010000025,0.19420000000000037
619cdd6b45851b2ed243170b,low_WSe2,1.0,2.0,3.0,WSe2_0.01562,11.767999890000045,1.2971000000000004
619cdd6b45851b2ed243170c,low_WSe2,3.0,0.0,3.0,WSe2_0.01562,48.91166007999991,0.5975999999999999
619cdd6b45851b2ed243170d,low_WSe2,0.0,3.0,3.0,WSe2_0.01562,0.4294801000000348,1.828400000000002
619cdd6b45851b2ed243170e,low_WSe2,1.0,2.0,3.0,WSe2_0.01562,11.773837250000032,1.2950000000000017
619cdd6b45851b2ed243170f,low_WSe2,1.0,2.0,3.0,WSe2_0.01562,11.765080760000036,1.2951999999999941
619cdd6b45851b2ed2431710,low_WSe2,1.0,2.0,3.0,WSe2_0.01562,27.93136376999996,0.19019999999999904
619cdd6b45851b2ed2431711,low_WSe2,0.0,3.0,3.0,WSe2_0.01562,0.42849880000011353,1.8252000000000024
619cdd6b45851b2ed2431712,low_WSe2,1.0,2.0,3.0,WSe2_0.01562,28.06206021999992,0.2850999999999999
619cdd6b45851b2ed2431713,low_WSe2,1.0,2.0,3.0,WSe2_0.01562,11.776845950000041,1.2953999999999937
619cdd6b45851b2ed2431714,low_WSe2,0.0,3.0,3.0,WSe2_0.01562,0.4285846600000127,1.8299999999999983
619cdd6b45851b2ed2431715,low_WSe2,0.0,3.0,3.0,WSe2_0.01562,0.4256545000000074,1.8207999999999984
619cdd6b45851b2ed2431716,low_WSe2,0.0,3.0,3.0,WSe2_0.01562,0.4283543599999007,1.8166999999999973
619cdd6b45851b2ed2431717,low_WSe2,2.0,1.0,3.0,WSe2_0.01562,39.323689899999906,0.2727000000000004
619cdd6b45851b2ed2431718,low_WSe2,1.0,2.0,3.0,WSe2_0.01562,27.92139980999991,0.19599999999999973
619cdd6b45851b2ed2431719,low_WSe2,3.0,0.0,3.0,WSe2_0.01562,49.985818210000026,0.1980999999999984
619cdd6b45851b2ed243171a,low_WSe2,0.0,3.0,3.0,WSe2_0.01562,0.43117318000003024,1.8224000000000018
619cdd6b45851b2ed243171b,low_WSe2,1.0,2.0,3.0,WSe2_0.01562,11.780806490000021,1.2933000000000021
619cdd6b45851b2ed243171c,low_WSe2,2.0,1.0,3.0,WSe2_0.01562,39.33010865999999,0.21909999999999918
619cdd6b45851b2ed243171d,low_WSe2,1.0,2.0,3.0,WSe2_0.01562,11.784248859999924,1.2916999999999987
619cdd6b45851b2ed243171e,low_WSe2,3.0,0.0,3.0,WSe2_0.01562,50.57488868000005,0.21010000000000062
619cdd6b45851b2ed243171f,low_WSe2,1.0,2.0,3.0,WSe2_0.01562,28.052692149999984,0.2790999999999997
619cdd6b45851b2ed2431720,low_WSe2,1.0,2.0,3.0,WSe2_0.01562,27.99503475000006,0.26729999999999876
619cdd6b45851b2ed2431721,low_WSe2,1.0,2.0,3.0,WSe2_0.01562,11.772140269999898,1.3046000000000006
619cdd6b45851b2ed2431722,low_WSe2,1.0,2.0,3.0,WSe2_0.01562,11.765618370000073,1.2970000000000041
619cdd6b45851b2ed2431723,low_WSe2,1.0,2.0,3.0,WSe2_0.01562,11.74320734999991,1.2918999999999983
619cdd6b45851b2ed2431724,low_WSe2,1.0,2.0,3.0,WSe2_0.01562,11.772656560000076,1.2986000000000004
619cdd6b45851b2ed2431725,low_WSe2,1.0,2.0,3.0,WSe2_0.01562,11.77041148000011,1.299199999999999
619cdd6b45851b2ed2431726,low_WSe2,2.0,1.0,3.0,WSe2_0.01562,39.24199251000009,0.20039999999999836
619cdd6b45851b2ed2431727,low_WSe2,1.0,2.0,3.0,WSe2_0.01562,11.767100689999996,1.2990999999999957
619cdd6b45851b2ed2431728,low_WSe2,2.0,1.0,3.0,WSe2_0.01562,39.23549168999993,0.19430000000000014
619cdd6b45851b2ed2431729,low_WSe2,3.0,0.0,3.0,WSe2_0.01562,50.58383093000007,0.21009999999999884
619cdd6b45851b2ed243172a,low_WSe2,1.0,2.0,3.0,WSe2_0.01562,11.789749329999939,1.302900000000001
619cdd6b45851b2ed243172b,low_WSe2,2.0,1.0,3.0,WSe2_0.01562,39.23066879999992,0.2041000000000004
619cdd6b45851b2ed243172c,low_WSe2,1.0,2.0,3.0,WSe2_0.01562,27.91254511000011,0.19100000000000072
619cdd6b45851b2ed243172d,low_WSe2,1.0,2.0,3.0,WSe2_0.01562,27.918971459999966,0.19529999999999959
619cdd6b45851b2ed243172e,low_WSe2,2.0,1.0,3.0,WSe2_0.01562,39.238545740000106,0.2032000000000007
619cdd6b45851b2ed243172f,low_WSe2,0.0,3.0,3.0,WSe2_0.01562,0.4274129100001005,1.824300000000001
619cdd6b45851b2ed2431730,low_WSe2,2.0,1.0,3.0,WSe2_0.01562,39.19801310000007,0.20550000000000068
619cdd6b45851b2ed2431731,low_WSe2,2.0,1.0,3.0,WSe2_0.01562,23.115553619999936,1.2652
619cdd6b45851b2ed2431732,low_WSe2,2.0,1.0,3.0,WSe2_0.01562,23.0808798200001,1.2446999999999946
619cdd6b45851b2ed2431733,low_WSe2,2.0,1.0,3.0,WSe2_0.01562,37.58506485999992,0.6443999999999992
619cdd6b45851b2ed2431734,low_WSe2,0.0,3.0,3.0,WSe2_0.01562,0.43031697000009217,1.829499999999996
619cdd6b45851b2ed2431735,low_WSe2,0.0,3.0,3.0,WSe2_0.01562,0.4328554499999768,1.8168999999999969
619cdd6b45851b2ed2431736,low_WSe2,2.0,1.0,3.0,WSe2_0.01562,23.093818269999964,1.2426999999999992
619cdd6b45851b2ed2431737,low_WSe2,1.0,2.0,3.0,WSe2_0.01562,11.785024380000085,1.1544999999999987
619cdd6b45851b2ed2431738,low_WSe2,3.0,0.0,3.0,WSe2_0.01562,50.505653540000004,0.20199999999999996
619cdd6b45851b2ed2431739,low_WSe2,2.0,1.0,3.0,WSe2_0.01562,39.253745770000066,0.18590000000000018
619cdd6b45851b2ed243173a,low_WSe2,1.0,2.0,3.0,WSe2_0.01562,11.771365779999986,1.2974999999999994
619cdd6b45851b2ed243173b,low_WSe2,2.0,1.0,3.0,WSe2_0.01562,39.25606567000004,0.19720000000000049
619cdd6b45851b2ed243173c,low_WSe2,1.0,2.0,3.0,WSe2_0.01562,11.783581749999929,1.1825000000000045
619cdd6b45851b2ed243173d,low_WSe2,2.0,1.0,3.0,WSe2_0.01562,39.235223519999906,0.19040000000000035
619cdd6b45851b2ed243173e,low_WSe2,1.0,2.0,3.0,WSe2_0.01562,27.912850330000083,0.19730000000000025
619cdd6b45851b2ed243173f,low_WSe2,3.0,0.0,3.0,WSe2_0.01562,50.66454305000011,0.17900000000000027
619cdd6b45851b2ed2431740,low_WSe2,2.0,1.0,3.0,WSe2_0.01562,39.382774779999906,0.27110000000000056
619cdd6b45851b2ed2431741,low_WSe2,2.0,1.0,3.0,WSe2_0.01562,39.25039526000005,0.19350000000000023
619cdd6b45851b2ed2431742,low_WSe2,2.0,1.0,3.0,WSe2_0.01562,23.12733886999994,1.2819000000000003
619cdd6b45851b2ed2431743,low_WSe2,2.0,1.0,3.0,WSe2_0.01562,39.232767839999994,0.19690000000000119
619cdd6b45851b2ed2431744,low_WSe2,2.0,1.0,3.0,WSe2_0.01562,39.338969250000034,0.27120000000000033
619cdd6b45851b2ed2431745,low_WSe2,2.0,1.0,3.0,WSe2_0.01562,39.23814670000006,0.19949999999999868
619cdd6b45851b2ed2431746,low_WSe2,2.0,1.0,3.0,WSe2_0.01562,37.58260664000004,0.6553000000000004
619cdd6b45851b2ed2431747,low_WSe2,3.0,0.0,3.0,WSe2_0.01562,49.991391099999966,0.186399999999999
619cdd6b45851b2ed2431748,low_WSe2,1.0,2.0,3.0,WSe2_0.01562,11.768441149999934,1.3002000000000038
619cdd6b45851b2ed2431749,low_WSe2,2.0,0.0,2.0,WSe2_0.01042,19.37623320000005,1.2628000000000004
619cdd6b45851b2ed243174a,low_WSe2,1.0,1.0,2.0,WSe2_0.01042,8.026984080000034,1.3019999999999996
619cdd6b45851b2ed243174b,low_WSe2,3.0,0.0,3.0,WSe2_0.01562,50.548331430000054,0.17789999999999928
619cdd6b45851b2ed243174c,low_WSe2,1.0,2.0,3.0,WSe2_0.01562,11.765983380000069,1.301000000000002
619cdd6b45851b2ed243174d,low_WSe2,2.0,1.0,3.0,WSe2_0.01562,23.146338640000103,1.1791000000000054
619cdd6b45851b2ed243174e,low_WSe2,2.0,1.0,3.0,WSe2_0.01562,39.23189914999993,0.19200000000000017
619cdd6b45851b2ed243174f,low_WSe2,0.0,3.0,3.0,WSe2_0.01562,0.42538437999991174,1.8245000000000005
619cdd6b45851b2ed2431750,low_WSe2,2.0,1.0,3.0,WSe2_0.01562,23.170364469999903,1.0922000000000054
619cdd6c45851b2ed2431751,low_WSe2,2.0,1.0,3.0,WSe2_0.01562,23.104562699999896,1.2860999999999976
619cdd6c45851b2ed2431752,low_WSe2,1.0,2.0,3.0,WSe2_0.01562,11.790940020000097,1.270699999999998
619cdd6c45851b2ed2431753,low_WSe2,0.0,3.0,3.0,WSe2_0.01562,0.42768109999991566,1.8253000000000057
619cdd6c45851b2ed2431754,low_WSe2,2.0,1.0,3.0,WSe2_0.01562,23.12635208999999,1.2768999999999977
619cdd6c45851b2ed2431755,low_WSe2,2.0,1.0,3.0,WSe2_0.01562,39.233706979999894,0.19069999999999965
619cdd6c45851b2ed2431756,low_WSe2,2.0,1.0,3.0,WSe2_0.01562,39.21855882000004,0.18719999999999892
619cdd6c45851b2ed2431757,low_WSe2,2.0,1.0,3.0,WSe2_0.01562,23.12579996000003,1.281400000000005
619cdd6c45851b2ed2431758,low_WSe2,2.0,1.0,3.0,WSe2_0.01562,39.194623630000066,0.20589999999999975
619cdd6c45851b2ed2431759,low_WSe2,0.0,3.0,3.0,WSe2_0.01562,0.4283069100001171,1.8277
619cdd6c45851b2ed243175a,low_WSe2,2.0,1.0,3.0,WSe2_0.01562,39.25798708000006,0.19130000000000003
619cdd6c45851b2ed243175b,low_WSe2,1.0,2.0,3.0,WSe2_0.01562,27.88161261999994,0.1734000000000009
619cdd6c45851b2ed243175c,low_WSe2,3.0,0.0,3.0,WSe2_0.01562,50.58193981000009,0.1485000000000003
619cdd6c45851b2ed243175d,low_WSe2,1.0,2.0,3.0,WSe2_0.01562,11.775014490000093,1.2834999999999965
619cdd6c45851b2ed243175e,low_WSe2,1.0,2.0,3.0,WSe2_0.01562,11.769097339999906,1.2994000000000057
619cdd6c45851b2ed243175f,low_WSe2,0.0,3.0,3.0,WSe2_0.01562,0.45477244000011297,1.8277
619cdd6c45851b2ed2431760,low_WSe2,1.0,2.0,3.0,WSe2_0.01562,11.763607009999976,1.3037000000000063
619cdd6c45851b2ed2431761,low_WSe2,1.0,2.0,3.0,WSe2_0.01562,27.997416850000036,0.2684999999999995
619cdd6c45851b2ed2431762,low_WSe2,2.0,1.0,3.0,WSe2_0.01562,39.19147552999998,0.20509999999999984
619cdd6c45851b2ed2431763,low_WSe2,2.0,1.0,3.0,WSe2_0.01562,23.118750579999904,1.1957999999999984
619cdd6c45851b2ed2431764,low_WSe2,0.0,3.0,3.0,WSe2_0.01562,0.43662674000000834,1.8246000000000038
619cdd6c45851b2ed2431765,low_WSe2,1.0,2.0,3.0,WSe2_0.01562,27.91467923999994,0.19069999999999965
619cdd6c45851b2ed2431766,low_WSe2,2.0,1.0,3.0,WSe2_0.01562,37.57993715000002,0.6532
619cdd6c45851b2ed2431767,low_WSe2,1.0,2.0,3.0,WSe2_0.01562,11.769061319999981,1.2999999999999972
619cdd6c45851b2ed2431768,low_WSe2,0.0,3.0,3.0,WSe2_0.01562,0.44226943000006713,1.8042000000000016
619cdd6c45851b2ed2431769,low_WSe2,2.0,1.0,3.0,WSe2_0.01562,39.24850096999994,0.19310000000000116
619cdd6c45851b2ed243176a,low_WSe2,1.0,2.0,3.0,WSe2_0.01562,11.768291549999947,1.2994999999999948
619cdd6c45851b2ed243176b,low_WSe2,1.0,2.0,3.0,WSe2_0.01562,11.763988339999958,1.2988999999999962
619cdd6c45851b2ed243176c,low_WSe2,1.0,2.0,3.0,WSe2_0.01562,27.95849032000001,0.1639999999999997
619cdd6c45851b2ed243176d,low_WSe2,2.0,1.0,3.0,WSe2_0.01562,23.12313034999992,1.2840999999999951
619cdd6c45851b2ed243176e,low_WSe2,1.0,2.0,3.0,WSe2_0.01562,11.773351849999916,1.2990999999999957
619cdd6c45851b2ed243176f,low_WSe2,0.0,3.0,3.0,WSe2_0.01562,0.4302198699999167,1.8125
619cdd6c45851b2ed2431770,low_WSe2,0.0,3.0,3.0,WSe2_0.01562,0.4318436699999779,1.8336000000000041
619cdd6c45851b2ed2431771,low_WSe2,2.0,1.0,3.0,WSe2_0.01562,23.10742720000011,1.2856000000000023
619cdd6c45851b2ed2431772,low_WSe2,2.0,1.0,3.0,WSe2_0.01562,38.633708240000075,0.19320000000000093
619cdd6c45851b2ed2431773,low_WSe2,2.0,1.0,3.0,WSe2_0.01562,39.223851150000016,0.14730000000000132
619cdd6c45851b2ed2431774,low_WSe2,1.0,2.0,3.0,WSe2_0.01562,27.919814009999982,0.19489999999999874
619cdd6c45851b2ed2431775,low_WSe2,3.0,0.0,3.0,WSe2_0.01562,50.12478326000005,0.28420000000000023
619cdd6c45851b2ed2431776,low_WSe2,2.0,1.0,3.0,WSe2_0.01562,23.1232374900001,1.2727999999999966
619cdd6c45851b2ed2431777,low_WSe2,1.0,2.0,3.0,WSe2_0.01562,28.050239720000036,0.21640000000000015
619cdd6c45851b2ed2431778,low_WSe2,1.0,2.0,3.0,WSe2_0.01562,11.786806130000048,1.2717000000000027
619cdd6c45851b2ed2431779,low_WSe2,1.0,2.0,3.0,WSe2_0.01562,11.78698435,1.2744
619cdd6c45851b2ed243177a,low_WSe2,1.0,2.0,3.0,WSe2_0.01562,27.883169599999974,0.17469999999999963
619cdd6c45851b2ed243177b,low_WSe2,2.0,1.0,3.0,WSe2_0.01562,39.23498470000008,0.19269999999999854
619cdd6c45851b2ed243177c,low_WSe2,2.0,1.0,3.0,WSe2_0.01562,23.27135976000003,0.8558999999999983
619cdd6c45851b2ed243177d,low_WSe2,1.0,2.0,3.0,WSe2_0.01562,11.772484359999897,1.3037999999999954
619cdd6c45851b2ed243177e,low_WSe2,1.0,2.0,3.0,WSe2_0.01562,27.91105816000004,0.19619999999999926
619cdd6c45851b2ed243177f,low_WSe2,1.0,2.0,3.0,WSe2_0.01562,27.879902440000023,0.17520000000000024
619cdd6c45851b2ed2431780,low_WSe2,3.0,0.0,3.0,WSe2_0.01562,50.538885190000066,0.14899999999999913
619cdd6c45851b2ed2431781,low_WSe2,3.0,0.0,3.0,WSe2_0.01562,50.50925345000005,0.21529999999999916
619cdd6c45851b2ed2431782,low_WSe2,0.0,3.0,3.0,WSe2_0.01562,0.43527553000006947,1.823999999999998
619cdd6c45851b2ed2431783,low_WSe2,2.0,0.0,2.0,WSe2_0.01042,19.381164659999904,1.2668
619cdd6c45851b2ed2431784,low_WSe2,0.0,3.0,3.0,WSe2_0.01562,0.4293382400000496,1.827300000000001
619cdd6c45851b2ed2431785,low_WSe2,2.0,1.0,3.0,WSe2_0.01562,39.22602280000005,0.1974999999999998
619cdd6c45851b2ed2431786,low_WSe2,2.0,1.0,3.0,WSe2_0.01562,23.067698399999962,1.213000000000001
619cdd6c45851b2ed2431787,low_WSe2,2.0,1.0,3.0,WSe2_0.01562,39.339388830000004,0.2530000000000001
619cdd6c45851b2ed2431788,low_WSe2,0.0,3.0,3.0,WSe2_0.01562,0.4279551999999853,1.8290000000000006
619cdd6c45851b2ed2431789,low_WSe2,2.0,1.0,3.0,WSe2_0.01562,23.110869549999997,1.284400000000005
619cdd6c45851b2ed243178a,low_WSe2,1.0,2.0,3.0,WSe2_0.01562,27.99931392999997,0.2643000000000004
619cdd6c45851b2ed243178b,low_WSe2,2.0,1.0,3.0,WSe2_0.01562,38.62814465000001,0.18820000000000014
619cdd6c45851b2ed243178c,low_WSe2,2.0,1.0,3.0,WSe2_0.01562,39.250057999999896,0.19149999999999956
619cdd6c45851b2ed243178d,low_WSe2,1.0,2.0,3.0,WSe2_0.01562,11.774395679999987,1.2993999999999986
619cdd6c45851b2ed243178e,low_WSe2,0.0,3.0,3.0,WSe2_0.01562,0.4283961800001066,1.8319000000000045
619cdd6c45851b2ed243178f,low_WSe2,3.0,0.0,3.0,WSe2_0.01562,50.61533126000004,0.2729999999999997
619cdd6c45851b2ed2431790,low_WSe2,2.0,1.0,3.0,WSe2_0.01562,39.24423523,0.20969999999999978
619cdd6c45851b2ed2431791,low_WSe2,1.0,2.0,3.0,WSe2_0.01562,11.786968540000078,1.2723000000000013
619cdd6c45851b2ed2431792,low_WSe2,2.0,1.0,3.0,WSe2_0.01562,39.403251219999945,0.28659999999999997
619cdd6c45851b2ed2431793,low_WSe2,1.0,2.0,3.0,WSe2_0.01562,11.77167084000006,1.2993999999999986
619cdd6c45851b2ed2431794,low_WSe2,0.0,3.0,3.0,WSe2_0.01562,0.43303834000010966,1.818000000000005
619cdd6c45851b2ed2431795,low_WSe2,1.0,2.0,3.0,WSe2_0.01562,11.751886259999981,1.2802999999999969
619cdd6c45851b2ed2431796,low_WSe2,0.0,3.0,3.0,WSe2_0.01562,0.42945200000002615,1.8268999999999949
619cdd6c45851b2ed2431797,low_WSe2,1.0,2.0,3.0,WSe2_0.01562,11.772317469999951,1.3074000000000012
619cdd6c45851b2ed2431798,low_WSe2,3.0,0.0,3.0,WSe2_0.01562,50.158155799999896,0.24980000000000047
619cdd6c45851b2ed2431799,low_WSe2,0.0,3.0,3.0,WSe2_0.01562,0.4274926699999355,1.8248999999999995
619cdd6c45851b2ed243179a,low_WSe2,3.0,0.0,3.0,WSe2_0.01562,50.58053092000009,0.15810000000000102
619cdd6c45851b2ed243179b,low_WSe2,2.0,1.0,3.0,WSe2_0.01562,39.30105938000001,0.23600000000000065
619cdd6c45851b2ed243179c,low_WSe2,2.0,1.0,3.0,WSe2_0.01562,23.10759476000002,1.2441999999999993
619cdd6c45851b2ed243179d,low_WSe2,1.0,2.0,3.0,WSe2_0.01562,11.773406479999938,1.3008999999999986
619cdd6c45851b2ed243179e,low_WSe2,1.0,2.0,3.0,WSe2_0.01562,27.91736306000007,0.1966000000000001
619cdd6c45851b2ed243179f,low_WSe2,2.0,1.0,3.0,WSe2_0.01562,39.27891623000009,0.1722999999999999
619cdd6c45851b2ed24317a0,low_WSe2,2.0,1.0,3.0,WSe2_0.01562,23.108919080000113,1.241499999999995
619cdd6c45851b2ed24317a1,low_WSe2,2.0,1.0,3.0,WSe2_0.01562,23.105653959999962,1.216700000000003
619cdd6c45851b2ed24317a2,low_WSe2,3.0,0.0,3.0,WSe2_0.01562,50.54564670999989,0.17100000000000115
619cdd6d45851b2ed24317a3,low_WSe2,0.0,3.0,3.0,WSe2_0.01562,0.43143623999998226,1.8301999999999978
619cdd6d45851b2ed24317a4,low_WSe2,2.0,1.0,3.0,WSe2_0.01562,39.23474156000002,0.20139999999999958
619cdd6d45851b2ed24317a5,low_WSe2,2.0,1.0,3.0,WSe2_0.01562,39.23847011999992,0.19569999999999865
619cdd6d45851b2ed24317a6,low_WSe2,1.0,2.0,3.0,WSe2_0.01562,27.91773459000001,0.18979999999999997
619cdd6d45851b2ed24317a7,low_WSe2,0.0,3.0,3.0,WSe2_0.01562,0.4595361300000036,1.8139000000000038
619cdd6d45851b2ed24317a8,low_WSe2,1.0,2.0,3.0,WSe2_0.01562,11.771559960000094,1.3034000000000034
619cdd6d45851b2ed24317a9,low_WSe2,1.0,2.0,3.0,WSe2_0.01562,28.003347159999976,0.2555000000000014
619cdd6d45851b2ed24317aa,low_WSe2,1.0,2.0,3.0,WSe2_0.01562,11.763389519999908,1.300699999999999
619cdd6d45851b2ed24317ab,low_WSe2,2.0,1.0,3.0,WSe2_0.01562,39.24030255999996,0.21419999999999995
619cdd6d45851b2ed24317ac,low_WSe2,2.0,1.0,3.0,WSe2_0.01562,39.25832378999989,0.18570000000000064
619cdd6d45851b2ed24317ad,low_WSe2,2.0,1.0,3.0,WSe2_0.01562,23.099933929999942,1.2443999999999988
619cdd6d45851b2ed24317ae,low_WSe2,1.0,2.0,3.0,WSe2_0.01562,27.888707520000025,0.17149999999999999
619cdd6d45851b2ed24317af,low_WSe2,2.0,1.0,3.0,WSe2_0.01562,23.10894545,1.282599999999995
619cdd6d45851b2ed24317b0,low_WSe2,1.0,2.0,3.0,WSe2_0.01562,27.91566611999997,0.19589999999999996
619cdd6d45851b2ed24317b1,low_WSe2,2.0,1.0,3.0,WSe2_0.01562,23.10979408999996,1.270399999999995
619cdd6d45851b2ed24317b2,low_WSe2,3.0,0.0,3.0,WSe2_0.01562,50.577406530000054,0.1936
619cdd6d45851b2ed24317b3,low_WSe2,3.0,0.0,3.0,WSe2_0.01562,49.96549121999997,0.18660000000000032
619cdd6d45851b2ed24317b4,low_WSe2,2.0,1.0,3.0,WSe2_0.01562,23.123073080000076,1.2441999999999993
619cdd6d45851b2ed24317b5,low_WSe2,2.0,1.0,3.0,WSe2_0.01562,39.27630681999999,0.16849999999999987
619cdd6d45851b2ed24317b6,low_WSe2,1.0,2.0,3.0,WSe2_0.01562,28.073398219999945,0.29219999999999935
619cdd6d45851b2ed24317b7,low_WSe2,1.0,2.0,3.0,WSe2_0.01562,11.752242499999955,1.2970999999999933
619cdd6d45851b2ed24317b8,low_WSe2,3.0,0.0,3.0,WSe2_0.01562,50.596958149999956,0.19089999999999918
619cdd6d45851b2ed24317b9,low_WSe2,2.0,1.0,3.0,WSe2_0.01562,23.10461607999995,1.259599999999999
619cdd6d45851b2ed24317ba,low_WSe2,0.0,3.0,3.0,WSe2_0.01562,0.4295230699999024,1.8282999999999987
619cdd6d45851b2ed24317bb,low_WSe2,1.0,2.0,3.0,WSe2_0.01562,27.876679400000057,0.17539999999999978
619cdd6d45851b2ed24317bc,low_WSe2,2.0,1.0,3.0,WSe2_0.01562,39.23564308000009,0.18650000000000055
619cdd6d45851b2ed24317bd,low_WSe2,2.0,1.0,3.0,WSe2_0.01562,39.18840385000003,0.2110000000000003
619cdd6d45851b2ed24317be,low_WSe2,1.0,2.0,3.0,WSe2_0.01562,11.78325506000009,1.2712000000000003
619cdd6d45851b2ed24317bf,low_WSe2,2.0,1.0,3.0,WSe2_0.01562,39.187801609999994,0.20940000000000047
619cdd6d45851b2ed24317c0,low_WSe2,1.0,2.0,3.0,WSe2_0.01562,27.997161029999916,0.2629999999999999
619cdd6d45851b2ed24317c1,low_WSe2,1.0,2.0,3.0,WSe2_0.01562,27.995577480000065,0.2597000000000005
619cdd6d45851b2ed24317c2,low_WSe2,1.0,2.0,3.0,WSe2_0.01562,11.76843002999998,1.2961000000000027
619cdd6d45851b2ed24317c3,low_WSe2,2.0,1.0,3.0,WSe2_0.01562,23.124338260000094,1.2763999999999953
619cdd6d45851b2ed24317c4,low_WSe2,1.0,2.0,3.0,WSe2_0.01562,28.04998273000001,0.22309999999999874
619cdd6d45851b2ed24317c5,low_WSe2,0.0,3.0,3.0,WSe2_0.01562,0.43226382999995394,1.8219999999999956
619cdd6d45851b2ed24317c6,low_WSe2,2.0,1.0,3.0,WSe2_0.01562,23.034679440000026,1.116500000000002
619cdd6d45851b2ed24317c7,low_WSe2,1.0,2.0,3.0,WSe2_0.01562,11.762234060000072,1.2993000000000023
619cdd6d45851b2ed24317c8,low_WSe2,2.0,1.0,3.0,WSe2_0.01562,39.18798505999989,0.2073999999999998
619cdd6d45851b2ed24317c9,low_WSe2,0.0,3.0,3.0,WSe2_0.01562,0.43109700000007933,1.823599999999999
619cdd6d45851b2ed24317ca,low_WSe2,2.0,1.0,3.0,WSe2_0.01562,39.23276700000001,0.1877000000000013
619cdd6d45851b2ed24317cb,low_WSe2,1.0,2.0,3.0,WSe2_0.01562,27.924793070000078,0.18989999999999974
619cdd6d45851b2ed24317cc,low_WSe2,2.0,1.0,3.0,WSe2_0.01562,23.11055171999991,1.2668000000000035
619cdd6d45851b2ed24317cd,low_WSe2,1.0,2.0,3.0,WSe2_0.01562,27.875977610000064,0.17539999999999978
619cdd6d45851b2ed24317ce,low_WSe2,2.0,1.0,3.0,WSe2_0.01562,38.640867959999966,0.19299999999999962
619cdd6d45851b2ed24317cf,low_WSe2,1.0,2.0,3.0,WSe2_0.01562,27.996938900000032,0.2618999999999989
619cdd6d45851b2ed24317d0,low_WSe2,0.0,3.0,3.0,WSe2_0.01562,0.4256667700000776,1.829900000000002
619cdd6d45851b2ed24317d1,low_WSe2,2.0,1.0,3.0,WSe2_0.01562,38.743521270000016,0.19010000000000105
619cdd6d45851b2ed24317d2,low_WSe2,0.0,3.0,3.0,WSe2_0.01562,0.42918097000000444,1.8265999999999991
619cdd6d45851b2ed24317d3,low_WSe2,2.0,1.0,3.0,WSe2_0.01562,23.131954389999954,1.1788000000000025
619cdd6d45851b2ed24317d4,low_WSe2,0.0,3.0,3.0,WSe2_0.01562,0.4294778499999552,1.831300000000006
619cdd6d45851b2ed24317d5,low_WSe2,3.0,0.0,3.0,WSe2_0.01562,49.9604147399999,0.1889000000000003
619cdd6d45851b2ed24317d6,low_WSe2,2.0,1.0,3.0,WSe2_0.01562,39.21741208999997,0.19079999999999941
619cdd6d45851b2ed24317d7,low_WSe2,3.0,0.0,3.0,WSe2_0.01562,49.88606295999998,0.21030000000000015
619cdd6d45851b2ed24317d8,low_WSe2,0.0,3.0,3.0,WSe2_0.01562,0.4518818000000806,1.8295999999999992
619cdd6d45851b2ed24317d9,low_WSe2,2.0,1.0,3.0,WSe2_0.01562,23.116472039999998,1.2578000000000031
619cdd6d45851b2ed24317da,low_WSe2,1.0,2.0,3.0,WSe2_0.01562,11.768977910000093,1.3004999999999995
619cdd6d45851b2ed24317db,low_WSe2,2.0,1.0,3.0,WSe2_0.01562,39.24047511000008,0.1921999999999997
619cdd6d45851b2ed24317dc,low_WSe2,2.0,1.0,3.0,WSe2_0.01562,23.103322810000044,1.258899999999997
619cdd6d45851b2ed24317dd,low_WSe2,1.0,2.0,3.0,WSe2_0.01562,11.751199770000074,1.2964000000000055
619cdd6d45851b2ed24317de,low_WSe2,0.0,3.0,3.0,WSe2_0.01562,0.4272028600000226,1.8356000000000066
619cdd6d45851b2ed24317df,low_WSe2,0.0,3.0,3.0,WSe2_0.01562,0.42689616999990676,1.829500000000003
619cdd6d45851b2ed24317e0,low_WSe2,3.0,0.0,3.0,WSe2_0.01562,50.75101529999993,0.16769999999999996
619cdd6d45851b2ed24317e1,low_WSe2,2.0,1.0,3.0,WSe2_0.01562,37.662872509999985,0.6720000000000006
619cdd6d45851b2ed24317e2,low_WSe2,2.0,1.0,3.0,WSe2_0.01562,38.64713013999999,0.18539999999999957
619cdd6d45851b2ed24317e3,low_WSe2,2.0,1.0,3.0,WSe2_0.01562,39.230585529999914,0.19280000000000008
619cdd6d45851b2ed24317e4,low_WSe2,1.0,2.0,3.0,WSe2_0.01562,11.771476549999978,1.2876000000000047
619cdd6d45851b2ed24317e5,low_WSe2,1.0,2.0,3.0,WSe2_0.01562,11.739011440000002,1.2963999999999984
619cdd6d45851b2ed24317e6,low_WSe2,0.0,3.0,3.0,WSe2_0.01562,0.42780142999998816,1.8268000000000058
619cdd6d45851b2ed24317e7,low_WSe2,2.0,1.0,3.0,WSe2_0.01562,39.242665970000004,0.19650000000000034
619cdd6d45851b2ed24317e8,low_WSe2,0.0,3.0,3.0,WSe2_0.01562,0.4270168100001115,1.8245000000000005
619cdd6d45851b2ed24317e9,low_WSe2,1.0,2.0,3.0,WSe2_0.01562,11.784726970000055,1.2716999999999956
619cdd6d45851b2ed24317ea,low_WSe2,2.0,1.0,3.0,WSe2_0.01562,39.22030232999991,0.15230000000000032
619cdd6d45851b2ed24317eb,low_WSe2,1.0,2.0,3.0,WSe2_0.01562,11.770841850000114,1.3036999999999992
619cdd6d45851b2ed24317ec,low_WSe2,1.0,1.0,2.0,WSe2_0.01042,8.024725330000024,1.2997999999999994
619cdd6d45851b2ed24317ed,low_WSe2,2.0,1.0,3.0,WSe2_0.01562,23.13199495000007,1.2853999999999957
619cdd6d45851b2ed24317ee,low_WSe2,2.0,1.0,3.0,WSe2_0.01562,23.084452869999986,1.2824999999999989
619cdd6d45851b2ed24317ef,low_WSe2,3.0,0.0,3.0,WSe2_0.01562,50.55800830999997,0.19989999999999952
619cdd6d45851b2ed24317f0,low_WSe2,1.0,2.0,3.0,WSe2_0.01562,27.91291623999996,0.19870000000000054
619cdd6d45851b2ed24317f1,low_WSe2,2.0,1.0,3.0,WSe2_0.01562,39.19342097999997,0.18649999999999878
619cdd6d45851b2ed24317f2,low_WSe2,1.0,2.0,3.0,WSe2_0.01562,11.76816890000008,1.3020999999999958
619cdd6d45851b2ed24317f3,low_WSe2,2.0,1.0,3.0,WSe2_0.01562,39.18683328999991,0.20780000000000065
619cdd6d45851b2ed24317f4,low_WSe2,1.0,2.0,3.0,WSe2_0.01562,11.77259653000009,1.3019999999999996
619cdd6e45851b2ed24317f5,low_WSe2,2.0,1.0,3.0,WSe2_0.01562,39.28646587000007,0.15880000000000116
619cdd6e45851b2ed24317f6,low_WSe2,0.0,3.0,3.0,WSe2_0.01562,0.4572017200000005,1.829500000000003
619cdd6e45851b2ed24317f7,low_WSe2,2.0,1.0,3.0,WSe2_0.01562,23.10722809000007,1.280700000000003
619cdd6e45851b2ed24317f8,low_WSe2,2.0,1.0,3.0,WSe2_0.01562,23.12549341999992,1.1403999999999996
619cdd6e45851b2ed24317f9,low_WSe2,1.0,2.0,3.0,WSe2_0.01562,27.925119239999958,0.1905000000000001
619cdd6e45851b2ed24317fa,low_WSe2,3.0,0.0,3.0,WSe2_0.01562,50.58732233999999,0.22220000000000084
619cdd6e45851b2ed24317fb,low_WSe2,1.0,2.0,3.0,WSe2_0.01562,11.76204591999998,1.2974999999999994
619cdd6e45851b2ed24317fc,low_WSe2,1.0,2.0,3.0,WSe2_0.01562,11.784400089999952,1.3013000000000048
619cdd6e45851b2ed24317fd,low_WSe2,2.0,1.0,3.0,WSe2_0.01562,39.2465560000001,0.1958000000000002
619cdd6e45851b2ed24317fe,low_WSe2,0.0,3.0,3.0,WSe2_0.01562,0.42804547000008597,1.8269999999999982
619cdd6e45851b2ed24317ff,low_WSe2,1.0,2.0,3.0,WSe2_0.01562,11.783365770000035,1.158299999999997
619cdd6e45851b2ed2431800,low_WSe2,3.0,0.0,3.0,WSe2_0.01562,49.9710347199999,0.198500000000001
619cdd6e45851b2ed2431801,low_WSe2,1.0,2.0,3.0,WSe2_0.01562,27.915077480000036,0.19790000000000063
619cdd6e45851b2ed2431802,low_WSe2,2.0,1.0,3.0,WSe2_0.01562,23.018585359999896,1.0508999999999986
619cdd6e45851b2ed2431803,low_WSe2,1.0,2.0,3.0,WSe2_0.01562,11.794683260000046,1.3010999999999981
619cdd6e45851b2ed2431804,low_WSe2,2.0,1.0,3.0,WSe2_0.01562,39.241173539999906,0.1844999999999999
619cdd6e45851b2ed2431805,low_WSe2,2.0,1.0,3.0,WSe2_0.01562,39.22091950000008,0.18590000000000018
619cdd6e45851b2ed2431806,low_WSe2,2.0,1.0,3.0,WSe2_0.01562,23.12402589000002,1.2813999999999979
619cdd6e45851b2ed2431807,low_WSe2,1.0,2.0,3.0,WSe2_0.01562,11.771262539999942,1.2982999999999976
619cdd6e45851b2ed2431808,low_WSe2,2.0,1.0,3.0,WSe2_0.01562,39.23054372999995,0.15810000000000102
619cdd6e45851b2ed2431809,low_WSe2,3.0,0.0,3.0,WSe2_0.01562,50.66925191000005,0.2544000000000004
619cdd6e45851b2ed243180a,low_WSe2,0.0,3.0,3.0,WSe2_0.01562,0.43059239999996635,1.8308999999999997
619cdd6e45851b2ed243180b,low_WSe2,2.0,1.0,3.0,WSe2_0.01562,39.2452663699999,0.20370000000000132
619cdd6e45851b2ed243180c,low_WSe2,1.0,2.0,3.0,WSe2_0.01562,11.77380491000007,1.3038999999999987
619cdd6e45851b2ed243180d,low_WSe2,2.0,1.0,3.0,WSe2_0.01562,39.2161491100001,0.21840000000000082
619cdd6e45851b2ed243180e,low_WSe2,1.0,2.0,3.0,WSe2_0.01562,11.773920280000073,1.3015000000000043
619cdd6e45851b2ed243180f,low_WSe2,1.0,2.0,3.0,WSe2_0.01562,11.750275670000054,1.2937999999999974
619cdd6e45851b2ed2431810,low_WSe2,1.0,2.0,3.0,WSe2_0.01562,27.875199659999907,0.17599999999999838
619cdd6e45851b2ed2431811,low_WSe2,2.0,1.0,3.0,WSe2_0.01562,23.107029430000047,1.2872000000000057
619cdd6e45851b2ed2431812,low_WSe2,1.0,2.0,3.0,WSe2_0.01562,27.97583701999997,0.25509999999999877
619cdd6e45851b2ed2431813,low_WSe2,2.0,1.0,3.0,WSe2_0.01562,23.112060340000006,1.2191999999999936
619cdd6e45851b2ed2431814,low_WSe2,2.0,1.0,3.0,WSe2_0.01562,39.23718618999992,0.21609999999999907
619cdd6e45851b2ed2431815,low_WSe2,1.0,2.0,3.0,WSe2_0.01562,11.765707190000047,1.2973
619cdd6e45851b2ed2431816,low_WSe2,2.0,1.0,3.0,WSe2_0.01562,23.12125120999989,1.180800000000005
619cdd6e45851b2ed2431817,low_WSe2,2.0,1.0,3.0,WSe2_0.01562,39.25163636999996,0.19220000000000148
619cdd6e45851b2ed2431818,low_WSe2,2.0,1.0,3.0,WSe2_0.01562,23.1338891400001,1.2627000000000024
619cdd6e45851b2ed2431819,low_WSe2,3.0,0.0,3.0,WSe2_0.01562,50.599589389999984,0.17180000000000106
619cdd6e45851b2ed243181a,low_WSe2,0.0,2.0,2.0,WSe2_0.01042,-3.3203590699999275,1.8678999999999988
619cdd6e45851b2ed243181b,low_WSe2,1.0,2.0,3.0,WSe2_0.01562,11.770649880000054,1.2937999999999974
619cdd6e45851b2ed243181c,low_WSe2,2.0,1.0,3.0,WSe2_0.01562,37.535906840000095,0.6293999999999986
619cdd6e45851b2ed243181d,low_WSe2,2.0,1.0,3.0,WSe2_0.01562,39.23556366999996,0.1971999999999987
619cdd6e45851b2ed243181e,low_WSe2,1.0,2.0,3.0,WSe2_0.01562,11.771104509999976,1.298099999999998
619cdd6e45851b2ed243181f,low_WSe2,3.0,0.0,3.0,WSe2_0.01562,50.55655278000004,0.2115999999999989
619cdd6e45851b2ed2431820,low_WSe2,2.0,1.0,3.0,WSe2_0.01562,23.088290980000046,1.257399999999997
619cdd6e45851b2ed2431821,low_WSe2,0.0,3.0,3.0,WSe2_0.01562,0.4318085799999949,1.8314999999999984
619cdd6e45851b2ed2431822,low_WSe2,2.0,1.0,3.0,WSe2_0.01562,22.590823029999946,1.25
619cdd6e45851b2ed2431823,low_WSe2,2.0,1.0,3.0,WSe2_0.01562,39.19755699000011,0.2101999999999986
619cdd6e45851b2ed2431824,low_WSe2,2.0,1.0,3.0,WSe2_0.01562,23.118807070000038,1.2740999999999971
619cdd6e45851b2ed2431825,low_WSe2,2.0,1.0,3.0,WSe2_0.01562,39.250046800000106,0.19680000000000142
619cdd6e45851b2ed2431826,low_WSe2,1.0,2.0,3.0,WSe2_0.01562,11.76952051000011,1.2957999999999998
619cdd6e45851b2ed2431827,low_WSe2,1.0,2.0,3.0,WSe2_0.01562,28.003578500000003,0.26699999999999946
619cdd6e45851b2ed2431828,low_WSe2,1.0,2.0,3.0,WSe2_0.01562,27.91889672000002,0.19710000000000072
619cdd6e45851b2ed2431829,low_WSe2,3.0,0.0,3.0,WSe2_0.01562,49.93187335999992,0.1977999999999991
619cdd6e45851b2ed243182a,low_WSe2,2.0,1.0,3.0,WSe2_0.01562,23.1267965299999,1.2697000000000003
619cdd6e45851b2ed243182b,low_WSe2,1.0,2.0,3.0,WSe2_0.01562,11.74769654999999,1.291400000000003
619cdd6e45851b2ed243182c,low_WSe2,2.0,1.0,3.0,WSe2_0.01562,39.23711488999997,0.21499999999999986
619cdd6e45851b2ed243182d,low_WSe2,2.0,1.0,3.0,WSe2_0.01562,39.25621727000002,0.15889999999999915
619cdd6e45851b2ed243182e,low_WSe2,0.0,3.0,3.0,WSe2_0.01562,0.4539875400000142,1.8282000000000025
619cdd6e45851b2ed243182f,low_WSe2,1.0,2.0,3.0,WSe2_0.01562,11.766632410000046,1.2660000000000053
619cdd6e45851b2ed2431830,low_WSe2,2.0,1.0,3.0,WSe2_0.01562,39.25801292999999,0.18950000000000067
619cdd6e45851b2ed2431831,low_WSe2,1.0,1.0,2.0,WSe2_0.01042,13.42333605000006,1.302900000000001
619cdd6e45851b2ed2431832,low_WSe2,3.0,0.0,3.0,WSe2_0.01562,48.8595876800001,0.1286000000000005
619cdd6e45851b2ed2431833,low_WSe2,1.0,2.0,3.0,WSe2_0.01562,11.768912949999947,1.2986000000000004
619cdd6e45851b2ed2431834,low_WSe2,2.0,1.0,3.0,WSe2_0.01562,39.235888870000096,0.14599999999999902
619cdd6e45851b2ed2431835,low_WSe2,3.0,0.0,3.0,WSe2_0.01562,50.603430740000114,0.1905000000000001
619cdd6e45851b2ed2431836,low_WSe2,2.0,1.0,3.0,WSe2_0.01562,39.42760587000002,0.27580000000000027
619cdd6e45851b2ed2431837,low_WSe2,2.0,1.0,3.0,WSe2_0.01562,23.10832617000009,1.2710000000000008
619cdd6e45851b2ed2431838,low_WSe2,1.0,2.0,3.0,WSe2_0.01562,11.771423959999982,1.301400000000001
619cdd6e45851b2ed2431839,low_WSe2,2.0,1.0,3.0,WSe2_0.01562,23.104878959999986,1.2864000000000004
619cdd6e45851b2ed243183a,low_WSe2,2.0,1.0,3.0,WSe2_0.01562,39.267608859999925,0.17249999999999943
619cdd6e45851b2ed243183b,low_WSe2,0.0,3.0,3.0,WSe2_0.01562,0.43272401999996646,1.8218999999999994
619cdd6e45851b2ed243183c,low_WSe2,3.0,0.0,3.0,WSe2_0.01562,50.66105193999997,0.27550000000000097
619cdd6e45851b2ed243183d,low_WSe2,2.0,1.0,3.0,WSe2_0.01562,39.242850129999894,0.19710000000000072
619cdd6e45851b2ed243183e,low_WSe2,1.0,2.0,3.0,WSe2_0.01562,11.768452210000067,1.2974999999999994
619cdd6e45851b2ed243183f,low_WSe2,2.0,1.0,3.0,WSe2_0.01562,23.10824920000008,1.2723999999999975
619cdd6e45851b2ed2431840,low_WSe2,2.0,1.0,3.0,WSe2_0.01562,23.120457710000018,1.244100000000003
619cdd6e45851b2ed2431841,low_WSe2,2.0,1.0,3.0,WSe2_0.01562,23.13635193000008,1.1616999999999962
619cdd6e45851b2ed2431842,low_WSe2,2.0,1.0,3.0,WSe2_0.01562,39.237647949999925,0.2021999999999995
619cdd6e45851b2ed2431843,low_WSe2,2.0,1.0,3.0,WSe2_0.01562,23.110520620000024,1.283999999999999
619cdd6e45851b2ed2431844,low_WSe2,2.0,1.0,3.0,WSe2_0.01562,38.61937569999991,0.19130000000000003
619cdd6e45851b2ed2431845,low_WSe2,2.0,1.0,3.0,WSe2_0.01562,39.36232610000006,0.28550000000000075
619cdd6e45851b2ed2431846,low_WSe2,3.0,0.0,3.0,WSe2_0.01562,48.893565700000046,0.5899000000000001
619cdd6f45851b2ed2431847,low_WSe2,3.0,0.0,3.0,WSe2_0.01562,49.96017259000005,0.18689999999999962
619cdd6f45851b2ed2431848,low_WSe2,1.0,2.0,3.0,WSe2_0.01562,11.77346454999996,1.2986000000000004
619cdd6f45851b2ed2431849,low_WSe2,2.0,1.0,3.0,WSe2_0.01562,39.25691121000004,0.1908000000000012
619cdd6f45851b2ed243184a,low_WSe2,2.0,1.0,3.0,WSe2_0.01562,37.57602937999995,0.6552999999999987
619cdd6f45851b2ed243184b,low_WSe2,1.0,2.0,3.0,WSe2_0.01562,27.882082860000082,0.1775000000000002
619cdd6f45851b2ed243184c,low_WSe2,3.0,0.0,3.0,WSe2_0.01562,50.53475715999989,0.21550000000000047
619cdd6f45851b2ed243184d,low_WSe2,1.0,2.0,3.0,WSe2_0.01562,27.914200489999985,0.1899999999999995
619cdd6f45851b2ed243184e,low_WSe2,1.0,2.0,3.0,WSe2_0.01562,11.771452480000097,1.2993000000000023
619cdd6f45851b2ed243184f,low_WSe2,1.0,2.0,3.0,WSe2_0.01562,28.00639969000008,0.26260000000000083
619cdd6f45851b2ed2431850,low_WSe2,1.0,2.0,3.0,WSe2_0.01562,11.795988670000032,1.3004999999999995
619cdd6f45851b2ed2431851,low_WSe2,2.0,1.0,3.0,WSe2_0.01562,23.271114380000007,0.8566999999999965
619cdd6f45851b2ed2431852,low_WSe2,2.0,1.0,3.0,WSe2_0.01562,37.585713889999894,0.6416000000000004
619cdd6f45851b2ed2431853,low_WSe2,0.0,3.0,3.0,WSe2_0.01562,0.43137687999995933,1.8278999999999996
619cdd6f45851b2ed2431854,low_WSe2,1.0,2.0,3.0,WSe2_0.01562,11.76479638999989,1.2817000000000007
619cdd6f45851b2ed2431855,low_WSe2,0.0,3.0,3.0,WSe2_0.01562,0.4273285399999054,1.8266999999999953
619cdd6f45851b2ed2431856,low_WSe2,1.0,2.0,3.0,WSe2_0.01562,11.775065739999935,1.302899999999994
619cdd6f45851b2ed2431857,low_WSe2,1.0,2.0,3.0,WSe2_0.01562,11.77049581999994,1.2939000000000007
619cdd6f45851b2ed2431858,low_WSe2,2.0,1.0,3.0,WSe2_0.01562,39.22790953999997,0.1993999999999989
619cdd6f45851b2ed2431859,low_WSe2,0.0,3.0,3.0,WSe2_0.01562,0.43204280000003337,1.8171999999999997
619cdd6f45851b2ed243185a,low_WSe2,2.0,1.0,3.0,WSe2_0.01562,23.12225225000001,1.2573000000000008
619cdd6f45851b2ed243185b,low_WSe2,2.0,1.0,3.0,WSe2_0.01562,37.5713871599999,0.6586000000000016
619cdd6f45851b2ed243185c,low_WSe2,0.0,3.0,3.0,WSe2_0.01562,0.4312477200000444,1.8297999999999988
619cdd6f45851b2ed243185d,low_WSe2,1.0,2.0,3.0,WSe2_0.01562,28.007177010000078,0.266
619cdd6f45851b2ed243185e,low_WSe2,1.0,2.0,3.0,WSe2_0.01562,11.77185871000005,1.2982000000000014
619cdd6f45851b2ed243185f,low_WSe2,2.0,1.0,3.0,WSe2_0.01562,23.12856770000011,1.1485999999999947
619cdd6f45851b2ed2431860,low_WSe2,3.0,0.0,3.0,WSe2_0.01562,50.55550185000002,0.20309999999999917
619cdd6f45851b2ed2431861,low_WSe2,1.0,2.0,3.0,WSe2_0.01562,28.06187245000001,0.28190000000000026
619cdd6f45851b2ed2431862,low_WSe2,2.0,1.0,3.0,WSe2_0.01562,22.588242240000035,1.2479000000000013
619cdd6f45851b2ed2431863,low_WSe2,2.0,1.0,3.0,WSe2_0.01562,39.21980925000007,0.18679999999999986
619cdd6f45851b2ed2431864,low_WSe2,3.0,0.0,3.0,WSe2_0.01562,50.549453420000056,0.20679999999999943
619cdd6f45851b2ed2431865,low_WSe2,1.0,2.0,3.0,WSe2_0.01562,11.774600140000064,1.295499999999997
619cdd6f45851b2ed2431866,low_WSe2,3.0,0.0,3.0,WSe2_0.01562,50.58978061000003,0.1938000000000013
619cdd6f45851b2ed2431867,low_WSe2,1.0,2.0,3.0,WSe2_0.01562,11.76592555000001,1.299599999999998
619cdd6f45851b2ed2431868,low_WSe2,3.0,0.0,3.0,WSe2_0.01562,50.59660876000007,0.3080999999999996
619cdd6f45851b2ed2431869,low_WSe2,1.0,2.0,3.0,WSe2_0.01562,11.768811240000094,1.3031000000000006
619cdd6f45851b2ed243186a,low_WSe2,1.0,2.0,3.0,WSe2_0.01562,11.791644010000017,1.300699999999999
619cdd6f45851b2ed243186b,low_WSe2,1.0,2.0,3.0,WSe2_0.01562,27.876478959999986,0.17430000000000057
619cdd6f45851b2ed243186c,low_WSe2,1.0,2.0,3.0,WSe2_0.01562,27.911422879999918,0.19040000000000035
619cdd6f45851b2ed243186d,low_WSe2,2.0,1.0,3.0,WSe2_0.01562,39.229625830000074,0.21080000000000076
619cdd6f45851b2ed243186e,low_WSe2,2.0,1.0,3.0,WSe2_0.01562,39.23783920999999,0.19350000000000023
619cdd6f45851b2ed243186f,low_WSe2,3.0,0.0,3.0,WSe2_0.01562,50.51466988000002,0.21950000000000003
619cdd6f45851b2ed2431870,low_WSe2,1.0,2.0,3.0,WSe2_0.01562,27.8764032900001,0.1761000000000017
619cdd6f45851b2ed2431871,low_WSe2,1.0,2.0,3.0,WSe2_0.01562,11.74656716000003,1.2986999999999966
619cdd6f45851b2ed2431872,low_WSe2,2.0,1.0,3.0,WSe2_0.01562,38.63141032000003,0.18939999999999912
619cdd6f45851b2ed2431873,low_WSe2,1.0,2.0,3.0,WSe2_0.01562,11.743167679999932,1.3008999999999986
619cdd6f45851b2ed2431874,low_WSe2,0.0,3.0,3.0,WSe2_0.01562,0.4293932600000403,1.8224000000000018
619cdd6f45851b2ed2431875,low_WSe2,2.0,1.0,3.0,WSe2_0.01562,23.113754589999907,1.256699999999995
619cdd6f45851b2ed2431876,low_WSe2,1.0,2.0,3.0,WSe2_0.01562,11.742169529999945,1.2990000000000066
619cdd6f45851b2ed2431877,low_WSe2,0.0,3.0,3.0,WSe2_0.01562,0.4344338299999322,1.8179999999999978
619cdd6f45851b2ed2431878,low_WSe2,3.0,0.0,3.0,WSe2_0.01562,48.89921280999997,0.5840999999999994
619cdd6f45851b2ed2431879,low_WSe2,3.0,0.0,3.0,WSe2_0.01562,50.513297090000016,0.20749999999999957
619cdd6f45851b2ed243187a,low_WSe2,2.0,1.0,3.0,WSe2_0.01562,39.23107716000008,0.20309999999999917
619cdd6f45851b2ed243187b,low_WSe2,1.0,2.0,3.0,WSe2_0.01562,11.781868419999899,1.157500000000006
619cdd6f45851b2ed243187c,low_WSe2,0.0,3.0,3.0,WSe2_0.01562,0.4281940200000349,1.8268999999999949
619cdd6f45851b2ed243187d,low_WSe2,0.0,3.0,3.0,WSe2_0.01562,0.42805347999996,1.8256999999999977
619cdd6f45851b2ed243187e,low_WSe2,2.0,1.0,3.0,WSe2_0.01562,39.18838301999999,0.20899999999999963
619cdd6f45851b2ed243187f,low_WSe2,2.0,1.0,3.0,WSe2_0.01562,39.19068812999994,0.2129000000000012
619cdd6f45851b2ed2431880,low_WSe2,0.0,3.0,3.0,WSe2_0.01562,0.43115628999993305,1.8137000000000043
619cdd6f45851b2ed2431881,low_WSe2,2.0,1.0,3.0,WSe2_0.01562,22.69548616000001,1.1268999999999991
619cdd6f45851b2ed2431882,low_WSe2,2.0,1.0,3.0,WSe2_0.01562,39.244976629999925,0.1941000000000006
619cdd6f45851b2ed2431883,low_WSe2,3.0,0.0,3.0,WSe2_0.01562,50.7173993299999,0.10859999999999914
619cdd6f45851b2ed2431884,low_WSe2,1.0,2.0,3.0,WSe2_0.01562,27.988746149999997,0.26590000000000025
619cdd6f45851b2ed2431885,low_WSe2,1.0,2.0,3.0,WSe2_0.01562,27.921126149999964,0.19260000000000055
619cdd6f45851b2ed2431886,low_WSe2,1.0,2.0,3.0,WSe2_0.01562,27.919017519999898,0.19229999999999947
619cdd6f45851b2ed2431887,low_WSe2,0.0,3.0,3.0,WSe2_0.01562,0.4276377900000057,1.827299999999994
619cdd6f45851b2ed2431888,low_WSe2,1.0,2.0,3.0,WSe2_0.01562,11.766043840000055,1.3007000000000062
619cdd6f45851b2ed2431889,low_WSe2,2.0,1.0,3.0,WSe2_0.01562,23.093042940000068,1.2453999999999965
619cdd6f45851b2ed243188a,low_WSe2,1.0,2.0,3.0,WSe2_0.01562,11.768711939999992,1.2977999999999952
619cdd6f45851b2ed243188b,low_WSe2,1.0,2.0,3.0,WSe2_0.01562,11.750610399999903,1.3042000000000016
619cdd6f45851b2ed243188c,low_WSe2,2.0,0.0,2.0,WSe2_0.01042,19.36365919000007,1.2441999999999993
619cdd6f45851b2ed243188d,low_WSe2,2.0,1.0,3.0,WSe2_0.01562,23.097174399999894,1.2502999999999957
619cdd6f45851b2ed243188e,low_WSe2,1.0,2.0,3.0,WSe2_0.01562,11.76919199000007,1.2931999999999988
619cdd6f45851b2ed243188f,low_WSe2,2.0,1.0,3.0,WSe2_0.01562,39.193559699999966,0.20289999999999964
619cdd6f45851b2ed2431890,low_WSe2,2.0,1.0,3.0,WSe2_0.01562,39.23565295000007,0.1847999999999992
619cdd6f45851b2ed2431891,low_WSe2,1.0,2.0,3.0,WSe2_0.01562,27.87005782999995,0.17639999999999922
619cdd6f45851b2ed2431892,low_WSe2,2.0,1.0,3.0,WSe2_0.01562,23.10418536000001,1.2798999999999978
619cdd6f45851b2ed2431893,low_WSe2,2.0,1.0,3.0,WSe2_0.01562,39.26366914000009,0.19030000000000058
619cdd6f45851b2ed2431894,low_WSe2,2.0,1.0,3.0,WSe2_0.01562,39.23662646000007,0.1850000000000005
619cdd6f45851b2ed2431895,low_WSe2,2.0,1.0,3.0,WSe2_0.01562,39.296422359999994,0.2801999999999989
619cdd6f45851b2ed2431896,low_WSe2,3.0,0.0,3.0,WSe2_0.01562,50.67857128000001,0.27590000000000003
619cdd6f45851b2ed2431897,low_WSe2,0.0,3.0,3.0,WSe2_0.01562,0.42763110999993614,1.8301999999999978
619cdd6f45851b2ed2431898,low_WSe2,1.0,2.0,3.0,WSe2_0.01562,27.880640679999942,0.17379999999999995
619cdd6f45851b2ed2431899,low_WSe2,2.0,1.0,3.0,WSe2_0.01562,39.21572019999989,0.1838999999999995
619cdd7045851b2ed243189a,low_WSe2,1.0,2.0,3.0,WSe2_0.01562,27.927373880000005,0.1858000000000004
619cdd7045851b2ed243189b,low_WSe2,2.0,1.0,3.0,WSe2_0.01562,39.28453384999993,0.20849999999999902
619cdd7045851b2ed243189c,low_WSe2,0.0,3.0,3.0,WSe2_0.01562,0.42746724000011227,1.8252999999999986
619cdd7045851b2ed243189d,low_WSe2,1.0,2.0,3.0,WSe2_0.01562,27.91587492000008,0.1880000000000006
619cdd7045851b2ed243189e,low_WSe2,2.0,1.0,3.0,WSe2_0.01562,23.117867460000106,1.2800000000000011
619cdd7045851b2ed243189f,low_WSe2,0.0,3.0,3.0,WSe2_0.01562,0.4279310700000565,1.8307999999999964
619cdd7045851b2ed24318a0,low_WSe2,1.0,2.0,3.0,WSe2_0.01562,11.77223157000002,1.299599999999998
619cdd7045851b2ed24318a1,low_WSe2,0.0,3.0,3.0,WSe2_0.01562,0.4291790300000571,1.828000000000003
619cdd7045851b2ed24318a2,low_WSe2,2.0,1.0,3.0,WSe2_0.01562,39.240613340000024,0.20059999999999967
619cdd7045851b2ed24318a3,low_WSe2,1.0,2.0,3.0,WSe2_0.01562,11.771572760000016,1.2988999999999962
619cdd7045851b2ed24318a4,low_WSe2,1.0,2.0,3.0,WSe2_0.01562,27.99342352000008,0.2667999999999999
619cdd7045851b2ed24318a5,low_WSe2,0.0,3.0,3.0,WSe2_0.01562,0.43206776999994645,1.8308999999999997
619cdd7045851b2ed24318a6,low_WSe2,2.0,1.0,3.0,WSe2_0.01562,39.37793358000003,0.2719000000000005
619cdd7045851b2ed24318a7,low_WSe2,3.0,0.0,3.0,WSe2_0.01562,48.918568670000106,0.6013000000000002
619cdd7045851b2ed24318a8,low_WSe2,2.0,1.0,3.0,WSe2_0.01562,39.24339171000001,0.18869999999999898
619cdd7045851b2ed24318a9,low_WSe2,3.0,0.0,3.0,WSe2_0.01562,50.57224155999993,0.20500000000000007
619cdd7045851b2ed24318aa,low_WSe2,1.0,2.0,3.0,WSe2_0.01562,27.92108344999997,0.19149999999999956
619cdd7045851b2ed24318ab,low_WSe2,2.0,1.0,3.0,WSe2_0.01562,39.230862639999984,0.18480000000000096
619cdd7045851b2ed24318ac,low_WSe2,2.0,1.0,3.0,WSe2_0.01562,23.099987880000107,1.2478000000000051
619cdd7045851b2ed24318ad,low_WSe2,1.0,2.0,3.0,WSe2_0.01562,11.748980869999958,1.2957000000000036
619cdd7045851b2ed24318ae,low_WSe2,1.0,2.0,3.0,WSe2_0.01562,11.777371079999956,1.2963000000000022
619cdd7045851b2ed24318af,low_WSe2,0.0,3.0,3.0,WSe2_0.01562,0.43031813999999713,1.8262
619cdd7045851b2ed24318b0,low_WSe2,2.0,1.0,3.0,WSe2_0.01562,39.25476869999993,0.19519999999999982
619cdd7045851b2ed24318b1,low_WSe2,0.0,3.0,3.0,WSe2_0.01562,0.4286561999999208,1.8236999999999952
619cdd7045851b2ed24318b2,low_WSe2,1.0,2.0,3.0,WSe2_0.01562,11.772991519999994,1.2983000000000047
619cdd7045851b2ed24318b3,low_WSe2,1.0,1.0,2.0,WSe2_0.01042,8.025114359999975,1.3000000000000007
619cdd7045851b2ed24318b4,low_WSe2,1.0,2.0,3.0,WSe2_0.01562,11.798939920000056,1.2988999999999962
619cdd7045851b2ed24318b5,low_WSe2,3.0,0.0,3.0,WSe2_0.01562,49.951683630000026,0.20560000000000045
619cdd7045851b2ed24318b6,low_WSe2,1.0,2.0,3.0,WSe2_0.01562,11.767095129999905,1.292900000000003
619cdd7045851b2ed24318b7,low_WSe2,3.0,0.0,3.0,WSe2_0.01562,49.455196909999906,0.2171000000000003
619cdd7045851b2ed24318b8,low_WSe2,1.0,2.0,3.0,WSe2_0.01562,11.76700421999998,1.2993000000000023
619cdd7045851b2ed24318b9,low_WSe2,1.0,2.0,3.0,WSe2_0.01562,11.767058370000075,1.2959000000000032
619cdd7045851b2ed24318ba,low_WSe2,3.0,0.0,3.0,WSe2_0.01562,49.968845460000104,0.20599999999999952
619cdd7045851b2ed24318bb,low_WSe2,2.0,1.0,3.0,WSe2_0.01562,23.11257750000008,1.2886999999999986
619cdd7045851b2ed24318bc,low_WSe2,1.0,2.0,3.0,WSe2_0.01562,28.022487720000072,0.24900000000000055
619cdd7045851b2ed24318bd,low_WSe2,2.0,1.0,3.0,WSe2_0.01562,39.24937004999997,0.18979999999999997
619cdd7045851b2ed24318be,low_WSe2,1.0,2.0,3.0,WSe2_0.01562,11.76676896999992,1.3021999999999991
619cdd7045851b2ed24318bf,low_WSe2,0.0,3.0,3.0,WSe2_0.01562,0.42952581000002965,1.8316999999999979
619cdd7045851b2ed24318c0,low_WSe2,0.0,3.0,3.0,WSe2_0.01562,0.45453691000005847,1.8248999999999995
619cdd7045851b2ed24318c1,low_WSe2,2.0,1.0,3.0,WSe2_0.01562,39.24683031999989,0.19699999999999918
619cdd7045851b2ed24318c2,low_WSe2,1.0,2.0,3.0,WSe2_0.01562,27.9199193500001,0.15419999999999945
619cdd7045851b2ed24318c3,low_WSe2,3.0,0.0,3.0,WSe2_0.01562,49.98005926999995,0.20720000000000027
619cdd7045851b2ed24318c4,low_WSe2,2.0,1.0,3.0,WSe2_0.01562,39.23774707000011,0.18260000000000076
619cdd7045851b2ed24318c5,low_WSe2,1.0,2.0,3.0,WSe2_0.01562,11.752821060000077,1.295499999999997
619cdd7045851b2ed24318c6,low_WSe2,1.0,2.0,3.0,WSe2_0.01562,11.774852439999894,1.3018
619cdd7045851b2ed24318c7,low_WSe2,2.0,1.0,3.0,WSe2_0.01562,39.23397598000001,0.19390000000000107
619cdd7045851b2ed24318c8,low_WSe2,1.0,2.0,3.0,WSe2_0.01562,27.880322380000052,0.17730000000000068
619cdd7045851b2ed24318c9,low_WSe2,2.0,1.0,3.0,WSe2_0.01562,23.272435870000017,0.8549000000000007
619cdd7045851b2ed24318ca,low_WSe2,1.0,2.0,3.0,WSe2_0.01562,11.770484059999934,1.301400000000001
619cdd7045851b2ed24318cb,low_WSe2,1.0,2.0,3.0,WSe2_0.01562,27.885084880000022,0.17440000000000033
619cdd7045851b2ed24318cc,low_WSe2,2.0,1.0,3.0,WSe2_0.01562,39.243122350000064,0.1968999999999994
619cdd7045851b2ed24318cd,low_WSe2,0.0,3.0,3.0,WSe2_0.01562,0.4323906300000431,1.830299999999994
619cdd7045851b2ed24318ce,low_WSe2,2.0,1.0,3.0,WSe2_0.01562,39.23368488999999,0.16220000000000034
619cdd7045851b2ed24318cf,low_WSe2,2.0,1.0,3.0,WSe2_0.01562,39.233532869999905,0.20010000000000083
619cdd7045851b2ed24318d0,low_WSe2,1.0,2.0,3.0,WSe2_0.01562,11.755425410000033,1.3031000000000006
619cdd7045851b2ed24318d1,low_WSe2,2.0,1.0,3.0,WSe2_0.01562,23.140032659999896,1.274799999999999
619cdd7045851b2ed24318d2,low_WSe2,2.0,1.0,3.0,WSe2_0.01562,23.13005406999995,1.2798999999999978
619cdd7045851b2ed24318d3,low_WSe2,0.0,3.0,3.0,WSe2_0.01562,0.43055960000009463,1.8145999999999987
619cdd7045851b2ed24318d4,low_WSe2,1.0,2.0,3.0,WSe2_0.01562,11.772769959999994,1.3003
619cdd7045851b2ed24318d5,low_WSe2,1.0,2.0,3.0,WSe2_0.01562,11.776273310000068,1.3014999999999972
619cdd7045851b2ed24318d6,low_WSe2,2.0,1.0,3.0,WSe2_0.01562,23.105518549999978,1.2180000000000035
619cdd7045851b2ed24318d7,low_WSe2,1.0,2.0,3.0,WSe2_0.01562,11.762522460000117,1.3012000000000015
619cdd7045851b2ed24318d8,low_WSe2,3.0,0.0,3.0,WSe2_0.01562,50.726886629999946,0.17960000000000065
619cdd7045851b2ed24318d9,low_WSe2,0.0,3.0,3.0,WSe2_0.01562,0.4319881999999211,1.8273999999999972
619cdd7045851b2ed24318da,low_WSe2,1.0,2.0,3.0,WSe2_0.01562,11.752302450000105,1.3000000000000043
619cdd7045851b2ed24318db,low_WSe2,2.0,1.0,3.0,WSe2_0.01562,39.22579855000008,0.19930000000000092
619cdd7045851b2ed24318dc,low_WSe2,1.0,2.0,3.0,WSe2_0.01562,11.773430810000026,1.2967000000000013
619cdd7045851b2ed24318dd,low_WSe2,1.0,2.0,3.0,WSe2_0.01562,11.775703219999958,1.3003
619cdd7045851b2ed24318de,low_WSe2,0.0,3.0,3.0,WSe2_0.01562,0.431612340000072,1.825400000000002
619cdd7045851b2ed24318df,low_WSe2,3.0,0.0,3.0,WSe2_0.01562,50.47221838000005,0.2049000000000003
619cdd7045851b2ed24318e0,low_WSe2,1.0,2.0,3.0,WSe2_0.01562,11.747868910000069,1.297699999999999
619cdd7045851b2ed24318e1,low_WSe2,2.0,1.0,3.0,WSe2_0.01562,38.724701650000085,0.14369999999999905
619cdd7045851b2ed24318e2,low_WSe2,2.0,1.0,3.0,WSe2_0.01562,39.24243611999991,0.18909999999999982
619cdd7045851b2ed24318e3,low_WSe2,3.0,0.0,3.0,WSe2_0.01562,50.543194109999924,0.21010000000000062
619cdd7045851b2ed24318e4,low_WSe2,2.0,1.0,3.0,WSe2_0.01562,23.11276933999992,1.2435000000000045
619cdd7045851b2ed24318e5,low_WSe2,3.0,0.0,3.0,WSe2_0.01562,50.55798904000003,0.20720000000000027
619cdd7045851b2ed24318e6,low_WSe2,2.0,1.0,3.0,WSe2_0.01562,23.087275460000036,1.2146000000000043
619cdd7045851b2ed24318e7,low_WSe2,1.0,1.0,2.0,WSe2_0.01042,13.429781549999987,1.3031000000000006
619cdd7045851b2ed24318e8,low_WSe2,1.0,2.0,3.0,WSe2_0.01562,28.000514979999934,0.2666000000000004
619cdd7045851b2ed24318e9,low_WSe2,2.0,1.0,3.0,WSe2_0.01562,39.16715499999991,0.20870000000000033
619cdd7145851b2ed24318ea,low_WSe2,2.0,1.0,3.0,WSe2_0.01562,39.22306334999989,0.14029999999999987
619cdd7145851b2ed24318eb,low_WSe2,0.0,3.0,3.0,WSe2_0.01562,0.42907944000006637,1.8226000000000013
619cdd7145851b2ed24318ec,low_WSe2,1.0,2.0,3.0,WSe2_0.01562,11.768076790000112,1.3000000000000043
619cdd7145851b2ed24318ed,low_WSe2,2.0,1.0,3.0,WSe2_0.01562,23.130448279999918,1.2734000000000023
619cdd7145851b2ed24318ee,low_WSe2,1.0,2.0,3.0,WSe2_0.01562,11.772282099999973,1.3045000000000044
619cdd7145851b2ed24318ef,low_WSe2,1.0,2.0,3.0,WSe2_0.01562,11.741206449999925,1.2977999999999952
619cdd7145851b2ed24318f0,low_WSe2,1.0,2.0,3.0,WSe2_0.01562,11.782412219999959,1.1488999999999976
619cdd7145851b2ed24318f1,low_WSe2,1.0,2.0,3.0,WSe2_0.01562,27.91917811999997,0.19289999999999985
619cdd7145851b2ed24318f2,low_WSe2,2.0,1.0,3.0,WSe2_0.01562,39.23085790000009,0.21480000000000032
619cdd7145851b2ed24318f3,low_WSe2,1.0,2.0,3.0,WSe2_0.01562,27.92395781999994,0.1894999999999989
619cdd7145851b2ed24318f4,low_WSe2,0.0,3.0,3.0,WSe2_0.01562,0.42953520000008893,1.8262999999999963
619cdd7145851b2ed24318f5,low_WSe2,1.0,2.0,3.0,WSe2_0.01562,27.99890202000006,0.25849999999999973
619cdd7145851b2ed24318f6,low_WSe2,2.0,1.0,3.0,WSe2_0.01562,39.23144172999996,0.21509999999999962
619cdd7145851b2ed24318f7,low_WSe2,2.0,1.0,3.0,WSe2_0.01562,39.18783454999998,0.21670000000000122
619cdd7145851b2ed24318f8,low_WSe2,1.0,2.0,3.0,WSe2_0.01562,11.762827199999936,1.2969000000000008
619cdd7145851b2ed24318f9,low_WSe2,2.0,1.0,3.0,WSe2_0.01562,23.129873670000087,1.2695000000000007
619cdd7145851b2ed24318fa,low_WSe2,0.0,3.0,3.0,WSe2_0.01562,0.42689443000011806,1.8229999999999933
619cdd7145851b2ed24318fb,low_WSe2,2.0,1.0,3.0,WSe2_0.01562,39.159536969999905,0.19669999999999987
619cdd7145851b2ed24318fc,low_WSe2,1.0,2.0,3.0,WSe2_0.01562,11.75886631000002,1.300699999999999
619cdd7145851b2ed24318fd,low_WSe2,1.0,2.0,3.0,WSe2_0.01562,11.765060510000001,1.3003
619cdd7145851b2ed24318fe,low_WSe2,1.0,2.0,3.0,WSe2_0.01562,11.796716540000023,1.3001000000000005
619cdd7145851b2ed24318ff,low_WSe2,3.0,0.0,3.0,WSe2_0.01562,50.54108228999994,0.1990999999999996
619cdd7145851b2ed2431900,low_WSe2,1.0,2.0,3.0,WSe2_0.01562,11.735487339999953,1.3004999999999995
619cdd7145851b2ed2431901,low_WSe2,0.0,3.0,3.0,WSe2_0.01562,0.45428368000006003,1.828799999999994
619cdd7145851b2ed2431902,low_WSe2,1.0,2.0,3.0,WSe2_0.01562,28.07625394999991,0.28910000000000124
619cdd7145851b2ed2431903,low_WSe2,0.0,3.0,3.0,WSe2_0.01562,0.4550258700000427,1.8272000000000048
619cdd7145851b2ed2431904,low_WSe2,2.0,1.0,3.0,WSe2_0.01562,39.192518019999895,0.1877999999999993
619cdd7145851b2ed2431905,low_WSe2,0.0,3.0,3.0,WSe2_0.01562,0.429068119999954,1.8260000000000005
619cdd7145851b2ed2431906,low_WSe2,0.0,3.0,3.0,WSe2_0.01562,0.4276760199999785,1.8280999999999992
619cdd7145851b2ed2431907,low_WSe2,2.0,1.0,3.0,WSe2_0.01562,39.225561770000056,0.17989999999999995
619cdd7145851b2ed2431908,low_WSe2,0.0,3.0,3.0,WSe2_0.01562,0.4312813099999744,1.8278999999999996
619cdd7145851b2ed2431909,low_WSe2,0.0,3.0,3.0,WSe2_0.01562,0.43601923999989367,1.8342000000000027
619cdd7145851b2ed243190a,low_WSe2,1.0,2.0,3.0,WSe2_0.01562,11.796266840000033,1.3033000000000001
619cdd7145851b2ed243190b,low_WSe2,3.0,0.0,3.0,WSe2_0.01562,50.57179308,0.20090000000000074
619cdd7145851b2ed243190c,low_WSe2,3.0,0.0,3.0,WSe2_0.01562,50.53920062000007,0.21039999999999992
619cdd7145851b2ed243190d,low_WSe2,1.0,2.0,3.0,WSe2_0.01562,27.913562879999972,0.19890000000000008
619cdd7145851b2ed243190e,low_WSe2,3.0,0.0,3.0,WSe2_0.01562,48.81970166999995,0.20239999999999903
619cdd7145851b2ed243190f,low_WSe2,2.0,1.0,3.0,WSe2_0.01562,39.24107983000003,0.18399999999999928
619cdd7145851b2ed2431910,low_WSe2,2.0,1.0,3.0,WSe2_0.01562,23.099955819999913,1.2571999999999974
619cdd7145851b2ed2431911,low_WSe2,1.0,2.0,3.0,WSe2_0.01562,11.76123834000008,1.2991000000000028
619cdd7145851b2ed2431912,low_WSe2,2.0,0.0,2.0,WSe2_0.01042,18.83803009000001,1.2478999999999996
619cdd7145851b2ed2431913,low_WSe2,1.0,2.0,3.0,WSe2_0.01562,11.766356489999897,1.298099999999998
619cdd7145851b2ed2431914,low_WSe2,1.0,2.0,3.0,WSe2_0.01562,27.877039250000053,0.17489999999999917
619cdd7145851b2ed2431915,low_WSe2,3.0,0.0,3.0,WSe2_0.01562,50.5416116299999,0.16029999999999944
619cdd7145851b2ed2431916,low_WSe2,1.0,1.0,2.0,WSe2_0.01042,8.023696070000028,1.3002000000000002
619cdd7145851b2ed2431917,low_WSe2,3.0,0.0,3.0,WSe2_0.01562,49.9511391699999,0.17859999999999943
619cdd7145851b2ed2431918,low_WSe2,1.0,2.0,3.0,WSe2_0.01562,27.87899730999993,0.1758999999999986
619cdd7145851b2ed2431919,low_WSe2,0.0,3.0,3.0,WSe2_0.01562,0.428352860000075,1.829499999999996
619cdd7145851b2ed243191a,low_WSe2,1.0,2.0,3.0,WSe2_0.01562,27.923283999999967,0.18979999999999997
619cdd7145851b2ed243191b,low_WSe2,0.0,3.0,3.0,WSe2_0.01562,0.4330307399999924,1.8168000000000006
619cdd7145851b2ed243191c,low_WSe2,1.0,2.0,3.0,WSe2_0.01562,11.7716229,1.2998999999999938
619cdd7145851b2ed243191d,low_WSe2,3.0,0.0,3.0,WSe2_0.01562,50.54108486000005,0.29309999999999903
619cdd7145851b2ed243191e,low_WSe2,2.0,1.0,3.0,WSe2_0.01562,39.199827330000105,0.19400000000000084
619cdd7145851b2ed243191f,low_WSe2,1.0,2.0,3.0,WSe2_0.01562,11.809799150000106,1.142399999999995
619cdd7145851b2ed2431920,low_WSe2,1.0,2.0,3.0,WSe2_0.01562,11.762150940000073,1.299199999999999
619cdd7145851b2ed2431921,low_WSe2,1.0,2.0,3.0,WSe2_0.01562,11.772369349999952,1.2993999999999986
619cdd7145851b2ed2431922,low_WSe2,1.0,2.0,3.0,WSe2_0.01562,11.762403050000092,1.2988
619cdd7145851b2ed2431923,low_WSe2,3.0,0.0,3.0,WSe2_0.01562,50.53480610000006,0.21410000000000018
619cdd7145851b2ed2431924,low_WSe2,2.0,1.0,3.0,WSe2_0.01562,23.10844715000011,1.2428999999999988
619cdd7145851b2ed2431925,low_WSe2,3.0,0.0,3.0,WSe2_0.01562,48.88016533000005,0.5869999999999997
619cdd7145851b2ed2431926,low_WSe2,3.0,0.0,3.0,WSe2_0.01562,49.94331565999992,0.19949999999999868
619cdd7145851b2ed2431927,low_WSe2,3.0,0.0,3.0,WSe2_0.01562,50.571321839999975,0.20350000000000001
619cdd7145851b2ed2431928,low_WSe2,2.0,1.0,3.0,WSe2_0.01562,23.113914549999926,1.2761999999999958
619cdd7145851b2ed2431929,low_WSe2,1.0,2.0,3.0,WSe2_0.01562,11.748209849999956,1.296199999999999
619cdd7145851b2ed243192a,low_WSe2,3.0,0.0,3.0,WSe2_0.01562,50.55806366000011,0.1966000000000001
619cdd7145851b2ed243192b,low_WSe2,3.0,0.0,3.0,WSe2_0.01562,50.59356287000001,0.19979999999999976
619cdd7145851b2ed243192c,low_WSe2,2.0,1.0,3.0,WSe2_0.01562,38.6220870099999,0.19280000000000008
619cdd7145851b2ed243192d,low_WSe2,2.0,1.0,3.0,WSe2_0.01562,38.63068720999995,0.18909999999999982
619cdd7145851b2ed243192e,low_WSe2,3.0,0.0,3.0,WSe2_0.01562,50.52298982000011,0.2126999999999999
619cdd7145851b2ed243192f,low_WSe2,2.0,1.0,3.0,WSe2_0.01562,23.108890519999967,1.2595000000000027
619cdd7145851b2ed2431930,low_WSe2,3.0,0.0,3.0,WSe2_0.01562,50.519744580000044,0.21140000000000114
619cdd7145851b2ed2431931,low_WSe2,1.0,2.0,3.0,WSe2_0.01562,27.99668216000009,0.2666000000000004
619cdd7145851b2ed2431932,low_WSe2,2.0,1.0,3.0,WSe2_0.01562,23.111697359999916,1.2528999999999968
619cdd7145851b2ed2431933,low_WSe2,0.0,3.0,3.0,WSe2_0.01562,0.42840500000005477,1.8227000000000046
619cdd7145851b2ed2431934,low_WSe2,0.0,3.0,3.0,WSe2_0.01562,0.4272900499999537,1.8297999999999988
619cdd7145851b2ed2431935,low_WSe2,2.0,1.0,3.0,WSe2_0.01562,23.09342962999998,1.2471000000000032
619cdd7145851b2ed2431936,low_WSe2,1.0,2.0,3.0,WSe2_0.01562,11.762781650000068,1.3034000000000034
619cdd7145851b2ed2431937,low_WSe2,3.0,0.0,3.0,WSe2_0.01562,50.56009163000008,0.20809999999999995
619cdd7145851b2ed2431938,low_WSe2,1.0,2.0,3.0,WSe2_0.01562,11.764552919999904,1.297699999999999
619cdd7145851b2ed2431939,low_WSe2,1.0,2.0,3.0,WSe2_0.01562,27.880481950000103,0.1737000000000002
619cdd7245851b2ed243193a,low_WSe2,2.0,1.0,3.0,WSe2_0.01562,39.32771368000003,0.2670999999999992
619cdd7245851b2ed243193b,low_WSe2,1.0,2.0,3.0,WSe2_0.01562,27.911459149999928,0.18960000000000043
619cdd7245851b2ed243193c,low_WSe2,1.0,2.0,3.0,WSe2_0.01562,27.88576880000005,0.1706000000000003
619cdd7245851b2ed243193d,low_WSe2,0.0,3.0,3.0,WSe2_0.01562,0.4247731299998918,1.8255999999999943
619cdd7245851b2ed243193e,low_WSe2,1.0,2.0,3.0,WSe2_0.01562,11.78631476999998,1.2721000000000018
619cdd7245851b2ed243193f,low_WSe2,1.0,2.0,3.0,WSe2_0.01562,27.91827631000001,0.19479999999999897
619cdd7245851b2ed2431940,low_WSe2,1.0,2.0,3.0,WSe2_0.01562,11.750643950000029,1.2955999999999932
619cdd7245851b2ed2431941,low_WSe2,3.0,0.0,3.0,WSe2_0.01562,50.73597052,0.2112999999999996
619cdd7245851b2ed2431942,low_WSe2,3.0,0.0,3.0,WSe2_0.01562,50.4881799400001,0.1509999999999998
619cdd7245851b2ed2431943,low_WSe2,1.0,2.0,3.0,WSe2_0.01562,11.77542528999992,1.284799999999997
619cdd7245851b2ed2431944,low_WSe2,1.0,2.0,3.0,WSe2_0.01562,11.765368090000027,1.2993999999999986
619cdd7245851b2ed2431945,low_WSe2,2.0,1.0,3.0,WSe2_0.01562,39.26131521000006,0.19280000000000008
619cdd7245851b2ed2431946,low_WSe2,1.0,2.0,3.0,WSe2_0.01562,11.798434029999942,1.3048000000000002
619cdd7245851b2ed2431947,low_WSe2,1.0,2.0,3.0,WSe2_0.01562,11.782450919999963,1.2706000000000017
619cdd7245851b2ed2431948,low_WSe2,3.0,0.0,3.0,WSe2_0.01562,50.686341149999954,0.2602999999999991
619cdd7245851b2ed2431949,low_WSe2,2.0,1.0,3.0,WSe2_0.01562,39.399901499999984,0.28420000000000023
619cdd7245851b2ed243194a,low_WSe2,1.0,2.0,3.0,WSe2_0.01562,11.767278069999964,1.3011999999999944
619cdd7245851b2ed243194b,low_WSe2,2.0,1.0,3.0,WSe2_0.01562,37.576087850000064,0.6547999999999998
619cdd7245851b2ed243194c,low_WSe2,1.0,2.0,3.0,WSe2_0.01562,11.753888149999955,1.2974999999999994
619cdd7245851b2ed243194d,low_WSe2,2.0,1.0,3.0,WSe2_0.01562,23.112441770000068,1.2210000000000036
619cdd7245851b2ed243194e,low_WSe2,3.0,0.0,3.0,WSe2_0.01562,48.84558445999992,0.5678000000000001
619cdd7245851b2ed243194f,low_WSe2,3.0,0.0,3.0,WSe2_0.01562,50.176401770000076,0.1734000000000009
619cdd7245851b2ed2431950,low_WSe2,0.0,3.0,3.0,WSe2_0.01562,0.4298174800000538,1.8331000000000017
619cdd7245851b2ed2431951,low_WSe2,1.0,2.0,3.0,WSe2_0.01562,11.765598989999933,1.2975999999999956
619cdd7245851b2ed2431952,low_WSe2,1.0,2.0,3.0,WSe2_0.01562,11.77002141999991,1.296599999999998
619cdd7245851b2ed2431953,low_WSe2,1.0,2.0,3.0,WSe2_0.01562,27.917629510000097,0.19339999999999868
619cdd7245851b2ed2431954,low_WSe2,2.0,1.0,3.0,WSe2_0.01562,39.22950160000009,0.14809999999999945
619cdd7245851b2ed2431955,low_WSe2,0.0,3.0,3.0,WSe2_0.01562,0.42986392000005935,1.8320000000000007
619cdd7245851b2ed2431956,low_WSe2,0.0,3.0,3.0,WSe2_0.01562,0.427592440000069,1.8256000000000014
619cdd7245851b2ed2431957,low_WSe2,1.0,2.0,3.0,WSe2_0.01562,11.788987540000097,1.1606999999999985
619cdd7245851b2ed2431958,low_WSe2,2.0,1.0,3.0,WSe2_0.01562,39.27274229999993,0.18239999999999945
619cdd7245851b2ed2431959,low_WSe2,3.0,0.0,3.0,WSe2_0.01562,50.55079968000005,0.21939999999999849
619cdd7245851b2ed243195a,low_WSe2,0.0,3.0,3.0,WSe2_0.01562,0.4300634900000091,1.8327999999999989
619cdd7245851b2ed243195b,low_WSe2,2.0,1.0,3.0,WSe2_0.01562,23.098601299999963,1.2822000000000031
619cdd7245851b2ed243195c,low_WSe2,1.0,1.0,2.0,WSe2_0.01042,8.016139570000064,1.2998000000000012
619cdd7245851b2ed243195d,low_WSe2,1.0,2.0,3.0,WSe2_0.01562,28.205298419999963,0.3674999999999997
619cdd7245851b2ed243195e,low_WSe2,2.0,1.0,3.0,WSe2_0.01562,39.24595838000009,0.19579999999999842
619cdd7245851b2ed243195f,low_WSe2,0.0,3.0,3.0,WSe2_0.01562,0.42920059000010724,1.828400000000002
619cdd7245851b2ed2431960,low_WSe2,3.0,0.0,3.0,WSe2_0.01562,50.51309228,0.1897000000000002
619cdd7245851b2ed2431961,low_WSe2,2.0,1.0,3.0,WSe2_0.01562,39.23403177999994,0.1908000000000012
619cdd7245851b2ed2431962,low_WSe2,1.0,2.0,3.0,WSe2_0.01562,28.000206489999982,0.2585999999999995
619cdd7245851b2ed2431963,low_WSe2,1.0,2.0,3.0,WSe2_0.01562,27.911900710000054,0.1952000000000016
619cdd7245851b2ed2431964,low_WSe2,3.0,0.0,3.0,WSe2_0.01562,50.75397529999996,0.16109999999999935
619cdd7245851b2ed2431965,low_WSe2,3.0,0.0,3.0,WSe2_0.01562,49.95671473000002,0.18310000000000137
619cdd7245851b2ed2431966,low_WSe2,1.0,2.0,3.0,WSe2_0.01562,27.967568020000044,0.22250000000000014
619cdd7245851b2ed2431967,low_WSe2,0.0,3.0,3.0,WSe2_0.01562,0.42936335000007375,1.8305000000000007
619cdd7245851b2ed2431968,low_WSe2,2.0,1.0,3.0,WSe2_0.01562,39.235476030000015,0.20340000000000025
619cdd7245851b2ed2431969,low_WSe2,3.0,0.0,3.0,WSe2_0.01562,50.598278620000066,0.2441999999999993
619cdd7245851b2ed243196a,low_WSe2,2.0,1.0,3.0,WSe2_0.01562,39.27591166999996,0.18120000000000047
619cdd7245851b2ed243196b,low_WSe2,1.0,2.0,3.0,WSe2_0.01562,11.789044670000056,1.159400000000005
619cdd7245851b2ed243196c,low_WSe2,3.0,0.0,3.0,WSe2_0.01562,50.60038049,0.2576999999999998
619cdd7245851b2ed243196d,low_WSe2,1.0,2.0,3.0,WSe2_0.01562,11.78664088000004,1.159799999999997
619cdd7245851b2ed243196e,low_WSe2,3.0,0.0,3.0,WSe2_0.01562,50.58836950000009,0.20009999999999906
619cdd7245851b2ed243196f,low_WSe2,3.0,0.0,3.0,WSe2_0.01562,50.50007848000005,0.22949999999999982
619cdd7245851b2ed2431970,low_WSe2,1.0,2.0,3.0,WSe2_0.01562,27.874820439999894,0.17440000000000033
619cdd7245851b2ed2431971,low_WSe2,1.0,2.0,3.0,WSe2_0.01562,27.914240269999937,0.19239999999999924
619cdd7245851b2ed2431972,low_WSe2,2.0,1.0,3.0,WSe2_0.01562,39.233975729999926,0.19299999999999962
619cdd7245851b2ed2431973,low_WSe2,2.0,1.0,3.0,WSe2_0.01562,23.114089689999936,1.1249000000000038
619cdd7245851b2ed2431974,low_WSe2,1.0,2.0,3.0,WSe2_0.01562,11.774006800000041,1.3016000000000005
619cdd7245851b2ed2431975,low_WSe2,2.0,1.0,3.0,WSe2_0.01562,39.23866193000008,0.1919000000000004
619cdd7245851b2ed2431976,low_WSe2,3.0,0.0,3.0,WSe2_0.01562,50.571713420000016,0.16249999999999964
619cdd7245851b2ed2431977,low_WSe2,1.0,2.0,3.0,WSe2_0.01562,11.772741429999986,1.304000000000002
619cdd7245851b2ed2431978,low_WSe2,3.0,0.0,3.0,WSe2_0.01562,49.98870943999996,0.18740000000000023
619cdd7245851b2ed2431979,low_WSe2,3.0,0.0,3.0,WSe2_0.01562,50.500868619999984,0.21439999999999948
619cdd7245851b2ed243197a,low_WSe2,2.0,1.0,3.0,WSe2_0.01562,23.27279393000007,0.8581999999999965
619cdd7245851b2ed243197b,low_WSe2,2.0,1.0,3.0,WSe2_0.01562,23.119465100000106,1.1552000000000007
619cdd7245851b2ed243197c,low_WSe2,1.0,2.0,3.0,WSe2_0.01562,11.763875289999977,1.3018
619cdd7245851b2ed243197d,low_WSe2,2.0,1.0,3.0,WSe2_0.01562,23.124762910000108,1.2760000000000034
619cdd7245851b2ed243197e,low_WSe2,1.0,2.0,3.0,WSe2_0.01562,27.917554690000088,0.18569999999999887
619cdd7245851b2ed243197f,low_WSe2,1.0,2.0,3.0,WSe2_0.01562,11.774212510000087,1.300699999999999
619cdd7245851b2ed2431980,low_WSe2,0.0,3.0,3.0,WSe2_0.01562,0.42806018999993967,1.823999999999998
619cdd7245851b2ed2431981,low_WSe2,2.0,1.0,3.0,WSe2_0.01562,39.28508564999997,0.16520000000000046
619cdd7245851b2ed2431982,low_WSe2,2.0,1.0,3.0,WSe2_0.01562,23.037790240000085,1.1206000000000031
619cdd7245851b2ed2431983,low_WSe2,1.0,2.0,3.0,WSe2_0.01562,27.990632210000058,0.2660999999999998
619cdd7245851b2ed2431984,low_WSe2,2.0,1.0,3.0,WSe2_0.01562,23.11143745999997,1.2682999999999964
619cdd7245851b2ed2431985,low_WSe2,1.0,2.0,3.0,WSe2_0.01562,11.770290680000006,1.299599999999998
619cdd7245851b2ed2431986,low_WSe2,2.0,1.0,3.0,WSe2_0.01562,39.248345530000094,0.19309999999999938
619cdd7245851b2ed2431987,low_WSe2,1.0,2.0,3.0,WSe2_0.01562,28.05861948000006,0.2826000000000004
619cdd7245851b2ed2431988,low_WSe2,1.0,2.0,3.0,WSe2_0.01562,27.875295049999977,0.17440000000000033
619cdd7245851b2ed2431989,low_WSe2,3.0,0.0,3.0,WSe2_0.01562,49.9701160600001,0.19130000000000003
619cdd7245851b2ed243198a,low_WSe2,1.0,2.0,3.0,WSe2_0.01562,27.927062689999957,0.1858000000000004
619cdd7345851b2ed243198b,low_WSe2,0.0,3.0,3.0,WSe2_0.01562,0.4290540900000792,1.8316000000000017
619cdd7345851b2ed243198c,low_WSe2,2.0,1.0,3.0,WSe2_0.01562,39.23559664000008,0.19710000000000072
619cdd7345851b2ed243198d,low_WSe2,3.0,0.0,3.0,WSe2_0.01562,48.055647109999974,0.6295000000000002
619cdd7345851b2ed243198e,low_WSe2,2.0,1.0,3.0,WSe2_0.01562,39.21477336999992,0.2010000000000005
619cdd7345851b2ed243198f,low_WSe2,1.0,2.0,3.0,WSe2_0.01562,11.784732809999912,1.2993000000000023
619cdd7345851b2ed2431990,low_WSe2,3.0,0.0,3.0,WSe2_0.01562,50.57178093999992,0.15080000000000027
619cdd7345851b2ed2431991,low_WSe2,2.0,1.0,3.0,WSe2_0.01562,23.10837186000007,1.1966999999999999
619cdd7345851b2ed2431992,low_WSe2,1.0,2.0,3.0,WSe2_0.01562,11.76350124999998,1.3013000000000048
619cdd7345851b2ed2431993,low_WSe2,1.0,2.0,3.0,WSe2_0.01562,11.77596741000001,1.3021999999999991
619cdd7345851b2ed2431994,low_WSe2,2.0,1.0,3.0,WSe2_0.01562,39.23347296999991,0.21809999999999974
619cdd7345851b2ed2431995,low_WSe2,1.0,2.0,3.0,WSe2_0.01562,11.769484160000037,1.2990000000000066
619cdd7345851b2ed2431996,low_WSe2,1.0,2.0,3.0,WSe2_0.01562,11.801237899999922,1.3036999999999992
619cdd7345851b2ed2431997,low_WSe2,1.0,2.0,3.0,WSe2_0.01562,11.76872617999992,1.2994999999999948
619cdd7345851b2ed2431998,low_WSe2,1.0,2.0,3.0,WSe2_0.01562,11.774012630000005,1.3049000000000035
619cdd7345851b2ed2431999,low_WSe2,2.0,1.0,3.0,WSe2_0.01562,39.231128409999926,0.2142999999999997
619cdd7345851b2ed243199a,low_WSe2,2.0,1.0,3.0,WSe2_0.01562,39.26497518000001,0.19079999999999941
619cdd7345851b2ed243199b,low_WSe2,3.0,0.0,3.0,WSe2_0.01562,50.559565500000055,0.20229999999999926
619cdd7345851b2ed243199c,low_WSe2,1.0,2.0,3.0,WSe2_0.01562,11.749158770000111,1.2971000000000004
619cdd7345851b2ed243199d,low_WSe2,2.0,1.0,3.0,WSe2_0.01562,23.11470962000002,1.2438000000000002
619cdd7345851b2ed243199e,low_WSe2,1.0,2.0,3.0,WSe2_0.01562,27.996857529999943,0.2636000000000003
619cdd7345851b2ed243199f,low_WSe2,1.0,2.0,3.0,WSe2_0.01562,27.917694640000036,0.19539999999999935
619cdd7345851b2ed24319a0,low_WSe2,1.0,2.0,3.0,WSe2_0.01562,11.768254479999985,1.2963000000000022
619cdd7345851b2ed24319a1,low_WSe2,1.0,2.0,3.0,WSe2_0.01562,11.777206030000105,1.3004999999999995
619cdd7345851b2ed24319a2,low_WSe2,2.0,1.0,3.0,WSe2_0.01562,39.253692170000065,0.19329999999999892
619cdd7345851b2ed24319a3,low_WSe2,1.0,2.0,3.0,WSe2_0.01562,11.76373009000007,1.3035999999999959
619cdd7345851b2ed24319a4,low_WSe2,1.0,2.0,3.0,WSe2_0.01562,27.88741832000005,0.17210000000000036
619cdd7345851b2ed24319a5,low_WSe2,2.0,1.0,3.0,WSe2_0.01562,39.234495620000004,0.2032999999999987
619cdd7345851b2ed24319a6,low_WSe2,0.0,3.0,3.0,WSe2_0.01562,0.4273578799999882,1.8269999999999982
619cdd7345851b2ed24319a7,low_WSe2,2.0,1.0,3.0,WSe2_0.01562,38.638827990000024,0.1943999999999999
619cdd7345851b2ed24319a8,low_WSe2,0.0,3.0,3.0,WSe2_0.01562,0.43246238000000403,1.8168999999999969
619cdd7345851b2ed24319a9,low_WSe2,1.0,2.0,3.0,WSe2_0.01562,11.747708840000076,1.2997000000000014
619cdd7345851b2ed24319aa,low_WSe2,1.0,2.0,3.0,WSe2_0.01562,11.776961360000076,1.2971999999999966
619cdd7345851b2ed24319ab,low_WSe2,1.0,2.0,3.0,WSe2_0.01562,11.753331050000032,1.295099999999998
619cdd7345851b2ed24319ac,low_WSe2,2.0,1.0,3.0,WSe2_0.01562,23.12900781000011,1.2712000000000003
619cdd7345851b2ed24319ad,low_WSe2,2.0,1.0,3.0,WSe2_0.01562,23.10589688000008,1.218900000000005
619cdd7345851b2ed24319ae,low_WSe2,2.0,1.0,3.0,WSe2_0.01562,23.09947317999994,1.286200000000001
619cdd7345851b2ed24319af,low_WSe2,2.0,1.0,3.0,WSe2_0.01562,23.239081819999946,0.8549000000000007
619cdd7345851b2ed24319b0,low_WSe2,2.0,1.0,3.0,WSe2_0.01562,39.19553066999997,0.1844999999999999
619cdd7345851b2ed24319b1,low_WSe2,1.0,2.0,3.0,WSe2_0.01562,11.782055789999948,1.157899999999998
619cdd7345851b2ed24319b2,low_WSe2,3.0,0.0,3.0,WSe2_0.01562,50.59144182999999,0.2658000000000005
619cdd7345851b2ed24319b3,low_WSe2,2.0,1.0,3.0,WSe2_0.01562,39.24839789000002,0.1994000000000007
619cdd7345851b2ed24319b4,low_WSe2,1.0,2.0,3.0,WSe2_0.01562,11.769310480000048,1.299199999999999
619cdd7345851b2ed24319b5,low_WSe2,1.0,2.0,3.0,WSe2_0.01562,27.881051800000023,0.1739999999999995
619cdd7345851b2ed24319b6,low_WSe2,0.0,3.0,3.0,WSe2_0.01562,0.43778083000000834,1.8280999999999992
619cdd7345851b2ed24319b7,low_WSe2,2.0,1.0,3.0,WSe2_0.01562,37.56181343000007,0.6194000000000006
619cdd7345851b2ed24319b8,low_WSe2,1.0,2.0,3.0,WSe2_0.01562,11.79137186999991,1.297699999999999
619cdd7345851b2ed24319b9,low_WSe2,3.0,0.0,3.0,WSe2_0.01562,50.49997175000008,0.21639999999999837
619cdd7345851b2ed24319ba,low_WSe2,1.0,2.0,3.0,WSe2_0.01562,27.998015769999938,0.2645999999999997
619cdd7345851b2ed24319bb,low_WSe2,2.0,1.0,3.0,WSe2_0.01562,23.119569600000013,1.242600000000003
619cdd7345851b2ed24319bc,low_WSe2,1.0,2.0,3.0,WSe2_0.01562,11.75357370000005,1.298099999999998
619cdd7345851b2ed24319bd,low_WSe2,1.0,2.0,3.0,WSe2_0.01562,11.773870879999993,1.2948000000000022
619cdd7345851b2ed24319be,low_WSe2,2.0,1.0,3.0,WSe2_0.01562,39.20158943999995,0.20250000000000057
619cdd7345851b2ed24319bf,low_WSe2,0.0,3.0,3.0,WSe2_0.01562,0.42901460000001634,1.8226999999999975
619cdd7345851b2ed24319c0,low_WSe2,2.0,1.0,3.0,WSe2_0.01562,39.227126410000025,0.14869999999999983
619cdd7345851b2ed24319c1,low_WSe2,2.0,1.0,3.0,WSe2_0.01562,38.63135820999996,0.19149999999999956
619cdd7345851b2ed24319c2,low_WSe2,1.0,2.0,3.0,WSe2_0.01562,11.768710269999918,1.3045000000000044
619cdd7345851b2ed24319c3,low_WSe2,3.0,0.0,3.0,WSe2_0.01562,49.97244854000005,0.2132000000000005
619cdd7345851b2ed24319c4,low_WSe2,1.0,2.0,3.0,WSe2_0.01562,11.764919780000117,1.2978999999999985
619cdd7345851b2ed24319c5,low_WSe2,3.0,0.0,3.0,WSe2_0.01562,50.53166683000004,0.2123999999999988
619cdd7345851b2ed24319c6,low_WSe2,1.0,2.0,3.0,WSe2_0.01562,11.7586572099999,1.3027000000000015
619cdd7345851b2ed24319c7,low_WSe2,1.0,2.0,3.0,WSe2_0.01562,27.918352559999903,0.19350000000000023
619cdd7345851b2ed24319c8,low_WSe2,2.0,1.0,3.0,WSe2_0.01562,39.23910587999994,0.19890000000000008
619cdd7345851b2ed24319c9,low_WSe2,1.0,2.0,3.0,WSe2_0.01562,27.912755759999982,0.19640000000000057
619cdd7345851b2ed24319ca,low_WSe2,1.0,2.0,3.0,WSe2_0.01562,11.764811270000099,1.2980000000000018
619cdd7345851b2ed24319cb,low_WSe2,2.0,1.0,3.0,WSe2_0.01562,23.11315175000008,1.2697000000000003
619cdd7345851b2ed24319cc,low_WSe2,2.0,1.0,3.0,WSe2_0.01562,23.112300380000114,1.2548999999999992
619cdd7345851b2ed24319cd,low_WSe2,1.0,2.0,3.0,WSe2_0.01562,11.769585799999948,1.2969000000000008
619cdd7345851b2ed24319ce,low_WSe2,1.0,2.0,3.0,WSe2_0.01562,11.767155369999944,1.2935000000000016
619cdd7345851b2ed24319cf,low_WSe2,0.0,3.0,3.0,WSe2_0.01562,0.42806768000008333,1.8267999999999986
619cdd7345851b2ed24319d0,low_WSe2,1.0,2.0,3.0,WSe2_0.01562,27.968183769999996,0.160400000000001
619cdd7345851b2ed24319d1,low_WSe2,1.0,2.0,3.0,WSe2_0.01562,28.06454336999991,0.2754999999999992
619cdd7345851b2ed24319d2,low_WSe2,2.0,1.0,3.0,WSe2_0.01562,39.38140784000011,0.2873999999999999
619cdd7345851b2ed24319d3,low_WSe2,2.0,1.0,3.0,WSe2_0.01562,39.24094214999995,0.19239999999999924
619cdd7345851b2ed24319d4,low_WSe2,1.0,2.0,3.0,WSe2_0.01562,27.970401999999922,0.23390000000000022
619cdd7345851b2ed24319d5,low_WSe2,3.0,0.0,3.0,WSe2_0.01562,50.56969504999993,0.20089999999999897
619cdd7345851b2ed24319d6,low_WSe2,0.0,3.0,3.0,WSe2_0.01562,0.4284646200000566,1.822899999999997
619cdd7345851b2ed24319d7,low_WSe2,3.0,0.0,3.0,WSe2_0.01562,50.5082622200001,0.2218
619cdd7345851b2ed24319d8,low_WSe2,2.0,1.0,3.0,WSe2_0.01562,38.63561183999995,0.1911000000000005
619cdd7345851b2ed24319d9,low_WSe2,1.0,2.0,3.0,WSe2_0.01562,11.772636809999984,1.3038999999999987
619cdd7345851b2ed24319da,low_WSe2,3.0,0.0,3.0,WSe2_0.01562,50.15624717000001,0.26649999999999885
619cdd7445851b2ed24319db,low_WSe2,3.0,0.0,3.0,WSe2_0.01562,50.55781981999994,0.20679999999999943
619cdd7445851b2ed24319dc,low_WSe2,2.0,1.0,3.0,WSe2_0.01562,23.12373873000005,1.281499999999994
619cdd7445851b2ed24319dd,low_WSe2,1.0,2.0,3.0,WSe2_0.01562,28.002411660000007,0.26449999999999996
619cdd7445851b2ed24319de,low_WSe2,2.0,1.0,3.0,WSe2_0.01562,23.115961369999958,1.2851
619cdd7445851b2ed24319df,low_WSe2,0.0,3.0,3.0,WSe2_0.01562,0.4267648899999017,1.822899999999997
619cdd7445851b2ed24319e0,low_WSe2,1.0,2.0,3.0,WSe2_0.01562,27.91711994000002,0.19449999999999967
619cdd7445851b2ed24319e1,low_WSe2,1.0,2.0,3.0,WSe2_0.01562,27.927188650000062,0.18660000000000032
619cdd7445851b2ed24319e2,low_WSe2,0.0,3.0,3.0,WSe2_0.01562,0.429416930000059,1.8270999999999944
619cdd7445851b2ed24319e3,low_WSe2,2.0,0.0,2.0,WSe2_0.01042,40.98362708000003,0.27080000000000126
619cdd7445851b2ed24319e4,low_WSe2,2.0,1.0,3.0,WSe2_0.01562,39.387540100000066,0.30150000000000077
619cdd7445851b2ed24319e5,low_WSe2,3.0,0.0,3.0,WSe2_0.01562,50.518593370000055,0.21149999999999913
619cdd7445851b2ed24319e6,low_WSe2,2.0,1.0,3.0,WSe2_0.01562,39.236065560000085,0.18579999999999863
619cdd7445851b2ed24319e7,low_WSe2,2.0,1.0,3.0,WSe2_0.01562,23.102990420000005,1.2587999999999937
619cdd7445851b2ed24319e8,low_WSe2,1.0,2.0,3.0,WSe2_0.01562,11.769298859999925,1.2998000000000047
619cdd7445851b2ed24319e9,low_WSe2,2.0,1.0,3.0,WSe2_0.01562,39.19447558999995,0.2093999999999987
619cdd7445851b2ed24319ea,low_WSe2,2.0,1.0,3.0,WSe2_0.01562,39.23418614999996,0.20500000000000007
619cdd7445851b2ed24319eb,low_WSe2,1.0,2.0,3.0,WSe2_0.01562,11.767695629999924,1.3029999999999973
619cdd7445851b2ed24319ec,low_WSe2,1.0,2.0,3.0,WSe2_0.01562,11.767352390000031,1.2973999999999961
619cdd7445851b2ed24319ed,low_WSe2,1.0,2.0,3.0,WSe2_0.01562,27.936226829999896,0.18619999999999948
619cdd7445851b2ed24319ee,low_WSe2,2.0,1.0,3.0,WSe2_0.01562,23.108850280000105,1.2188999999999979
619cdd7445851b2ed24319ef,low_WSe2,1.0,2.0,3.0,WSe2_0.01562,11.771281470000066,1.2975999999999956
619cdd7445851b2ed24319f0,low_WSe2,1.0,2.0,3.0,WSe2_0.01562,27.99537153999995,0.26750000000000007
619cdd7445851b2ed24319f1,low_WSe2,2.0,1.0,3.0,WSe2_0.01562,39.235227460000075,0.2171000000000003
619cdd7445851b2ed24319f2,low_WSe2,0.0,3.0,3.0,WSe2_0.01562,0.42967250999998896,1.824300000000001
619cdd7445851b2ed24319f3,low_WSe2,1.0,2.0,3.0,WSe2_0.01562,11.768618360000108,1.292500000000004
619cdd7445851b2ed24319f4,low_WSe2,1.0,2.0,3.0,WSe2_0.01562,11.775072549999994,1.304000000000002
619cdd7445851b2ed24319f5,low_WSe2,1.0,2.0,3.0,WSe2_0.01562,11.770066600000053,1.297699999999999
619cdd7445851b2ed24319f6,low_WSe2,3.0,0.0,3.0,WSe2_0.01562,50.52362499000001,0.2096
619cdd7445851b2ed24319f7,low_WSe2,0.0,3.0,3.0,WSe2_0.01562,0.43204220000001214,1.8140999999999963
619cdd7445851b2ed24319f8,low_WSe2,1.0,2.0,3.0,WSe2_0.01562,27.876254430000017,0.17519999999999847
619cdd7445851b2ed24319f9,low_WSe2,2.0,1.0,3.0,WSe2_0.01562,39.242957559999965,0.18399999999999928
619cdd7445851b2ed24319fa,low_WSe2,2.0,1.0,3.0,WSe2_0.01562,23.091363390000005,1.1965000000000003
619cdd7445851b2ed24319fb,low_WSe2,2.0,1.0,3.0,WSe2_0.01562,39.18581737999993,0.19040000000000035
619cdd7445851b2ed24319fc,low_WSe2,1.0,2.0,3.0,WSe2_0.01562,11.775139329999991,1.1584999999999965
619cdd7445851b2ed24319fd,low_WSe2,0.0,3.0,3.0,WSe2_0.01562,0.43045008999996526,1.8307999999999964
619cdd7445851b2ed24319fe,low_WSe2,2.0,1.0,3.0,WSe2_0.01562,39.25340312000007,0.18869999999999898
619cdd7445851b2ed24319ff,low_WSe2,1.0,2.0,3.0,WSe2_0.01562,11.766686930000095,1.2979999999999947
619cdd7445851b2ed2431a00,low_WSe2,0.0,2.0,2.0,WSe2_0.01042,2.08953109000006,1.828800000000001
619cdd7445851b2ed2431a01,low_WSe2,3.0,0.0,3.0,WSe2_0.01562,50.5755865300001,0.2181999999999995
619cdd7445851b2ed2431a02,low_WSe2,2.0,1.0,3.0,WSe2_0.01562,38.63490297000003,0.18969999999999843
619cdd7445851b2ed2431a03,low_WSe2,1.0,2.0,3.0,WSe2_0.01562,11.768668469999955,1.283299999999997
619cdd7445851b2ed2431a04,low_WSe2,1.0,2.0,3.0,WSe2_0.01562,27.921078569999963,0.19599999999999973
619cdd7445851b2ed2431a05,low_WSe2,0.0,3.0,3.0,WSe2_0.01562,0.4270672500001069,1.8301000000000016
619cdd7445851b2ed2431a06,low_WSe2,3.0,0.0,3.0,WSe2_0.01562,50.561660449999955,0.19510000000000005
619cdd7445851b2ed2431a07,low_WSe2,0.0,3.0,3.0,WSe2_0.01562,0.4319718999999509,1.8325999999999993
619cdd7445851b2ed2431a08,low_WSe2,0.0,3.0,3.0,WSe2_0.01562,0.42933770999997023,1.826900000000002
619cdd7445851b2ed2431a09,low_WSe2,1.0,2.0,3.0,WSe2_0.01562,11.7756171599999,1.298099999999998
619cdd7445851b2ed2431a0a,low_WSe2,3.0,0.0,3.0,WSe2_0.01562,49.97021716000004,0.18799999999999883
619cdd7445851b2ed2431a0b,low_WSe2,1.0,2.0,3.0,WSe2_0.01562,27.890483789999962,0.17120000000000068
619cdd7445851b2ed2431a0c,low_WSe2,2.0,1.0,3.0,WSe2_0.01562,39.2505025200001,0.1960999999999995
619cdd7445851b2ed2431a0d,low_WSe2,1.0,2.0,3.0,WSe2_0.01562,27.914217060000055,0.18619999999999948
619cdd7445851b2ed2431a0e,low_WSe2,3.0,0.0,3.0,WSe2_0.01562,50.578013680000005,0.22060000000000102
619cdd7445851b2ed2431a0f,low_WSe2,1.0,2.0,3.0,WSe2_0.01562,11.764872989999947,1.3010999999999981
619cdd7445851b2ed2431a10,low_WSe2,1.0,2.0,3.0,WSe2_0.01562,11.752092819999906,1.3021999999999991
619cdd7445851b2ed2431a11,low_WSe2,1.0,2.0,3.0,WSe2_0.01562,28.00365615999999,0.26479999999999926
619cdd7445851b2ed2431a12,low_WSe2,2.0,1.0,3.0,WSe2_0.01562,23.130582840000024,1.1411000000000016
619cdd7445851b2ed2431a13,low_WSe2,3.0,0.0,3.0,WSe2_0.01562,49.95817597000005,0.1980000000000004
619cdd7445851b2ed2431a14,low_WSe2,2.0,1.0,3.0,WSe2_0.01562,39.226361020000056,0.15530000000000044
619cdd7445851b2ed2431a15,low_WSe2,2.0,1.0,3.0,WSe2_0.01562,39.14510139000008,0.20390000000000086
619cdd7445851b2ed2431a16,low_WSe2,1.0,2.0,3.0,WSe2_0.01562,11.76692866999996,1.2969000000000008
619cdd7445851b2ed2431a17,low_WSe2,0.0,3.0,3.0,WSe2_0.01562,0.428674400000034,1.828400000000002
619cdd7445851b2ed2431a18,low_WSe2,1.0,1.0,2.0,WSe2_0.01042,8.036996910000084,1.2716000000000012
619cdd7445851b2ed2431a19,low_WSe2,2.0,1.0,3.0,WSe2_0.01562,39.19402861999997,0.20289999999999964
619cdd7445851b2ed2431a1a,low_WSe2,0.0,3.0,3.0,WSe2_0.01562,0.42714326000003666,1.825800000000001
619cdd7445851b2ed2431a1b,low_WSe2,2.0,1.0,3.0,WSe2_0.01562,23.106981810000015,1.1379999999999981
619cdd7445851b2ed2431a1c,low_WSe2,1.0,2.0,3.0,WSe2_0.01562,11.762255829999948,1.3003
619cdd7445851b2ed2431a1d,low_WSe2,2.0,1.0,3.0,WSe2_0.01562,39.23159235000007,0.1507000000000005
619cdd7445851b2ed2431a1e,low_WSe2,2.0,1.0,3.0,WSe2_0.01562,39.247249929999995,0.1977999999999991
619cdd7445851b2ed2431a1f,low_WSe2,1.0,2.0,3.0,WSe2_0.01562,27.879218150000042,0.17419999999999902
619cdd7445851b2ed2431a20,low_WSe2,2.0,1.0,3.0,WSe2_0.01562,38.65815301000002,0.2201999999999984
619cdd7445851b2ed2431a21,low_WSe2,3.0,0.0,3.0,WSe2_0.01562,50.6154220500001,0.24719999999999942
619cdd7445851b2ed2431a22,low_WSe2,0.0,2.0,2.0,WSe2_0.01042,2.0898508800001085,1.8288999999999973
619cdd7445851b2ed2431a23,low_WSe2,1.0,2.0,3.0,WSe2_0.01562,27.99869693000005,0.2629999999999999
619cdd7445851b2ed2431a24,low_WSe2,2.0,1.0,3.0,WSe2_0.01562,38.63026715000005,0.19400000000000084
619cdd7445851b2ed2431a25,low_WSe2,0.0,3.0,3.0,WSe2_0.01562,0.4508501699999101,1.8276000000000039
619cdd7445851b2ed2431a26,low_WSe2,1.0,2.0,3.0,WSe2_0.01562,27.931201209999927,0.15419999999999945
619cdd7445851b2ed2431a27,low_WSe2,3.0,0.0,3.0,WSe2_0.01562,50.57811578999995,0.20310000000000095
619cdd7445851b2ed2431a28,low_WSe2,3.0,0.0,3.0,WSe2_0.01562,49.95433039999998,0.20030000000000037
619cdd7445851b2ed2431a29,low_WSe2,1.0,2.0,3.0,WSe2_0.01562,11.682920660000025,1.3078999999999965
619cdd7445851b2ed2431a2a,low_WSe2,2.0,1.0,3.0,WSe2_0.01562,23.106691320000017,1.2591999999999999
619cdd7445851b2ed2431a2b,low_WSe2,1.0,2.0,3.0,WSe2_0.01562,11.789347110000097,1.300699999999999
619cdd7545851b2ed2431a2c,low_WSe2,3.0,0.0,3.0,WSe2_0.01562,50.58845342000004,0.16169999999999973
619cdd7545851b2ed2431a2d,low_WSe2,2.0,1.0,3.0,WSe2_0.01562,23.12423846000005,1.2826999999999984
619cdd7545851b2ed2431a2e,low_WSe2,1.0,2.0,3.0,WSe2_0.01562,11.78088273000002,1.1563000000000017
619cdd7545851b2ed2431a2f,low_WSe2,1.0,2.0,3.0,WSe2_0.01562,28.061353069999996,0.2858999999999998
619cdd7545851b2ed2431a30,low_WSe2,2.0,1.0,3.0,WSe2_0.01562,23.11062294000002,1.269599999999997
619cdd7545851b2ed2431a31,low_WSe2,2.0,1.0,3.0,WSe2_0.01562,39.2275978600001,0.14089999999999847
619cdd7545851b2ed2431a32,low_WSe2,2.0,1.0,3.0,WSe2_0.01562,38.592055260000095,0.18009999999999948
619cdd7545851b2ed2431a33,low_WSe2,2.0,1.0,3.0,WSe2_0.01562,23.111861979999993,1.2680000000000007
619cdd7545851b2ed2431a34,low_WSe2,1.0,2.0,3.0,WSe2_0.01562,11.767818020000039,1.3021999999999991
619cdd7545851b2ed2431a35,low_WSe2,1.0,2.0,3.0,WSe2_0.01562,11.680096660000107,1.3064999999999998
619cdd7545851b2ed2431a36,low_WSe2,2.0,1.0,3.0,WSe2_0.01562,39.22736833999993,0.19079999999999941
619cdd7545851b2ed2431a37,low_WSe2,2.0,1.0,3.0,WSe2_0.01562,23.1106368000001,1.287399999999998
619cdd7545851b2ed2431a38,low_WSe2,2.0,1.0,3.0,WSe2_0.01562,23.11760972999995,1.147199999999998
619cdd7545851b2ed2431a39,low_WSe2,1.0,1.0,2.0,WSe2_0.01042,29.663392869999903,0.2614000000000001
619cdd7545851b2ed2431a3a,low_WSe2,2.0,1.0,3.0,WSe2_0.01562,23.105197709999892,1.2560999999999964
619cdd7545851b2ed2431a3b,low_WSe2,1.0,2.0,3.0,WSe2_0.01562,11.770099540000036,1.2938000000000045
619cdd7545851b2ed2431a3c,low_WSe2,2.0,1.0,3.0,WSe2_0.01562,39.24654044999993,0.198500000000001
619cdd7545851b2ed2431a3d,low_WSe2,2.0,1.0,3.0,WSe2_0.01562,39.2175341099999,0.21659999999999968
619cdd7545851b2ed2431a3e,low_WSe2,3.0,0.0,3.0,WSe2_0.01562,50.5226645199999,0.21389999999999887
619cdd7545851b2ed2431a3f,low_WSe2,1.0,2.0,3.0,WSe2_0.01562,27.87050909000004,0.18630000000000102
619cdd7545851b2ed2431a40,low_WSe2,0.0,3.0,3.0,WSe2_0.01562,0.4322473199999308,1.8192999999999984
619cdd7545851b2ed2431a41,low_WSe2,0.0,3.0,3.0,WSe2_0.01562,0.43104643000009446,1.8290000000000006
619cdd7545851b2ed2431a42,low_WSe2,2.0,1.0,3.0,WSe2_0.01562,39.25673005000003,0.19960000000000022
619cdd7545851b2ed2431a43,low_WSe2,1.0,2.0,3.0,WSe2_0.01562,11.763483879999956,1.2993000000000023
619cdd7545851b2ed2431a44,low_WSe2,2.0,1.0,3.0,WSe2_0.01562,38.58872367999997,0.1786999999999992
619cdd7545851b2ed2431a45,low_WSe2,1.0,1.0,2.0,WSe2_0.01042,13.43942774,1.2942999999999998
619cdd7545851b2ed2431a46,low_WSe2,2.0,1.0,3.0,WSe2_0.01562,39.23421205999993,0.18549999999999933
619cdd7545851b2ed2431a47,low_WSe2,1.0,2.0,3.0,WSe2_0.01562,11.766856429999951,1.3033000000000001
619cdd7545851b2ed2431a48,low_WSe2,1.0,2.0,3.0,WSe2_0.01562,11.770282460000079,1.2912999999999997
619cdd7545851b2ed2431a49,low_WSe2,1.0,2.0,3.0,WSe2_0.01562,11.788910920000024,1.157899999999998
619cdd7545851b2ed2431a4a,low_WSe2,2.0,1.0,3.0,WSe2_0.01562,23.099878929999967,1.2727000000000004
619cdd7545851b2ed2431a4b,low_WSe2,0.0,3.0,3.0,WSe2_0.01562,0.4299401200000261,1.8301000000000016
619cdd7545851b2ed2431a4c,low_WSe2,3.0,0.0,3.0,WSe2_0.01562,48.89127270000004,0.5643999999999991
619cdd7545851b2ed2431a4d,low_WSe2,1.0,1.0,2.0,WSe2_0.01042,29.730258160000027,0.2818000000000005
619cdd7545851b2ed2431a4e,low_WSe2,1.0,2.0,3.0,WSe2_0.01562,11.754573570000037,1.3011999999999944
619cdd7545851b2ed2431a4f,low_WSe2,2.0,1.0,3.0,WSe2_0.01562,39.19387813000007,0.18599999999999994
619cdd7545851b2ed2431a50,low_WSe2,0.0,3.0,3.0,WSe2_0.01562,0.42857945999998037,1.827300000000001
619cdd7545851b2ed2431a51,low_WSe2,3.0,0.0,3.0,WSe2_0.01562,50.52945239999995,0.21589999999999954
619cdd7545851b2ed2431a52,low_WSe2,1.0,2.0,3.0,WSe2_0.01562,27.88129058000004,0.1737000000000002
619cdd7545851b2ed2431a53,low_WSe2,3.0,0.0,3.0,WSe2_0.01562,50.54642475000001,0.2134999999999998
619cdd7545851b2ed2431a54,low_WSe2,0.0,3.0,3.0,WSe2_0.01562,0.4878023299999654,1.8301000000000016
619cdd7545851b2ed2431a55,low_WSe2,3.0,0.0,3.0,WSe2_0.01562,50.554766289999954,0.19849999999999923
619cdd7545851b2ed2431a56,low_WSe2,3.0,0.0,3.0,WSe2_0.01562,50.58350380000011,0.2004999999999999
619cdd7545851b2ed2431a57,low_WSe2,2.0,1.0,3.0,WSe2_0.01562,39.25490851999989,0.18459999999999965
619cdd7545851b2ed2431a58,low_WSe2,2.0,1.0,3.0,WSe2_0.01562,23.142591699999947,1.2653999999999996
619cdd7545851b2ed2431a59,low_WSe2,2.0,1.0,3.0,WSe2_0.01562,23.1055604399999,1.2798000000000016
619cdd7545851b2ed2431a5a,low_WSe2,3.0,0.0,3.0,WSe2_0.01562,50.59188428999992,0.1990999999999996
619cdd7545851b2ed2431a5b,low_WSe2,2.0,1.0,3.0,WSe2_0.01562,23.124715239999922,1.280300000000004
619cdd7545851b2ed2431a5c,low_WSe2,1.0,2.0,3.0,WSe2_0.01562,11.799971460000041,1.301400000000001
619cdd7545851b2ed2431a5d,low_WSe2,2.0,1.0,3.0,WSe2_0.01562,38.6364494299999,0.1941000000000006
619cdd7545851b2ed2431a5e,low_WSe2,1.0,2.0,3.0,WSe2_0.01562,11.800369909999961,1.3042000000000016
619cdd7545851b2ed2431a5f,low_WSe2,0.0,3.0,3.0,WSe2_0.01562,0.4278607900000111,1.8280999999999992
619cdd7545851b2ed2431a60,low_WSe2,1.0,2.0,3.0,WSe2_0.01562,11.766915359999974,1.3016000000000005
619cdd7545851b2ed2431a61,low_WSe2,1.0,2.0,3.0,WSe2_0.01562,28.04776865000008,0.22029999999999994
619cdd7545851b2ed2431a62,low_WSe2,2.0,1.0,3.0,WSe2_0.01562,39.19636930000006,0.20199999999999996
619cdd7545851b2ed2431a63,low_WSe2,1.0,2.0,3.0,WSe2_0.01562,11.77085890000011,1.3010999999999981
619cdd7545851b2ed2431a64,low_WSe2,2.0,1.0,3.0,WSe2_0.01562,23.096532020000076,1.25
619cdd7545851b2ed2431a65,low_WSe2,1.0,2.0,3.0,WSe2_0.01562,11.754911080000046,1.3012000000000015
619cdd7545851b2ed2431a66,low_WSe2,2.0,1.0,3.0,WSe2_0.01562,39.245405010000056,0.20069999999999943
619cdd7545851b2ed2431a67,low_WSe2,3.0,0.0,3.0,WSe2_0.01562,50.570041909999965,0.18719999999999892
619cdd7545851b2ed2431a68,low_WSe2,0.0,3.0,3.0,WSe2_0.01562,0.42788353000008783,1.8303999999999974
619cdd7545851b2ed2431a69,low_WSe2,3.0,0.0,3.0,WSe2_0.01562,50.48123008999992,0.1994000000000007
619cdd7545851b2ed2431a6a,low_WSe2,3.0,0.0,3.0,WSe2_0.01562,50.56649531999992,0.19730000000000025
619cdd7545851b2ed2431a6b,low_WSe2,2.0,1.0,3.0,WSe2_0.01562,39.22769702000009,0.1468000000000007
619cdd7545851b2ed2431a6c,low_WSe2,3.0,0.0,3.0,WSe2_0.01562,50.58386593999999,0.20110000000000028
619cdd7545851b2ed2431a6d,low_WSe2,3.0,0.0,3.0,WSe2_0.01562,50.72677921999989,0.1872000000000007
619cdd7545851b2ed2431a6e,low_WSe2,3.0,0.0,3.0,WSe2_0.01562,50.53668011999989,0.14950000000000152
619cdd7545851b2ed2431a6f,low_WSe2,2.0,1.0,3.0,WSe2_0.01562,39.24443167000008,0.20030000000000037
619cdd7545851b2ed2431a70,low_WSe2,3.0,0.0,3.0,WSe2_0.01562,50.49114201999996,0.22630000000000017
619cdd7545851b2ed2431a71,low_WSe2,1.0,2.0,3.0,WSe2_0.01562,11.771605350000062,1.3007999999999953
619cdd7545851b2ed2431a72,low_WSe2,1.0,2.0,3.0,WSe2_0.01562,28.06534269000008,0.2815999999999992
619cdd7545851b2ed2431a73,low_WSe2,1.0,2.0,3.0,WSe2_0.01562,11.75171922000003,1.299199999999999
619cdd7545851b2ed2431a74,low_WSe2,1.0,1.0,2.0,WSe2_0.01042,8.023079769999981,1.2958999999999996
619cdd7545851b2ed2431a75,low_WSe2,1.0,2.0,3.0,WSe2_0.01562,11.778877400000045,1.2985000000000042
619cdd7545851b2ed2431a76,low_WSe2,1.0,2.0,3.0,WSe2_0.01562,27.963163740000027,0.158199999999999
619cdd7545851b2ed2431a77,low_WSe2,2.0,1.0,3.0,WSe2_0.01562,39.22880510000009,0.1512999999999991
619cdd7545851b2ed2431a78,low_WSe2,0.0,3.0,3.0,WSe2_0.01562,0.42657769999999573,1.823999999999998
619cdd7645851b2ed2431a79,low_WSe2,3.0,0.0,3.0,WSe2_0.01562,50.569436580000094,0.20720000000000027
619cdd7645851b2ed2431a7a,low_WSe2,1.0,2.0,3.0,WSe2_0.01562,11.76808217000006,1.2937000000000012
619cdd7645851b2ed2431a7b,low_WSe2,2.0,1.0,3.0,WSe2_0.01562,37.61884777999994,0.6312000000000015
619cdd7645851b2ed2431a7c,low_WSe2,1.0,2.0,3.0,WSe2_0.01562,27.875916149999966,0.17539999999999978
619cdd7645851b2ed2431a7d,low_WSe2,1.0,2.0,3.0,WSe2_0.01562,11.768736160000106,1.2967000000000013
619cdd7645851b2ed2431a7e,low_WSe2,2.0,1.0,3.0,WSe2_0.01562,23.108773270000064,1.2842999999999947
619cdd7645851b2ed2431a7f,low_WSe2,3.0,0.0,3.0,WSe2_0.01562,49.95437112999989,0.19299999999999962
619cdd7645851b2ed2431a80,low_WSe2,2.0,1.0,3.0,WSe2_0.01562,39.236472739999996,0.21780000000000044
619cdd7645851b2ed2431a81,low_WSe2,2.0,1.0,3.0,WSe2_0.01562,23.14282329000006,1.1820000000000022
619cdd7645851b2ed2431a82,low_WSe2,2.0,0.0,2.0,WSe2_0.01042,19.278703130000103,1.112400000000001
619cdd7645851b2ed2431a83,low_WSe2,1.0,2.0,3.0,WSe2_0.01562,28.053218900000047,0.214599999999999
619cdd7645851b2ed2431a84,low_WSe2,2.0,1.0,3.0,WSe2_0.01562,39.211676539999914,0.18960000000000043
619cdd7645851b2ed2431a85,low_WSe2,1.0,2.0,3.0,WSe2_0.01562,27.919881970000006,0.19669999999999987
619cdd7645851b2ed2431a86,low_WSe2,0.0,3.0,3.0,WSe2_0.01562,0.42695395000004055,1.823999999999998
619cdd7645851b2ed2431a87,low_WSe2,1.0,2.0,3.0,WSe2_0.01562,11.767917010000009,1.3014999999999972
619cdd7645851b2ed2431a88,low_WSe2,2.0,1.0,3.0,WSe2_0.01562,39.22914347999999,0.14809999999999945
619cdd7645851b2ed2431a89,low_WSe2,0.0,2.0,2.0,WSe2_0.01042,-3.32043655,1.8622000000000014
619cdd7645851b2ed2431a8a,low_WSe2,2.0,1.0,3.0,WSe2_0.01562,39.24516380000004,0.1905000000000001
619cdd7645851b2ed2431a8b,low_WSe2,1.0,2.0,3.0,WSe2_0.01562,28.05317852999997,0.21840000000000082
619cdd7645851b2ed2431a8c,low_WSe2,1.0,2.0,3.0,WSe2_0.01562,27.999334220000037,0.26510000000000034
619cdd7645851b2ed2431a8d,low_WSe2,2.0,0.0,2.0,WSe2_0.01042,19.40214495000003,1.1792999999999996
619cdd7645851b2ed2431a8e,low_WSe2,0.0,1.0,1.0,WSe2_0.00521,3.749731329999907,1.8335000000000008
619cdd7645851b2ed2431a8f,low_WSe2,1.0,2.0,3.0,WSe2_0.01562,11.771394820000058,1.293999999999997
619cdd7645851b2ed2431a90,low_WSe2,1.0,2.0,3.0,WSe2_0.01562,11.768698950000033,1.2979000000000056
619cdd7645851b2ed2431a91,low_WSe2,0.0,3.0,3.0,WSe2_0.01562,0.4319867200001113,1.8181000000000012
619cdd7645851b2ed2431a92,low_WSe2,3.0,0.0,3.0,WSe2_0.01562,50.622511229999965,0.24409999999999954
619cdd7645851b2ed2431a93,low_WSe2,2.0,1.0,3.0,WSe2_0.01562,23.09815873000006,1.2447000000000017
619cdd7645851b2ed2431a94,low_WSe2,1.0,2.0,3.0,WSe2_0.01562,11.770481060000055,1.2856999999999985
619cdd7645851b2ed2431a95,low_WSe2,1.0,2.0,3.0,WSe2_0.01562,27.880282280000074,0.1728999999999985
619cdd7645851b2ed2431a96,low_WSe2,1.0,2.0,3.0,WSe2_0.01562,11.773246420000067,1.305500000000002
619cdd7645851b2ed2431a97,low_WSe2,0.0,3.0,3.0,WSe2_0.01562,0.454983000000027,1.8260999999999967
619cdd7645851b2ed2431a98,low_WSe2,1.0,2.0,3.0,WSe2_0.01562,27.914097600000105,0.19690000000000119
619cdd7645851b2ed2431a99,low_WSe2,2.0,1.0,3.0,WSe2_0.01562,38.62785362000004,0.19369999999999976
619cdd7645851b2ed2431a9a,low_WSe2,2.0,1.0,3.0,WSe2_0.01562,39.338331850000074,0.24460000000000015
619cdd7645851b2ed2431a9b,low_WSe2,2.0,1.0,3.0,WSe2_0.01562,39.32495595999994,0.27399999999999913
619cdd7645851b2ed2431a9c,low_WSe2,1.0,2.0,3.0,WSe2_0.01562,27.87457668000002,0.17849999999999966
619cdd7645851b2ed2431a9d,low_WSe2,2.0,1.0,3.0,WSe2_0.01562,23.272554319999962,0.8559999999999945
619cdd7645851b2ed2431a9e,low_WSe2,0.0,3.0,3.0,WSe2_0.01562,0.42997620999989294,1.8292000000000002
619cdd7645851b2ed2431a9f,low_WSe2,1.0,2.0,3.0,WSe2_0.01562,27.922368470000038,0.18810000000000038
619cdd7645851b2ed2431aa0,low_WSe2,3.0,0.0,3.0,WSe2_0.01562,48.79532888999993,0.3105000000000011
619cdd7645851b2ed2431aa1,low_WSe2,1.0,2.0,3.0,WSe2_0.01562,11.762556950000079,1.2986999999999966
619cdd7645851b2ed2431aa2,low_WSe2,1.0,2.0,3.0,WSe2_0.01562,11.769609590000062,1.296199999999999
619cdd7645851b2ed2431aa3,low_WSe2,3.0,0.0,3.0,WSe2_0.01562,50.54197252999993,0.21940000000000026
619cdd7645851b2ed2431aa4,low_WSe2,2.0,0.0,2.0,WSe2_0.01042,19.367881710000056,1.2571999999999992
619cdd7645851b2ed2431aa5,low_WSe2,1.0,2.0,3.0,WSe2_0.01562,27.994027640000013,0.2660999999999998
619cdd7645851b2ed2431aa6,low_WSe2,0.0,3.0,3.0,WSe2_0.01562,0.4296164300000669,1.828800000000001
619cdd7645851b2ed2431aa7,low_WSe2,2.0,1.0,3.0,WSe2_0.01562,39.25623154000009,0.19089999999999918
619cdd7645851b2ed2431aa8,low_WSe2,2.0,1.0,3.0,WSe2_0.01562,23.14976617999995,1.1788000000000025
619cdd7645851b2ed2431aa9,low_WSe2,0.0,3.0,3.0,WSe2_0.01562,0.4519641599999318,1.8241999999999976
619cdd7645851b2ed2431aaa,low_WSe2,0.0,3.0,3.0,WSe2_0.01562,0.4265264400000319,1.8237000000000023
619cdd7645851b2ed2431aab,low_WSe2,1.0,2.0,3.0,WSe2_0.01562,28.0626373099999,0.27590000000000003
619cdd7645851b2ed2431aac,low_WSe2,1.0,2.0,3.0,WSe2_0.01562,11.793144310000105,1.1572999999999993
619cdd7645851b2ed2431aad,low_WSe2,2.0,1.0,3.0,WSe2_0.01562,39.21426204999993,0.19030000000000058
619cdd7645851b2ed2431aae,low_WSe2,2.0,1.0,3.0,WSe2_0.01562,23.109321129999934,1.2657000000000025
619cdd7645851b2ed2431aaf,low_WSe2,1.0,2.0,3.0,WSe2_0.01562,11.771657810000068,1.3027000000000015
619cdd7645851b2ed2431ab0,low_WSe2,1.0,2.0,3.0,WSe2_0.01562,11.782865619999928,1.2924999999999969
619cdd7645851b2ed2431ab1,low_WSe2,2.0,1.0,3.0,WSe2_0.01562,39.2036627800001,0.20450000000000124
619cdd7645851b2ed2431ab2,low_WSe2,2.0,1.0,3.0,WSe2_0.01562,39.22054675000008,0.19030000000000058
619cdd7645851b2ed2431ab3,low_WSe2,1.0,2.0,3.0,WSe2_0.01562,28.00835114000006,0.2601999999999993
619cdd7645851b2ed2431ab4,low_WSe2,1.0,2.0,3.0,WSe2_0.01562,27.99924949000001,0.2622
619cdd7645851b2ed2431ab5,low_WSe2,2.0,1.0,3.0,WSe2_0.01562,23.12695463999993,1.2441999999999993
619cdd7645851b2ed2431ab6,low_WSe2,1.0,2.0,3.0,WSe2_0.01562,28.016501340000104,0.24370000000000047
619cdd7645851b2ed2431ab7,low_WSe2,0.0,3.0,3.0,WSe2_0.01562,0.42977452000008043,1.8308000000000035
619cdd7645851b2ed2431ab8,low_WSe2,1.0,2.0,3.0,WSe2_0.01562,27.927859850000004,0.1941000000000006
619cdd7645851b2ed2431ab9,low_WSe2,1.0,2.0,3.0,WSe2_0.01562,27.91872682999997,0.19200000000000017
619cdd7645851b2ed2431aba,low_WSe2,2.0,1.0,3.0,WSe2_0.01562,39.24860898999991,0.1980000000000004
619cdd7645851b2ed2431abb,low_WSe2,1.0,2.0,3.0,WSe2_0.01562,11.762518510000053,1.3003999999999962
619cdd7645851b2ed2431abc,low_WSe2,3.0,0.0,3.0,WSe2_0.01562,50.54960717999993,0.20199999999999996
619cdd7645851b2ed2431abd,low_WSe2,1.0,2.0,3.0,WSe2_0.01562,11.773985730000039,1.300699999999999
619cdd7645851b2ed2431abe,low_WSe2,2.0,1.0,3.0,WSe2_0.01562,37.594576770000046,0.6381999999999994
619cdd7645851b2ed2431abf,low_WSe2,2.0,1.0,3.0,WSe2_0.01562,39.235329030000045,0.20950000000000024
619cdd7645851b2ed2431ac0,low_WSe2,0.0,3.0,3.0,WSe2_0.01562,0.4288887800000225,1.828400000000002
619cdd7645851b2ed2431ac1,low_WSe2,0.0,3.0,3.0,WSe2_0.01562,0.43103175999993937,1.8312999999999988
619cdd7645851b2ed2431ac2,low_WSe2,3.0,0.0,3.0,WSe2_0.01562,50.56418820000008,0.20399999999999885
619cdd7645851b2ed2431ac3,low_WSe2,2.0,1.0,3.0,WSe2_0.01562,39.195419299999955,0.18870000000000076
619cdd7645851b2ed2431ac4,low_WSe2,3.0,0.0,3.0,WSe2_0.01562,50.58036563000005,0.20309999999999917
619cdd7645851b2ed2431ac5,low_WSe2,2.0,1.0,3.0,WSe2_0.01562,39.37185339000011,0.27839999999999954
619cdd7645851b2ed2431ac6,low_WSe2,2.0,1.0,3.0,WSe2_0.01562,23.120102619999933,1.2479999999999976
619cdd7745851b2ed2431ac7,low_WSe2,2.0,1.0,3.0,WSe2_0.01562,23.13242111000003,1.1479999999999961
619cdd7745851b2ed2431ac8,low_WSe2,2.0,1.0,3.0,WSe2_0.01562,39.22456902000003,0.1872000000000007
619cdd7745851b2ed2431ac9,low_WSe2,0.0,3.0,3.0,WSe2_0.01562,0.4291503500000431,1.8301999999999978
619cdd7745851b2ed2431aca,low_WSe2,1.0,2.0,3.0,WSe2_0.01562,11.771001360000117,1.2864000000000004
619cdd7745851b2ed2431acb,low_WSe2,0.0,2.0,2.0,WSe2_0.01042,-3.320070819999888,1.8634999999999984
619cdd7745851b2ed2431acc,low_WSe2,1.0,2.0,3.0,WSe2_0.01562,11.789782139999932,1.302100000000003
619cdd7745851b2ed2431acd,low_WSe2,1.0,2.0,3.0,WSe2_0.01562,11.778945320000037,1.158999999999999
619cdd7745851b2ed2431ace,low_WSe2,0.0,3.0,3.0,WSe2_0.01562,0.42776691000011624,1.8225000000000051
619cdd7745851b2ed2431acf,low_WSe2,0.0,3.0,3.0,WSe2_0.01562,0.4277803500000914,1.8269999999999982
619cdd7745851b2ed2431ad0,low_WSe2,1.0,2.0,3.0,WSe2_0.01562,27.912834440000097,0.188600000000001
619cdd7745851b2ed2431ad1,low_WSe2,1.0,2.0,3.0,WSe2_0.01562,11.771419209999966,1.3008000000000024
619cdd7745851b2ed2431ad2,low_WSe2,1.0,2.0,3.0,WSe2_0.01562,28.04851078999991,0.2218
619cdd7745851b2ed2431ad3,low_WSe2,0.0,3.0,3.0,WSe2_0.01562,0.4289361600000916,1.8275000000000006
619cdd7745851b2ed2431ad4,low_WSe2,2.0,1.0,3.0,WSe2_0.01562,39.2330548800001,0.19979999999999976
619cdd7745851b2ed2431ad5,low_WSe2,2.0,1.0,3.0,WSe2_0.01562,23.09336387000011,1.2829999999999941
619cdd7745851b2ed2431ad6,low_WSe2,2.0,1.0,3.0,WSe2_0.01562,39.194444479999945,0.2120999999999995
619cdd7745851b2ed2431ad7,low_WSe2,1.0,2.0,3.0,WSe2_0.01562,11.759071059999986,1.300699999999999
619cdd7745851b2ed2431ad8,low_WSe2,2.0,1.0,3.0,WSe2_0.01562,23.11914194,1.085099999999997
619cdd7745851b2ed2431ad9,low_WSe2,2.0,1.0,3.0,WSe2_0.01562,39.224628380000055,0.18340000000000067
619cdd7745851b2ed2431ada,low_WSe2,2.0,1.0,3.0,WSe2_0.01562,39.248658569999904,0.19560000000000066
619cdd7745851b2ed2431adb,low_WSe2,1.0,2.0,3.0,WSe2_0.01562,11.765138109999942,1.3019999999999996
619cdd7745851b2ed2431adc,low_WSe2,2.0,1.0,3.0,WSe2_0.01562,39.25655557000009,0.15820000000000078
619cdd7745851b2ed2431add,low_WSe2,2.0,1.0,3.0,WSe2_0.01562,39.254794380000064,0.1960000000000015
619cdd7745851b2ed2431ade,low_WSe2,0.0,3.0,3.0,WSe2_0.01562,0.4289195299999733,1.8297000000000025
619cdd7745851b2ed2431adf,low_WSe2,1.0,2.0,3.0,WSe2_0.01562,27.91738325999995,0.19430000000000014
619cdd7745851b2ed2431ae0,low_WSe2,1.0,2.0,3.0,WSe2_0.01562,11.767231000000027,1.3022999999999954
619cdd7745851b2ed2431ae1,low_WSe2,1.0,2.0,3.0,WSe2_0.01562,11.796385679999947,1.3025999999999982
619cdd7745851b2ed2431ae2,low_WSe2,1.0,2.0,3.0,WSe2_0.01562,27.972162600000047,0.15420000000000122
619cdd7745851b2ed2431ae3,low_WSe2,2.0,1.0,3.0,WSe2_0.01562,39.25198761000006,0.1982999999999997
619cdd7745851b2ed2431ae4,low_WSe2,1.0,2.0,3.0,WSe2_0.01562,11.742291600000033,1.2930000000000064
619cdd7745851b2ed2431ae5,low_WSe2,3.0,0.0,3.0,WSe2_0.01562,50.59348103000011,0.15310000000000024
619cdd7745851b2ed2431ae6,low_WSe2,2.0,1.0,3.0,WSe2_0.01562,38.644566499999925,0.19120000000000026
619cdd7745851b2ed2431ae7,low_WSe2,2.0,1.0,3.0,WSe2_0.01562,39.446077269999975,0.2666000000000004
619cdd7745851b2ed2431ae8,low_WSe2,2.0,1.0,3.0,WSe2_0.01562,23.12343788000002,1.1280999999999963
619cdd7745851b2ed2431ae9,low_WSe2,0.0,3.0,3.0,WSe2_0.01562,0.4380047100000297,1.8290999999999968
619cdd7745851b2ed2431aea,low_WSe2,2.0,1.0,3.0,WSe2_0.01562,39.236949480000064,0.19890000000000008
619cdd7745851b2ed2431aeb,low_WSe2,0.0,3.0,3.0,WSe2_0.01562,0.42911750999991227,1.8165000000000049
619cdd7745851b2ed2431aec,low_WSe2,0.0,2.0,2.0,WSe2_0.01042,-3.3191505900000955,1.8652000000000015
619cdd7745851b2ed2431aed,low_WSe2,2.0,1.0,3.0,WSe2_0.01562,23.1263932499999,1.2793999999999954
619cdd7745851b2ed2431aee,low_WSe2,2.0,1.0,3.0,WSe2_0.01562,39.37037805000004,0.23139999999999894
619cdd7745851b2ed2431aef,low_WSe2,1.0,2.0,3.0,WSe2_0.01562,27.96291679000001,0.16189999999999927
619cdd7745851b2ed2431af0,low_WSe2,2.0,1.0,3.0,WSe2_0.01562,39.17840983000001,0.20899999999999963
619cdd7745851b2ed2431af1,low_WSe2,1.0,2.0,3.0,WSe2_0.01562,28.055196600000045,0.27590000000000003
619cdd7745851b2ed2431af2,low_WSe2,1.0,2.0,3.0,WSe2_0.01562,11.778577360000089,1.2961000000000027
619cdd7745851b2ed2431af3,low_WSe2,2.0,1.0,3.0,WSe2_0.01562,39.255019120000085,0.1946999999999992
619cdd7745851b2ed2431af4,low_WSe2,0.0,3.0,3.0,WSe2_0.01562,0.45193527000009226,1.8256999999999977
619cdd7745851b2ed2431af5,low_WSe2,2.0,1.0,3.0,WSe2_0.01562,39.15881764999999,0.20359999999999978
619cdd7745851b2ed2431af6,low_WSe2,1.0,2.0,3.0,WSe2_0.01562,11.776795449999998,1.2891000000000048
619cdd7745851b2ed2431af7,low_WSe2,1.0,2.0,3.0,WSe2_0.01562,27.91388426000003,0.19789999999999885
619cdd7745851b2ed2431af8,low_WSe2,0.0,3.0,3.0,WSe2_0.01562,0.43296499999991056,1.813600000000001
619cdd7745851b2ed2431af9,low_WSe2,0.0,3.0,3.0,WSe2_0.01562,0.4279873699999257,1.8263999999999996
619cdd7745851b2ed2431afa,low_WSe2,2.0,1.0,3.0,WSe2_0.01562,39.16818478000009,0.21729999999999983
619cdd7745851b2ed2431afb,low_WSe2,0.0,3.0,3.0,WSe2_0.01562,0.46658904999998185,1.8186999999999998
619cdd7745851b2ed2431afc,low_WSe2,0.0,3.0,3.0,WSe2_0.01562,0.42673690999998826,1.8344999999999985
619cdd7745851b2ed2431afd,low_WSe2,1.0,2.0,3.0,WSe2_0.01562,11.784328449999965,1.2687000000000026
619cdd7745851b2ed2431afe,low_WSe2,1.0,2.0,3.0,WSe2_0.01562,11.756978249999964,1.2981000000000051
619cdd7745851b2ed2431aff,low_WSe2,1.0,2.0,3.0,WSe2_0.01562,27.917666889999964,0.19229999999999947
619cdd7745851b2ed2431b00,low_WSe2,1.0,2.0,3.0,WSe2_0.01562,11.767221600000074,1.299900000000001
619cdd7745851b2ed2431b01,low_WSe2,2.0,1.0,3.0,WSe2_0.01562,39.2797215399999,0.17609999999999992
619cdd7745851b2ed2431b02,low_WSe2,0.0,3.0,3.0,WSe2_0.01562,0.433236660000091,1.819900000000004
619cdd7745851b2ed2431b03,low_WSe2,0.0,2.0,2.0,WSe2_0.01042,-3.321037919999913,1.8649000000000022
619cdd7745851b2ed2431b04,low_WSe2,1.0,2.0,3.0,WSe2_0.01562,27.927880610000102,0.19069999999999965
619cdd7745851b2ed2431b05,low_WSe2,2.0,1.0,3.0,WSe2_0.01562,39.22413779000003,0.14450000000000074
619cdd7745851b2ed2431b06,low_WSe2,2.0,1.0,3.0,WSe2_0.01562,23.08931863999991,1.2723999999999975
619cdd7745851b2ed2431b07,low_WSe2,0.0,3.0,3.0,WSe2_0.01562,0.42736826999993127,1.8278000000000034
619cdd7745851b2ed2431b08,low_WSe2,3.0,0.0,3.0,WSe2_0.01562,50.47861444999999,0.13649999999999984
619cdd7745851b2ed2431b09,low_WSe2,2.0,1.0,3.0,WSe2_0.01562,23.124880399999974,1.1799999999999997
619cdd7745851b2ed2431b0a,low_WSe2,1.0,2.0,3.0,WSe2_0.01562,27.915154380000104,0.19400000000000084
619cdd7745851b2ed2431b0b,low_WSe2,2.0,1.0,3.0,WSe2_0.01562,39.2627193199999,0.16430000000000078
619cdd7745851b2ed2431b0c,low_WSe2,1.0,2.0,3.0,WSe2_0.01562,11.768373009999994,1.3033999999999963
619cdd7745851b2ed2431b0d,low_WSe2,1.0,2.0,3.0,WSe2_0.01562,11.765687099999912,1.2998999999999938
619cdd7745851b2ed2431b0e,low_WSe2,2.0,1.0,3.0,WSe2_0.01562,23.108750070000077,1.285499999999999
619cdd7745851b2ed2431b0f,low_WSe2,1.0,2.0,3.0,WSe2_0.01562,11.798460740000099,1.2988999999999962
619cdd7745851b2ed2431b10,low_WSe2,1.0,2.0,3.0,WSe2_0.01562,11.770451200000014,1.2990999999999957
619cdd7745851b2ed2431b11,low_WSe2,0.0,3.0,3.0,WSe2_0.01562,0.4276383799999053,1.8296999999999954
619cdd7745851b2ed2431b12,low_WSe2,1.0,2.0,3.0,WSe2_0.01562,11.768906060000052,1.3014999999999972
619cdd7745851b2ed2431b13,low_WSe2,1.0,2.0,3.0,WSe2_0.01562,11.767581159999953,1.303299999999993
619cdd7745851b2ed2431b14,low_WSe2,1.0,2.0,3.0,WSe2_0.01562,11.767945719999933,1.3000999999999934
619cdd7745851b2ed2431b15,low_WSe2,2.0,1.0,3.0,WSe2_0.01562,39.37336622000002,0.28609999999999935
619cdd7745851b2ed2431b16,low_WSe2,3.0,0.0,3.0,WSe2_0.01562,50.529799759999925,0.2162999999999986
619cdd7745851b2ed2431b17,low_WSe2,3.0,0.0,3.0,WSe2_0.01562,50.47315590000003,0.21620000000000061
619cdd7745851b2ed2431b18,low_WSe2,2.0,1.0,3.0,WSe2_0.01562,39.225948840000044,0.15119999999999933
619cdd7745851b2ed2431b19,low_WSe2,2.0,1.0,3.0,WSe2_0.01562,39.2382039300001,0.1966000000000001
619cdd7845851b2ed2431b1a,low_WSe2,1.0,2.0,3.0,WSe2_0.01562,27.913994640000055,0.1867000000000001
619cdd7845851b2ed2431b1b,low_WSe2,3.0,0.0,3.0,WSe2_0.01562,50.581149080000024,0.19620000000000104
619cdd7845851b2ed2431b1c,low_WSe2,2.0,1.0,3.0,WSe2_0.01562,23.12348838000006,1.246699999999997
619cdd7845851b2ed2431b1d,low_WSe2,1.0,2.0,3.0,WSe2_0.01562,11.803331309999965,1.2800000000000011
619cdd7845851b2ed2431b1e,low_WSe2,2.0,0.0,2.0,WSe2_0.01042,19.366266969999906,1.2813000000000017
619cdd7845851b2ed2431b1f,low_WSe2,3.0,0.0,3.0,WSe2_0.01562,50.5702745699999,0.20570000000000022
619cdd7845851b2ed2431b20,low_WSe2,2.0,1.0,3.0,WSe2_0.01562,39.23363881999994,0.20180000000000042
619cdd7845851b2ed2431b21,low_WSe2,1.0,2.0,3.0,WSe2_0.01562,11.775901799999918,1.2944999999999993
619cdd7845851b2ed2431b22,low_WSe2,2.0,1.0,3.0,WSe2_0.01562,39.232948870000016,0.20199999999999996
619cdd7845851b2ed2431b23,low_WSe2,1.0,2.0,3.0,WSe2_0.01562,28.05058499000006,0.22250000000000014
619cdd7845851b2ed2431b24,low_WSe2,2.0,1.0,3.0,WSe2_0.01562,23.099690379999892,1.1972000000000023
619cdd7845851b2ed2431b25,low_WSe2,0.0,3.0,3.0,WSe2_0.01562,0.45383405000001176,1.825099999999999
619cdd7845851b2ed2431b26,low_WSe2,1.0,2.0,3.0,WSe2_0.01562,11.77295813999989,1.3034999999999997
619cdd7845851b2ed2431b27,low_WSe2,2.0,0.0,2.0,WSe2_0.01042,19.374971310000028,1.2872000000000003
619cdd7845851b2ed2431b28,low_WSe2,1.0,2.0,3.0,WSe2_0.01562,11.774240050000106,1.3002000000000038
619cdd7845851b2ed2431b29,low_WSe2,0.0,3.0,3.0,WSe2_0.01562,0.4297702700000059,1.8256999999999977
619cdd7845851b2ed2431b2a,low_WSe2,1.0,2.0,3.0,WSe2_0.01562,11.767781730000014,1.2993999999999986
619cdd7845851b2ed2431b2b,low_WSe2,1.0,2.0,3.0,WSe2_0.01562,11.77493518999994,1.2845000000000013
619cdd7845851b2ed2431b2c,low_WSe2,1.0,1.0,2.0,WSe2_0.01042,29.65970023999997,0.2622
619cdd7845851b2ed2431b2d,low_WSe2,2.0,1.0,3.0,WSe2_0.01562,39.23909224999993,0.18789999999999907
619cdd7845851b2ed2431b2e,low_WSe2,0.0,3.0,3.0,WSe2_0.01562,0.42815379000006715,1.826900000000002
619cdd7845851b2ed2431b2f,low_WSe2,1.0,2.0,3.0,WSe2_0.01562,27.879272180000044,0.17830000000000013
619cdd7845851b2ed2431b30,low_WSe2,1.0,2.0,3.0,WSe2_0.01562,11.761185699999931,1.2980000000000018
619cdd7845851b2ed2431b31,low_WSe2,1.0,2.0,3.0,WSe2_0.01562,11.761502670000016,1.2963000000000022
619cdd7845851b2ed2431b32,low_WSe2,2.0,0.0,2.0,WSe2_0.01042,19.366228459999938,1.2842000000000002
619cdd7845851b2ed2431b33,low_WSe2,2.0,1.0,3.0,WSe2_0.01562,23.12058206999999,1.2822999999999993
619cdd7845851b2ed2431b34,low_WSe2,2.0,1.0,3.0,WSe2_0.01562,23.128860209999893,1.2670999999999992
619cdd7845851b2ed2431b35,low_WSe2,2.0,1.0,3.0,WSe2_0.01562,39.228735030000095,0.15140000000000065
619cdd7845851b2ed2431b36,low_WSe2,3.0,0.0,3.0,WSe2_0.01562,48.91043537000005,0.5980000000000008
619cdd7845851b2ed2431b37,low_WSe2,1.0,2.0,3.0,WSe2_0.01562,11.76945040999998,1.2995000000000019
619cdd7845851b2ed2431b38,low_WSe2,1.0,2.0,3.0,WSe2_0.01562,27.87641604999999,0.17539999999999978
619cdd7845851b2ed2431b39,low_WSe2,2.0,1.0,3.0,WSe2_0.01562,23.12297790000006,1.2469999999999999
619cdd7845851b2ed2431b3a,low_WSe2,0.0,3.0,3.0,WSe2_0.01562,0.44052174000006517,1.8193000000000055
619cdd7845851b2ed2431b3b,low_WSe2,1.0,2.0,3.0,WSe2_0.01562,11.774969990000034,1.2975999999999956
619cdd7845851b2ed2431b3c,low_WSe2,1.0,2.0,3.0,WSe2_0.01562,28.05272674999992,0.21889999999999965
619cdd7845851b2ed2431b3d,low_WSe2,0.0,3.0,3.0,WSe2_0.01562,0.4293029199999978,1.8323999999999998
619cdd7845851b2ed2431b3e,low_WSe2,2.0,1.0,3.0,WSe2_0.01562,39.330872900000074,0.2680000000000007
619cdd7845851b2ed2431b3f,low_WSe2,2.0,1.0,3.0,WSe2_0.01562,39.232442730000045,0.20030000000000037
619cdd7845851b2ed2431b40,low_WSe2,1.0,2.0,3.0,WSe2_0.01562,27.913882509999894,0.19669999999999987
619cdd7845851b2ed2431b41,low_WSe2,1.0,2.0,3.0,WSe2_0.01562,11.769515870000067,1.3016000000000005
619cdd7845851b2ed2431b42,low_WSe2,1.0,2.0,3.0,WSe2_0.01562,28.00247654000009,0.2618999999999989
619cdd7845851b2ed2431b43,low_WSe2,0.0,3.0,3.0,WSe2_0.01562,0.42722507000001997,1.8287000000000049
619cdd7845851b2ed2431b44,low_WSe2,2.0,1.0,3.0,WSe2_0.01562,39.25397249999996,0.25319999999999965
619cdd7845851b2ed2431b45,low_WSe2,2.0,1.0,3.0,WSe2_0.01562,23.09480534000003,1.2449000000000012
619cdd7845851b2ed2431b46,low_WSe2,1.0,2.0,3.0,WSe2_0.01562,11.77583595000009,1.2997000000000014
619cdd7845851b2ed2431b47,low_WSe2,1.0,1.0,2.0,WSe2_0.01042,8.022837970000069,1.2947000000000006
619cdd7845851b2ed2431b48,low_WSe2,2.0,1.0,3.0,WSe2_0.01562,23.118322309999975,1.2471000000000032
619cdd7845851b2ed2431b49,low_WSe2,0.0,3.0,3.0,WSe2_0.01562,0.4331632099999183,1.8171999999999997
619cdd7845851b2ed2431b4a,low_WSe2,1.0,2.0,3.0,WSe2_0.01562,11.76705768999999,1.2934000000000054
619cdd7845851b2ed2431b4b,low_WSe2,1.0,2.0,3.0,WSe2_0.01562,11.768442849999918,1.2993999999999986
619cdd7845851b2ed2431b4c,low_WSe2,1.0,2.0,3.0,WSe2_0.01562,11.770429050000065,1.2990999999999957
619cdd7845851b2ed2431b4d,low_WSe2,2.0,1.0,3.0,WSe2_0.01562,39.23882447999999,0.21820000000000128
619cdd7845851b2ed2431b4e,low_WSe2,2.0,1.0,3.0,WSe2_0.01562,39.23666422000001,0.21640000000000015
619cdd7845851b2ed2431b4f,low_WSe2,2.0,1.0,3.0,WSe2_0.01562,23.13341257999995,1.1418999999999997
619cdd7845851b2ed2431b50,low_WSe2,3.0,0.0,3.0,WSe2_0.01562,48.05778541999994,0.5814000000000004
619cdd7845851b2ed2431b51,low_WSe2,2.0,1.0,3.0,WSe2_0.01562,23.11174979000001,1.2226
619cdd7845851b2ed2431b52,low_WSe2,3.0,0.0,3.0,WSe2_0.01562,50.61058613999999,0.26590000000000025
619cdd7845851b2ed2431b53,low_WSe2,2.0,1.0,3.0,WSe2_0.01562,39.333820269999975,0.25069999999999837
619cdd7845851b2ed2431b54,low_WSe2,3.0,0.0,3.0,WSe2_0.01562,50.53337025999995,0.21839999999999904
619cdd7845851b2ed2431b55,low_WSe2,1.0,2.0,3.0,WSe2_0.01562,11.770824660000006,1.2982000000000014
619cdd7845851b2ed2431b56,low_WSe2,2.0,1.0,3.0,WSe2_0.01562,39.22998409999995,0.19699999999999918
619cdd7845851b2ed2431b57,low_WSe2,2.0,1.0,3.0,WSe2_0.01562,39.22810527000006,0.19919999999999938
619cdd7845851b2ed2431b58,low_WSe2,3.0,0.0,3.0,WSe2_0.01562,49.94730912000009,0.19570000000000043
619cdd7845851b2ed2431b59,low_WSe2,2.0,1.0,3.0,WSe2_0.01562,37.58930181999999,0.6474000000000011
619cdd7845851b2ed2431b5a,low_WSe2,1.0,2.0,3.0,WSe2_0.01562,11.770826989999922,1.2975999999999956
619cdd7845851b2ed2431b5b,low_WSe2,3.0,0.0,3.0,WSe2_0.01562,50.53992931999992,0.21870000000000012
619cdd7845851b2ed2431b5c,low_WSe2,2.0,1.0,3.0,WSe2_0.01562,23.286690960000023,0.8579000000000008
619cdd7845851b2ed2431b5d,low_WSe2,3.0,0.0,3.0,WSe2_0.01562,50.579036369999905,0.1994000000000007
619cdd7845851b2ed2431b5e,low_WSe2,0.0,3.0,3.0,WSe2_0.01562,0.4287900500000319,1.8164999999999978
619cdd7845851b2ed2431b5f,low_WSe2,0.0,3.0,3.0,WSe2_0.01562,0.4294246599999383,1.8264999999999958
619cdd7845851b2ed2431b60,low_WSe2,2.0,1.0,3.0,WSe2_0.01562,39.24393930000001,0.19320000000000093
619cdd7845851b2ed2431b61,low_WSe2,2.0,1.0,3.0,WSe2_0.01562,39.298934839999944,0.16690000000000005
619cdd7845851b2ed2431b62,low_WSe2,3.0,0.0,3.0,WSe2_0.01562,50.628988060000076,0.19890000000000008
619cdd7845851b2ed2431b63,low_WSe2,1.0,2.0,3.0,WSe2_0.01562,11.768905939999957,1.296999999999997
619cdd7845851b2ed2431b64,low_WSe2,1.0,2.0,3.0,WSe2_0.01562,11.770517950000102,1.3003
619cdd7845851b2ed2431b65,low_WSe2,2.0,1.0,3.0,WSe2_0.01562,23.124088070000006,1.2672999999999988
619cdd7845851b2ed2431b66,low_WSe2,2.0,1.0,3.0,WSe2_0.01562,23.071989529999918,1.0743999999999971
619cdd7945851b2ed2431b67,low_WSe2,1.0,2.0,3.0,WSe2_0.01562,27.874189070000057,0.1759000000000004
619cdd7945851b2ed2431b68,low_WSe2,1.0,2.0,3.0,WSe2_0.01562,27.869758360000105,0.17410000000000103
619cdd7945851b2ed2431b69,low_WSe2,2.0,1.0,3.0,WSe2_0.01562,39.21824821,0.15390000000000015
619cdd7945851b2ed2431b6a,low_WSe2,0.0,3.0,3.0,WSe2_0.01562,0.4293696799999793,1.8329999999999984
619cdd7945851b2ed2431b6b,low_WSe2,1.0,2.0,3.0,WSe2_0.01562,11.76992698999992,1.297699999999999
619cdd7945851b2ed2431b6c,low_WSe2,2.0,1.0,3.0,WSe2_0.01562,39.239005779999886,0.19179999999999886
619cdd7945851b2ed2431b6d,low_WSe2,1.0,2.0,3.0,WSe2_0.01562,11.750531050000053,1.2953000000000046
619cdd7945851b2ed2431b6e,low_WSe2,1.0,2.0,3.0,WSe2_0.01562,11.77594511999995,1.299900000000001
619cdd7945851b2ed2431b6f,low_WSe2,1.0,2.0,3.0,WSe2_0.01562,27.997056939999993,0.26420000000000066
619cdd7945851b2ed2431b70,low_WSe2,3.0,0.0,3.0,WSe2_0.01562,48.898475629999986,0.5230999999999995
619cdd7945851b2ed2431b71,low_WSe2,3.0,0.0,3.0,WSe2_0.01562,50.52561941999998,0.2126999999999999
619cdd7945851b2ed2431b72,low_WSe2,1.0,2.0,3.0,WSe2_0.01562,27.91914597999994,0.19040000000000035
619cdd7945851b2ed2431b73,low_WSe2,2.0,1.0,3.0,WSe2_0.01562,39.239520160000026,0.1841999999999988
619cdd7945851b2ed2431b74,low_WSe2,2.0,1.0,3.0,WSe2_0.01562,37.558037430000056,0.6297999999999995
619cdd7945851b2ed2431b75,low_WSe2,1.0,2.0,3.0,WSe2_0.01562,27.88409544000001,0.1722999999999999
619cdd7945851b2ed2431b76,low_WSe2,1.0,2.0,3.0,WSe2_0.01562,11.768842400000029,1.3007999999999953
619cdd7945851b2ed2431b77,low_WSe2,0.0,3.0,3.0,WSe2_0.01562,0.45447821000010435,1.8290000000000006
619cdd7945851b2ed2431b78,low_WSe2,2.0,1.0,3.0,WSe2_0.01562,39.193314270000016,0.21189999999999998
619cdd7945851b2ed2431b79,low_WSe2,2.0,1.0,3.0,WSe2_0.01562,39.22304454000009,0.19919999999999938
619cdd7945851b2ed2431b7a,low_WSe2,1.0,2.0,3.0,WSe2_0.01562,11.791536089999898,1.1587000000000032
619cdd7945851b2ed2431b7b,low_WSe2,1.0,2.0,3.0,WSe2_0.01562,27.9259944800001,0.19059999999999988
619cdd7945851b2ed2431b7c,low_WSe2,0.0,3.0,3.0,WSe2_0.01562,0.43157463999995116,1.8288999999999973
619cdd7945851b2ed2431b7d,low_WSe2,3.0,0.0,3.0,WSe2_0.01562,50.577744110000005,0.20040000000000013
619cdd7945851b2ed2431b7e,low_WSe2,0.0,3.0,3.0,WSe2_0.01562,0.4293732600000908,1.8334999999999937
619cdd7945851b2ed2431b7f,low_WSe2,1.0,2.0,3.0,WSe2_0.01562,11.765707060000057,1.2991000000000028
619cdd7945851b2ed2431b80,low_WSe2,1.0,2.0,3.0,WSe2_0.01562,27.86801745999992,0.17520000000000024
619cdd7945851b2ed2431b81,low_WSe2,2.0,1.0,3.0,WSe2_0.01562,39.24098434000011,0.20529999999999937
619cdd7945851b2ed2431b82,low_WSe2,1.0,2.0,3.0,WSe2_0.01562,11.77127519999998,1.299199999999999
619cdd7945851b2ed2431b83,low_WSe2,0.0,3.0,3.0,WSe2_0.01562,0.43661936999995987,1.8296999999999954
619cdd7945851b2ed2431b84,low_WSe2,0.0,3.0,3.0,WSe2_0.01562,0.43113919000001033,1.8125999999999962
619cdd7945851b2ed2431b85,low_WSe2,2.0,1.0,3.0,WSe2_0.01562,39.2414833400001,0.17549999999999955
619cdd7945851b2ed2431b86,low_WSe2,1.0,2.0,3.0,WSe2_0.01562,11.757156310000017,1.2989999999999995
619cdd7945851b2ed2431b87,low_WSe2,2.0,1.0,3.0,WSe2_0.01562,39.233765080000055,0.198500000000001
619cdd7945851b2ed2431b88,low_WSe2,1.0,2.0,3.0,WSe2_0.01562,11.762062739999909,1.2998000000000047
619cdd7945851b2ed2431b89,low_WSe2,1.0,2.0,3.0,WSe2_0.01562,11.770311889999892,1.2989999999999995
619cdd7945851b2ed2431b8a,low_WSe2,2.0,1.0,3.0,WSe2_0.01562,39.23624187,0.19959999999999845
619cdd7945851b2ed2431b8b,low_WSe2,1.0,2.0,3.0,WSe2_0.01562,11.772948170000053,1.302900000000001
619cdd7945851b2ed2431b8c,low_WSe2,1.0,2.0,3.0,WSe2_0.01562,28.061669259999917,0.2728999999999999
619cdd7945851b2ed2431b8d,low_WSe2,2.0,1.0,3.0,WSe2_0.01562,38.6358422199999,0.19000000000000128
619cdd7945851b2ed2431b8e,low_WSe2,0.0,3.0,3.0,WSe2_0.01562,0.4282276999999226,1.8275000000000006
619cdd7945851b2ed2431b8f,low_WSe2,1.0,2.0,3.0,WSe2_0.01562,11.752852959999917,1.2800999999999974
619cdd7945851b2ed2431b90,low_WSe2,1.0,2.0,3.0,WSe2_0.01562,27.918460849999974,0.19239999999999924
619cdd7945851b2ed2431b91,low_WSe2,2.0,1.0,3.0,WSe2_0.01562,23.05847960000009,1.1224999999999952
619cdd7945851b2ed2431b92,low_WSe2,2.0,1.0,3.0,WSe2_0.01562,39.2529953199999,0.1794999999999991
619cdd7945851b2ed2431b93,low_WSe2,2.0,1.0,3.0,WSe2_0.01562,39.41544690999994,0.27259999999999884
619cdd7945851b2ed2431b94,low_WSe2,2.0,1.0,3.0,WSe2_0.01562,38.631204780000004,0.19079999999999941
619cdd7945851b2ed2431b95,low_WSe2,1.0,2.0,3.0,WSe2_0.01562,27.919196900000088,0.19679999999999964
619cdd7945851b2ed2431b96,low_WSe2,1.0,2.0,3.0,WSe2_0.01562,11.771430080000062,1.3001999999999967
619cdd7945851b2ed2431b97,low_WSe2,2.0,1.0,3.0,WSe2_0.01562,39.23242220999991,0.21509999999999962
619cdd7945851b2ed2431b98,low_WSe2,0.0,3.0,3.0,WSe2_0.01562,0.4272393000000534,1.8267999999999986
619cdd7945851b2ed2431b99,low_WSe2,3.0,0.0,3.0,WSe2_0.01562,50.55990531000007,0.1664999999999992
619cdd7945851b2ed2431b9a,low_WSe2,2.0,1.0,3.0,WSe2_0.01562,23.09683541999997,1.250700000000002
619cdd7945851b2ed2431b9b,low_WSe2,2.0,1.0,3.0,WSe2_0.01562,23.12654974000001,1.2776999999999958
619cdd7945851b2ed2431b9c,low_WSe2,2.0,1.0,3.0,WSe2_0.01562,23.120380630000035,1.2826999999999984
619cdd7945851b2ed2431b9d,low_WSe2,1.0,2.0,3.0,WSe2_0.01562,27.87695675000009,0.17539999999999978
619cdd7945851b2ed2431b9e,low_WSe2,0.0,3.0,3.0,WSe2_0.01562,0.4551157699999635,1.8308000000000035
619cdd7945851b2ed2431b9f,low_WSe2,2.0,1.0,3.0,WSe2_0.01562,39.23322826999997,0.18489999999999895
619cdd7945851b2ed2431ba0,low_WSe2,1.0,2.0,3.0,WSe2_0.01562,27.87634054,0.17520000000000024
619cdd7945851b2ed2431ba1,low_WSe2,1.0,2.0,3.0,WSe2_0.01562,11.769285520000029,1.295100000000005
619cdd7945851b2ed2431ba2,low_WSe2,3.0,0.0,3.0,WSe2_0.01562,48.61923269000008,0.34919999999999973
619cdd7945851b2ed2431ba3,low_WSe2,1.0,2.0,3.0,WSe2_0.01562,11.786694599999908,1.2758000000000038
619cdd7945851b2ed2431ba4,low_WSe2,1.0,2.0,3.0,WSe2_0.01562,11.75536807000002,1.303600000000003
619cdd7945851b2ed2431ba5,low_WSe2,0.0,3.0,3.0,WSe2_0.01562,0.4272175600000878,1.831700000000005
619cdd7945851b2ed2431ba6,low_WSe2,1.0,2.0,3.0,WSe2_0.01562,27.920995989999938,0.19510000000000005
619cdd7945851b2ed2431ba7,low_WSe2,2.0,1.0,3.0,WSe2_0.01562,39.185797879999924,0.21099999999999852
619cdd7945851b2ed2431ba8,low_WSe2,1.0,2.0,3.0,WSe2_0.01562,11.768519389999927,1.2974999999999994
619cdd7945851b2ed2431ba9,low_WSe2,3.0,0.0,3.0,WSe2_0.01562,48.57430714999996,0.49409999999999954
619cdd7945851b2ed2431baa,low_WSe2,1.0,2.0,3.0,WSe2_0.01562,11.764847590000034,1.300699999999999
619cdd7945851b2ed2431bab,low_WSe2,1.0,2.0,3.0,WSe2_0.01562,28.072549040000013,0.2759999999999998
619cdd7945851b2ed2431bac,low_WSe2,2.0,1.0,3.0,WSe2_0.01562,23.111169640000107,1.245899999999999
619cdd7945851b2ed2431bad,low_WSe2,1.0,2.0,3.0,WSe2_0.01562,11.763734749999902,1.2993999999999986
619cdd7945851b2ed2431bae,low_WSe2,3.0,0.0,3.0,WSe2_0.01562,48.91488779999995,0.6232999999999986
619cdd7945851b2ed2431baf,low_WSe2,2.0,1.0,3.0,WSe2_0.01562,23.27363752,0.861699999999999
619cdd7945851b2ed2431bb0,low_WSe2,0.0,2.0,2.0,WSe2_0.01042,-3.3216092500000975,1.8632999999999988
619cdd7945851b2ed2431bb1,low_WSe2,1.0,2.0,3.0,WSe2_0.01562,27.883727559999897,0.17360000000000042
619cdd7945851b2ed2431bb2,low_WSe2,2.0,1.0,3.0,WSe2_0.01562,39.25643945999995,0.18299999999999983
619cdd7945851b2ed2431bb3,low_WSe2,1.0,2.0,3.0,WSe2_0.01562,11.776888840000073,1.2977999999999952
619cdd7945851b2ed2431bb4,low_WSe2,1.0,2.0,3.0,WSe2_0.01562,11.825883479999892,1.1319000000000017
619cdd7a45851b2ed2431bb5,low_WSe2,2.0,1.0,3.0,WSe2_0.01562,23.106599689999975,1.2608000000000033
619cdd7a45851b2ed2431bb6,low_WSe2,2.0,1.0,3.0,WSe2_0.01562,38.581017649999964,0.18650000000000055
619cdd7a45851b2ed2431bb7,low_WSe2,3.0,0.0,3.0,WSe2_0.01562,50.587044109999944,0.14639999999999986
619cdd7a45851b2ed2431bb8,low_WSe2,2.0,1.0,3.0,WSe2_0.01562,23.116879740000094,1.2834000000000003
619cdd7a45851b2ed2431bb9,low_WSe2,1.0,1.0,2.0,WSe2_0.01042,13.425377860000097,1.3048000000000002
619cdd7a45851b2ed2431bba,low_WSe2,3.0,0.0,3.0,WSe2_0.01562,50.58244713999998,0.20640000000000036
619cdd7a45851b2ed2431bbb,low_WSe2,0.0,3.0,3.0,WSe2_0.01562,0.427319950000026,1.8318999999999974
619cdd7a45851b2ed2431bbc,low_WSe2,2.0,1.0,3.0,WSe2_0.01562,23.142158500000086,1.1439999999999984
619cdd7a45851b2ed2431bbd,low_WSe2,2.0,1.0,3.0,WSe2_0.01562,39.29625388999993,0.16389999999999993
619cdd7a45851b2ed2431bbe,low_WSe2,3.0,0.0,3.0,WSe2_0.01562,50.53797696999991,0.19709999999999894
619cdd7a45851b2ed2431bbf,low_WSe2,0.0,3.0,3.0,WSe2_0.01562,0.43140676000001577,1.8277999999999963
619cdd7a45851b2ed2431bc0,low_WSe2,1.0,2.0,3.0,WSe2_0.01562,11.77277969999999,1.295100000000005
619cdd7a45851b2ed2431bc1,low_WSe2,2.0,1.0,3.0,WSe2_0.01562,23.097619030000068,1.2456000000000031
619cdd7a45851b2ed2431bc2,low_WSe2,3.0,0.0,3.0,WSe2_0.01562,50.45639844000002,0.20969999999999978
619cdd7a45851b2ed2431bc3,low_WSe2,3.0,0.0,3.0,WSe2_0.01562,50.572800519999966,0.22139999999999915
619cdd7a45851b2ed2431bc4,low_WSe2,1.0,2.0,3.0,WSe2_0.01562,11.767831840000088,1.2977999999999952
619cdd7a45851b2ed2431bc5,low_WSe2,1.0,2.0,3.0,WSe2_0.01562,11.753254480000113,1.2972000000000037
619cdd7a45851b2ed2431bc6,low_WSe2,0.0,3.0,3.0,WSe2_0.01562,0.427144369999894,1.8233000000000033
619cdd7a45851b2ed2431bc7,low_WSe2,1.0,2.0,3.0,WSe2_0.01562,11.777771159999919,1.3004999999999995
619cdd7a45851b2ed2431bc8,low_WSe2,1.0,2.0,3.0,WSe2_0.01562,11.796056010000019,1.294799999999995
619cdd7a45851b2ed2431bc9,low_WSe2,3.0,0.0,3.0,WSe2_0.01562,50.572004409999955,0.21750000000000114
619cdd7a45851b2ed2431bca,low_WSe2,2.0,1.0,3.0,WSe2_0.01562,23.128919340000074,1.278500000000001
619cdd7a45851b2ed2431bcb,low_WSe2,0.0,3.0,3.0,WSe2_0.01562,0.4532283899999925,1.8248000000000033
619cdd7a45851b2ed2431bcc,low_WSe2,3.0,0.0,3.0,WSe2_0.01562,50.57387692999996,0.220699999999999
619cdd7a45851b2ed2431bcd,low_WSe2,2.0,1.0,3.0,WSe2_0.01562,38.6271855800001,0.19840000000000124
619cdd7a45851b2ed2431bce,low_WSe2,0.0,3.0,3.0,WSe2_0.01562,0.43190240999996377,1.818400000000004
619cdd7a45851b2ed2431bcf,low_WSe2,0.0,3.0,3.0,WSe2_0.01562,0.4279326099999139,1.8275999999999968
619cdd7a45851b2ed2431bd0,low_WSe2,2.0,1.0,3.0,WSe2_0.01562,39.19861889000008,0.21090000000000053
619cdd7a45851b2ed2431bd1,low_WSe2,1.0,2.0,3.0,WSe2_0.01562,28.067255449999948,0.28330000000000055
619cdd7a45851b2ed2431bd2,low_WSe2,1.0,2.0,3.0,WSe2_0.01562,11.757437470000003,1.2981000000000051
619cdd7a45851b2ed2431bd3,low_WSe2,1.0,2.0,3.0,WSe2_0.01562,11.767590149999922,1.2941000000000003
619cdd7a45851b2ed2431bd4,low_WSe2,1.0,2.0,3.0,WSe2_0.01562,27.879697769999893,0.17329999999999934
619cdd7a45851b2ed2431bd5,low_WSe2,2.0,1.0,3.0,WSe2_0.01562,23.10983637999997,1.2447000000000017
619cdd7a45851b2ed2431bd6,low_WSe2,2.0,1.0,3.0,WSe2_0.01562,37.58077232999999,0.650599999999999
619cdd7a45851b2ed2431bd7,low_WSe2,2.0,1.0,3.0,WSe2_0.01562,23.109510170000057,1.2554000000000016
619cdd7a45851b2ed2431bd8,low_WSe2,2.0,1.0,3.0,WSe2_0.01562,39.33453594999996,0.25040000000000084
619cdd7a45851b2ed2431bd9,low_WSe2,1.0,2.0,3.0,WSe2_0.01562,11.788508379999929,1.1610999999999976
619cdd7a45851b2ed2431bda,low_WSe2,1.0,2.0,3.0,WSe2_0.01562,11.77093820999993,1.3038999999999987
619cdd7a45851b2ed2431bdb,low_WSe2,2.0,1.0,3.0,WSe2_0.01562,39.14544469999991,0.19459999999999944
619cdd7a45851b2ed2431bdc,low_WSe2,1.0,2.0,3.0,WSe2_0.01562,28.091660390000015,0.2458999999999989
619cdd7a45851b2ed2431bdd,low_WSe2,1.0,2.0,3.0,WSe2_0.01562,11.766625490000013,1.2978999999999985
619cdd7a45851b2ed2431bde,low_WSe2,2.0,1.0,3.0,WSe2_0.01562,39.240386230000055,0.18740000000000023
619cdd7a45851b2ed2431bdf,low_WSe2,1.0,2.0,3.0,WSe2_0.01562,11.765818520000028,1.3027999999999977
619cdd7a45851b2ed2431be0,low_WSe2,2.0,1.0,3.0,WSe2_0.01562,39.229460139999944,0.20509999999999984
619cdd7a45851b2ed2431be1,low_WSe2,2.0,1.0,3.0,WSe2_0.01562,23.119332479999947,1.2481000000000009
619cdd7a45851b2ed2431be2,low_WSe2,1.0,2.0,3.0,WSe2_0.01562,27.91703710999991,0.19369999999999976
619cdd7a45851b2ed2431be3,low_WSe2,0.0,3.0,3.0,WSe2_0.01562,0.4246883600000615,1.8233999999999995
619cdd7a45851b2ed2431be4,low_WSe2,0.0,3.0,3.0,WSe2_0.01562,0.4281988699999033,1.828000000000003
619cdd7a45851b2ed2431be5,low_WSe2,1.0,2.0,3.0,WSe2_0.01562,27.923459059999914,0.18979999999999997
619cdd7a45851b2ed2431be6,low_WSe2,2.0,1.0,3.0,WSe2_0.01562,39.2393669399999,0.20059999999999967
619cdd7a45851b2ed2431be7,low_WSe2,1.0,2.0,3.0,WSe2_0.01562,27.87875981000002,0.1755999999999993
619cdd7a45851b2ed2431be8,low_WSe2,3.0,0.0,3.0,WSe2_0.01562,50.54750999999997,0.21219999999999928
619cdd7a45851b2ed2431be9,low_WSe2,1.0,2.0,3.0,WSe2_0.01562,27.92766914999993,0.19009999999999927
619cdd7a45851b2ed2431bea,low_WSe2,1.0,2.0,3.0,WSe2_0.01562,11.75952458000005,1.2986000000000004
619cdd7a45851b2ed2431beb,low_WSe2,2.0,1.0,3.0,WSe2_0.01562,23.1251762100001,1.2682999999999964
619cdd7a45851b2ed2431bec,low_WSe2,1.0,2.0,3.0,WSe2_0.01562,27.91264647999992,0.1971999999999987
619cdd7a45851b2ed2431bed,low_WSe2,1.0,2.0,3.0,WSe2_0.01562,11.75325386999997,1.2991000000000028
619cdd7a45851b2ed2431bee,low_WSe2,1.0,2.0,3.0,WSe2_0.01562,11.768453699999998,1.3031999999999968
619cdd7a45851b2ed2431bef,low_WSe2,0.0,3.0,3.0,WSe2_0.01562,0.43787315999992416,1.835099999999997
619cdd7a45851b2ed2431bf0,low_WSe2,0.0,3.0,3.0,WSe2_0.01562,0.42855223000009346,1.8284999999999982
619cdd7a45851b2ed2431bf1,low_WSe2,2.0,1.0,3.0,WSe2_0.01562,39.26386292000011,0.18950000000000067
619cdd7a45851b2ed2431bf2,low_WSe2,2.0,1.0,3.0,WSe2_0.01562,39.23482558999994,0.14250000000000007
619cdd7a45851b2ed2431bf3,low_WSe2,2.0,1.0,3.0,WSe2_0.01562,23.12984781999993,1.182299999999998
619cdd7a45851b2ed2431bf4,low_WSe2,3.0,0.0,3.0,WSe2_0.01562,50.57338321000007,0.2024000000000008
619cdd7a45851b2ed2431bf5,low_WSe2,3.0,0.0,3.0,WSe2_0.01562,50.599722309999926,0.16089999999999982
619cdd7a45851b2ed2431bf6,low_WSe2,1.0,2.0,3.0,WSe2_0.01562,11.772906870000032,1.2858000000000018
619cdd7a45851b2ed2431bf7,low_WSe2,3.0,0.0,3.0,WSe2_0.01562,50.53199127999992,0.2510999999999992
619cdd7a45851b2ed2431bf8,low_WSe2,1.0,2.0,3.0,WSe2_0.01562,11.752449130000048,1.302500000000002
619cdd7a45851b2ed2431bf9,low_WSe2,0.0,3.0,3.0,WSe2_0.01562,0.42795562000009113,1.8237999999999985
619cdd7a45851b2ed2431bfa,low_WSe2,0.0,3.0,3.0,WSe2_0.01562,0.42971368999991455,1.8344999999999985
619cdd7a45851b2ed2431bfb,low_WSe2,0.0,3.0,3.0,WSe2_0.01562,0.4291580599999065,1.8258999999999972
619cdd7a45851b2ed2431bfc,low_WSe2,3.0,0.0,3.0,WSe2_0.01562,50.70738201999993,0.2469999999999999
619cdd7a45851b2ed2431bfd,low_WSe2,1.0,2.0,3.0,WSe2_0.01562,11.75364927999998,1.2997000000000014
619cdd7a45851b2ed2431bfe,low_WSe2,2.0,1.0,3.0,WSe2_0.01562,39.177577810000045,0.2073999999999998
619cdd7a45851b2ed2431bff,low_WSe2,2.0,1.0,3.0,WSe2_0.01562,39.22961717999992,0.18929999999999936
619cdd7a45851b2ed2431c00,low_WSe2,1.0,2.0,3.0,WSe2_0.01562,11.762299199999905,1.299900000000001
619cdd7a45851b2ed2431c01,low_WSe2,2.0,1.0,3.0,WSe2_0.01562,39.1981322699999,0.21039999999999992
619cdd7a45851b2ed2431c02,low_WSe2,1.0,2.0,3.0,WSe2_0.01562,27.92728168000008,0.1867000000000001
619cdd7a45851b2ed2431c03,low_WSe2,0.0,3.0,3.0,WSe2_0.01562,0.4286127699999156,1.8233000000000033
619cdd7a45851b2ed2431c04,low_WSe2,1.0,2.0,3.0,WSe2_0.01562,11.772183629999962,1.3004999999999995
619cdd7b45851b2ed2431c05,low_WSe2,1.0,2.0,3.0,WSe2_0.01562,27.874766520000094,0.17539999999999978
619cdd7b45851b2ed2431c06,low_WSe2,2.0,1.0,3.0,WSe2_0.01562,39.25419435999997,0.1971999999999987
619cdd7b45851b2ed2431c07,low_WSe2,2.0,1.0,3.0,WSe2_0.01562,39.19556369999991,0.20560000000000045
619cdd7b45851b2ed2431c08,low_WSe2,3.0,0.0,3.0,WSe2_0.01562,50.09147020999999,0.18590000000000018
619cdd7b45851b2ed2431c09,low_WSe2,1.0,2.0,3.0,WSe2_0.01562,28.053753689999894,0.21720000000000006
619cdd7b45851b2ed2431c0a,low_WSe2,2.0,1.0,3.0,WSe2_0.01562,39.22416913000011,0.1446999999999985
619cdd7b45851b2ed2431c0b,low_WSe2,1.0,2.0,3.0,WSe2_0.01562,11.767721800000107,1.299900000000001
619cdd7b45851b2ed2431c0c,low_WSe2,3.0,0.0,3.0,WSe2_0.01562,50.03992208000009,0.28279999999999994
619cdd7b45851b2ed2431c0d,low_WSe2,0.0,3.0,3.0,WSe2_0.01562,0.43824186999989934,1.8293999999999997
619cdd7b45851b2ed2431c0e,low_WSe2,3.0,0.0,3.0,WSe2_0.01562,50.558317580000086,0.19960000000000022
619cdd7b45851b2ed2431c0f,low_WSe2,1.0,2.0,3.0,WSe2_0.01562,28.07415487000003,0.2906999999999993
619cdd7b45851b2ed2431c10,low_WSe2,0.0,3.0,3.0,WSe2_0.01562,0.4312847299999589,1.8201000000000036
619cdd7b45851b2ed2431c11,low_WSe2,0.0,3.0,3.0,WSe2_0.01562,0.4302037100000575,1.8304000000000045
619cdd7b45851b2ed2431c12,low_WSe2,2.0,1.0,3.0,WSe2_0.01562,23.11439191000003,1.2673000000000059
619cdd7b45851b2ed2431c13,low_WSe2,1.0,2.0,3.0,WSe2_0.01562,11.770417449999957,1.2891000000000048
619cdd7b45851b2ed2431c14,low_WSe2,0.0,3.0,3.0,WSe2_0.01562,0.42817041000006384,1.8277
619cdd7b45851b2ed2431c15,low_WSe2,1.0,2.0,3.0,WSe2_0.01562,11.784289239999897,1.2899999999999991
619cdd7b45851b2ed2431c16,low_WSe2,1.0,2.0,3.0,WSe2_0.01562,11.774989069999936,1.3036999999999992
619cdd7b45851b2ed2431c17,low_WSe2,2.0,1.0,3.0,WSe2_0.01562,23.11418860000007,1.2015999999999991
619cdd7b45851b2ed2431c18,low_WSe2,3.0,0.0,3.0,WSe2_0.01562,48.89381480999996,0.5445000000000011
619cdd7b45851b2ed2431c19,low_WSe2,1.0,2.0,3.0,WSe2_0.01562,11.769585320000022,1.298099999999998
619cdd7b45851b2ed2431c1a,low_WSe2,1.0,2.0,3.0,WSe2_0.01562,11.77514730000006,1.3002000000000038
619cdd7b45851b2ed2431c1b,low_WSe2,1.0,2.0,3.0,WSe2_0.01562,11.764089889999912,1.3031000000000006
619cdd7b45851b2ed2431c1c,low_WSe2,3.0,0.0,3.0,WSe2_0.01562,50.58837402000004,0.15639999999999965
619cdd7b45851b2ed2431c1d,low_WSe2,2.0,1.0,3.0,WSe2_0.01562,39.248244579999934,0.19699999999999918
619cdd7b45851b2ed2431c1e,low_WSe2,3.0,0.0,3.0,WSe2_0.01562,50.58863594999989,0.1609999999999996
619cdd7b45851b2ed2431c1f,low_WSe2,0.0,2.0,2.0,WSe2_0.01042,2.0904513499999897,1.8331000000000017
619cdd7b45851b2ed2431c20,low_WSe2,0.0,2.0,2.0,WSe2_0.01042,2.0898937699999127,1.8312999999999988
619cdd7b45851b2ed2431c21,low_WSe2,2.0,1.0,3.0,WSe2_0.01562,23.107221049999943,1.2834000000000003
619cdd7b45851b2ed2431c22,low_WSe2,0.0,3.0,3.0,WSe2_0.01562,0.428667639999901,1.825400000000002
619cdd7b45851b2ed2431c23,low_WSe2,1.0,2.0,3.0,WSe2_0.01562,11.775602370000104,1.2993000000000023
619cdd7b45851b2ed2431c24,low_WSe2,1.0,2.0,3.0,WSe2_0.01562,27.99702028999991,0.266
619cdd7b45851b2ed2431c25,low_WSe2,1.0,2.0,3.0,WSe2_0.01562,27.879874900000004,0.17849999999999966
619cdd7b45851b2ed2431c26,low_WSe2,2.0,1.0,3.0,WSe2_0.01562,39.20143525999997,0.18979999999999997
619cdd7b45851b2ed2431c27,low_WSe2,1.0,2.0,3.0,WSe2_0.01562,27.958501280000064,0.16339999999999932
619cdd7b45851b2ed2431c28,low_WSe2,1.0,2.0,3.0,WSe2_0.01562,27.88217882999993,0.17300000000000004
619cdd7b45851b2ed2431c29,low_WSe2,3.0,0.0,3.0,WSe2_0.01562,50.572271730000104,0.2171000000000003
619cdd7b45851b2ed2431c2a,low_WSe2,2.0,1.0,3.0,WSe2_0.01562,39.259771499999985,0.1988000000000003
619cdd7b45851b2ed2431c2b,low_WSe2,2.0,1.0,3.0,WSe2_0.01562,39.22978644000004,0.2068999999999992
619cdd7b45851b2ed2431c2c,low_WSe2,0.0,3.0,3.0,WSe2_0.01562,0.43198187000001553,1.8322000000000003
619cdd7b45851b2ed2431c2d,low_WSe2,2.0,1.0,3.0,WSe2_0.01562,39.2524067100001,0.19130000000000003
619cdd7b45851b2ed2431c2e,low_WSe2,1.0,2.0,3.0,WSe2_0.01562,11.778611310000077,1.2974999999999994
619cdd7b45851b2ed2431c2f,low_WSe2,1.0,2.0,3.0,WSe2_0.01562,11.76602716000001,1.295100000000005
619cdd7b45851b2ed2431c30,low_WSe2,0.0,3.0,3.0,WSe2_0.01562,0.4317749000001072,1.8282999999999987
619cdd7b45851b2ed2431c31,low_WSe2,3.0,0.0,3.0,WSe2_0.01562,50.48633937000009,0.21250000000000036
619cdd7b45851b2ed2431c32,low_WSe2,2.0,1.0,3.0,WSe2_0.01562,39.37600152000009,0.2857000000000003
619cdd7b45851b2ed2431c33,low_WSe2,0.0,3.0,3.0,WSe2_0.01562,0.4293660600000635,1.8285999999999945
619cdd7b45851b2ed2431c34,low_WSe2,2.0,1.0,3.0,WSe2_0.01562,23.11372338999994,1.2864000000000004
619cdd7b45851b2ed2431c35,low_WSe2,2.0,1.0,3.0,WSe2_0.01562,23.10886196000005,1.2682000000000002
619cdd7b45851b2ed2431c36,low_WSe2,1.0,2.0,3.0,WSe2_0.01562,11.76762925999991,1.294700000000006
619cdd7b45851b2ed2431c37,low_WSe2,2.0,1.0,3.0,WSe2_0.01562,23.130665339999986,1.2812000000000054
619cdd7b45851b2ed2431c38,low_WSe2,2.0,1.0,3.0,WSe2_0.01562,39.19832993000004,0.20390000000000086
619cdd7b45851b2ed2431c39,low_WSe2,1.0,2.0,3.0,WSe2_0.01562,11.769896680000091,1.303200000000004
619cdd7b45851b2ed2431c3a,low_WSe2,1.0,2.0,3.0,WSe2_0.01562,27.918166919999976,0.1921999999999997
619cdd7b45851b2ed2431c3b,low_WSe2,1.0,2.0,3.0,WSe2_0.01562,11.759118200000092,1.3013000000000048
619cdd7b45851b2ed2431c3c,low_WSe2,3.0,0.0,3.0,WSe2_0.01562,48.907360490000066,0.5218999999999987
619cdd7b45851b2ed2431c3d,low_WSe2,2.0,1.0,3.0,WSe2_0.01562,23.118346909999936,1.2822000000000031
619cdd7b45851b2ed2431c3e,low_WSe2,2.0,1.0,3.0,WSe2_0.01562,39.23947557000001,0.19579999999999842
619cdd7b45851b2ed2431c3f,low_WSe2,2.0,1.0,3.0,WSe2_0.01562,23.121583070000078,1.2446000000000055
619cdd7b45851b2ed2431c40,low_WSe2,1.0,2.0,3.0,WSe2_0.01562,11.772559420000096,1.3042000000000016
619cdd7b45851b2ed2431c41,low_WSe2,3.0,0.0,3.0,WSe2_0.01562,50.567895609999916,0.19079999999999941
619cdd7b45851b2ed2431c42,low_WSe2,0.0,3.0,3.0,WSe2_0.01562,0.4289094499999351,1.828400000000002
619cdd7b45851b2ed2431c43,low_WSe2,2.0,1.0,3.0,WSe2_0.01562,39.32450374,0.27149999999999963
619cdd7b45851b2ed2431c44,low_WSe2,2.0,1.0,3.0,WSe2_0.01562,37.40551362000001,0.4532000000000007
619cdd7b45851b2ed2431c45,low_WSe2,2.0,1.0,3.0,WSe2_0.01562,39.20863932000002,0.18869999999999898
619cdd7b45851b2ed2431c46,low_WSe2,2.0,1.0,3.0,WSe2_0.01562,39.19810566000005,0.20429999999999993
619cdd7b45851b2ed2431c47,low_WSe2,0.0,3.0,3.0,WSe2_0.01562,0.42926200999994535,1.8252000000000024
619cdd7b45851b2ed2431c48,low_WSe2,1.0,2.0,3.0,WSe2_0.01562,11.770185990000062,1.3002000000000038
619cdd7b45851b2ed2431c49,low_WSe2,2.0,1.0,3.0,WSe2_0.01562,39.23343804999995,0.1960999999999995
619cdd7b45851b2ed2431c4a,low_WSe2,0.0,3.0,3.0,WSe2_0.01562,0.43739591000002065,1.8275000000000006
619cdd7b45851b2ed2431c4b,low_WSe2,0.0,3.0,3.0,WSe2_0.01562,0.4293643400000633,1.832499999999996
619cdd7b45851b2ed2431c4c,low_WSe2,0.0,3.0,3.0,WSe2_0.01562,0.4546000300001083,1.8295999999999992
619cdd7b45851b2ed2431c4d,low_WSe2,3.0,0.0,3.0,WSe2_0.01562,50.72514757999998,0.18249999999999922
619cdd7b45851b2ed2431c4e,low_WSe2,2.0,1.0,3.0,WSe2_0.01562,23.086671800000012,1.2852999999999994
619cdd7b45851b2ed2431c4f,low_WSe2,3.0,0.0,3.0,WSe2_0.01562,50.558492609999895,0.21480000000000032
619cdd7b45851b2ed2431c50,low_WSe2,1.0,1.0,2.0,WSe2_0.01042,29.663470609999955,0.26339999999999897
619cdd7b45851b2ed2431c51,low_WSe2,2.0,1.0,3.0,WSe2_0.01562,39.202330249999974,0.18040000000000056
619cdd7b45851b2ed2431c52,low_WSe2,2.0,1.0,3.0,WSe2_0.01562,39.182516209999946,0.21560000000000024
619cdd7b45851b2ed2431c53,low_WSe2,2.0,1.0,3.0,WSe2_0.01562,37.650734280000094,0.6603999999999992
619cdd7b45851b2ed2431c54,low_WSe2,2.0,1.0,3.0,WSe2_0.01562,23.104027599999917,1.218599999999995
619cdd7c45851b2ed2431c55,low_WSe2,1.0,2.0,3.0,WSe2_0.01562,11.770939830000078,1.2824999999999989
619cdd7c45851b2ed2431c56,low_WSe2,1.0,2.0,3.0,WSe2_0.01562,11.769922769999983,1.3027999999999977
619cdd7c45851b2ed2431c57,low_WSe2,3.0,0.0,3.0,WSe2_0.01562,50.58084782000001,0.1576000000000004
619cdd7c45851b2ed2431c58,low_WSe2,0.0,3.0,3.0,WSe2_0.01562,0.43000913999998147,1.8322999999999965
619cdd7c45851b2ed2431c59,low_WSe2,2.0,1.0,3.0,WSe2_0.01562,23.123696200000076,1.2783000000000015
619cdd7c45851b2ed2431c5a,low_WSe2,2.0,1.0,3.0,WSe2_0.01562,39.20123059999996,0.18839999999999968
619cdd7c45851b2ed2431c5b,low_WSe2,3.0,0.0,3.0,WSe2_0.01562,50.127420859999894,0.27649999999999864
619cdd7c45851b2ed2431c5c,low_WSe2,2.0,1.0,3.0,WSe2_0.01562,39.19644219999991,0.20950000000000024
619cdd7c45851b2ed2431c5d,low_WSe2,0.0,3.0,3.0,WSe2_0.01562,0.4549017199998957,1.8267000000000024
619cdd7c45851b2ed2431c5e,low_WSe2,2.0,1.0,3.0,WSe2_0.01562,39.23559045000006,0.19790000000000063
619cdd7c45851b2ed2431c5f,low_WSe2,2.0,1.0,3.0,WSe2_0.01562,39.394485170000095,0.2815000000000012
619cdd7c45851b2ed2431c60,low_WSe2,2.0,1.0,3.0,WSe2_0.01562,39.228162689999905,0.1465999999999994
619cdd7c45851b2ed2431c61,low_WSe2,2.0,1.0,3.0,WSe2_0.01562,39.23246995000004,0.2002999999999986
619cdd7c45851b2ed2431c62,low_WSe2,1.0,2.0,3.0,WSe2_0.01562,27.959829760000048,0.1637000000000004
619cdd7c45851b2ed2431c63,low_WSe2,0.0,3.0,3.0,WSe2_0.01562,0.42846705999994583,1.829100000000004
619cdd7c45851b2ed2431c64,low_WSe2,1.0,2.0,3.0,WSe2_0.01562,27.92598352999994,0.1844999999999999
619cdd7c45851b2ed2431c65,low_WSe2,0.0,3.0,3.0,WSe2_0.01562,0.42969925999994985,1.828800000000001
619cdd7c45851b2ed2431c66,low_WSe2,0.0,3.0,3.0,WSe2_0.01562,0.42536330999990923,1.8254999999999981
619cdd7c45851b2ed2431c67,low_WSe2,2.0,1.0,3.0,WSe2_0.01562,23.111577539999907,1.2177000000000007
619cdd7c45851b2ed2431c68,low_WSe2,1.0,2.0,3.0,WSe2_0.01562,11.768200190000005,1.3001999999999967
619cdd7c45851b2ed2431c69,low_WSe2,3.0,0.0,3.0,WSe2_0.01562,50.592226260000054,0.20389999999999908
619cdd7c45851b2ed2431c6a,low_WSe2,0.0,3.0,3.0,WSe2_0.01562,0.42962387999995144,1.822499999999998
619cdd7c45851b2ed2431c6b,low_WSe2,1.0,2.0,3.0,WSe2_0.01562,11.77182001999994,1.3004999999999995
619cdd7c45851b2ed2431c6c,low_WSe2,1.0,2.0,3.0,WSe2_0.01562,11.784782409999924,1.1621000000000024
619cdd7c45851b2ed2431c6d,low_WSe2,2.0,1.0,3.0,WSe2_0.01562,39.24627274000004,0.20040000000000013
619cdd7c45851b2ed2431c6e,low_WSe2,1.0,2.0,3.0,WSe2_0.01562,11.772309819999908,1.2831000000000046
619cdd7c45851b2ed2431c6f,low_WSe2,2.0,1.0,3.0,WSe2_0.01562,23.10609466000009,1.1995000000000005
619cdd7c45851b2ed2431c70,low_WSe2,1.0,2.0,3.0,WSe2_0.01562,27.8832484699999,0.17210000000000036
619cdd7c45851b2ed2431c71,low_WSe2,3.0,0.0,3.0,WSe2_0.01562,50.591861740000105,0.19149999999999956
619cdd7c45851b2ed2431c72,low_WSe2,1.0,2.0,3.0,WSe2_0.01562,11.775606209999967,1.3004999999999995
619cdd7c45851b2ed2431c73,low_WSe2,1.0,2.0,3.0,WSe2_0.01562,11.782306860000052,1.299599999999998
619cdd7c45851b2ed2431c74,low_WSe2,0.0,3.0,3.0,WSe2_0.01562,0.42890221999999767,1.8292999999999964
619cdd7c45851b2ed2431c75,low_WSe2,2.0,1.0,3.0,WSe2_0.01562,39.22765916999997,0.1468999999999987
619cdd7c45851b2ed2431c76,low_WSe2,2.0,1.0,3.0,WSe2_0.01562,38.63107154999993,0.18909999999999982
619cdd7c45851b2ed2431c77,low_WSe2,2.0,1.0,3.0,WSe2_0.01562,39.240664649999914,0.20260000000000034
619cdd7c45851b2ed2431c78,low_WSe2,3.0,0.0,3.0,WSe2_0.01562,50.55546282999999,0.20950000000000024
619cdd7c45851b2ed2431c79,low_WSe2,2.0,1.0,3.0,WSe2_0.01562,39.17064097999996,0.2088000000000001
619cdd7c45851b2ed2431c7a,low_WSe2,2.0,1.0,3.0,WSe2_0.01562,39.23883948000007,0.1836000000000002
619cdd7c45851b2ed2431c7b,low_WSe2,2.0,1.0,3.0,WSe2_0.01562,39.234507070000106,0.18930000000000113
619cdd7c45851b2ed2431c7c,low_WSe2,3.0,0.0,3.0,WSe2_0.01562,50.44066325999993,0.21419999999999995
619cdd7c45851b2ed2431c7d,low_WSe2,2.0,1.0,3.0,WSe2_0.01562,39.32904042999989,0.2715999999999994
619cdd7c45851b2ed2431c7e,low_WSe2,2.0,1.0,3.0,WSe2_0.01562,23.112442650000084,1.280300000000004
619cdd7c45851b2ed2431c7f,low_WSe2,2.0,1.0,3.0,WSe2_0.01562,39.256179790000076,0.19709999999999894
619cdd7c45851b2ed2431c80,low_WSe2,1.0,2.0,3.0,WSe2_0.01562,11.79444826000007,1.2997000000000014
619cdd7c45851b2ed2431c81,low_WSe2,2.0,0.0,2.0,WSe2_0.01042,40.89812857999995,0.1850000000000005
619cdd7c45851b2ed2431c82,low_WSe2,1.0,2.0,3.0,WSe2_0.01562,11.774881779999976,1.2882999999999996
619cdd7c45851b2ed2431c83,low_WSe2,2.0,1.0,3.0,WSe2_0.01562,39.21504003,0.19319999999999915
619cdd7c45851b2ed2431c84,low_WSe2,1.0,2.0,3.0,WSe2_0.01562,11.747932920000029,1.300699999999999
619cdd7c45851b2ed2431c85,low_WSe2,1.0,2.0,3.0,WSe2_0.01562,28.001095750000104,0.26200000000000045
619cdd7c45851b2ed2431c86,low_WSe2,1.0,2.0,3.0,WSe2_0.01562,11.768125900000076,1.3006000000000029
619cdd7c45851b2ed2431c87,low_WSe2,1.0,2.0,3.0,WSe2_0.01562,27.927967999999964,0.18909999999999982
619cdd7c45851b2ed2431c88,low_WSe2,1.0,1.0,2.0,WSe2_0.01042,8.006472270000017,1.301400000000001
619cdd7c45851b2ed2431c89,low_WSe2,0.0,3.0,3.0,WSe2_0.01562,0.4303447599999686,1.827300000000001
619cdd7c45851b2ed2431c8a,low_WSe2,1.0,2.0,3.0,WSe2_0.01562,11.78885108999997,1.3019000000000034
619cdd7c45851b2ed2431c8b,low_WSe2,2.0,1.0,3.0,WSe2_0.01562,23.120350019999968,1.214100000000002
619cdd7c45851b2ed2431c8c,low_WSe2,1.0,2.0,3.0,WSe2_0.01562,27.99984599000004,0.26290000000000013
619cdd7c45851b2ed2431c8d,low_WSe2,2.0,1.0,3.0,WSe2_0.01562,23.13144790999994,1.2661999999999978
619cdd7c45851b2ed2431c8e,low_WSe2,3.0,0.0,3.0,WSe2_0.01562,49.94608494999998,0.18810000000000038
619cdd7c45851b2ed2431c8f,low_WSe2,1.0,2.0,3.0,WSe2_0.01562,27.91963884000006,0.1982999999999997
619cdd7c45851b2ed2431c90,low_WSe2,3.0,0.0,3.0,WSe2_0.01562,48.90178144999991,0.5233000000000008
619cdd7c45851b2ed2431c91,low_WSe2,2.0,1.0,3.0,WSe2_0.01562,39.23151396000007,0.1855000000000011
619cdd7c45851b2ed2431c92,low_WSe2,2.0,1.0,3.0,WSe2_0.01562,39.23822638000006,0.20230000000000103
619cdd7c45851b2ed2431c93,low_WSe2,1.0,2.0,3.0,WSe2_0.01562,11.801641120000102,1.3018999999999963
619cdd7c45851b2ed2431c94,low_WSe2,1.0,2.0,3.0,WSe2_0.01562,11.785948700000052,1.2725000000000009
619cdd7c45851b2ed2431c95,low_WSe2,1.0,2.0,3.0,WSe2_0.01562,27.91915967,0.19599999999999973
619cdd7c45851b2ed2431c96,low_WSe2,2.0,1.0,3.0,WSe2_0.01562,39.24412276999992,0.15200000000000102
619cdd7c45851b2ed2431c97,low_WSe2,1.0,2.0,3.0,WSe2_0.01562,11.772866860000011,1.307300000000005
619cdd7c45851b2ed2431c98,low_WSe2,1.0,2.0,3.0,WSe2_0.01562,11.771110059999945,1.3064999999999998
619cdd7c45851b2ed2431c99,low_WSe2,2.0,1.0,3.0,WSe2_0.01562,23.12941088000006,1.125
619cdd7c45851b2ed2431c9a,low_WSe2,0.0,3.0,3.0,WSe2_0.01562,0.4292230400000676,1.8273999999999972
619cdd7c45851b2ed2431c9b,low_WSe2,1.0,2.0,3.0,WSe2_0.01562,27.878414009999915,0.17190000000000083
619cdd7c45851b2ed2431c9c,low_WSe2,2.0,1.0,3.0,WSe2_0.01562,39.25404002000009,0.19140000000000157
619cdd7c45851b2ed2431c9d,low_WSe2,2.0,1.0,3.0,WSe2_0.01562,23.130912489999936,1.2790999999999997
619cdd7c45851b2ed2431c9e,low_WSe2,3.0,0.0,3.0,WSe2_0.01562,50.541893749999964,0.20749999999999957
619cdd7c45851b2ed2431c9f,low_WSe2,2.0,1.0,3.0,WSe2_0.01562,39.24632520999994,0.18820000000000014
619cdd7c45851b2ed2431ca0,low_WSe2,3.0,0.0,3.0,WSe2_0.01562,50.584618200000115,0.19459999999999944
619cdd7c45851b2ed2431ca1,low_WSe2,2.0,1.0,3.0,WSe2_0.01562,23.065394929999947,1.1251000000000033
619cdd7c45851b2ed2431ca2,low_WSe2,1.0,2.0,3.0,WSe2_0.01562,28.00325470000007,0.2645999999999997
619cdd7c45851b2ed2431ca3,low_WSe2,2.0,1.0,3.0,WSe2_0.01562,39.255156329999906,0.19090000000000096
619cdd7c45851b2ed2431ca4,low_WSe2,0.0,3.0,3.0,WSe2_0.01562,0.428199500000062,1.8268000000000058
619cdd7c45851b2ed2431ca5,low_WSe2,3.0,0.0,3.0,WSe2_0.01562,50.59405084,0.16460000000000008
619cdd7c45851b2ed2431ca6,low_WSe2,2.0,1.0,3.0,WSe2_0.01562,23.102119290000054,1.2411999999999992
619cdd7d45851b2ed2431ca7,low_WSe2,1.0,2.0,3.0,WSe2_0.01562,11.768974190000097,1.2979000000000056
619cdd7d45851b2ed2431ca8,low_WSe2,3.0,0.0,3.0,WSe2_0.01562,50.127400700000045,0.2668999999999997
619cdd7d45851b2ed2431ca9,low_WSe2,1.0,2.0,3.0,WSe2_0.01562,11.77700806000006,1.2809999999999988
619cdd7d45851b2ed2431caa,low_WSe2,0.0,3.0,3.0,WSe2_0.01562,0.4309600299999943,1.832100000000004
619cdd7d45851b2ed2431cab,low_WSe2,2.0,1.0,3.0,WSe2_0.01562,23.12442988999991,1.1087999999999951
619cdd7d45851b2ed2431cac,low_WSe2,2.0,1.0,3.0,WSe2_0.01562,23.09790152999998,1.2889000000000053
619cdd7d45851b2ed2431cad,low_WSe2,2.0,1.0,3.0,WSe2_0.01562,23.12217087999992,1.2843000000000018
619cdd7d45851b2ed2431cae,low_WSe2,2.0,1.0,3.0,WSe2_0.01562,39.216292939999946,0.1882999999999999
619cdd7d45851b2ed2431caf,low_WSe2,3.0,0.0,3.0,WSe2_0.01562,50.6718734699999,0.266
619cdd7d45851b2ed2431cb0,low_WSe2,1.0,2.0,3.0,WSe2_0.01562,11.781402520000018,1.2702999999999989
619cdd7d45851b2ed2431cb1,low_WSe2,3.0,0.0,3.0,WSe2_0.01562,50.60206376000006,0.28229999999999933
619cdd7d45851b2ed2431cb2,low_WSe2,3.0,0.0,3.0,WSe2_0.01562,50.50495495999994,0.21550000000000047
619cdd7d45851b2ed2431cb3,low_WSe2,2.0,1.0,3.0,WSe2_0.01562,23.140527950000013,1.2785999999999973
619cdd7d45851b2ed2431cb4,low_WSe2,1.0,2.0,3.0,WSe2_0.01562,11.766121189999911,1.2989000000000033
619cdd7d45851b2ed2431cb5,low_WSe2,1.0,2.0,3.0,WSe2_0.01562,11.774482239999987,1.301400000000001
619cdd7d45851b2ed2431cb6,low_WSe2,0.0,3.0,3.0,WSe2_0.01562,0.4292210099999352,1.8218000000000032
619cdd7d45851b2ed2431cb7,low_WSe2,3.0,0.0,3.0,WSe2_0.01562,50.53334669000001,0.2149000000000001
619cdd7d45851b2ed2431cb8,low_WSe2,2.0,1.0,3.0,WSe2_0.01562,23.11425719999992,1.2438999999999965
619cdd7d45851b2ed2431cb9,low_WSe2,2.0,0.0,2.0,WSe2_0.01042,19.52551805000001,0.8572000000000006
619cdd7d45851b2ed2431cba,low_WSe2,0.0,3.0,3.0,WSe2_0.01562,0.4304254000000469,1.830999999999996
619cdd7d45851b2ed2431cbb,low_WSe2,2.0,1.0,3.0,WSe2_0.01562,39.20937226000005,0.20770000000000088
619cdd7d45851b2ed2431cbc,low_WSe2,2.0,1.0,3.0,WSe2_0.01562,39.23301840999993,0.1902000000000008
619cdd7d45851b2ed2431cbd,low_WSe2,2.0,1.0,3.0,WSe2_0.01562,23.13024576999991,1.139799999999994
619cdd7d45851b2ed2431cbe,low_WSe2,1.0,2.0,3.0,WSe2_0.01562,11.76981027999999,1.2899999999999991
619cdd7d45851b2ed2431cbf,low_WSe2,1.0,2.0,3.0,WSe2_0.01562,11.767140359999974,1.304000000000002
619cdd7d45851b2ed2431cc0,low_WSe2,1.0,2.0,3.0,WSe2_0.01562,11.7678539599999,1.2982999999999976
619cdd7d45851b2ed2431cc1,low_WSe2,2.0,1.0,3.0,WSe2_0.01562,23.057993969999906,1.0294999999999987
619cdd7d45851b2ed2431cc2,low_WSe2,3.0,0.0,3.0,WSe2_0.01562,50.544070669999975,0.2137999999999991
619cdd7d45851b2ed2431cc3,low_WSe2,0.0,3.0,3.0,WSe2_0.01562,0.4292056700000444,1.8267999999999986
619cdd7d45851b2ed2431cc4,low_WSe2,1.0,2.0,3.0,WSe2_0.01562,27.915973180000037,0.192499999999999
619cdd7d45851b2ed2431cc5,low_WSe2,1.0,2.0,3.0,WSe2_0.01562,11.785597999999926,1.2687000000000026
619cdd7d45851b2ed2431cc6,low_WSe2,0.0,3.0,3.0,WSe2_0.01562,0.43059768000006216,1.8305000000000007
619cdd7d45851b2ed2431cc7,low_WSe2,1.0,2.0,3.0,WSe2_0.01562,28.047673869999926,0.2218
619cdd7d45851b2ed2431cc8,low_WSe2,1.0,2.0,3.0,WSe2_0.01562,11.772597099999974,1.2842000000000056
619cdd7d45851b2ed2431cc9,low_WSe2,2.0,1.0,3.0,WSe2_0.01562,39.24571805000009,0.1833000000000009
619cdd7d45851b2ed2431cca,low_WSe2,1.0,2.0,3.0,WSe2_0.01562,11.774697110000023,1.2952000000000012
619cdd7d45851b2ed2431ccb,low_WSe2,2.0,1.0,3.0,WSe2_0.01562,39.194898649999956,0.20539999999999914
619cdd7d45851b2ed2431ccc,low_WSe2,1.0,2.0,3.0,WSe2_0.01562,28.095736819999956,0.2323000000000004
619cdd7d45851b2ed2431ccd,low_WSe2,2.0,1.0,3.0,WSe2_0.01562,23.268151900000056,0.8584999999999994
619cdd7d45851b2ed2431cce,low_WSe2,1.0,2.0,3.0,WSe2_0.01562,11.767336399999966,1.2989000000000033
619cdd7d45851b2ed2431ccf,low_WSe2,2.0,1.0,3.0,WSe2_0.01562,39.249154599999926,0.18120000000000047
619cdd7d45851b2ed2431cd0,low_WSe2,0.0,3.0,3.0,WSe2_0.01562,0.4317208500000902,1.829500000000003
619cdd7d45851b2ed2431cd1,low_WSe2,0.0,3.0,3.0,WSe2_0.01562,0.4313509800001043,1.8293999999999997
619cdd7d45851b2ed2431cd2,low_WSe2,1.0,2.0,3.0,WSe2_0.01562,27.918366520000063,0.18900000000000006
619cdd7d45851b2ed2431cd3,low_WSe2,0.0,3.0,3.0,WSe2_0.01562,0.4292928100000495,1.826900000000002
619cdd7d45851b2ed2431cd4,low_WSe2,1.0,1.0,2.0,WSe2_0.01042,8.022152290000008,1.2982999999999993
619cdd7d45851b2ed2431cd5,low_WSe2,1.0,2.0,3.0,WSe2_0.01562,11.770046209999908,1.2989000000000033
619cdd7d45851b2ed2431cd6,low_WSe2,1.0,2.0,3.0,WSe2_0.01562,11.766288089999978,1.2967000000000013
619cdd7d45851b2ed2431cd7,low_WSe2,2.0,1.0,3.0,WSe2_0.01562,39.18603579000005,0.20750000000000135
619cdd7d45851b2ed2431cd8,low_WSe2,1.0,2.0,3.0,WSe2_0.01562,27.999858099999983,0.2666000000000004
619cdd7d45851b2ed2431cd9,low_WSe2,0.0,3.0,3.0,WSe2_0.01562,0.4287783999999988,1.8304000000000045
619cdd7d45851b2ed2431cda,low_WSe2,2.0,1.0,3.0,WSe2_0.01562,23.123540229999925,1.2813000000000017
619cdd7d45851b2ed2431cdb,low_WSe2,2.0,1.0,3.0,WSe2_0.01562,39.20029314999992,0.18239999999999945
619cdd7d45851b2ed2431cdc,low_WSe2,2.0,1.0,3.0,WSe2_0.01562,39.23554913999992,0.20429999999999993
619cdd7d45851b2ed2431cdd,low_WSe2,1.0,2.0,3.0,WSe2_0.01562,11.752332120000109,1.2956000000000003
619cdd7d45851b2ed2431cde,low_WSe2,2.0,1.0,3.0,WSe2_0.01562,23.123486340000035,1.279200000000003
619cdd7d45851b2ed2431cdf,low_WSe2,1.0,2.0,3.0,WSe2_0.01562,11.76735550000011,1.295499999999997
619cdd7d45851b2ed2431ce0,low_WSe2,0.0,3.0,3.0,WSe2_0.01562,0.4282638399999428,1.8299999999999983
619cdd7d45851b2ed2431ce1,low_WSe2,1.0,2.0,3.0,WSe2_0.01562,11.764492009999902,1.295499999999997
619cdd7d45851b2ed2431ce2,low_WSe2,1.0,2.0,3.0,WSe2_0.01562,11.768755029999955,1.300699999999999
619cdd7d45851b2ed2431ce3,low_WSe2,2.0,1.0,3.0,WSe2_0.01562,23.10905017000008,1.1931000000000012
619cdd7d45851b2ed2431ce4,low_WSe2,1.0,2.0,3.0,WSe2_0.01562,27.978281240000115,0.15669999999999895
619cdd7d45851b2ed2431ce5,low_WSe2,3.0,0.0,3.0,WSe2_0.01562,50.584570650000025,0.2234999999999996
619cdd7d45851b2ed2431ce6,low_WSe2,2.0,1.0,3.0,WSe2_0.01562,39.237673379999976,0.18469999999999942
619cdd7d45851b2ed2431ce7,low_WSe2,1.0,2.0,3.0,WSe2_0.01562,11.768761649999977,1.3003
619cdd7d45851b2ed2431ce8,low_WSe2,0.0,3.0,3.0,WSe2_0.01562,0.4311335900001154,1.8256000000000014
619cdd7d45851b2ed2431ce9,low_WSe2,2.0,1.0,3.0,WSe2_0.01562,39.26949379000011,0.16559999999999953
619cdd7d45851b2ed2431cea,low_WSe2,2.0,1.0,3.0,WSe2_0.01562,39.33357015999995,0.24990000000000023
619cdd7d45851b2ed2431ceb,low_WSe2,1.0,2.0,3.0,WSe2_0.01562,11.766776079999989,1.2988
619cdd7d45851b2ed2431cec,low_WSe2,1.0,2.0,3.0,WSe2_0.01562,11.766070829999979,1.2961000000000027
619cdd7d45851b2ed2431ced,low_WSe2,1.0,2.0,3.0,WSe2_0.01562,27.99701004999997,0.26229999999999976
619cdd7d45851b2ed2431cee,low_WSe2,0.0,3.0,3.0,WSe2_0.01562,0.4295802900000467,1.8242000000000047
619cdd7d45851b2ed2431cef,low_WSe2,3.0,0.0,3.0,WSe2_0.01562,50.5586389000001,0.21149999999999913
619cdd7d45851b2ed2431cf0,low_WSe2,1.0,2.0,3.0,WSe2_0.01562,11.77142662999994,1.302100000000003
619cdd7d45851b2ed2431cf1,low_WSe2,2.0,1.0,3.0,WSe2_0.01562,39.29227629000006,0.1681000000000008
619cdd7d45851b2ed2431cf2,low_WSe2,2.0,1.0,3.0,WSe2_0.01562,38.64202479999999,0.18650000000000055
619cdd7d45851b2ed2431cf3,low_WSe2,0.0,3.0,3.0,WSe2_0.01562,0.4318987200001061,1.8109000000000037
619cdd7d45851b2ed2431cf4,low_WSe2,1.0,2.0,3.0,WSe2_0.01562,27.935202809999964,0.18069999999999986
619cdd7d45851b2ed2431cf5,low_WSe2,2.0,1.0,3.0,WSe2_0.01562,23.128705910000043,1.264800000000001
619cdd7d45851b2ed2431cf6,low_WSe2,0.0,3.0,3.0,WSe2_0.01562,0.4300569700000665,1.8262
619cdd7e45851b2ed2431cf7,low_WSe2,2.0,1.0,3.0,WSe2_0.01562,39.23867221000005,0.18590000000000018
619cdd7e45851b2ed2431cf8,low_WSe2,0.0,3.0,3.0,WSe2_0.01562,0.4293684799999369,1.8298000000000059
619cdd7e45851b2ed2431cf9,low_WSe2,1.0,2.0,3.0,WSe2_0.01562,11.749313960000098,1.2811999999999983
619cdd7e45851b2ed2431cfa,low_WSe2,3.0,0.0,3.0,WSe2_0.01562,50.55009602000005,0.21619999999999884
619cdd7e45851b2ed2431cfb,low_WSe2,3.0,0.0,3.0,WSe2_0.01562,50.57578017000001,0.16339999999999932
619cdd7e45851b2ed2431cfc,low_WSe2,0.0,3.0,3.0,WSe2_0.01562,0.4276216200000249,1.8254999999999981
619cdd7e45851b2ed2431cfd,low_WSe2,3.0,0.0,3.0,WSe2_0.01562,50.596349109999984,0.17900000000000027
619cdd7e45851b2ed2431cfe,low_WSe2,2.0,1.0,3.0,WSe2_0.01562,39.19993155000002,0.204600000000001
619cdd7e45851b2ed2431cff,low_WSe2,3.0,0.0,3.0,WSe2_0.01562,48.5322499299999,0.28219999999999956
619cdd7e45851b2ed2431d00,low_WSe2,1.0,2.0,3.0,WSe2_0.01562,11.778969460000088,1.2926000000000002
619cdd7e45851b2ed2431d01,low_WSe2,2.0,1.0,3.0,WSe2_0.01562,23.099217949999947,1.2464000000000013
619cdd7e45851b2ed2431d02,low_WSe2,0.0,3.0,3.0,WSe2_0.01562,0.4313723699999059,1.8171999999999997
619cdd7e45851b2ed2431d03,low_WSe2,2.0,1.0,3.0,WSe2_0.01562,23.107528159999937,1.2792999999999992
619cdd7e45851b2ed2431d04,low_WSe2,1.0,2.0,3.0,WSe2_0.01562,11.77690776999997,1.283299999999997
619cdd7e45851b2ed2431d05,low_WSe2,1.0,2.0,3.0,WSe2_0.01562,11.773099459999901,1.2988999999999962
619cdd7e45851b2ed2431d06,low_WSe2,1.0,2.0,3.0,WSe2_0.01562,11.770249910000064,1.3007999999999953
619cdd7e45851b2ed2431d07,low_WSe2,1.0,2.0,3.0,WSe2_0.01562,27.960317699999905,0.15499999999999936
619cdd7e45851b2ed2431d08,low_WSe2,1.0,2.0,3.0,WSe2_0.01562,11.767851659999895,1.2980000000000018
619cdd7e45851b2ed2431d09,low_WSe2,2.0,1.0,3.0,WSe2_0.01562,39.38100179000007,0.2917000000000005
619cdd7e45851b2ed2431d0a,low_WSe2,2.0,1.0,3.0,WSe2_0.01562,23.038992510000107,1.1206000000000031
619cdd7e45851b2ed2431d0b,low_WSe2,1.0,2.0,3.0,WSe2_0.01562,11.774228729999994,1.3019999999999996
619cdd7e45851b2ed2431d0c,low_WSe2,3.0,0.0,3.0,WSe2_0.01562,50.559616450000114,0.2088000000000001
619cdd7e45851b2ed2431d0d,low_WSe2,1.0,2.0,3.0,WSe2_0.01562,11.769091050000032,1.2995000000000019
619cdd7e45851b2ed2431d0e,low_WSe2,1.0,2.0,3.0,WSe2_0.01562,28.24173205000011,0.289200000000001
619cdd7e45851b2ed2431d0f,low_WSe2,0.0,3.0,3.0,WSe2_0.01562,0.43313879000010047,1.8186000000000035
619cdd7e45851b2ed2431d10,low_WSe2,0.0,3.0,3.0,WSe2_0.01562,0.4283026899999527,1.828800000000001
619cdd7e45851b2ed2431d11,low_WSe2,2.0,1.0,3.0,WSe2_0.01562,39.20534453000009,0.21770000000000067
619cdd7e45851b2ed2431d12,low_WSe2,2.0,1.0,3.0,WSe2_0.01562,39.204381130000044,0.14949999999999974
619cdd7e45851b2ed2431d13,low_WSe2,3.0,0.0,3.0,WSe2_0.01562,49.9252680600001,0.1921999999999997
619cdd7e45851b2ed2431d14,low_WSe2,1.0,2.0,3.0,WSe2_0.01562,11.770425539999895,1.3006000000000029
619cdd7e45851b2ed2431d15,low_WSe2,2.0,1.0,3.0,WSe2_0.01562,39.25009623999999,0.19459999999999944
619cdd7e45851b2ed2431d16,low_WSe2,0.0,3.0,3.0,WSe2_0.01562,0.42693198999990045,1.8207999999999984
619cdd7e45851b2ed2431d17,low_WSe2,1.0,2.0,3.0,WSe2_0.01562,11.751944800000036,1.299900000000001
619cdd7e45851b2ed2431d18,low_WSe2,2.0,1.0,3.0,WSe2_0.01562,23.114896869999974,1.1795000000000044
619cdd7e45851b2ed2431d19,low_WSe2,0.0,3.0,3.0,WSe2_0.01562,0.42847845000000007,1.8269999999999982
619cdd7e45851b2ed2431d1a,low_WSe2,2.0,1.0,3.0,WSe2_0.01562,39.233679539999954,0.1941000000000006
619cdd7e45851b2ed2431d1b,low_WSe2,3.0,0.0,3.0,WSe2_0.01562,50.55018316000005,0.14749999999999908
619cdd7e45851b2ed2431d1c,low_WSe2,2.0,1.0,3.0,WSe2_0.01562,39.239585589999976,0.1988000000000003
619cdd7e45851b2ed2431d1d,low_WSe2,1.0,2.0,3.0,WSe2_0.01562,11.774639380000043,1.284399999999998
619cdd7e45851b2ed2431d1e,low_WSe2,1.0,2.0,3.0,WSe2_0.01562,11.68000961000006,1.3051999999999992
619cdd7e45851b2ed2431d1f,low_WSe2,2.0,1.0,3.0,WSe2_0.01562,39.23715042000008,0.2154000000000007
619cdd7e45851b2ed2431d20,low_WSe2,1.0,2.0,3.0,WSe2_0.01562,27.913067689999934,0.18510000000000026
619cdd7e45851b2ed2431d21,low_WSe2,2.0,1.0,3.0,WSe2_0.01562,39.22853768999998,0.1997
619cdd7e45851b2ed2431d22,low_WSe2,2.0,1.0,3.0,WSe2_0.01562,39.211296850000096,0.18869999999999898
619cdd7e45851b2ed2431d23,low_WSe2,2.0,1.0,3.0,WSe2_0.01562,39.23392070000004,0.19700000000000095
619cdd7e45851b2ed2431d24,low_WSe2,0.0,3.0,3.0,WSe2_0.01562,0.43214765999999827,1.8141000000000034
619cdd7e45851b2ed2431d25,low_WSe2,1.0,2.0,3.0,WSe2_0.01562,27.91568454000003,0.1963999999999988
619cdd7e45851b2ed2431d26,low_WSe2,2.0,1.0,3.0,WSe2_0.01562,39.224508650000004,0.19989999999999952
619cdd7e45851b2ed2431d27,low_WSe2,1.0,2.0,3.0,WSe2_0.01562,11.768161870000075,1.301400000000001
619cdd7e45851b2ed2431d28,low_WSe2,3.0,0.0,3.0,WSe2_0.01562,50.5902877699999,0.22119999999999962
619cdd7e45851b2ed2431d29,low_WSe2,1.0,2.0,3.0,WSe2_0.01562,27.92088831000001,0.18820000000000014
619cdd7e45851b2ed2431d2a,low_WSe2,2.0,1.0,3.0,WSe2_0.01562,23.1241952400001,1.283999999999999
619cdd7e45851b2ed2431d2b,low_WSe2,1.0,2.0,3.0,WSe2_0.01562,11.774272809999946,1.2978999999999985
619cdd7e45851b2ed2431d2c,low_WSe2,2.0,1.0,3.0,WSe2_0.01562,23.112828309999976,1.2812000000000054
619cdd7e45851b2ed2431d2d,low_WSe2,1.0,2.0,3.0,WSe2_0.01562,28.054890119999982,0.27970000000000006
619cdd7e45851b2ed2431d2e,low_WSe2,1.0,2.0,3.0,WSe2_0.01562,11.764699719999943,1.2713999999999999
619cdd7e45851b2ed2431d2f,low_WSe2,1.0,2.0,3.0,WSe2_0.01562,11.771985419999954,1.3001000000000005
619cdd7e45851b2ed2431d30,low_WSe2,2.0,1.0,3.0,WSe2_0.01562,39.258627100000055,0.19340000000000046
619cdd7e45851b2ed2431d31,low_WSe2,2.0,1.0,3.0,WSe2_0.01562,39.21159023999989,0.1943999999999999
619cdd7e45851b2ed2431d32,low_WSe2,2.0,1.0,3.0,WSe2_0.01562,23.092196560000083,1.2464999999999975
619cdd7e45851b2ed2431d33,low_WSe2,1.0,2.0,3.0,WSe2_0.01562,27.978589459999966,0.2519999999999989
619cdd7e45851b2ed2431d34,low_WSe2,1.0,2.0,3.0,WSe2_0.01562,11.772261770000103,1.3031999999999968
619cdd7e45851b2ed2431d35,low_WSe2,1.0,2.0,3.0,WSe2_0.01562,11.766746839999985,1.3010999999999981
619cdd7e45851b2ed2431d36,low_WSe2,2.0,0.0,2.0,WSe2_0.01042,39.240313570000026,0.6595000000000013
619cdd7e45851b2ed2431d37,low_WSe2,2.0,1.0,3.0,WSe2_0.01562,39.242937949999984,0.1943999999999999
619cdd7e45851b2ed2431d38,low_WSe2,2.0,1.0,3.0,WSe2_0.01562,38.63146966999993,0.19000000000000128
619cdd7e45851b2ed2431d39,low_WSe2,1.0,2.0,3.0,WSe2_0.01562,11.772329610000032,1.2956000000000003
619cdd7e45851b2ed2431d3a,low_WSe2,3.0,0.0,3.0,WSe2_0.01562,50.51805109999996,0.21199999999999974
619cdd7e45851b2ed2431d3b,low_WSe2,2.0,1.0,3.0,WSe2_0.01562,39.25515791999992,0.18340000000000067
619cdd7e45851b2ed2431d3c,low_WSe2,0.0,3.0,3.0,WSe2_0.01562,0.4329661700000429,1.8322000000000003
619cdd7e45851b2ed2431d3d,low_WSe2,1.0,2.0,3.0,WSe2_0.01562,11.778420990000075,1.3003999999999962
619cdd7e45851b2ed2431d3e,low_WSe2,2.0,1.0,3.0,WSe2_0.01562,38.62802366999999,0.1913999999999998
619cdd7e45851b2ed2431d3f,low_WSe2,1.0,2.0,3.0,WSe2_0.01562,28.002428380000083,0.2591999999999999
619cdd7e45851b2ed2431d40,low_WSe2,1.0,2.0,3.0,WSe2_0.01562,27.914638790000026,0.19519999999999982
619cdd7e45851b2ed2431d41,low_WSe2,1.0,1.0,2.0,WSe2_0.01042,8.024627030000033,1.299900000000001
619cdd7e45851b2ed2431d42,low_WSe2,2.0,1.0,3.0,WSe2_0.01562,23.115799779999897,1.2642999999999986
619cdd7e45851b2ed2431d43,low_WSe2,1.0,2.0,3.0,WSe2_0.01562,11.764111120000042,1.299599999999998
619cdd7e45851b2ed2431d44,low_WSe2,2.0,1.0,3.0,WSe2_0.01562,38.634293659999955,0.1936
619cdd7e45851b2ed2431d45,low_WSe2,1.0,2.0,3.0,WSe2_0.01562,11.769068580000056,1.3025999999999982
619cdd7e45851b2ed2431d46,low_WSe2,2.0,1.0,3.0,WSe2_0.01562,23.11551289999992,1.2860999999999976
619cdd7e45851b2ed2431d47,low_WSe2,0.0,3.0,3.0,WSe2_0.01562,0.42755660000005946,1.8250000000000028
619cdd7e45851b2ed2431d48,low_WSe2,2.0,1.0,3.0,WSe2_0.01562,23.13364710999989,1.156000000000006
619cdd7e45851b2ed2431d49,low_WSe2,0.0,3.0,3.0,WSe2_0.01562,0.4279776800000832,1.8256000000000014
619cdd7f45851b2ed2431d4a,low_WSe2,2.0,1.0,3.0,WSe2_0.01562,37.57536693999991,0.6596000000000011
619cdd7f45851b2ed2431d4b,low_WSe2,3.0,0.0,3.0,WSe2_0.01562,50.00498097,0.18659999999999854
619cdd7f45851b2ed2431d4c,low_WSe2,0.0,3.0,3.0,WSe2_0.01562,0.4538417900000127,1.829499999999996
619cdd7f45851b2ed2431d4d,low_WSe2,3.0,0.0,3.0,WSe2_0.01562,50.58012293000011,0.19170000000000087
619cdd7f45851b2ed2431d4e,low_WSe2,2.0,1.0,3.0,WSe2_0.01562,39.23974641999989,0.19289999999999985
619cdd7f45851b2ed2431d4f,low_WSe2,2.0,1.0,3.0,WSe2_0.01562,39.33936219000002,0.27110000000000056
619cdd7f45851b2ed2431d50,low_WSe2,2.0,1.0,3.0,WSe2_0.01562,23.092632939999966,1.2819000000000003
619cdd7f45851b2ed2431d51,low_WSe2,3.0,0.0,3.0,WSe2_0.01562,50.5542938699999,0.15850000000000009
619cdd7f45851b2ed2431d52,low_WSe2,2.0,1.0,3.0,WSe2_0.01562,39.235161130000094,0.19979999999999976
619cdd7f45851b2ed2431d53,low_WSe2,2.0,1.0,3.0,WSe2_0.01562,23.064038530000097,1.2569000000000017
619cdd7f45851b2ed2431d54,low_WSe2,3.0,0.0,3.0,WSe2_0.01562,50.399526819999984,0.22119999999999962
619cdd7f45851b2ed2431d55,low_WSe2,1.0,2.0,3.0,WSe2_0.01562,27.91572771999995,0.19450000000000145
619cdd7f45851b2ed2431d56,low_WSe2,0.0,3.0,3.0,WSe2_0.01562,0.4359030400000279,1.8292000000000002
619cdd7f45851b2ed2431d57,low_WSe2,3.0,0.0,3.0,WSe2_0.01562,50.58381659000006,0.19890000000000008
619cdd7f45851b2ed2431d58,low_WSe2,0.0,3.0,3.0,WSe2_0.01562,0.43696302000006426,1.8232
619cdd7f45851b2ed2431d59,low_WSe2,0.0,3.0,3.0,WSe2_0.01562,0.4295940300000325,1.8273999999999972
619cdd7f45851b2ed2431d5a,low_WSe2,1.0,1.0,2.0,WSe2_0.01042,13.447379920000074,1.1561000000000021
619cdd7f45851b2ed2431d5b,low_WSe2,1.0,1.0,2.0,WSe2_0.01042,13.42777686999996,1.3008999999999986
619cdd7f45851b2ed2431d5c,low_WSe2,0.0,3.0,3.0,WSe2_0.01562,0.4276652899999931,1.828400000000002
619cdd7f45851b2ed2431d5d,low_WSe2,1.0,2.0,3.0,WSe2_0.01562,11.770605700000022,1.3016999999999967
619cdd7f45851b2ed2431d5e,low_WSe2,3.0,0.0,3.0,WSe2_0.01562,49.97730289000001,0.18679999999999986
619cdd7f45851b2ed2431d5f,low_WSe2,2.0,1.0,3.0,WSe2_0.01562,39.32276413000004,0.24990000000000023
619cdd7f45851b2ed2431d60,low_WSe2,1.0,2.0,3.0,WSe2_0.01562,11.788137089999953,1.2946999999999989
619cdd7f45851b2ed2431d61,low_WSe2,2.0,1.0,3.0,WSe2_0.01562,23.11605811999997,1.2848000000000042
619cdd7f45851b2ed2431d62,low_WSe2,3.0,0.0,3.0,WSe2_0.01562,50.6921525199999,0.2721
619cdd7f45851b2ed2431d63,low_WSe2,0.0,3.0,3.0,WSe2_0.01562,0.42648473000002696,1.8256000000000014
619cdd7f45851b2ed2431d64,low_WSe2,0.0,3.0,3.0,WSe2_0.01562,0.4285323299999959,1.829499999999996
619cdd7f45851b2ed2431d65,low_WSe2,2.0,1.0,3.0,WSe2_0.01562,39.23293263999999,0.20399999999999885
619cdd7f45851b2ed2431d66,low_WSe2,2.0,1.0,3.0,WSe2_0.01562,39.26366794999994,0.1913999999999998
619cdd7f45851b2ed2431d67,low_WSe2,1.0,2.0,3.0,WSe2_0.01562,11.744557819999944,1.301400000000001
619cdd7f45851b2ed2431d68,low_WSe2,1.0,2.0,3.0,WSe2_0.01562,11.786082970000042,1.2730000000000032
619cdd7f45851b2ed2431d69,low_WSe2,0.0,3.0,3.0,WSe2_0.01562,0.432027400000095,1.8318000000000012
619cdd7f45851b2ed2431d6a,low_WSe2,2.0,1.0,3.0,WSe2_0.01562,39.248572880000026,0.18810000000000038
619cdd7f45851b2ed2431d6b,low_WSe2,0.0,3.0,3.0,WSe2_0.01562,0.4312395399999218,1.8237999999999985
619cdd7f45851b2ed2431d6c,low_WSe2,1.0,2.0,3.0,WSe2_0.01562,11.77876287999992,1.296999999999997
619cdd7f45851b2ed2431d6d,low_WSe2,0.0,3.0,3.0,WSe2_0.01562,0.4281134499998984,1.8266999999999953
619cdd7f45851b2ed2431d6e,low_WSe2,3.0,0.0,3.0,WSe2_0.01562,50.59453885999992,0.19989999999999952
619cdd7f45851b2ed2431d6f,low_WSe2,1.0,2.0,3.0,WSe2_0.01562,27.87475117000008,0.17849999999999966
619cdd7f45851b2ed2431d70,low_WSe2,1.0,2.0,3.0,WSe2_0.01562,11.761393129999977,1.2997999999999976
619cdd7f45851b2ed2431d71,low_WSe2,1.0,2.0,3.0,WSe2_0.01562,11.775203050000062,1.2989000000000033
619cdd7f45851b2ed2431d72,low_WSe2,1.0,2.0,3.0,WSe2_0.01562,11.769136500000048,1.295499999999997
619cdd7f45851b2ed2431d73,low_WSe2,2.0,1.0,3.0,WSe2_0.01562,39.23109232000006,0.20089999999999897
619cdd7f45851b2ed2431d74,low_WSe2,3.0,0.0,3.0,WSe2_0.01562,49.953887949999945,0.19409999999999883
619cdd7f45851b2ed2431d75,low_WSe2,0.0,3.0,3.0,WSe2_0.01562,0.42922139000000925,1.8226999999999975
619cdd7f45851b2ed2431d76,low_WSe2,3.0,0.0,3.0,WSe2_0.01562,50.569524829999956,0.19320000000000093
619cdd7f45851b2ed2431d77,low_WSe2,1.0,1.0,2.0,WSe2_0.01042,8.021854910000116,1.2971000000000004
619cdd7f45851b2ed2431d78,low_WSe2,1.0,2.0,3.0,WSe2_0.01562,11.769574610000053,1.2937000000000012
619cdd7f45851b2ed2431d79,low_WSe2,0.0,3.0,3.0,WSe2_0.01562,0.4369800999999711,1.827300000000001
619cdd7f45851b2ed2431d7a,low_WSe2,2.0,1.0,3.0,WSe2_0.01562,23.132293500000095,1.2796999999999983
619cdd7f45851b2ed2431d7b,low_WSe2,2.0,1.0,3.0,WSe2_0.01562,39.2475643799999,0.19599999999999973
619cdd7f45851b2ed2431d7c,low_WSe2,3.0,0.0,3.0,WSe2_0.01562,50.50370755999993,0.15499999999999936
619cdd7f45851b2ed2431d7d,low_WSe2,2.0,1.0,3.0,WSe2_0.01562,38.790591810000066,0.21119999999999983
619cdd7f45851b2ed2431d7e,low_WSe2,1.0,2.0,3.0,WSe2_0.01562,28.0117295,0.26339999999999897
619cdd7f45851b2ed2431d7f,low_WSe2,2.0,1.0,3.0,WSe2_0.01562,23.109009280000045,1.2599000000000018
619cdd7f45851b2ed2431d80,low_WSe2,1.0,2.0,3.0,WSe2_0.01562,11.76563114999998,1.3071999999999946
619cdd7f45851b2ed2431d81,low_WSe2,3.0,0.0,3.0,WSe2_0.01562,50.511045439999954,0.15190000000000126
619cdd7f45851b2ed2431d82,low_WSe2,1.0,2.0,3.0,WSe2_0.01562,11.774848109999983,1.2989000000000033
619cdd7f45851b2ed2431d83,low_WSe2,2.0,1.0,3.0,WSe2_0.01562,39.296330080000004,0.22860000000000014
619cdd7f45851b2ed2431d84,low_WSe2,0.0,3.0,3.0,WSe2_0.01562,0.428913399999999,1.831399999999995
619cdd7f45851b2ed2431d85,low_WSe2,2.0,1.0,3.0,WSe2_0.01562,39.26350499999994,0.1877000000000013
619cdd7f45851b2ed2431d86,low_WSe2,1.0,2.0,3.0,WSe2_0.01562,11.76917241,1.2978000000000023
619cdd7f45851b2ed2431d87,low_WSe2,0.0,3.0,3.0,WSe2_0.01562,0.4548050699999635,1.8289000000000044
619cdd7f45851b2ed2431d88,low_WSe2,1.0,2.0,3.0,WSe2_0.01562,11.770792920000066,1.3011000000000053
619cdd7f45851b2ed2431d89,low_WSe2,1.0,2.0,3.0,WSe2_0.01562,27.913864330000024,0.20080000000000098
619cdd7f45851b2ed2431d8a,low_WSe2,2.0,1.0,3.0,WSe2_0.01562,39.25377144000008,0.1905000000000001
619cdd7f45851b2ed2431d8b,low_WSe2,1.0,2.0,3.0,WSe2_0.01562,11.79137525000009,1.269599999999997
619cdd7f45851b2ed2431d8c,low_WSe2,2.0,1.0,3.0,WSe2_0.01562,39.22996306999998,0.2195999999999998
619cdd7f45851b2ed2431d8d,low_WSe2,2.0,1.0,3.0,WSe2_0.01562,39.39674958999994,0.28630000000000067
619cdd7f45851b2ed2431d8e,low_WSe2,2.0,1.0,3.0,WSe2_0.01562,38.6347977599999,0.19669999999999987
619cdd7f45851b2ed2431d8f,low_WSe2,2.0,1.0,3.0,WSe2_0.01562,23.126160269999936,1.1503000000000014
619cdd7f45851b2ed2431d90,low_WSe2,2.0,1.0,3.0,WSe2_0.01562,39.24068289999995,0.1521000000000008
619cdd7f45851b2ed2431d91,low_WSe2,2.0,1.0,3.0,WSe2_0.01562,38.6363822199999,0.18950000000000067
619cdd7f45851b2ed2431d92,low_WSe2,1.0,2.0,3.0,WSe2_0.01562,11.775208380000084,1.2852999999999994
619cdd7f45851b2ed2431d93,low_WSe2,1.0,2.0,3.0,WSe2_0.01562,11.776203319999912,1.155699999999996
619cdd7f45851b2ed2431d94,low_WSe2,2.0,1.0,3.0,WSe2_0.01562,39.2358353099999,0.21640000000000015
619cdd7f45851b2ed2431d95,low_WSe2,3.0,0.0,3.0,WSe2_0.01562,50.542437019999944,0.21720000000000006
619cdd7f45851b2ed2431d96,low_WSe2,0.0,3.0,3.0,WSe2_0.01562,0.4557777399999736,1.8245000000000005
619cdd7f45851b2ed2431d97,low_WSe2,1.0,1.0,2.0,WSe2_0.01042,29.57794889999999,0.1941000000000006
619cdd7f45851b2ed2431d98,low_WSe2,1.0,2.0,3.0,WSe2_0.01562,11.771259410000074,1.2945000000000064
619cdd7f45851b2ed2431d99,low_WSe2,1.0,2.0,3.0,WSe2_0.01562,11.784948169999996,1.2976000000000028
619cdd7f45851b2ed2431d9a,low_WSe2,2.0,1.0,3.0,WSe2_0.01562,39.29554665999994,0.16280000000000072
619cdd7f45851b2ed2431d9b,low_WSe2,1.0,2.0,3.0,WSe2_0.01562,11.789681539999936,1.272199999999998
619cdd7f45851b2ed2431d9c,low_WSe2,2.0,1.0,3.0,WSe2_0.01562,39.19578626000002,0.20860000000000056
619cdd7f45851b2ed2431d9d,low_WSe2,1.0,2.0,3.0,WSe2_0.01562,11.770394260000092,1.2827000000000055
619cdd8045851b2ed2431d9e,low_WSe2,2.0,1.0,3.0,WSe2_0.01562,23.119288760000053,1.282199999999996
619cdd8045851b2ed2431d9f,low_WSe2,2.0,1.0,3.0,WSe2_0.01562,38.65438677999991,0.1941000000000006
619cdd8045851b2ed2431da0,low_WSe2,1.0,2.0,3.0,WSe2_0.01562,11.769393990000015,1.2969000000000008
619cdd8045851b2ed2431da1,low_WSe2,2.0,1.0,3.0,WSe2_0.01562,39.2387872100001,0.15740000000000087
619cdd8045851b2ed2431da2,low_WSe2,1.0,2.0,3.0,WSe2_0.01562,11.772038979999923,1.3002000000000038
619cdd8045851b2ed2431da3,low_WSe2,1.0,2.0,3.0,WSe2_0.01562,11.768933999999934,1.2986000000000004
619cdd8045851b2ed2431da4,low_WSe2,2.0,1.0,3.0,WSe2_0.01562,38.63002329999999,0.1933000000000007
619cdd8045851b2ed2431da5,low_WSe2,1.0,2.0,3.0,WSe2_0.01562,27.998069020000003,0.2635999999999985
619cdd8045851b2ed2431da6,low_WSe2,2.0,1.0,3.0,WSe2_0.01562,23.112683659999938,1.2856999999999985
619cdd8045851b2ed2431da7,low_WSe2,3.0,0.0,3.0,WSe2_0.01562,50.49916010999991,0.16109999999999935
619cdd8045851b2ed2431da8,low_WSe2,1.0,2.0,3.0,WSe2_0.01562,11.754010350000033,1.2831000000000046
619cdd8045851b2ed2431da9,low_WSe2,1.0,2.0,3.0,WSe2_0.01562,11.777800009999954,1.2939000000000007
619cdd8045851b2ed2431daa,low_WSe2,1.0,2.0,3.0,WSe2_0.01562,27.915570350000053,0.19090000000000096
619cdd8045851b2ed2431dab,low_WSe2,2.0,1.0,3.0,WSe2_0.01562,39.24193995,0.2027000000000001
619cdd8045851b2ed2431dac,low_WSe2,1.0,2.0,3.0,WSe2_0.01562,11.790291700000115,1.2956999999999965
619cdd8045851b2ed2431dad,low_WSe2,2.0,1.0,3.0,WSe2_0.01562,39.2516438600001,0.1977999999999991
619cdd8045851b2ed2431dae,low_WSe2,3.0,0.0,3.0,WSe2_0.01562,50.56935463,0.20819999999999972
619cdd8045851b2ed2431daf,low_WSe2,2.0,1.0,3.0,WSe2_0.01562,23.132076760000054,1.2668000000000035
619cdd8045851b2ed2431db0,low_WSe2,2.0,1.0,3.0,WSe2_0.01562,39.26089656999993,0.18149999999999977
619cdd8045851b2ed2431db1,low_WSe2,0.0,3.0,3.0,WSe2_0.01562,0.42850220999997646,1.8247999999999962
619cdd8045851b2ed2431db2,low_WSe2,2.0,1.0,3.0,WSe2_0.01562,39.27234997999999,0.2614000000000001
619cdd8045851b2ed2431db3,low_WSe2,1.0,2.0,3.0,WSe2_0.01562,11.776084959999924,1.301000000000002
619cdd8045851b2ed2431db4,low_WSe2,1.0,2.0,3.0,WSe2_0.01562,27.921735549999994,0.18660000000000032
619cdd8045851b2ed2431db5,low_WSe2,3.0,0.0,3.0,WSe2_0.01562,50.53193113999996,0.21369999999999933
619cdd8045851b2ed2431db6,low_WSe2,3.0,0.0,3.0,WSe2_0.01562,50.51926846000001,0.19650000000000034
619cdd8045851b2ed2431db7,low_WSe2,2.0,1.0,3.0,WSe2_0.01562,39.25350819000009,0.1864000000000008
619cdd8045851b2ed2431db8,low_WSe2,1.0,2.0,3.0,WSe2_0.01562,28.004438259999915,0.26069999999999993
619cdd8045851b2ed2431db9,low_WSe2,2.0,1.0,3.0,WSe2_0.01562,39.22574052999998,0.20059999999999967
619cdd8045851b2ed2431dba,low_WSe2,2.0,1.0,3.0,WSe2_0.01562,39.21978214000005,0.2063000000000006
619cdd8045851b2ed2431dbb,low_WSe2,0.0,3.0,3.0,WSe2_0.01562,0.42874911999996357,1.8266999999999953
619cdd8045851b2ed2431dbc,low_WSe2,2.0,1.0,3.0,WSe2_0.01562,23.12227179000005,1.279599999999995
619cdd8045851b2ed2431dbd,low_WSe2,2.0,1.0,3.0,WSe2_0.01562,39.284564180000004,0.1634999999999991
619cdd8045851b2ed2431dbe,low_WSe2,2.0,1.0,3.0,WSe2_0.01562,39.26989406000011,0.1968999999999994
619cdd8045851b2ed2431dbf,low_WSe2,1.0,2.0,3.0,WSe2_0.01562,27.92552083999999,0.19319999999999915
619cdd8045851b2ed2431dc0,low_WSe2,1.0,2.0,3.0,WSe2_0.01562,11.788283990000071,1.157900000000005
619cdd8045851b2ed2431dc1,low_WSe2,1.0,2.0,3.0,WSe2_0.01562,11.77067546000011,1.2985000000000042
619cdd8045851b2ed2431dc2,low_WSe2,3.0,0.0,3.0,WSe2_0.01562,50.55034822999992,0.19819999999999993
619cdd8045851b2ed2431dc3,low_WSe2,2.0,1.0,3.0,WSe2_0.01562,39.253945799999926,0.20179999999999865
619cdd8045851b2ed2431dc4,low_WSe2,2.0,1.0,3.0,WSe2_0.01562,38.57810341000008,0.19690000000000119
619cdd8045851b2ed2431dc5,low_WSe2,1.0,2.0,3.0,WSe2_0.01562,11.757526390000056,1.2920999999999978
619cdd8045851b2ed2431dc6,low_WSe2,2.0,1.0,3.0,WSe2_0.01562,23.09760828999996,1.2867999999999995
619cdd8045851b2ed2431dc7,low_WSe2,2.0,1.0,3.0,WSe2_0.01562,38.63091998000009,0.19319999999999915
619cdd8045851b2ed2431dc8,low_WSe2,2.0,1.0,3.0,WSe2_0.01562,23.10424267000011,1.2789000000000001
619cdd8045851b2ed2431dc9,low_WSe2,2.0,1.0,3.0,WSe2_0.01562,23.11697187000008,1.2867999999999995
619cdd8045851b2ed2431dca,low_WSe2,2.0,1.0,3.0,WSe2_0.01562,23.080732299999944,1.254800000000003
619cdd8045851b2ed2431dcb,low_WSe2,1.0,2.0,3.0,WSe2_0.01562,27.914436470000055,0.1977999999999991
619cdd8045851b2ed2431dcc,low_WSe2,1.0,2.0,3.0,WSe2_0.01562,11.771051070000102,1.3013000000000048
619cdd8045851b2ed2431dcd,low_WSe2,1.0,2.0,3.0,WSe2_0.01562,11.78138811000007,1.2922000000000011
619cdd8045851b2ed2431dce,low_WSe2,2.0,1.0,3.0,WSe2_0.01562,39.340584849999956,0.27369999999999983
619cdd8045851b2ed2431dcf,low_WSe2,1.0,2.0,3.0,WSe2_0.01562,27.968122329999915,0.1565000000000012
619cdd8045851b2ed2431dd0,low_WSe2,1.0,2.0,3.0,WSe2_0.01562,11.769633280000097,1.2995000000000019
619cdd8045851b2ed2431dd1,low_WSe2,2.0,1.0,3.0,WSe2_0.01562,39.23088398000009,0.19890000000000008
619cdd8045851b2ed2431dd2,low_WSe2,2.0,1.0,3.0,WSe2_0.01562,39.259609909999924,0.1955000000000009
619cdd8045851b2ed2431dd3,low_WSe2,2.0,1.0,3.0,WSe2_0.01562,39.23417412999997,0.2043999999999997
619cdd8045851b2ed2431dd4,low_WSe2,2.0,1.0,3.0,WSe2_0.01562,39.22659391999996,0.15270000000000117
619cdd8045851b2ed2431dd5,low_WSe2,2.0,1.0,3.0,WSe2_0.01562,39.20855592000002,0.19120000000000026
619cdd8045851b2ed2431dd6,low_WSe2,2.0,1.0,3.0,WSe2_0.01562,39.30676573999999,0.2792000000000012
619cdd8045851b2ed2431dd7,low_WSe2,2.0,1.0,3.0,WSe2_0.01562,39.23757374999995,0.15449999999999875
619cdd8045851b2ed2431dd8,low_WSe2,2.0,1.0,3.0,WSe2_0.01562,23.114680729999954,1.265899999999995
619cdd8045851b2ed2431dd9,low_WSe2,2.0,1.0,3.0,WSe2_0.01562,23.05577657000007,1.1207999999999956
619cdd8045851b2ed2431dda,low_WSe2,1.0,2.0,3.0,WSe2_0.01562,11.760002989999965,1.2857999999999947
619cdd8045851b2ed2431ddb,low_WSe2,3.0,0.0,3.0,WSe2_0.01562,50.576823720000085,0.1645000000000003
619cdd8045851b2ed2431ddc,low_WSe2,0.0,3.0,3.0,WSe2_0.01562,0.4258760800000232,1.8244000000000042
619cdd8045851b2ed2431ddd,low_WSe2,3.0,0.0,3.0,WSe2_0.01562,49.9350042699999,0.20000000000000107
619cdd8045851b2ed2431dde,low_WSe2,2.0,1.0,3.0,WSe2_0.01562,23.134897259999924,1.2738000000000014
619cdd8045851b2ed2431ddf,low_WSe2,2.0,1.0,3.0,WSe2_0.01562,23.094252500000074,1.2777999999999992
619cdd8045851b2ed2431de0,low_WSe2,1.0,2.0,3.0,WSe2_0.01562,27.99512125000001,0.2684999999999995
619cdd8045851b2ed2431de1,low_WSe2,1.0,2.0,3.0,WSe2_0.01562,11.771516790000067,1.3028000000000048
619cdd8045851b2ed2431de2,low_WSe2,2.0,1.0,3.0,WSe2_0.01562,23.112447669999973,1.1988999999999947
619cdd8045851b2ed2431de3,low_WSe2,2.0,1.0,3.0,WSe2_0.01562,39.23438489999994,0.19240000000000101
619cdd8045851b2ed2431de4,low_WSe2,1.0,2.0,3.0,WSe2_0.01562,11.771173699999952,1.3033000000000001
619cdd8045851b2ed2431de5,low_WSe2,1.0,2.0,3.0,WSe2_0.01562,27.923530620000065,0.1899000000000015
619cdd8045851b2ed2431de6,low_WSe2,2.0,1.0,3.0,WSe2_0.01562,23.113586299999987,1.2179000000000002
619cdd8045851b2ed2431de7,low_WSe2,1.0,2.0,3.0,WSe2_0.01562,11.769295759999967,1.3008000000000024
619cdd8045851b2ed2431de8,low_WSe2,1.0,2.0,3.0,WSe2_0.01562,11.768517210000017,1.2978000000000023
619cdd8045851b2ed2431de9,low_WSe2,3.0,0.0,3.0,WSe2_0.01562,50.572608909999964,0.20669999999999966
619cdd8045851b2ed2431dea,low_WSe2,2.0,1.0,3.0,WSe2_0.01562,37.47254322999997,0.48969999999999914
619cdd8045851b2ed2431deb,low_WSe2,2.0,1.0,3.0,WSe2_0.01562,39.24112737,0.19400000000000084
619cdd8045851b2ed2431dec,low_WSe2,1.0,2.0,3.0,WSe2_0.01562,28.010327839999945,0.2550000000000008
619cdd8045851b2ed2431ded,low_WSe2,2.0,1.0,3.0,WSe2_0.01562,39.1960418900001,0.20319999999999894
619cdd8045851b2ed2431dee,low_WSe2,0.0,3.0,3.0,WSe2_0.01562,0.43077807000003077,1.825800000000001
619cdd8045851b2ed2431def,low_WSe2,2.0,1.0,3.0,WSe2_0.01562,39.22180725999992,0.20269999999999833
619cdd8045851b2ed2431df0,low_WSe2,2.0,1.0,3.0,WSe2_0.01562,23.139859220000098,1.279199999999996
619cdd8145851b2ed2431df1,low_WSe2,3.0,0.0,3.0,WSe2_0.01562,50.72813798000002,0.17989999999999995
619cdd8145851b2ed2431df2,low_WSe2,3.0,0.0,3.0,WSe2_0.01562,50.75810147000002,0.1659000000000006
619cdd8145851b2ed2431df3,low_WSe2,3.0,0.0,3.0,WSe2_0.01562,50.58547942999994,0.21940000000000026
619cdd8145851b2ed2431df4,low_WSe2,2.0,1.0,3.0,WSe2_0.01562,39.34759575999992,0.2245999999999988
619cdd8145851b2ed2431df5,low_WSe2,1.0,2.0,3.0,WSe2_0.01562,11.771037680000052,1.2987000000000037
619cdd8145851b2ed2431df6,low_WSe2,3.0,0.0,3.0,WSe2_0.01562,50.481581119999966,0.22109999999999985
619cdd8145851b2ed2431df7,low_WSe2,1.0,2.0,3.0,WSe2_0.01562,11.774157450000065,1.3034999999999997
619cdd8145851b2ed2431df8,low_WSe2,1.0,2.0,3.0,WSe2_0.01562,11.760114059999967,1.3019999999999996
619cdd8145851b2ed2431df9,low_WSe2,2.0,1.0,3.0,WSe2_0.01562,39.24824027999993,0.1841999999999988
619cdd8145851b2ed2431dfa,low_WSe2,1.0,2.0,3.0,WSe2_0.01562,27.878115969999953,0.17459999999999987
619cdd8145851b2ed2431dfb,low_WSe2,0.0,3.0,3.0,WSe2_0.01562,0.4320687999999677,1.8262
619cdd8145851b2ed2431dfc,low_WSe2,2.0,1.0,3.0,WSe2_0.01562,23.093358430000116,1.2469999999999999
619cdd8145851b2ed2431dfd,low_WSe2,2.0,1.0,3.0,WSe2_0.01562,39.19349298999991,0.20730000000000004
619cdd8145851b2ed2431dfe,low_WSe2,2.0,1.0,3.0,WSe2_0.01562,39.25307531000003,0.1833000000000009
619cdd8145851b2ed2431dff,low_WSe2,2.0,1.0,3.0,WSe2_0.01562,39.26479922000003,0.192499999999999
619cdd8145851b2ed2431e00,low_WSe2,2.0,1.0,3.0,WSe2_0.01562,39.20801489,0.20570000000000022
619cdd8145851b2ed2431e01,low_WSe2,3.0,0.0,3.0,WSe2_0.01562,50.007972859999974,0.11320000000000086
619cdd8145851b2ed2431e02,low_WSe2,2.0,1.0,3.0,WSe2_0.01562,23.103303079999968,1.2725000000000009
619cdd8145851b2ed2431e03,low_WSe2,2.0,1.0,3.0,WSe2_0.01562,39.23247064000002,0.1864000000000008
619cdd8145851b2ed2431e04,low_WSe2,2.0,1.0,3.0,WSe2_0.01562,23.13061249000001,1.150100000000002
619cdd8145851b2ed2431e05,low_WSe2,2.0,1.0,3.0,WSe2_0.01562,39.236261820000024,0.20110000000000028
619cdd8145851b2ed2431e06,low_WSe2,1.0,2.0,3.0,WSe2_0.01562,27.910807559999967,0.19030000000000058
619cdd8145851b2ed2431e07,low_WSe2,0.0,2.0,2.0,WSe2_0.01042,-3.311821129999931,1.8642000000000003
619cdd8145851b2ed2431e08,low_WSe2,3.0,0.0,3.0,WSe2_0.01562,50.50257771000006,0.11489999999999867
619cdd8145851b2ed2431e09,low_WSe2,1.0,2.0,3.0,WSe2_0.01562,11.76716596999994,1.2975999999999956
619cdd8145851b2ed2431e0a,low_WSe2,1.0,2.0,3.0,WSe2_0.01562,11.682502030000013,1.3070000000000022
619cdd8145851b2ed2431e0b,low_WSe2,1.0,2.0,3.0,WSe2_0.01562,27.915612969999984,0.19870000000000054
619cdd8145851b2ed2431e0c,low_WSe2,2.0,1.0,3.0,WSe2_0.01562,23.094575840000097,1.2822999999999993
619cdd8145851b2ed2431e0d,low_WSe2,1.0,2.0,3.0,WSe2_0.01562,11.770610990000012,1.294400000000003
619cdd8145851b2ed2431e0e,low_WSe2,2.0,1.0,3.0,WSe2_0.01562,39.24713385,0.19710000000000072
619cdd8145851b2ed2431e0f,low_WSe2,2.0,1.0,3.0,WSe2_0.01562,39.26153120000008,0.1990999999999996
619cdd8145851b2ed2431e10,low_WSe2,1.0,2.0,3.0,WSe2_0.01562,11.77494316000001,1.3020000000000067
619cdd8145851b2ed2431e11,low_WSe2,1.0,2.0,3.0,WSe2_0.01562,28.03324049999992,0.2441999999999993
619cdd8145851b2ed2431e12,low_WSe2,1.0,2.0,3.0,WSe2_0.01562,11.764536740000029,1.299900000000001
619cdd8145851b2ed2431e13,low_WSe2,2.0,1.0,3.0,WSe2_0.01562,23.141133050000043,1.1489999999999938
619cdd8145851b2ed2431e14,low_WSe2,3.0,0.0,3.0,WSe2_0.01562,48.92407351999996,0.6195000000000004
619cdd8145851b2ed2431e15,low_WSe2,2.0,1.0,3.0,WSe2_0.01562,39.19050087999999,0.18599999999999994
619cdd8145851b2ed2431e16,low_WSe2,1.0,2.0,3.0,WSe2_0.01562,27.930520489999935,0.19039999999999857
619cdd8145851b2ed2431e17,low_WSe2,2.0,1.0,3.0,WSe2_0.01562,39.263931309999904,0.19769999999999932
619cdd8145851b2ed2431e18,low_WSe2,2.0,1.0,3.0,WSe2_0.01562,23.102046479999935,1.1986999999999952
619cdd8145851b2ed2431e19,low_WSe2,2.0,1.0,3.0,WSe2_0.01562,23.13699116999991,1.1411000000000016
619cdd8145851b2ed2431e1a,low_WSe2,2.0,1.0,3.0,WSe2_0.01562,38.63570312999995,0.19510000000000005
619cdd8145851b2ed2431e1b,low_WSe2,2.0,1.0,3.0,WSe2_0.01562,38.62885869999995,0.19299999999999962
619cdd8145851b2ed2431e1c,low_WSe2,1.0,2.0,3.0,WSe2_0.01562,27.962401490000047,0.15969999999999906
619cdd8145851b2ed2431e1d,low_WSe2,3.0,0.0,3.0,WSe2_0.01562,50.53535212000006,0.20970000000000155
619cdd8145851b2ed2431e1e,low_WSe2,3.0,0.0,3.0,WSe2_0.01562,50.54600566999998,0.15700000000000003
619cdd8145851b2ed2431e1f,low_WSe2,1.0,2.0,3.0,WSe2_0.01562,11.766239110000004,1.3038000000000025
619cdd8145851b2ed2431e20,low_WSe2,3.0,0.0,3.0,WSe2_0.01562,50.58606023999992,0.22240000000000038
619cdd8145851b2ed2431e21,low_WSe2,3.0,0.0,3.0,WSe2_0.01562,50.51842784000005,0.22020000000000017
619cdd8145851b2ed2431e22,low_WSe2,0.0,3.0,3.0,WSe2_0.01562,0.4369392299999504,1.8286000000000016
619cdd8145851b2ed2431e23,low_WSe2,2.0,1.0,3.0,WSe2_0.01562,39.232734620000016,0.20030000000000037
619cdd8145851b2ed2431e24,low_WSe2,0.0,3.0,3.0,WSe2_0.01562,0.42754026999995176,1.8270999999999944
619cdd8145851b2ed2431e25,low_WSe2,2.0,1.0,3.0,WSe2_0.01562,39.20195597999991,0.2071000000000005
619cdd8145851b2ed2431e26,low_WSe2,1.0,2.0,3.0,WSe2_0.01562,11.764284589999978,1.298099999999998
619cdd8145851b2ed2431e27,low_WSe2,1.0,2.0,3.0,WSe2_0.01562,28.056584680000014,0.2698999999999998
619cdd8145851b2ed2431e28,low_WSe2,2.0,1.0,3.0,WSe2_0.01562,39.22762233999997,0.20340000000000025
619cdd8145851b2ed2431e29,low_WSe2,0.0,3.0,3.0,WSe2_0.01562,0.4265796799999748,1.824300000000001
619cdd8145851b2ed2431e2a,low_WSe2,2.0,1.0,3.0,WSe2_0.01562,23.121141829999978,1.2785999999999973
619cdd8145851b2ed2431e2b,low_WSe2,1.0,2.0,3.0,WSe2_0.01562,27.99534233999998,0.26420000000000066
619cdd8145851b2ed2431e2c,low_WSe2,2.0,1.0,3.0,WSe2_0.01562,23.022315940000034,1.113899999999994
619cdd8145851b2ed2431e2d,low_WSe2,3.0,0.0,3.0,WSe2_0.01562,50.18158823000008,0.18420000000000059
619cdd8145851b2ed2431e2e,low_WSe2,2.0,1.0,3.0,WSe2_0.01562,39.239602409999904,0.19989999999999952
619cdd8145851b2ed2431e2f,low_WSe2,0.0,3.0,3.0,WSe2_0.01562,0.42968231000003243,1.8331000000000017
619cdd8145851b2ed2431e30,low_WSe2,3.0,0.0,3.0,WSe2_0.01562,49.96967118000007,0.19369999999999976
619cdd8145851b2ed2431e31,low_WSe2,1.0,2.0,3.0,WSe2_0.01562,11.77259215999992,1.3016000000000005
619cdd8145851b2ed2431e32,low_WSe2,2.0,1.0,3.0,WSe2_0.01562,39.23655196999998,0.19740000000000002
619cdd8145851b2ed2431e33,low_WSe2,1.0,2.0,3.0,WSe2_0.01562,11.764184950000061,1.2964000000000055
619cdd8145851b2ed2431e34,low_WSe2,0.0,3.0,3.0,WSe2_0.01562,0.4510314200001062,1.8241999999999976
619cdd8145851b2ed2431e35,low_WSe2,1.0,2.0,3.0,WSe2_0.01562,28.002443099999937,0.26209999999999845
619cdd8145851b2ed2431e36,low_WSe2,1.0,2.0,3.0,WSe2_0.01562,11.762254120000069,1.3012000000000015
619cdd8145851b2ed2431e37,low_WSe2,2.0,1.0,3.0,WSe2_0.01562,39.196130269999955,0.2088000000000001
619cdd8145851b2ed2431e38,low_WSe2,3.0,0.0,3.0,WSe2_0.01562,48.907554010000105,0.585700000000001
619cdd8145851b2ed2431e39,low_WSe2,2.0,1.0,3.0,WSe2_0.01562,39.3930429,0.1999999999999993
619cdd8145851b2ed2431e3a,low_WSe2,2.0,1.0,3.0,WSe2_0.01562,37.57627166999991,0.6533999999999995
619cdd8145851b2ed2431e3b,low_WSe2,2.0,1.0,3.0,WSe2_0.01562,23.122483010000032,1.2804000000000002
619cdd8145851b2ed2431e3c,low_WSe2,2.0,1.0,3.0,WSe2_0.01562,37.578582809999986,0.6613000000000007
619cdd8145851b2ed2431e3d,low_WSe2,1.0,2.0,3.0,WSe2_0.01562,11.76599699999996,1.2973
619cdd8145851b2ed2431e3e,low_WSe2,2.0,1.0,3.0,WSe2_0.01562,39.236492999999925,0.20110000000000028
619cdd8145851b2ed2431e3f,low_WSe2,2.0,1.0,3.0,WSe2_0.01562,39.26439946999999,0.19089999999999918
619cdd8145851b2ed2431e40,low_WSe2,2.0,1.0,3.0,WSe2_0.01562,39.244379640000076,0.13679999999999914
619cdd8145851b2ed2431e41,low_WSe2,1.0,2.0,3.0,WSe2_0.01562,28.008631209999976,0.26619999999999955
619cdd8145851b2ed2431e42,low_WSe2,2.0,1.0,3.0,WSe2_0.01562,39.25867178999992,0.18579999999999863
619cdd8145851b2ed2431e43,low_WSe2,1.0,2.0,3.0,WSe2_0.01562,27.88088186999994,0.17410000000000103
619cdd8145851b2ed2431e44,low_WSe2,2.0,1.0,3.0,WSe2_0.01562,39.195240730000066,0.20730000000000004
619cdd8145851b2ed2431e45,low_WSe2,3.0,0.0,3.0,WSe2_0.01562,50.56160860000009,0.1759000000000004
619cdd8245851b2ed2431e46,low_WSe2,1.0,2.0,3.0,WSe2_0.01562,27.921400510000012,0.19019999999999904
619cdd8245851b2ed2431e47,low_WSe2,1.0,2.0,3.0,WSe2_0.01562,11.76269817000001,1.2963999999999984
619cdd8245851b2ed2431e48,low_WSe2,0.0,3.0,3.0,WSe2_0.01562,0.4281178000000523,1.8301999999999978
619cdd8245851b2ed2431e49,low_WSe2,2.0,1.0,3.0,WSe2_0.01562,39.31967779999995,0.26640000000000086
619cdd8245851b2ed2431e4a,low_WSe2,3.0,0.0,3.0,WSe2_0.01562,49.937240130000056,0.19149999999999956
619cdd8245851b2ed2431e4b,low_WSe2,2.0,1.0,3.0,WSe2_0.01562,38.62570512999996,0.18810000000000038
619cdd8245851b2ed2431e4c,low_WSe2,1.0,2.0,3.0,WSe2_0.01562,27.88114543000006,0.17469999999999963
619cdd8245851b2ed2431e4d,low_WSe2,2.0,1.0,3.0,WSe2_0.01562,39.23538209000007,0.19729999999999848
619cdd8245851b2ed2431e4e,low_WSe2,1.0,2.0,3.0,WSe2_0.01562,11.752510799999971,1.2873000000000019
619cdd8245851b2ed2431e4f,low_WSe2,1.0,2.0,3.0,WSe2_0.01562,27.879114789999903,0.17300000000000004
619cdd8245851b2ed2431e50,low_WSe2,0.0,3.0,3.0,WSe2_0.01562,0.4285019599998918,1.8275999999999968
619cdd8245851b2ed2431e51,low_WSe2,1.0,1.0,2.0,WSe2_0.01042,13.423100710000043,1.2980000000000018
619cdd8245851b2ed2431e52,low_WSe2,1.0,2.0,3.0,WSe2_0.01562,11.768254309999964,1.302900000000001
619cdd8245851b2ed2431e53,low_WSe2,2.0,1.0,3.0,WSe2_0.01562,23.120968239999947,1.2809000000000026
619cdd8245851b2ed2431e54,low_WSe2,2.0,1.0,3.0,WSe2_0.01562,39.22701863000002,0.14150000000000063
619cdd8245851b2ed2431e55,low_WSe2,2.0,1.0,3.0,WSe2_0.01562,23.122097920000023,1.281499999999994
619cdd8245851b2ed2431e56,low_WSe2,0.0,3.0,3.0,WSe2_0.01562,0.433259840000062,1.8183000000000007
619cdd8245851b2ed2431e57,low_WSe2,2.0,1.0,3.0,WSe2_0.01562,39.25166680000011,0.19350000000000023
619cdd8245851b2ed2431e58,low_WSe2,3.0,0.0,3.0,WSe2_0.01562,50.59216150999996,0.19209999999999994
619cdd8245851b2ed2431e59,low_WSe2,1.0,2.0,3.0,WSe2_0.01562,11.77155575000005,1.3051999999999992
619cdd8245851b2ed2431e5a,low_WSe2,2.0,1.0,3.0,WSe2_0.01562,39.25197488999997,0.18989999999999974
619cdd8245851b2ed2431e5b,low_WSe2,1.0,2.0,3.0,WSe2_0.01562,11.751881319999928,1.301400000000001
619cdd8245851b2ed2431e5c,low_WSe2,1.0,2.0,3.0,WSe2_0.01562,11.743537150000055,1.297699999999999
619cdd8245851b2ed2431e5d,low_WSe2,3.0,0.0,3.0,WSe2_0.01562,50.567205599999944,0.1936
619cdd8245851b2ed2431e5e,low_WSe2,2.0,1.0,3.0,WSe2_0.01562,23.104114150000022,1.2879000000000005
619cdd8245851b2ed2431e5f,low_WSe2,1.0,2.0,3.0,WSe2_0.01562,27.91537222000011,0.18810000000000038
619cdd8245851b2ed2431e60,low_WSe2,3.0,0.0,3.0,WSe2_0.01562,49.76078038000001,0.18740000000000023
619cdd8245851b2ed2431e61,low_WSe2,2.0,1.0,3.0,WSe2_0.01562,23.10208848999995,1.2176999999999936
619cdd8245851b2ed2431e62,low_WSe2,2.0,1.0,3.0,WSe2_0.01562,38.634769620000085,0.19500000000000028
619cdd8245851b2ed2431e63,low_WSe2,1.0,2.0,3.0,WSe2_0.01562,11.771816980000029,1.3012999999999977
619cdd8245851b2ed2431e64,low_WSe2,2.0,1.0,3.0,WSe2_0.01562,23.10190375999995,1.2572000000000045
619cdd8245851b2ed2431e65,low_WSe2,2.0,1.0,3.0,WSe2_0.01562,23.276740889999964,0.8595000000000041
619cdd8245851b2ed2431e66,low_WSe2,2.0,1.0,3.0,WSe2_0.01562,23.1008254199999,1.2435000000000045
619cdd8245851b2ed2431e67,low_WSe2,1.0,2.0,3.0,WSe2_0.01562,27.913562319999983,0.1911000000000005
619cdd8245851b2ed2431e68,low_WSe2,2.0,1.0,3.0,WSe2_0.01562,39.29972273999992,0.22630000000000017
619cdd8245851b2ed2431e69,low_WSe2,1.0,2.0,3.0,WSe2_0.01562,27.92277519000004,0.1916000000000011
619cdd8245851b2ed2431e6a,low_WSe2,2.0,1.0,3.0,WSe2_0.01562,39.196795249999965,0.1936
619cdd8245851b2ed2431e6b,low_WSe2,0.0,3.0,3.0,WSe2_0.01562,0.45746989000002714,1.8273999999999972
619cdd8245851b2ed2431e6c,low_WSe2,1.0,2.0,3.0,WSe2_0.01562,27.91887006999991,0.1933000000000007
619cdd8245851b2ed2431e6d,low_WSe2,3.0,0.0,3.0,WSe2_0.01562,50.530882840000096,0.21380000000000088
619cdd8245851b2ed2431e6e,low_WSe2,2.0,1.0,3.0,WSe2_0.01562,23.12725404000006,1.2780000000000058
619cdd8245851b2ed2431e6f,low_WSe2,2.0,1.0,3.0,WSe2_0.01562,39.23328264999991,0.19819999999999993
619cdd8245851b2ed2431e70,low_WSe2,3.0,0.0,3.0,WSe2_0.01562,50.53999056000007,0.20610000000000106
619cdd8245851b2ed2431e71,low_WSe2,1.0,2.0,3.0,WSe2_0.01562,11.76953759999991,1.302100000000003
619cdd8245851b2ed2431e72,low_WSe2,0.0,3.0,3.0,WSe2_0.01562,0.42862030999998524,1.8292000000000002
619cdd8245851b2ed2431e73,low_WSe2,1.0,2.0,3.0,WSe2_0.01562,11.768633070000067,1.2973999999999961
619cdd8245851b2ed2431e74,low_WSe2,2.0,1.0,3.0,WSe2_0.01562,37.59082646000006,0.6606000000000005
619cdd8245851b2ed2431e75,low_WSe2,2.0,1.0,3.0,WSe2_0.01562,23.122770640000034,1.1304000000000016
619cdd8245851b2ed2431e76,low_WSe2,3.0,0.0,3.0,WSe2_0.01562,50.55981667000001,0.2041000000000004
619cdd8245851b2ed2431e77,low_WSe2,2.0,1.0,3.0,WSe2_0.01562,39.234581750000004,0.20560000000000045
619cdd8245851b2ed2431e78,low_WSe2,1.0,2.0,3.0,WSe2_0.01562,11.765083029999904,1.2976000000000028
619cdd8245851b2ed2431e79,low_WSe2,3.0,0.0,3.0,WSe2_0.01562,50.51837804000011,0.21909999999999918
619cdd8245851b2ed2431e7a,low_WSe2,1.0,2.0,3.0,WSe2_0.01562,11.78029433000005,1.278500000000001
619cdd8245851b2ed2431e7b,low_WSe2,0.0,3.0,3.0,WSe2_0.01562,0.42756299000001263,1.8300999999999945
619cdd8245851b2ed2431e7c,low_WSe2,2.0,1.0,3.0,WSe2_0.01562,23.13490677000008,1.2672999999999988
619cdd8245851b2ed2431e7d,low_WSe2,0.0,3.0,3.0,WSe2_0.01562,0.42998888999994733,1.826500000000003
619cdd8245851b2ed2431e7e,low_WSe2,1.0,2.0,3.0,WSe2_0.01562,28.001389849999896,0.26010000000000133
619cdd8245851b2ed2431e7f,low_WSe2,2.0,1.0,3.0,WSe2_0.01562,39.226093990000024,0.15629999999999988
619cdd8245851b2ed2431e80,low_WSe2,2.0,1.0,3.0,WSe2_0.01562,39.260355469999965,0.19319999999999915
619cdd8245851b2ed2431e81,low_WSe2,2.0,1.0,3.0,WSe2_0.01562,38.6290625699999,0.19189999999999863
619cdd8245851b2ed2431e82,low_WSe2,1.0,2.0,3.0,WSe2_0.01562,11.767011520000086,1.2982999999999976
619cdd8245851b2ed2431e83,low_WSe2,2.0,1.0,3.0,WSe2_0.01562,39.25928944999991,0.19599999999999973
619cdd8245851b2ed2431e84,low_WSe2,2.0,1.0,3.0,WSe2_0.01562,39.199917360000015,0.1921999999999997
619cdd8245851b2ed2431e85,low_WSe2,3.0,0.0,3.0,WSe2_0.01562,49.970989580000015,0.19599999999999973
619cdd8245851b2ed2431e86,low_WSe2,1.0,2.0,3.0,WSe2_0.01562,11.764701309999953,1.295099999999998
619cdd8245851b2ed2431e87,low_WSe2,2.0,1.0,3.0,WSe2_0.01562,38.62901448999996,0.1936
619cdd8245851b2ed2431e88,low_WSe2,3.0,0.0,3.0,WSe2_0.01562,50.49303128000006,0.23199999999999932
619cdd8245851b2ed2431e89,low_WSe2,0.0,3.0,3.0,WSe2_0.01562,0.4299266600000351,1.8247
619cdd8245851b2ed2431e8a,low_WSe2,1.0,2.0,3.0,WSe2_0.01562,11.78891823999992,1.2946000000000026
619cdd8245851b2ed2431e8b,low_WSe2,2.0,1.0,3.0,WSe2_0.01562,37.57574385999992,0.6632999999999996
619cdd8245851b2ed2431e8c,low_WSe2,2.0,1.0,3.0,WSe2_0.01562,39.226057290000014,0.14860000000000007
619cdd8245851b2ed2431e8d,low_WSe2,3.0,0.0,3.0,WSe2_0.01562,50.48313597000001,0.2384000000000004
619cdd8245851b2ed2431e8e,low_WSe2,2.0,1.0,3.0,WSe2_0.01562,38.63553198999993,0.19679999999999964
619cdd8245851b2ed2431e8f,low_WSe2,3.0,0.0,3.0,WSe2_0.01562,50.47517273999993,0.22829999999999906
619cdd8245851b2ed2431e90,low_WSe2,3.0,0.0,3.0,WSe2_0.01562,50.57132129000011,0.22589999999999932
619cdd8245851b2ed2431e91,low_WSe2,2.0,1.0,3.0,WSe2_0.01562,23.12307721999995,1.2782999999999944
619cdd8245851b2ed2431e92,low_WSe2,2.0,1.0,3.0,WSe2_0.01562,39.377618979999895,0.277000000000001
619cdd8245851b2ed2431e93,low_WSe2,1.0,2.0,3.0,WSe2_0.01562,11.763737060000029,1.2982000000000014
619cdd8245851b2ed2431e94,low_WSe2,1.0,2.0,3.0,WSe2_0.01562,27.923239879999983,0.1913999999999998
619cdd8245851b2ed2431e95,low_WSe2,2.0,1.0,3.0,WSe2_0.01562,23.275380679999934,0.8592999999999975
619cdd8245851b2ed2431e96,low_WSe2,1.0,2.0,3.0,WSe2_0.01562,28.0046563599999,0.26649999999999885
619cdd8245851b2ed2431e97,low_WSe2,3.0,0.0,3.0,WSe2_0.01562,50.5269389399999,0.22270000000000145
619cdd8245851b2ed2431e98,low_WSe2,2.0,1.0,3.0,WSe2_0.01562,23.121358279999903,1.2653000000000034
619cdd8245851b2ed2431e99,low_WSe2,0.0,3.0,3.0,WSe2_0.01562,0.4268201900001145,1.8304000000000045
619cdd8345851b2ed2431e9a,low_WSe2,2.0,1.0,3.0,WSe2_0.01562,39.31544863999993,0.2705000000000002
619cdd8345851b2ed2431e9b,low_WSe2,1.0,2.0,3.0,WSe2_0.01562,27.87600023999994,0.17510000000000048
619cdd8345851b2ed2431e9c,low_WSe2,1.0,2.0,3.0,WSe2_0.01562,11.734943939999983,1.2991000000000028
619cdd8345851b2ed2431e9d,low_WSe2,1.0,2.0,3.0,WSe2_0.01562,11.772177060000093,1.3020999999999958
619cdd8345851b2ed2431e9e,low_WSe2,3.0,0.0,3.0,WSe2_0.01562,49.98841772000001,0.19449999999999967
619cdd8345851b2ed2431e9f,low_WSe2,2.0,1.0,3.0,WSe2_0.01562,38.62923495999989,0.18929999999999936
619cdd8345851b2ed2431ea0,low_WSe2,2.0,1.0,3.0,WSe2_0.01562,39.194809740000025,0.20420000000000016
619cdd8345851b2ed2431ea1,low_WSe2,0.0,3.0,3.0,WSe2_0.01562,0.4272283699999093,1.8262
619cdd8345851b2ed2431ea2,low_WSe2,3.0,0.0,3.0,WSe2_0.01562,50.52806128999996,0.21119999999999983
619cdd8345851b2ed2431ea3,low_WSe2,1.0,2.0,3.0,WSe2_0.01562,11.748346970000046,1.2972000000000037
619cdd8345851b2ed2431ea4,low_WSe2,0.0,3.0,3.0,WSe2_0.01562,0.42938851000002387,1.8329000000000022
619cdd8345851b2ed2431ea5,low_WSe2,1.0,2.0,3.0,WSe2_0.01562,11.772148159999904,1.299599999999998
619cdd8345851b2ed2431ea6,low_WSe2,3.0,0.0,3.0,WSe2_0.01562,50.67622382,0.12590000000000146
619cdd8345851b2ed2431ea7,low_WSe2,1.0,2.0,3.0,WSe2_0.01562,11.764006339999913,1.3005999999999958
619cdd8345851b2ed2431ea8,low_WSe2,0.0,3.0,3.0,WSe2_0.01562,0.4277570000000992,1.8312000000000026
619cdd8345851b2ed2431ea9,low_WSe2,1.0,2.0,3.0,WSe2_0.01562,11.789674370000046,1.1595000000000013
619cdd8345851b2ed2431eaa,low_WSe2,2.0,1.0,3.0,WSe2_0.01562,39.251828100000054,0.15910000000000046
619cdd8345851b2ed2431eab,low_WSe2,0.0,3.0,3.0,WSe2_0.01562,0.4283463700000425,1.8263999999999996
619cdd8345851b2ed2431eac,low_WSe2,1.0,2.0,3.0,WSe2_0.01562,27.9158424499999,0.19350000000000023
619cdd8345851b2ed2431ead,low_WSe2,2.0,1.0,3.0,WSe2_0.01562,37.57848261000008,0.6573000000000011
619cdd8345851b2ed2431eae,low_WSe2,1.0,2.0,3.0,WSe2_0.01562,11.764987049999934,1.3034999999999997
619cdd8345851b2ed2431eaf,low_WSe2,1.0,2.0,3.0,WSe2_0.01562,11.773727580000003,1.3023999999999987
619cdd8345851b2ed2431eb0,low_WSe2,2.0,1.0,3.0,WSe2_0.01562,39.21230820999999,0.16639999999999944
619cdd8345851b2ed2431eb1,low_WSe2,1.0,2.0,3.0,WSe2_0.01562,11.772091499999977,1.3060000000000045
619cdd8345851b2ed2431eb2,low_WSe2,1.0,2.0,3.0,WSe2_0.01562,11.764887609999949,1.3002000000000038
619cdd8345851b2ed2431eb3,low_WSe2,2.0,1.0,3.0,WSe2_0.01562,39.23895565999992,0.1960999999999995
619cdd8345851b2ed2431eb4,low_WSe2,0.0,3.0,3.0,WSe2_0.01562,0.42788085999990244,1.8297000000000025
619cdd8345851b2ed2431eb5,low_WSe2,2.0,1.0,3.0,WSe2_0.01562,39.2376871500001,0.20139999999999958
619cdd8345851b2ed2431eb6,low_WSe2,1.0,2.0,3.0,WSe2_0.01562,11.773929129999932,1.2975999999999956
619cdd8345851b2ed2431eb7,low_WSe2,1.0,2.0,3.0,WSe2_0.01562,27.94646506999993,0.16929999999999978
619cdd8345851b2ed2431eb8,low_WSe2,2.0,1.0,3.0,WSe2_0.01562,23.134018089999962,1.2864999999999966
619cdd8345851b2ed2431eb9,low_WSe2,2.0,1.0,3.0,WSe2_0.01562,23.129538200000106,1.2715999999999994
619cdd8345851b2ed2431eba,low_WSe2,0.0,3.0,3.0,WSe2_0.01562,0.4289203299999258,1.828399999999995
619cdd8345851b2ed2431ebb,low_WSe2,2.0,1.0,3.0,WSe2_0.01562,39.230580669999924,0.21720000000000006
619cdd8345851b2ed2431ebc,low_WSe2,3.0,0.0,3.0,WSe2_0.01562,49.906457709999906,0.17970000000000041
619cdd8345851b2ed2431ebd,low_WSe2,0.0,3.0,3.0,WSe2_0.01562,0.4295555400000808,1.8301000000000016
619cdd8345851b2ed2431ebe,low_WSe2,0.0,3.0,3.0,WSe2_0.01562,0.4302405899999826,1.8252999999999986
619cdd8345851b2ed2431ebf,low_WSe2,0.0,3.0,3.0,WSe2_0.01562,0.43014959000009867,1.8267999999999986
619cdd8345851b2ed2431ec0,low_WSe2,2.0,1.0,3.0,WSe2_0.01562,23.117265240000087,1.2876000000000047
619cdd8345851b2ed2431ec1,low_WSe2,3.0,0.0,3.0,WSe2_0.01562,48.882649459999904,0.6026999999999987
619cdd8345851b2ed2431ec2,low_WSe2,2.0,1.0,3.0,WSe2_0.01562,23.12149845999992,1.2798999999999978
619cdd8345851b2ed2431ec3,low_WSe2,2.0,1.0,3.0,WSe2_0.01562,39.230879439999896,0.1440999999999999
619cdd8345851b2ed2431ec4,low_WSe2,2.0,1.0,3.0,WSe2_0.01562,23.120834950000052,1.2831999999999937
619cdd8345851b2ed2431ec5,low_WSe2,3.0,0.0,3.0,WSe2_0.01562,49.99395444000002,0.12329999999999863
619cdd8345851b2ed2431ec6,low_WSe2,1.0,2.0,3.0,WSe2_0.01562,27.9145453000001,0.19730000000000025
619cdd8345851b2ed2431ec7,low_WSe2,2.0,1.0,3.0,WSe2_0.01562,23.27714180999991,0.8584999999999994
619cdd8345851b2ed2431ec8,low_WSe2,1.0,2.0,3.0,WSe2_0.01562,28.000969619999978,0.2644000000000002
619cdd8345851b2ed2431ec9,low_WSe2,3.0,0.0,3.0,WSe2_0.01562,50.56285671999999,0.19949999999999868
619cdd8345851b2ed2431eca,low_WSe2,2.0,1.0,3.0,WSe2_0.01562,23.105105679999987,1.2822999999999993
619cdd8345851b2ed2431ecb,low_WSe2,2.0,1.0,3.0,WSe2_0.01562,39.23988289999993,0.20279999999999987
619cdd8345851b2ed2431ecc,low_WSe2,1.0,0.0,1.0,WSe2_0.00521,9.67764377,1.3010000000000002
619cdd8345851b2ed2431ecd,low_WSe2,3.0,0.0,3.0,WSe2_0.01562,50.575474079999914,0.19470000000000098
619cdd8345851b2ed2431ece,low_WSe2,1.0,2.0,3.0,WSe2_0.01562,11.770451659999924,1.296600000000005
619cdd8345851b2ed2431ecf,low_WSe2,2.0,1.0,3.0,WSe2_0.01562,39.3552624899999,0.22389999999999866
619cdd8345851b2ed2431ed0,low_WSe2,1.0,2.0,3.0,WSe2_0.01562,11.762836489999916,1.2993000000000023
619cdd8345851b2ed2431ed1,low_WSe2,1.0,2.0,3.0,WSe2_0.01562,11.738452060000089,1.2974000000000032
619cdd8345851b2ed2431ed2,low_WSe2,0.0,2.0,2.0,WSe2_0.01042,2.0900868399999357,1.8326000000000064
619cdd8345851b2ed2431ed3,low_WSe2,1.0,2.0,3.0,WSe2_0.01562,28.00329760999989,0.26259999999999906
619cdd8345851b2ed2431ed4,low_WSe2,1.0,2.0,3.0,WSe2_0.01562,28.058527350000077,0.28059999999999974
619cdd8345851b2ed2431ed5,low_WSe2,2.0,1.0,3.0,WSe2_0.01562,39.25498158000009,0.19270000000000032
619cdd8345851b2ed2431ed6,low_WSe2,3.0,0.0,3.0,WSe2_0.01562,50.589625899999966,0.16330000000000133
619cdd8345851b2ed2431ed7,low_WSe2,2.0,1.0,3.0,WSe2_0.01562,39.14968000000003,0.2012999999999998
619cdd8345851b2ed2431ed8,low_WSe2,1.0,2.0,3.0,WSe2_0.01562,27.914889599999924,0.1905000000000001
619cdd8345851b2ed2431ed9,low_WSe2,1.0,2.0,3.0,WSe2_0.01562,27.99038558999996,0.2658000000000005
619cdd8345851b2ed2431eda,low_WSe2,3.0,0.0,3.0,WSe2_0.01562,49.77174965000004,0.28470000000000084
619cdd8345851b2ed2431edb,low_WSe2,1.0,2.0,3.0,WSe2_0.01562,27.915566809999973,0.19729999999999848
619cdd8345851b2ed2431edc,low_WSe2,2.0,1.0,3.0,WSe2_0.01562,39.23526534000011,0.1990999999999996
619cdd8345851b2ed2431edd,low_WSe2,2.0,1.0,3.0,WSe2_0.01562,38.63609382999998,0.19369999999999976
619cdd8345851b2ed2431ede,low_WSe2,0.0,3.0,3.0,WSe2_0.01562,0.43215978000006317,1.8344999999999985
619cdd8345851b2ed2431edf,low_WSe2,3.0,0.0,3.0,WSe2_0.01562,50.56472496999991,0.20910000000000117
619cdd8345851b2ed2431ee0,low_WSe2,2.0,1.0,3.0,WSe2_0.01562,39.18824894999993,0.20509999999999984
619cdd8345851b2ed2431ee1,low_WSe2,0.0,3.0,3.0,WSe2_0.01562,0.43729812999998785,1.8257999999999939
619cdd8345851b2ed2431ee2,low_WSe2,1.0,2.0,3.0,WSe2_0.01562,11.78921753999997,1.2687999999999988
619cdd8345851b2ed2431ee3,low_WSe2,0.0,3.0,3.0,WSe2_0.01562,0.4293304699999112,1.8292000000000002
619cdd8345851b2ed2431ee4,low_WSe2,2.0,1.0,3.0,WSe2_0.01562,23.102460970000074,1.2447000000000017
619cdd8345851b2ed2431ee5,low_WSe2,2.0,1.0,3.0,WSe2_0.01562,23.107741549999936,1.2858000000000018
619cdd8345851b2ed2431ee6,low_WSe2,2.0,1.0,3.0,WSe2_0.01562,39.194342249999906,0.20889999999999986
619cdd8345851b2ed2431ee7,low_WSe2,1.0,2.0,3.0,WSe2_0.01562,11.767765110000017,1.2997000000000014
619cdd8345851b2ed2431ee8,low_WSe2,2.0,1.0,3.0,WSe2_0.01562,23.09292617000009,1.2550000000000026
619cdd8345851b2ed2431ee9,low_WSe2,1.0,2.0,3.0,WSe2_0.01562,11.774932369999977,1.2992000000000061
619cdd8345851b2ed2431eea,low_WSe2,2.0,1.0,3.0,WSe2_0.01562,23.27140734000003,0.8572999999999951
619cdd8345851b2ed2431eeb,low_WSe2,3.0,0.0,3.0,WSe2_0.01562,50.546871110000076,0.2063000000000006
619cdd8345851b2ed2431eec,low_WSe2,3.0,0.0,3.0,WSe2_0.01562,50.58746198999993,0.2002999999999986
619cdd8345851b2ed2431eed,low_WSe2,0.0,3.0,3.0,WSe2_0.01562,0.43004069000011214,1.8278999999999996
619cdd8345851b2ed2431eee,low_WSe2,1.0,2.0,3.0,WSe2_0.01562,11.751196019999941,1.3008999999999986
619cdd8445851b2ed2431eef,low_WSe2,1.0,2.0,3.0,WSe2_0.01562,27.994838209999898,0.2652000000000001
619cdd8445851b2ed2431ef0,low_WSe2,3.0,0.0,3.0,WSe2_0.01562,50.543078889999926,0.16849999999999987
619cdd8445851b2ed2431ef1,low_WSe2,2.0,1.0,3.0,WSe2_0.01562,39.24021485000007,0.20009999999999906
619cdd8445851b2ed2431ef2,low_WSe2,3.0,0.0,3.0,WSe2_0.01562,50.538963580000065,0.2149000000000001
619cdd8445851b2ed2431ef3,low_WSe2,0.0,3.0,3.0,WSe2_0.01562,0.4304498700000181,1.828800000000001
619cdd8445851b2ed2431ef4,low_WSe2,2.0,1.0,3.0,WSe2_0.01562,39.21830469000001,0.2065999999999999
619cdd8445851b2ed2431ef5,low_WSe2,1.0,2.0,3.0,WSe2_0.01562,11.770898360000036,1.2989999999999995
619cdd8445851b2ed2431ef6,low_WSe2,2.0,1.0,3.0,WSe2_0.01562,39.187925640000046,0.20650000000000013
619cdd8445851b2ed2431ef7,low_WSe2,1.0,2.0,3.0,WSe2_0.01562,27.921854519999897,0.19629999999999903
619cdd8445851b2ed2431ef8,low_WSe2,0.0,3.0,3.0,WSe2_0.01562,0.4290030900000943,1.830600000000004
619cdd8445851b2ed2431ef9,low_WSe2,1.0,2.0,3.0,WSe2_0.01562,27.874977639999997,0.17580000000000062
619cdd8445851b2ed2431efa,low_WSe2,1.0,2.0,3.0,WSe2_0.01562,27.930393030000005,0.18810000000000038
619cdd8445851b2ed2431efb,low_WSe2,2.0,1.0,3.0,WSe2_0.01562,37.578830190000005,0.6569000000000003
619cdd8445851b2ed2431efc,low_WSe2,2.0,1.0,3.0,WSe2_0.01562,39.23575559999999,0.19669999999999987
619cdd8445851b2ed2431efd,low_WSe2,2.0,1.0,3.0,WSe2_0.01562,39.23813797000007,0.15039999999999942
619cdd8445851b2ed2431efe,low_WSe2,3.0,0.0,3.0,WSe2_0.01562,50.59164778999989,0.20369999999999955
619cdd8445851b2ed2431eff,low_WSe2,2.0,1.0,3.0,WSe2_0.01562,39.22515759999992,0.14690000000000047
619cdd8445851b2ed2431f00,low_WSe2,3.0,0.0,3.0,WSe2_0.01562,50.50803514000004,0.21700000000000053
619cdd8445851b2ed2431f01,low_WSe2,1.0,1.0,2.0,WSe2_0.01042,29.663575860000115,0.2591999999999999
619cdd8445851b2ed2431f02,low_WSe2,3.0,0.0,3.0,WSe2_0.01562,48.92756773000006,0.6123000000000012
619cdd8445851b2ed2431f03,low_WSe2,3.0,0.0,3.0,WSe2_0.01562,50.572165859999906,0.21199999999999974
619cdd8445851b2ed2431f04,low_WSe2,1.0,2.0,3.0,WSe2_0.01562,28.004274990000113,0.26590000000000025
619cdd8445851b2ed2431f05,low_WSe2,2.0,1.0,3.0,WSe2_0.01562,39.15646399000006,0.2016000000000009
619cdd8445851b2ed2431f06,low_WSe2,2.0,1.0,3.0,WSe2_0.01562,39.24022117000008,0.1997
619cdd8445851b2ed2431f07,low_WSe2,2.0,1.0,3.0,WSe2_0.01562,39.23377946999999,0.19769999999999932
619cdd8445851b2ed2431f08,low_WSe2,2.0,1.0,3.0,WSe2_0.01562,39.26325774999991,0.19079999999999941
619cdd8445851b2ed2431f09,low_WSe2,1.0,2.0,3.0,WSe2_0.01562,27.91586972999994,0.1875
619cdd8445851b2ed2431f0a,low_WSe2,0.0,3.0,3.0,WSe2_0.01562,0.42854682999990246,1.8323000000000036
619cdd8445851b2ed2431f0b,low_WSe2,1.0,2.0,3.0,WSe2_0.01562,11.762873610000032,1.298099999999998
619cdd8445851b2ed2431f0c,low_WSe2,2.0,1.0,3.0,WSe2_0.01562,39.230029339999916,0.2024000000000008
619cdd8445851b2ed2431f0d,low_WSe2,1.0,2.0,3.0,WSe2_0.01562,11.766472340000053,1.3019000000000034
619cdd8445851b2ed2431f0e,low_WSe2,2.0,1.0,3.0,WSe2_0.01562,39.25677541000009,0.19869999999999877
619cdd8445851b2ed2431f0f,low_WSe2,2.0,1.0,3.0,WSe2_0.01562,23.109711030000007,1.2423000000000002
619cdd8445851b2ed2431f10,low_WSe2,2.0,1.0,3.0,WSe2_0.01562,39.245063749999915,0.19899999999999984
619cdd8445851b2ed2431f11,low_WSe2,2.0,1.0,3.0,WSe2_0.01562,23.104024990000006,1.2785999999999973
619cdd8445851b2ed2431f12,low_WSe2,2.0,1.0,3.0,WSe2_0.01562,39.23878694999989,0.19589999999999996
619cdd8445851b2ed2431f13,low_WSe2,1.0,2.0,3.0,WSe2_0.01562,11.767692710000109,1.2952999999999975
619cdd8445851b2ed2431f14,low_WSe2,2.0,1.0,3.0,WSe2_0.01562,39.23429824999998,0.1880999999999986
619cdd8445851b2ed2431f15,low_WSe2,2.0,1.0,3.0,WSe2_0.01562,39.25428609000009,0.1860999999999997
619cdd8445851b2ed2431f16,low_WSe2,2.0,1.0,3.0,WSe2_0.01562,39.227375810000055,0.14969999999999928
619cdd8445851b2ed2431f17,low_WSe2,2.0,1.0,3.0,WSe2_0.01562,39.24330444000002,0.19180000000000064
619cdd8445851b2ed2431f18,low_WSe2,1.0,2.0,3.0,WSe2_0.01562,11.772416790000069,1.2813999999999979
619cdd8445851b2ed2431f19,low_WSe2,2.0,1.0,3.0,WSe2_0.01562,39.23544201999998,0.20730000000000004
619cdd8445851b2ed2431f1a,low_WSe2,1.0,1.0,2.0,WSe2_0.01042,7.932243919999906,1.3070000000000004
619cdd8445851b2ed2431f1b,low_WSe2,2.0,1.0,3.0,WSe2_0.01562,37.580171260000085,0.6571999999999996
619cdd8445851b2ed2431f1c,low_WSe2,2.0,1.0,3.0,WSe2_0.01562,23.134132899999976,1.2794000000000025
619cdd8445851b2ed2431f1d,low_WSe2,1.0,2.0,3.0,WSe2_0.01562,11.769630340000038,1.296200000000006
619cdd8445851b2ed2431f1e,low_WSe2,1.0,2.0,3.0,WSe2_0.01562,27.91006508999999,0.19519999999999982
619cdd8445851b2ed2431f1f,low_WSe2,1.0,2.0,3.0,WSe2_0.01562,11.781343000000096,1.1547999999999945
619cdd8445851b2ed2431f20,low_WSe2,1.0,2.0,3.0,WSe2_0.01562,27.91980263000005,0.19350000000000023
619cdd8445851b2ed2431f21,low_WSe2,3.0,0.0,3.0,WSe2_0.01562,50.50647231000003,0.22090000000000032
619cdd8445851b2ed2431f22,low_WSe2,3.0,0.0,3.0,WSe2_0.01562,50.53177547999994,0.2132000000000005
619cdd8445851b2ed2431f23,low_WSe2,2.0,1.0,3.0,WSe2_0.01562,23.131606830000045,1.2700000000000031
619cdd8445851b2ed2431f24,low_WSe2,3.0,0.0,3.0,WSe2_0.01562,50.57744458000011,0.21619999999999884
619cdd8445851b2ed2431f25,low_WSe2,2.0,1.0,3.0,WSe2_0.01562,23.1054876399999,1.2891000000000048
619cdd8445851b2ed2431f26,low_WSe2,1.0,2.0,3.0,WSe2_0.01562,11.771725770000092,1.2993000000000023
619cdd8445851b2ed2431f27,low_WSe2,1.0,2.0,3.0,WSe2_0.01562,28.05358135000006,0.2810000000000006
619cdd8445851b2ed2431f28,low_WSe2,2.0,1.0,3.0,WSe2_0.01562,38.6262130600001,0.19450000000000145
619cdd8445851b2ed2431f29,low_WSe2,1.0,2.0,3.0,WSe2_0.01562,27.918672849999894,0.1993999999999989
619cdd8445851b2ed2431f2a,low_WSe2,3.0,0.0,3.0,WSe2_0.01562,48.918061830000035,0.5868000000000002
619cdd8445851b2ed2431f2b,low_WSe2,2.0,1.0,3.0,WSe2_0.01562,39.30871191999999,0.2286999999999999
619cdd8445851b2ed2431f2c,low_WSe2,0.0,3.0,3.0,WSe2_0.01562,0.4297756099999219,1.8316999999999979
619cdd8445851b2ed2431f2d,low_WSe2,1.0,2.0,3.0,WSe2_0.01562,11.774325280000074,1.287399999999998
619cdd8445851b2ed2431f2e,low_WSe2,2.0,1.0,3.0,WSe2_0.01562,23.13566754000002,1.1382000000000048
619cdd8445851b2ed2431f2f,low_WSe2,1.0,2.0,3.0,WSe2_0.01562,11.771874510000078,1.3003999999999962
619cdd8445851b2ed2431f30,low_WSe2,0.0,3.0,3.0,WSe2_0.01562,0.428792030000011,1.8247
619cdd8445851b2ed2431f31,low_WSe2,2.0,1.0,3.0,WSe2_0.01562,23.10443263999995,1.2805000000000035
619cdd8445851b2ed2431f32,low_WSe2,2.0,1.0,3.0,WSe2_0.01562,39.24285218000004,0.18840000000000146
619cdd8445851b2ed2431f33,low_WSe2,1.0,2.0,3.0,WSe2_0.01562,11.76775851000001,1.2986000000000004
619cdd8445851b2ed2431f34,low_WSe2,3.0,0.0,3.0,WSe2_0.01562,50.573929550000095,0.2073999999999998
619cdd8445851b2ed2431f35,low_WSe2,0.0,3.0,3.0,WSe2_0.01562,0.4275723099999027,1.8273999999999972
619cdd8445851b2ed2431f36,low_WSe2,1.0,2.0,3.0,WSe2_0.01562,11.775999050000099,1.294400000000003
619cdd8445851b2ed2431f37,low_WSe2,2.0,1.0,3.0,WSe2_0.01562,23.13553922000009,1.2809000000000026
619cdd8445851b2ed2431f38,low_WSe2,2.0,1.0,3.0,WSe2_0.01562,39.233798269999895,0.14369999999999905
619cdd8445851b2ed2431f39,low_WSe2,2.0,1.0,3.0,WSe2_0.01562,39.239827650000095,0.20239999999999903
619cdd8445851b2ed2431f3a,low_WSe2,2.0,1.0,3.0,WSe2_0.01562,39.1958111899999,0.2029999999999994
619cdd8445851b2ed2431f3b,low_WSe2,0.0,3.0,3.0,WSe2_0.01562,0.43464959000010595,1.8147999999999982
619cdd8445851b2ed2431f3c,low_WSe2,0.0,2.0,2.0,WSe2_0.01042,-3.315371829999936,1.8609000000000009
619cdd8445851b2ed2431f3d,low_WSe2,3.0,0.0,3.0,WSe2_0.01562,50.7256079100001,0.18329999999999913
619cdd8445851b2ed2431f3e,low_WSe2,2.0,1.0,3.0,WSe2_0.01562,39.231473460000004,0.2010000000000005
619cdd8445851b2ed2431f3f,low_WSe2,1.0,2.0,3.0,WSe2_0.01562,11.768215889999954,1.3018
619cdd8445851b2ed2431f40,low_WSe2,1.0,2.0,3.0,WSe2_0.01562,11.776975270000083,1.3040999999999983
619cdd8445851b2ed2431f41,low_WSe2,0.0,3.0,3.0,WSe2_0.01562,0.42791335000009667,1.8254999999999981
619cdd8445851b2ed2431f42,low_WSe2,1.0,2.0,3.0,WSe2_0.01562,11.774451490000036,1.3027999999999977
619cdd8445851b2ed2431f43,low_WSe2,1.0,2.0,3.0,WSe2_0.01562,11.771557770000062,1.2997000000000014
619cdd8545851b2ed2431f44,low_WSe2,2.0,1.0,3.0,WSe2_0.01562,39.221002210000094,0.14979999999999905
619cdd8545851b2ed2431f45,low_WSe2,2.0,1.0,3.0,WSe2_0.01562,23.10685214999993,1.2758000000000038
619cdd8545851b2ed2431f46,low_WSe2,1.0,2.0,3.0,WSe2_0.01562,11.769157149999945,1.2984000000000009
619cdd8545851b2ed2431f47,low_WSe2,1.0,2.0,3.0,WSe2_0.01562,11.76862232999996,1.2984000000000009
619cdd8545851b2ed2431f48,low_WSe2,1.0,2.0,3.0,WSe2_0.01562,11.754774329999908,1.2942999999999998
619cdd8545851b2ed2431f49,low_WSe2,1.0,2.0,3.0,WSe2_0.01562,11.794880379999984,1.3003
619cdd8545851b2ed2431f4a,low_WSe2,1.0,2.0,3.0,WSe2_0.01562,11.753203109999948,1.3013000000000048
619cdd8545851b2ed2431f4b,low_WSe2,1.0,2.0,3.0,WSe2_0.01562,28.050517979999995,0.216800000000001
619cdd8545851b2ed2431f4c,low_WSe2,2.0,1.0,3.0,WSe2_0.01562,23.115787750000017,1.275100000000002
619cdd8545851b2ed2431f4d,low_WSe2,2.0,1.0,3.0,WSe2_0.01562,23.109908209999993,1.2468000000000004
619cdd8545851b2ed2431f4e,low_WSe2,2.0,1.0,3.0,WSe2_0.01562,23.09974642000001,1.2824999999999989
619cdd8545851b2ed2431f4f,low_WSe2,2.0,1.0,3.0,WSe2_0.01562,38.62860916000004,0.18810000000000038
619cdd8545851b2ed2431f50,low_WSe2,1.0,2.0,3.0,WSe2_0.01562,27.875756610000053,0.1755999999999993
619cdd8545851b2ed2431f51,low_WSe2,1.0,2.0,3.0,WSe2_0.01562,11.769507499999907,1.2969000000000008
619cdd8545851b2ed2431f52,low_WSe2,0.0,3.0,3.0,WSe2_0.01562,0.43101992999999084,1.817700000000002
619cdd8545851b2ed2431f53,low_WSe2,3.0,0.0,3.0,WSe2_0.01562,50.56318616000008,0.14789999999999992
619cdd8545851b2ed2431f54,low_WSe2,2.0,1.0,3.0,WSe2_0.01562,39.34084188999991,0.26980000000000004
619cdd8545851b2ed2431f55,low_WSe2,1.0,2.0,3.0,WSe2_0.01562,11.776331009999911,1.3044000000000011
619cdd8545851b2ed2431f56,low_WSe2,1.0,2.0,3.0,WSe2_0.01562,27.960247590000108,0.1568000000000005
619cdd8545851b2ed2431f57,low_WSe2,2.0,1.0,3.0,WSe2_0.01562,23.137012460000086,1.1789000000000058
619cdd8545851b2ed2431f58,low_WSe2,3.0,0.0,3.0,WSe2_0.01562,48.572440519999965,0.5055999999999994
619cdd8545851b2ed2431f59,low_WSe2,0.0,3.0,3.0,WSe2_0.01562,0.42775356999999303,1.831000000000003
619cdd8545851b2ed2431f5a,low_WSe2,1.0,2.0,3.0,WSe2_0.01562,11.76768878000006,1.3004999999999995
619cdd8545851b2ed2431f5b,low_WSe2,1.0,2.0,3.0,WSe2_0.01562,11.767657820000057,1.299199999999999
619cdd8545851b2ed2431f5c,low_WSe2,1.0,2.0,3.0,WSe2_0.01562,27.87873353000009,0.1756000000000011
619cdd8545851b2ed2431f5d,low_WSe2,2.0,1.0,3.0,WSe2_0.01562,39.26060686999999,0.19570000000000043
619cdd8545851b2ed2431f5e,low_WSe2,2.0,1.0,3.0,WSe2_0.01562,37.583131390000105,0.6557000000000013
619cdd8545851b2ed2431f5f,low_WSe2,3.0,0.0,3.0,WSe2_0.01562,50.54811682,0.14300000000000068
619cdd8545851b2ed2431f60,low_WSe2,2.0,1.0,3.0,WSe2_0.01562,23.084265069999937,1.2175000000000011
619cdd8545851b2ed2431f61,low_WSe2,1.0,2.0,3.0,WSe2_0.01562,11.773137939999959,1.292899999999996
619cdd8545851b2ed2431f62,low_WSe2,3.0,0.0,3.0,WSe2_0.01562,50.575087829999894,0.19720000000000049
619cdd8545851b2ed2431f63,low_WSe2,2.0,1.0,3.0,WSe2_0.01562,39.25099006000009,0.1980000000000004
619cdd8545851b2ed2431f64,low_WSe2,1.0,2.0,3.0,WSe2_0.01562,11.767863869999918,1.2988999999999962
619cdd8545851b2ed2431f65,low_WSe2,2.0,1.0,3.0,WSe2_0.01562,23.130418880000015,1.2771000000000043
619cdd8545851b2ed2431f66,low_WSe2,1.0,2.0,3.0,WSe2_0.01562,11.76776119000009,1.3017000000000039
619cdd8545851b2ed2431f67,low_WSe2,2.0,1.0,3.0,WSe2_0.01562,38.635844279999944,0.1963000000000008
619cdd8545851b2ed2431f68,low_WSe2,1.0,2.0,3.0,WSe2_0.01562,11.75437936000002,1.2777999999999992
619cdd8545851b2ed2431f69,low_WSe2,0.0,2.0,2.0,WSe2_0.01042,-3.3222635999999746,1.8632000000000009
619cdd8545851b2ed2431f6a,low_WSe2,2.0,1.0,3.0,WSe2_0.01562,39.234398379999945,0.1921999999999997
619cdd8545851b2ed2431f6b,low_WSe2,2.0,1.0,3.0,WSe2_0.01562,39.239239580000046,0.1833999999999989
619cdd8545851b2ed2431f6c,low_WSe2,2.0,1.0,3.0,WSe2_0.01562,39.260640309999914,0.19289999999999985
619cdd8545851b2ed2431f6d,low_WSe2,1.0,2.0,3.0,WSe2_0.01562,11.776492469999983,1.2971000000000004
619cdd8545851b2ed2431f6e,low_WSe2,1.0,2.0,3.0,WSe2_0.01562,27.91076793000002,0.1897000000000002
619cdd8545851b2ed2431f6f,low_WSe2,3.0,0.0,3.0,WSe2_0.01562,50.57963819000006,0.1980999999999984
619cdd8545851b2ed2431f70,low_WSe2,2.0,1.0,3.0,WSe2_0.01562,39.234466619999964,0.2012999999999998
619cdd8545851b2ed2431f71,low_WSe2,1.0,2.0,3.0,WSe2_0.01562,11.767357949999894,1.2931000000000026
619cdd8545851b2ed2431f72,low_WSe2,0.0,3.0,3.0,WSe2_0.01562,0.43261400000000094,1.8278999999999996
619cdd8545851b2ed2431f73,low_WSe2,1.0,2.0,3.0,WSe2_0.01562,28.000149330000113,0.26750000000000007
619cdd8545851b2ed2431f74,low_WSe2,2.0,1.0,3.0,WSe2_0.01562,22.58234139999994,1.246300000000005
619cdd8545851b2ed2431f75,low_WSe2,2.0,1.0,3.0,WSe2_0.01562,39.249159270000106,0.19830000000000148
619cdd8545851b2ed2431f76,low_WSe2,1.0,2.0,3.0,WSe2_0.01562,11.76624594000008,1.296999999999997
619cdd8545851b2ed2431f77,low_WSe2,0.0,3.0,3.0,WSe2_0.01562,0.42673475000009375,1.8248000000000033
619cdd8545851b2ed2431f78,low_WSe2,2.0,1.0,3.0,WSe2_0.01562,23.14010598000008,1.1825000000000045
619cdd8545851b2ed2431f79,low_WSe2,2.0,1.0,3.0,WSe2_0.01562,39.27804313999995,0.2665000000000006
619cdd8545851b2ed2431f7a,low_WSe2,1.0,2.0,3.0,WSe2_0.01562,11.76552461999994,1.2960999999999956
619cdd8545851b2ed2431f7b,low_WSe2,2.0,1.0,3.0,WSe2_0.01562,23.112036459999935,1.2860000000000014
619cdd8545851b2ed2431f7c,low_WSe2,0.0,3.0,3.0,WSe2_0.01562,0.428326370000093,1.8276000000000039
619cdd8545851b2ed2431f7d,low_WSe2,2.0,1.0,3.0,WSe2_0.01562,39.232775290000106,0.1911000000000005
619cdd8545851b2ed2431f7e,low_WSe2,3.0,0.0,3.0,WSe2_0.01562,47.32390279999991,0.3305999999999987
619cdd8545851b2ed2431f7f,low_WSe2,3.0,0.0,3.0,WSe2_0.01562,48.861402039999895,0.176499999999999
619cdd8545851b2ed2431f80,low_WSe2,1.0,2.0,3.0,WSe2_0.01562,11.794595110000035,1.3001000000000005
619cdd8545851b2ed2431f81,low_WSe2,3.0,0.0,3.0,WSe2_0.01562,50.58613767000006,0.20770000000000088
619cdd8545851b2ed2431f82,low_WSe2,1.0,2.0,3.0,WSe2_0.01562,28.002519979999988,0.266
619cdd8545851b2ed2431f83,low_WSe2,1.0,2.0,3.0,WSe2_0.01562,27.886466359999986,0.1695000000000011
619cdd8545851b2ed2431f84,low_WSe2,1.0,2.0,3.0,WSe2_0.01562,11.786564479999914,1.1595999999999975
619cdd8545851b2ed2431f85,low_WSe2,0.0,3.0,3.0,WSe2_0.01562,0.4326697200000922,1.8162999999999982
619cdd8545851b2ed2431f86,low_WSe2,1.0,2.0,3.0,WSe2_0.01562,11.763375859999986,1.2982999999999976
619cdd8545851b2ed2431f87,low_WSe2,2.0,1.0,3.0,WSe2_0.01562,23.107958339999904,1.2646000000000015
619cdd8545851b2ed2431f88,low_WSe2,0.0,3.0,3.0,WSe2_0.01562,0.4290105300000846,1.8238000000000056
619cdd8545851b2ed2431f89,low_WSe2,2.0,1.0,3.0,WSe2_0.01562,39.2315810999999,0.2076999999999991
619cdd8545851b2ed2431f8a,low_WSe2,3.0,0.0,3.0,WSe2_0.01562,48.91628724000007,0.5975000000000001
619cdd8545851b2ed2431f8b,low_WSe2,3.0,0.0,3.0,WSe2_0.01562,50.5702454400001,0.1999999999999993
619cdd8545851b2ed2431f8c,low_WSe2,2.0,1.0,3.0,WSe2_0.01562,39.23641918000003,0.1529000000000007
619cdd8545851b2ed2431f8d,low_WSe2,3.0,0.0,3.0,WSe2_0.01562,50.59711374999993,0.20279999999999987
619cdd8545851b2ed2431f8e,low_WSe2,2.0,1.0,3.0,WSe2_0.01562,39.32578223,0.27110000000000056
619cdd8545851b2ed2431f8f,low_WSe2,2.0,1.0,3.0,WSe2_0.01562,39.34962935999992,0.2506000000000004
619cdd8545851b2ed2431f90,low_WSe2,1.0,2.0,3.0,WSe2_0.01562,27.879814449999913,0.176400000000001
619cdd8545851b2ed2431f91,low_WSe2,2.0,1.0,3.0,WSe2_0.01562,39.190884079999975,0.2004999999999999
619cdd8545851b2ed2431f92,low_WSe2,1.0,2.0,3.0,WSe2_0.01562,11.770319340000004,1.299900000000001
619cdd8545851b2ed2431f93,low_WSe2,1.0,2.0,3.0,WSe2_0.01562,11.752736129999892,1.299900000000001
619cdd8545851b2ed2431f94,low_WSe2,2.0,1.0,3.0,WSe2_0.01562,23.1169270400001,1.2892999999999972
619cdd8545851b2ed2431f95,low_WSe2,3.0,0.0,3.0,WSe2_0.01562,50.66061427000009,0.26069999999999993
619cdd8545851b2ed2431f96,low_WSe2,1.0,2.0,3.0,WSe2_0.01562,28.004927579999958,0.26260000000000083
619cdd8545851b2ed2431f97,low_WSe2,2.0,1.0,3.0,WSe2_0.01562,39.23014887999993,0.1877999999999993
619cdd8545851b2ed2431f98,low_WSe2,2.0,1.0,3.0,WSe2_0.01562,39.23651677999992,0.20259999999999856
619cdd8545851b2ed2431f99,low_WSe2,1.0,2.0,3.0,WSe2_0.01562,27.907392329999993,0.19810000000000016
619cdd8645851b2ed2431f9a,low_WSe2,2.0,1.0,3.0,WSe2_0.01562,39.286743579999936,0.101799999999999
619cdd8645851b2ed2431f9b,low_WSe2,1.0,2.0,3.0,WSe2_0.01562,11.765792209999962,1.295100000000005
619cdd8645851b2ed2431f9c,low_WSe2,2.0,1.0,3.0,WSe2_0.01562,39.32798469999993,0.2763000000000009
619cdd8645851b2ed2431f9d,low_WSe2,1.0,2.0,3.0,WSe2_0.01562,27.923775279999973,0.1899999999999995
619cdd8645851b2ed2431f9e,low_WSe2,0.0,3.0,3.0,WSe2_0.01562,0.42911649999990686,1.8272000000000048
619cdd8645851b2ed2431f9f,low_WSe2,1.0,2.0,3.0,WSe2_0.01562,11.749932700000034,1.295500000000004
619cdd8645851b2ed2431fa0,low_WSe2,3.0,0.0,3.0,WSe2_0.01562,49.945757940000114,0.19339999999999868
619cdd8645851b2ed2431fa1,low_WSe2,1.0,2.0,3.0,WSe2_0.01562,11.775518449999925,1.2970000000000041
619cdd8645851b2ed2431fa2,low_WSe2,0.0,3.0,3.0,WSe2_0.01562,0.42806966999995666,1.8254999999999981
619cdd8645851b2ed2431fa3,low_WSe2,1.0,2.0,3.0,WSe2_0.01562,11.76693879000003,1.2952999999999975
619cdd8645851b2ed2431fa4,low_WSe2,1.0,2.0,3.0,WSe2_0.01562,11.785014949999994,1.2974999999999994
619cdd8645851b2ed2431fa5,low_WSe2,0.0,3.0,3.0,WSe2_0.01562,0.4282684500000755,1.8252000000000024
619cdd8645851b2ed2431fa6,low_WSe2,1.0,2.0,3.0,WSe2_0.01562,11.771325939999986,1.3004999999999995
619cdd8645851b2ed2431fa7,low_WSe2,1.0,2.0,3.0,WSe2_0.01562,11.750950130000081,1.284799999999997
619cdd8645851b2ed2431fa8,low_WSe2,1.0,1.0,2.0,WSe2_0.01042,29.713376889999914,0.21410000000000018
619cdd8645851b2ed2431fa9,low_WSe2,2.0,1.0,3.0,WSe2_0.01562,23.121496470000046,1.2445000000000022
619cdd8645851b2ed2431faa,low_WSe2,0.0,3.0,3.0,WSe2_0.01562,0.4273227299999576,1.825400000000002
619cdd8645851b2ed2431fab,low_WSe2,0.0,3.0,3.0,WSe2_0.01562,0.4284908500000597,1.8269999999999982
619cdd8645851b2ed2431fac,low_WSe2,2.0,1.0,3.0,WSe2_0.01562,39.22985083999997,0.1877000000000013
619cdd8645851b2ed2431fad,low_WSe2,1.0,2.0,3.0,WSe2_0.01562,27.91268747999993,0.15539999999999843
619cdd8645851b2ed2431fae,low_WSe2,2.0,1.0,3.0,WSe2_0.01562,39.18753274999999,0.20940000000000047
619cdd8645851b2ed2431faf,low_WSe2,0.0,3.0,3.0,WSe2_0.01562,0.42943600000006654,1.8312999999999988
619cdd8645851b2ed2431fb0,low_WSe2,3.0,0.0,3.0,WSe2_0.01562,50.813809359999915,0.23749999999999893
619cdd8645851b2ed2431fb1,low_WSe2,1.0,2.0,3.0,WSe2_0.01562,11.767867589999913,1.2969000000000008
619cdd8645851b2ed2431fb2,low_WSe2,2.0,1.0,3.0,WSe2_0.01562,23.12214296999995,1.2676999999999978
619cdd8645851b2ed2431fb3,low_WSe2,2.0,1.0,3.0,WSe2_0.01562,23.094373409999925,1.2445000000000022
619cdd8645851b2ed2431fb4,low_WSe2,1.0,2.0,3.0,WSe2_0.01562,27.913366989999986,0.19620000000000104
619cdd8645851b2ed2431fb5,low_WSe2,1.0,2.0,3.0,WSe2_0.01562,11.741283000000056,1.294000000000004
619cdd8645851b2ed2431fb6,low_WSe2,3.0,0.0,3.0,WSe2_0.01562,50.556913590000114,0.22149999999999892
619cdd8645851b2ed2431fb7,low_WSe2,1.0,2.0,3.0,WSe2_0.01562,11.775814909999998,1.2988
619cdd8645851b2ed2431fb8,low_WSe2,3.0,0.0,3.0,WSe2_0.01562,49.98147841,0.20030000000000037
619cdd8645851b2ed2431fb9,low_WSe2,0.0,3.0,3.0,WSe2_0.01562,0.4270312999998964,1.8277
619cdd8645851b2ed2431fba,low_WSe2,2.0,1.0,3.0,WSe2_0.01562,39.245884689999954,0.1960999999999995
619cdd8645851b2ed2431fbb,low_WSe2,1.0,2.0,3.0,WSe2_0.01562,11.775352800000054,1.2983000000000047
619cdd8645851b2ed2431fbc,low_WSe2,3.0,0.0,3.0,WSe2_0.01562,50.460169629999974,0.23139999999999894
619cdd8645851b2ed2431fbd,low_WSe2,1.0,2.0,3.0,WSe2_0.01562,11.764672389999976,1.3008000000000024
619cdd8645851b2ed2431fbe,low_WSe2,2.0,1.0,3.0,WSe2_0.01562,39.190847079999955,0.21230000000000082
619cdd8645851b2ed2431fbf,low_WSe2,1.0,2.0,3.0,WSe2_0.01562,27.88026771,0.1739000000000015
619cdd8645851b2ed2431fc0,low_WSe2,0.0,3.0,3.0,WSe2_0.01562,0.4302161200000114,1.8303000000000011
619cdd8645851b2ed2431fc1,low_WSe2,1.0,2.0,3.0,WSe2_0.01562,11.774915910000107,1.2991000000000028
619cdd8645851b2ed2431fc2,low_WSe2,2.0,1.0,3.0,WSe2_0.01562,23.11148918000007,1.2610000000000028
619cdd8645851b2ed2431fc3,low_WSe2,2.0,1.0,3.0,WSe2_0.01562,23.108461780000006,1.290700000000001
619cdd8645851b2ed2431fc4,low_WSe2,0.0,3.0,3.0,WSe2_0.01562,0.428188660000103,1.8316999999999979
619cdd8645851b2ed2431fc5,low_WSe2,1.0,2.0,3.0,WSe2_0.01562,11.771389539999962,1.2944999999999993
619cdd8645851b2ed2431fc6,low_WSe2,1.0,2.0,3.0,WSe2_0.01562,11.766664049999907,1.2969000000000008
619cdd8645851b2ed2431fc7,low_WSe2,1.0,2.0,3.0,WSe2_0.01562,11.766328769999962,1.2983000000000047
619cdd8645851b2ed2431fc8,low_WSe2,1.0,2.0,3.0,WSe2_0.01562,11.751918780000086,1.2996000000000052
619cdd8645851b2ed2431fc9,low_WSe2,2.0,1.0,3.0,WSe2_0.01562,23.122386170000063,1.285899999999998
619cdd8645851b2ed2431fca,low_WSe2,2.0,1.0,3.0,WSe2_0.01562,23.120976440000085,1.281799999999997
619cdd8645851b2ed2431fcb,low_WSe2,0.0,3.0,3.0,WSe2_0.01562,0.43120227999992267,1.8276000000000039
619cdd8645851b2ed2431fcc,low_WSe2,1.0,2.0,3.0,WSe2_0.01562,11.760531489999938,1.3010999999999981
619cdd8645851b2ed2431fcd,low_WSe2,3.0,0.0,3.0,WSe2_0.01562,50.55404166000003,0.20800000000000018
619cdd8645851b2ed2431fce,low_WSe2,3.0,0.0,3.0,WSe2_0.01562,50.59239194999996,0.20449999999999946
619cdd8645851b2ed2431fcf,low_WSe2,1.0,2.0,3.0,WSe2_0.01562,27.91506146000006,0.19280000000000008
619cdd8645851b2ed2431fd0,low_WSe2,2.0,1.0,3.0,WSe2_0.01562,39.239726410000046,0.18849999999999945
619cdd8645851b2ed2431fd1,low_WSe2,3.0,0.0,3.0,WSe2_0.01562,50.56160768999994,0.20840000000000103
619cdd8645851b2ed2431fd2,low_WSe2,2.0,1.0,3.0,WSe2_0.01562,23.1202623699999,1.2474999999999952
619cdd8645851b2ed2431fd3,low_WSe2,3.0,0.0,3.0,WSe2_0.01562,50.56789693000005,0.19959999999999845
619cdd8645851b2ed2431fd4,low_WSe2,1.0,2.0,3.0,WSe2_0.01562,27.954897930000016,0.15990000000000038
619cdd8645851b2ed2431fd5,low_WSe2,1.0,2.0,3.0,WSe2_0.01562,27.997726739999962,0.26890000000000036
619cdd8645851b2ed2431fd6,low_WSe2,0.0,3.0,3.0,WSe2_0.01562,0.42790645000008,1.8260000000000005
619cdd8645851b2ed2431fd7,low_WSe2,1.0,2.0,3.0,WSe2_0.01562,11.745722959999956,1.2967000000000013
619cdd8645851b2ed2431fd8,low_WSe2,2.0,1.0,3.0,WSe2_0.01562,39.15921527999994,0.19640000000000057
619cdd8645851b2ed2431fd9,low_WSe2,2.0,1.0,3.0,WSe2_0.01562,39.21071267000006,0.20259999999999856
619cdd8645851b2ed2431fda,low_WSe2,1.0,2.0,3.0,WSe2_0.01562,11.756106470000066,1.3003
619cdd8645851b2ed2431fdb,low_WSe2,3.0,0.0,3.0,WSe2_0.01562,50.56322891,0.20260000000000034
619cdd8645851b2ed2431fdc,low_WSe2,1.0,2.0,3.0,WSe2_0.01562,11.782629320000058,1.288499999999999
619cdd8645851b2ed2431fdd,low_WSe2,1.0,2.0,3.0,WSe2_0.01562,27.915397929999926,0.20090000000000074
619cdd8645851b2ed2431fde,low_WSe2,3.0,0.0,3.0,WSe2_0.01562,48.82775729,0.13149999999999906
619cdd8645851b2ed2431fdf,low_WSe2,1.0,2.0,3.0,WSe2_0.01562,11.764546489999919,1.2988999999999962
619cdd8645851b2ed2431fe0,low_WSe2,2.0,1.0,3.0,WSe2_0.01562,23.131274710000106,1.243399999999994
619cdd8645851b2ed2431fe1,low_WSe2,2.0,1.0,3.0,WSe2_0.01562,39.254306789999916,0.19599999999999973
619cdd8645851b2ed2431fe2,low_WSe2,1.0,1.0,2.0,WSe2_0.01042,8.023676980000005,1.3031000000000006
619cdd8645851b2ed2431fe3,low_WSe2,2.0,1.0,3.0,WSe2_0.01562,23.134551339999952,1.2117000000000004
619cdd8645851b2ed2431fe4,low_WSe2,1.0,2.0,3.0,WSe2_0.01562,27.881053979999933,0.1789000000000005
619cdd8645851b2ed2431fe5,low_WSe2,2.0,1.0,3.0,WSe2_0.01562,39.25010041,0.2193000000000005
619cdd8645851b2ed2431fe6,low_WSe2,0.0,3.0,3.0,WSe2_0.01562,0.4295806100000732,1.8271999999999977
619cdd8645851b2ed2431fe7,low_WSe2,2.0,1.0,3.0,WSe2_0.01562,39.23062648999989,0.18460000000000143
619cdd8645851b2ed2431fe8,low_WSe2,3.0,0.0,3.0,WSe2_0.01562,50.52378108000003,0.13440000000000119
619cdd8645851b2ed2431fe9,low_WSe2,2.0,1.0,3.0,WSe2_0.01562,39.22811400000005,0.18850000000000122
619cdd8645851b2ed2431fea,low_WSe2,2.0,1.0,3.0,WSe2_0.01562,39.23279280000001,0.18930000000000113
619cdd8645851b2ed2431feb,low_WSe2,1.0,2.0,3.0,WSe2_0.01562,11.774776790000022,1.3027999999999977
619cdd8645851b2ed2431fec,low_WSe2,1.0,2.0,3.0,WSe2_0.01562,11.750965200000099,1.2986000000000004
619cdd8645851b2ed2431fed,low_WSe2,2.0,1.0,3.0,WSe2_0.01562,39.230795100000066,0.18950000000000067
619cdd8745851b2ed2431fee,low_WSe2,2.0,1.0,3.0,WSe2_0.01562,39.18885868000011,0.1938999999999993
619cdd8745851b2ed2431fef,low_WSe2,1.0,2.0,3.0,WSe2_0.01562,11.768806519999988,1.294399999999996
619cdd8745851b2ed2431ff0,low_WSe2,3.0,0.0,3.0,WSe2_0.01562,50.53766544000005,0.19650000000000034
619cdd8745851b2ed2431ff1,low_WSe2,1.0,2.0,3.0,WSe2_0.01562,11.771852549999938,1.2973
619cdd8745851b2ed2431ff2,low_WSe2,1.0,2.0,3.0,WSe2_0.01562,11.774411780000026,1.3001000000000005
619cdd8745851b2ed2431ff3,low_WSe2,1.0,2.0,3.0,WSe2_0.01562,11.767240489999939,1.2961000000000027
619cdd8745851b2ed2431ff4,low_WSe2,0.0,3.0,3.0,WSe2_0.01562,0.4278459399999406,1.8305000000000007
619cdd8745851b2ed2431ff5,low_WSe2,1.0,2.0,3.0,WSe2_0.01562,11.775189969999918,1.2832000000000008
619cdd8745851b2ed2431ff6,low_WSe2,1.0,2.0,3.0,WSe2_0.01562,11.771253560000094,1.2988
619cdd8745851b2ed2431ff7,low_WSe2,2.0,1.0,3.0,WSe2_0.01562,23.27487739999996,0.8569000000000031
619cdd8745851b2ed2431ff8,low_WSe2,1.0,2.0,3.0,WSe2_0.01562,11.77418349000003,1.3016000000000005
619cdd8745851b2ed2431ff9,low_WSe2,2.0,1.0,3.0,WSe2_0.01562,23.125187500000074,1.2822999999999993
619cdd8745851b2ed2431ffa,low_WSe2,2.0,0.0,2.0,WSe2_0.01042,19.35792940000004,1.217600000000001
619cdd8745851b2ed2431ffb,low_WSe2,2.0,1.0,3.0,WSe2_0.01562,39.24396297000003,0.1548000000000016
619cdd8745851b2ed2431ffc,low_WSe2,0.0,3.0,3.0,WSe2_0.01562,0.42892754999996896,1.8314000000000021
619cdd8745851b2ed2431ffd,low_WSe2,3.0,0.0,3.0,WSe2_0.01562,49.97750505999998,0.2015999999999991
619cdd8745851b2ed2431ffe,low_WSe2,2.0,1.0,3.0,WSe2_0.01562,39.22394164999996,0.19500000000000028
619cdd8745851b2ed2431fff,low_WSe2,2.0,1.0,3.0,WSe2_0.01562,23.10279777999998,1.259599999999999
619cdd8745851b2ed2432000,low_WSe2,3.0,0.0,3.0,WSe2_0.01562,50.5511838200001,0.22440000000000104
619cdd8745851b2ed2432001,low_WSe2,1.0,2.0,3.0,WSe2_0.01562,27.993016760000046,0.26560000000000095
619cdd8745851b2ed2432002,low_WSe2,1.0,2.0,3.0,WSe2_0.01562,11.76876927000011,1.296999999999997
619cdd8745851b2ed2432003,low_WSe2,1.0,2.0,3.0,WSe2_0.01562,27.91547046000005,0.19390000000000107
619cdd8745851b2ed2432004,low_WSe2,2.0,1.0,3.0,WSe2_0.01562,39.22088970999998,0.1860999999999997
619cdd8745851b2ed2432005,low_WSe2,1.0,2.0,3.0,WSe2_0.01562,11.774391500000082,1.3013000000000048
619cdd8745851b2ed2432006,low_WSe2,1.0,2.0,3.0,WSe2_0.01562,11.797011229999942,1.2924999999999969
619cdd8745851b2ed2432007,low_WSe2,3.0,0.0,3.0,WSe2_0.01562,50.5547609199999,0.2002000000000006
619cdd8745851b2ed2432008,low_WSe2,2.0,1.0,3.0,WSe2_0.01562,39.26398173000011,0.18040000000000056
619cdd8745851b2ed2432009,low_WSe2,1.0,2.0,3.0,WSe2_0.01562,11.766765500000009,1.2988999999999962
619cdd8745851b2ed243200a,low_WSe2,2.0,1.0,3.0,WSe2_0.01562,39.26117337999999,0.18700000000000117
619cdd8745851b2ed243200b,low_WSe2,2.0,1.0,3.0,WSe2_0.01562,23.125466199999927,1.1582000000000008
619cdd8745851b2ed243200c,low_WSe2,1.0,1.0,2.0,WSe2_0.01042,29.542598679999934,0.1745000000000001
619cdd8745851b2ed243200d,low_WSe2,3.0,0.0,3.0,WSe2_0.01562,50.55178482000006,0.21509999999999962
619cdd8745851b2ed243200e,low_WSe2,3.0,0.0,3.0,WSe2_0.01562,50.472655919999944,0.1938000000000013
619cdd8745851b2ed243200f,low_WSe2,1.0,2.0,3.0,WSe2_0.01562,11.771177979999937,1.2948999999999984
619cdd8745851b2ed2432010,low_WSe2,1.0,2.0,3.0,WSe2_0.01562,11.770687680000027,1.2989000000000033
619cdd8745851b2ed2432011,low_WSe2,1.0,2.0,3.0,WSe2_0.01562,11.769032859999914,1.3019999999999996
619cdd8745851b2ed2432012,low_WSe2,2.0,1.0,3.0,WSe2_0.01562,39.2115532400001,0.20340000000000025
619cdd8745851b2ed2432013,low_WSe2,1.0,2.0,3.0,WSe2_0.01562,11.751864360000116,1.2988
619cdd8745851b2ed2432014,low_WSe2,1.0,2.0,3.0,WSe2_0.01562,11.766560530000095,1.295899999999996
619cdd8745851b2ed2432015,low_WSe2,1.0,2.0,3.0,WSe2_0.01562,27.924332510000113,0.18989999999999974
619cdd8745851b2ed2432016,low_WSe2,0.0,3.0,3.0,WSe2_0.01562,0.4551199399999746,1.8286000000000016
619cdd8745851b2ed2432017,low_WSe2,2.0,1.0,3.0,WSe2_0.01562,39.23275921000008,0.18460000000000143
619cdd8745851b2ed2432018,low_WSe2,3.0,0.0,3.0,WSe2_0.01562,50.15631276999998,0.2658000000000005
619cdd8745851b2ed2432019,low_WSe2,1.0,2.0,3.0,WSe2_0.01562,11.767888860000074,1.2974999999999994
619cdd8745851b2ed243201a,low_WSe2,1.0,2.0,3.0,WSe2_0.01562,11.746523510000078,1.2942000000000036
619cdd8745851b2ed243201b,low_WSe2,3.0,0.0,3.0,WSe2_0.01562,50.567480040000056,0.1982999999999997
619cdd8745851b2ed243201c,low_WSe2,2.0,1.0,3.0,WSe2_0.01562,39.23644079,0.20359999999999978
619cdd8745851b2ed243201d,low_WSe2,3.0,0.0,3.0,WSe2_0.01562,50.54757539000011,0.1507000000000005
619cdd8745851b2ed243201e,low_WSe2,1.0,2.0,3.0,WSe2_0.01562,11.796437160000085,1.3019999999999996
619cdd8745851b2ed243201f,low_WSe2,2.0,1.0,3.0,WSe2_0.01562,23.073426729999973,1.2479000000000013
619cdd8745851b2ed2432020,low_WSe2,1.0,2.0,3.0,WSe2_0.01562,11.775290849999909,1.2901000000000025
619cdd8745851b2ed2432021,low_WSe2,2.0,1.0,3.0,WSe2_0.01562,39.269804159999964,0.17249999999999943
619cdd8745851b2ed2432022,low_WSe2,0.0,3.0,3.0,WSe2_0.01562,0.4265183899998988,1.8256999999999977
619cdd8745851b2ed2432023,low_WSe2,2.0,1.0,3.0,WSe2_0.01562,23.112786720000067,1.273299999999999
619cdd8745851b2ed2432024,low_WSe2,1.0,2.0,3.0,WSe2_0.01562,11.763638820000086,1.3038999999999987
619cdd8745851b2ed2432025,low_WSe2,1.0,2.0,3.0,WSe2_0.01562,27.99564964000001,0.2640000000000011
619cdd8745851b2ed2432026,low_WSe2,2.0,1.0,3.0,WSe2_0.01562,38.635604580000106,0.19280000000000008
619cdd8745851b2ed2432027,low_WSe2,2.0,1.0,3.0,WSe2_0.01562,39.2570749500001,0.1933000000000007
619cdd8745851b2ed2432028,low_WSe2,3.0,0.0,3.0,WSe2_0.01562,50.56567931999994,0.19839999999999947
619cdd8745851b2ed2432029,low_WSe2,0.0,3.0,3.0,WSe2_0.01562,0.4289928899999609,1.8211000000000013
619cdd8745851b2ed243202a,low_WSe2,2.0,1.0,3.0,WSe2_0.01562,39.22883780000011,0.20379999999999932
619cdd8745851b2ed243202b,low_WSe2,1.0,2.0,3.0,WSe2_0.01562,11.785374549999904,1.2972000000000037
619cdd8745851b2ed243202c,low_WSe2,3.0,0.0,3.0,WSe2_0.01562,50.54844555999998,0.1607000000000003
619cdd8745851b2ed243202d,low_WSe2,0.0,3.0,3.0,WSe2_0.01562,0.43207167999997864,1.8340999999999994
619cdd8745851b2ed243202e,low_WSe2,2.0,1.0,3.0,WSe2_0.01562,39.24098923000001,0.1875
619cdd8745851b2ed243202f,low_WSe2,1.0,2.0,3.0,WSe2_0.01562,27.916392489999907,0.19309999999999938
619cdd8745851b2ed2432030,low_WSe2,2.0,1.0,3.0,WSe2_0.01562,23.105065700000104,1.2834000000000003
619cdd8745851b2ed2432031,low_WSe2,2.0,1.0,3.0,WSe2_0.01562,39.230333259999995,0.20180000000000042
619cdd8745851b2ed2432032,low_WSe2,1.0,2.0,3.0,WSe2_0.01562,11.808522790000087,1.2959999999999994
619cdd8745851b2ed2432033,low_WSe2,2.0,1.0,3.0,WSe2_0.01562,39.23049218999999,0.21770000000000067
619cdd8745851b2ed2432034,low_WSe2,2.0,1.0,3.0,WSe2_0.01562,39.23466497999998,0.20459999999999923
619cdd8745851b2ed2432035,low_WSe2,3.0,0.0,3.0,WSe2_0.01562,49.935464069999945,0.20350000000000001
619cdd8745851b2ed2432036,low_WSe2,1.0,1.0,2.0,WSe2_0.01042,8.02146565999999,1.3012999999999995
619cdd8745851b2ed2432037,low_WSe2,2.0,1.0,3.0,WSe2_0.01562,39.18568181000005,0.20579999999999998
619cdd8745851b2ed2432038,low_WSe2,1.0,2.0,3.0,WSe2_0.01562,11.76806291999991,1.2978000000000023
619cdd8745851b2ed2432039,low_WSe2,0.0,3.0,3.0,WSe2_0.01562,0.4295364900000891,1.8248000000000033
619cdd8745851b2ed243203a,low_WSe2,1.0,2.0,3.0,WSe2_0.01562,27.914000420000093,0.19570000000000043
619cdd8745851b2ed243203b,low_WSe2,1.0,2.0,3.0,WSe2_0.01562,27.91732864000005,0.19430000000000014
619cdd8745851b2ed243203c,low_WSe2,3.0,0.0,3.0,WSe2_0.01562,50.1517477599999,0.2727000000000004
619cdd8745851b2ed243203d,low_WSe2,2.0,1.0,3.0,WSe2_0.01562,39.257190840000064,0.1783999999999999
619cdd8745851b2ed243203e,low_WSe2,3.0,0.0,3.0,WSe2_0.01562,49.95966106000001,0.1836000000000002
619cdd8745851b2ed243203f,low_WSe2,3.0,0.0,3.0,WSe2_0.01562,50.57936178000009,0.17989999999999995
619cdd8745851b2ed2432040,low_WSe2,1.0,2.0,3.0,WSe2_0.01562,11.775174229999937,1.284799999999997
619cdd8745851b2ed2432041,low_WSe2,3.0,0.0,3.0,WSe2_0.01562,49.929991789999896,0.2024999999999988
619cdd8745851b2ed2432042,low_WSe2,3.0,0.0,3.0,WSe2_0.01562,50.60439297000003,0.15359999999999907
619cdd8745851b2ed2432043,low_WSe2,1.0,2.0,3.0,WSe2_0.01562,27.92715356000008,0.1919000000000004
619cdd8845851b2ed2432044,low_WSe2,1.0,2.0,3.0,WSe2_0.01562,27.885717829999976,0.17260000000000097
619cdd8845851b2ed2432045,low_WSe2,3.0,0.0,3.0,WSe2_0.01562,50.52695952999998,0.21389999999999887
619cdd8845851b2ed2432046,low_WSe2,2.0,1.0,3.0,WSe2_0.01562,39.19672343000006,0.20149999999999935
619cdd8845851b2ed2432047,low_WSe2,1.0,2.0,3.0,WSe2_0.01562,11.76854905999993,1.3052999999999955
619cdd8845851b2ed2432048,low_WSe2,1.0,2.0,3.0,WSe2_0.01562,11.774742470000081,1.2996999999999943
619cdd8845851b2ed2432049,low_WSe2,1.0,2.0,3.0,WSe2_0.01562,11.773463019999998,1.2824999999999989
619cdd8845851b2ed243204a,low_WSe2,1.0,2.0,3.0,WSe2_0.01562,11.760158660000105,1.302900000000001
619cdd8845851b2ed243204b,low_WSe2,2.0,1.0,3.0,WSe2_0.01562,39.18729164999995,0.2093000000000007
619cdd8845851b2ed243204c,low_WSe2,2.0,1.0,3.0,WSe2_0.01562,39.25092500999999,0.1877999999999993
619cdd8845851b2ed243204d,low_WSe2,2.0,1.0,3.0,WSe2_0.01562,39.23547846000001,0.1875
619cdd8845851b2ed243204e,low_WSe2,1.0,2.0,3.0,WSe2_0.01562,11.784623420000106,1.1526999999999958
619cdd8845851b2ed243204f,low_WSe2,0.0,3.0,3.0,WSe2_0.01562,0.4293548899999564,1.8275999999999968
619cdd8845851b2ed2432050,low_WSe2,0.0,3.0,3.0,WSe2_0.01562,0.4310317399999235,1.8340999999999994
619cdd8845851b2ed2432051,low_WSe2,2.0,1.0,3.0,WSe2_0.01562,39.23763179999996,0.1991000000000014
619cdd8845851b2ed2432052,low_WSe2,0.0,3.0,3.0,WSe2_0.01562,0.4283047999999212,1.828800000000001
619cdd8845851b2ed2432053,low_WSe2,2.0,1.0,3.0,WSe2_0.01562,39.225484070000036,0.14499999999999957
619cdd8845851b2ed2432054,low_WSe2,1.0,2.0,3.0,WSe2_0.01562,28.001181560000077,0.26759999999999984
619cdd8845851b2ed2432055,low_WSe2,1.0,2.0,3.0,WSe2_0.01562,11.779380930000105,1.295099999999998
619cdd8845851b2ed2432056,low_WSe2,2.0,1.0,3.0,WSe2_0.01562,39.26523122999997,0.1913999999999998
619cdd8845851b2ed2432057,low_WSe2,3.0,0.0,3.0,WSe2_0.01562,50.54543623999994,0.20040000000000013
619cdd8845851b2ed2432058,low_WSe2,2.0,1.0,3.0,WSe2_0.01562,23.11227955999997,1.2657000000000025
619cdd8845851b2ed2432059,low_WSe2,2.0,1.0,3.0,WSe2_0.01562,39.251208749999975,0.18810000000000038
619cdd8845851b2ed243205a,low_WSe2,2.0,1.0,3.0,WSe2_0.01562,39.21815064000002,0.14939999999999998
619cdd8845851b2ed243205b,low_WSe2,0.0,3.0,3.0,WSe2_0.01562,0.43187894000010374,1.8337000000000003
619cdd8845851b2ed243205c,low_WSe2,1.0,2.0,3.0,WSe2_0.01562,11.779829260000032,1.291799999999995
619cdd8845851b2ed243205d,low_WSe2,0.0,3.0,3.0,WSe2_0.01562,0.4285661000000687,1.828800000000001
619cdd8845851b2ed243205e,low_WSe2,2.0,1.0,3.0,WSe2_0.01562,39.25971400999997,0.19540000000000113
619cdd8845851b2ed243205f,low_WSe2,2.0,1.0,3.0,WSe2_0.01562,39.32794100999995,0.24960000000000093
619cdd8845851b2ed2432060,low_WSe2,1.0,2.0,3.0,WSe2_0.01562,27.92283606000001,0.19540000000000113
619cdd8845851b2ed2432061,low_WSe2,1.0,2.0,3.0,WSe2_0.01562,11.76206935999993,1.301400000000001
619cdd8845851b2ed2432062,low_WSe2,2.0,1.0,3.0,WSe2_0.01562,39.25413729000006,0.18740000000000023
619cdd8845851b2ed2432063,low_WSe2,2.0,1.0,3.0,WSe2_0.01562,39.23310382000004,0.1988000000000003
619cdd8845851b2ed2432064,low_WSe2,1.0,2.0,3.0,WSe2_0.01562,11.783905510000057,1.1565000000000012
619cdd8845851b2ed2432065,low_WSe2,1.0,2.0,3.0,WSe2_0.01562,11.771961879999925,1.3049000000000035
619cdd8845851b2ed2432066,low_WSe2,1.0,2.0,3.0,WSe2_0.01562,27.92746598000008,0.1936
619cdd8845851b2ed2432067,low_WSe2,2.0,1.0,3.0,WSe2_0.01562,39.227369660000065,0.2032000000000007
619cdd8845851b2ed2432068,low_WSe2,1.0,2.0,3.0,WSe2_0.01562,11.792571539999916,1.1589000000000027
619cdd8845851b2ed2432069,low_WSe2,1.0,2.0,3.0,WSe2_0.01562,11.762170660000027,1.2992000000000061
619cdd8845851b2ed243206a,low_WSe2,1.0,2.0,3.0,WSe2_0.01562,11.77285570999992,1.299199999999999
619cdd8845851b2ed243206b,low_WSe2,2.0,1.0,3.0,WSe2_0.01562,39.2525411699999,0.1919999999999984
619cdd8845851b2ed243206c,low_WSe2,1.0,2.0,3.0,WSe2_0.01562,11.769162360000099,1.298099999999998
619cdd8845851b2ed243206d,low_WSe2,3.0,0.0,3.0,WSe2_0.01562,50.588710330000005,0.22489999999999988
619cdd8845851b2ed243206e,low_WSe2,3.0,0.0,3.0,WSe2_0.01562,50.54311777999997,0.21499999999999986
619cdd8845851b2ed243206f,low_WSe2,3.0,0.0,3.0,WSe2_0.01562,50.535383770000045,0.22299999999999898
619cdd8845851b2ed2432070,low_WSe2,2.0,1.0,3.0,WSe2_0.01562,23.135258509999893,1.1544000000000025
619cdd8845851b2ed2432071,low_WSe2,2.0,1.0,3.0,WSe2_0.01562,39.24435014999999,0.11920000000000108
619cdd8845851b2ed2432072,low_WSe2,0.0,3.0,3.0,WSe2_0.01562,0.438400530000024,1.8254999999999981
619cdd8845851b2ed2432073,low_WSe2,1.0,2.0,3.0,WSe2_0.01562,28.00362180000002,0.266
619cdd8845851b2ed2432074,low_WSe2,2.0,1.0,3.0,WSe2_0.01562,39.2462054600001,0.19510000000000005
619cdd8845851b2ed2432075,low_WSe2,0.0,3.0,3.0,WSe2_0.01562,0.4283765600000038,1.8270000000000053
619cdd8845851b2ed2432076,low_WSe2,2.0,1.0,3.0,WSe2_0.01562,39.191607309999924,0.20800000000000018
619cdd8845851b2ed2432077,low_WSe2,1.0,2.0,3.0,WSe2_0.01562,11.770731269999931,1.2995000000000019
619cdd8845851b2ed2432078,low_WSe2,0.0,3.0,3.0,WSe2_0.01562,0.4559839299999453,1.8290000000000006
619cdd8845851b2ed2432079,low_WSe2,1.0,2.0,3.0,WSe2_0.01562,11.783663019999938,1.2687999999999988
619cdd8845851b2ed243207a,low_WSe2,1.0,2.0,3.0,WSe2_0.01562,27.99982043,0.26670000000000016
619cdd8845851b2ed243207b,low_WSe2,2.0,1.0,3.0,WSe2_0.01562,38.62721663000006,0.18929999999999936
619cdd8845851b2ed243207c,low_WSe2,2.0,1.0,3.0,WSe2_0.01562,23.129517449999902,1.2730999999999995
619cdd8845851b2ed243207d,low_WSe2,1.0,2.0,3.0,WSe2_0.01562,11.770314549999956,1.2942999999999998
619cdd8845851b2ed243207e,low_WSe2,2.0,1.0,3.0,WSe2_0.01562,39.26215800000004,0.18649999999999878
619cdd8845851b2ed243207f,low_WSe2,0.0,3.0,3.0,WSe2_0.01562,0.43240346000010277,1.8347999999999942
619cdd8845851b2ed2432080,low_WSe2,0.0,3.0,3.0,WSe2_0.01562,0.42905164000006835,1.8284999999999982
619cdd8845851b2ed2432081,low_WSe2,1.0,2.0,3.0,WSe2_0.01562,11.752307810000037,1.3006000000000029
619cdd8845851b2ed2432082,low_WSe2,1.0,2.0,3.0,WSe2_0.01562,11.77459588999999,1.289200000000001
619cdd8845851b2ed2432083,low_WSe2,0.0,3.0,3.0,WSe2_0.01562,0.4271623199999226,1.8325999999999993
619cdd8845851b2ed2432084,low_WSe2,1.0,2.0,3.0,WSe2_0.01562,11.784807969999964,1.2704000000000022
619cdd8845851b2ed2432085,low_WSe2,3.0,0.0,3.0,WSe2_0.01562,50.049490579999976,0.14290000000000092
619cdd8845851b2ed2432086,low_WSe2,3.0,0.0,3.0,WSe2_0.01562,50.44994557000005,0.22050000000000125
619cdd8845851b2ed2432087,low_WSe2,2.0,1.0,3.0,WSe2_0.01562,39.23957649999993,0.20080000000000098
619cdd8845851b2ed2432088,low_WSe2,2.0,1.0,3.0,WSe2_0.01562,23.090896310000097,1.2664999999999935
619cdd8845851b2ed2432089,low_WSe2,1.0,2.0,3.0,WSe2_0.01562,11.760869619999983,1.2993000000000023
619cdd8845851b2ed243208a,low_WSe2,0.0,3.0,3.0,WSe2_0.01562,0.45530124000009664,1.8276000000000039
619cdd8845851b2ed243208b,low_WSe2,3.0,0.0,3.0,WSe2_0.01562,50.76015287999994,0.16809999999999903
619cdd8845851b2ed243208c,low_WSe2,2.0,1.0,3.0,WSe2_0.01562,23.125258390000035,1.2661000000000016
619cdd8845851b2ed243208d,low_WSe2,2.0,1.0,3.0,WSe2_0.01562,39.346612139999976,0.22049999999999947
619cdd8845851b2ed243208e,low_WSe2,0.0,3.0,3.0,WSe2_0.01562,0.4261843900000599,1.8235000000000028
619cdd8845851b2ed243208f,low_WSe2,2.0,0.0,2.0,WSe2_0.01042,40.88916015000008,0.21359999999999957
619cdd8845851b2ed2432090,low_WSe2,2.0,1.0,3.0,WSe2_0.01562,23.08058361000011,1.2860000000000014
619cdd8845851b2ed2432091,low_WSe2,2.0,1.0,3.0,WSe2_0.01562,23.161299789999966,1.1795000000000044
619cdd8845851b2ed2432092,low_WSe2,0.0,3.0,3.0,WSe2_0.01562,0.4289269699999636,1.8295999999999992
619cdd8845851b2ed2432093,low_WSe2,3.0,0.0,3.0,WSe2_0.01562,50.57147059000008,0.1623000000000001
619cdd8845851b2ed2432094,low_WSe2,2.0,1.0,3.0,WSe2_0.01562,39.23504392999989,0.19870000000000054
619cdd8845851b2ed2432095,low_WSe2,2.0,1.0,3.0,WSe2_0.01562,39.22601338000008,0.21470000000000056
619cdd8845851b2ed2432096,low_WSe2,2.0,1.0,3.0,WSe2_0.01562,39.185142500000026,0.21189999999999998
619cdd8845851b2ed2432097,low_WSe2,1.0,2.0,3.0,WSe2_0.01562,28.05721498999992,0.2836999999999996
619cdd8845851b2ed2432098,low_WSe2,1.0,2.0,3.0,WSe2_0.01562,28.05295346999992,0.2718000000000007
619cdd8945851b2ed2432099,low_WSe2,1.0,2.0,3.0,WSe2_0.01562,11.774837789999982,1.3016000000000005
619cdd8945851b2ed243209a,low_WSe2,0.0,3.0,3.0,WSe2_0.01562,0.4297962200000143,1.8258999999999972
619cdd8945851b2ed243209b,low_WSe2,1.0,2.0,3.0,WSe2_0.01562,11.773814160000018,1.2971000000000004
619cdd8945851b2ed243209c,low_WSe2,0.0,3.0,3.0,WSe2_0.01562,0.42637321999990263,1.8255000000000052
619cdd8945851b2ed243209d,low_WSe2,3.0,0.0,3.0,WSe2_0.01562,49.957348329999924,0.18630000000000102
619cdd8945851b2ed243209e,low_WSe2,2.0,1.0,3.0,WSe2_0.01562,39.26415219999994,0.1919000000000004
619cdd8945851b2ed243209f,low_WSe2,2.0,1.0,3.0,WSe2_0.01562,23.10946158000005,1.246300000000005
619cdd8945851b2ed24320a0,low_WSe2,1.0,2.0,3.0,WSe2_0.01562,11.745258420000017,1.299199999999999
619cdd8945851b2ed24320a1,low_WSe2,2.0,0.0,2.0,WSe2_0.01042,19.37546338000009,1.282
619cdd8945851b2ed24320a2,low_WSe2,2.0,1.0,3.0,WSe2_0.01562,39.23484194000007,0.19430000000000014
619cdd8945851b2ed24320a3,low_WSe2,2.0,1.0,3.0,WSe2_0.01562,23.12147525000004,1.2469000000000037
619cdd8945851b2ed24320a4,low_WSe2,1.0,2.0,3.0,WSe2_0.01562,27.91345627999999,0.20319999999999894
619cdd8945851b2ed24320a5,low_WSe2,1.0,2.0,3.0,WSe2_0.01562,11.769600439999966,1.2984000000000009
619cdd8945851b2ed24320a6,low_WSe2,2.0,1.0,3.0,WSe2_0.01562,39.25017194999991,0.19400000000000084
619cdd8945851b2ed24320a7,low_WSe2,2.0,1.0,3.0,WSe2_0.01562,39.24755031999989,0.19299999999999962
619cdd8945851b2ed24320a8,low_WSe2,1.0,2.0,3.0,WSe2_0.01562,11.769608399999914,1.299599999999998
619cdd8945851b2ed24320a9,low_WSe2,2.0,1.0,3.0,WSe2_0.01562,38.63245680999994,0.19070000000000142
619cdd8945851b2ed24320aa,low_WSe2,0.0,3.0,3.0,WSe2_0.01562,0.4377399300000775,1.8326999999999956
619cdd8945851b2ed24320ab,low_WSe2,2.0,1.0,3.0,WSe2_0.01562,23.129047039999968,1.178600000000003
619cdd8945851b2ed24320ac,low_WSe2,1.0,2.0,3.0,WSe2_0.01562,27.916695350000055,0.1946999999999992
619cdd8945851b2ed24320ad,low_WSe2,1.0,2.0,3.0,WSe2_0.01562,11.774619940000083,1.2952999999999975
619cdd8945851b2ed24320ae,low_WSe2,2.0,1.0,3.0,WSe2_0.01562,39.33199023000002,0.2688000000000006
619cdd8945851b2ed24320af,low_WSe2,1.0,2.0,3.0,WSe2_0.01562,27.962418079999907,0.1620999999999988
619cdd8945851b2ed24320b0,low_WSe2,2.0,1.0,3.0,WSe2_0.01562,23.11663432000004,1.279600000000002
619cdd8945851b2ed24320b1,low_WSe2,2.0,1.0,3.0,WSe2_0.01562,39.19329524000004,0.2043999999999997
619cdd8945851b2ed24320b2,low_WSe2,1.0,2.0,3.0,WSe2_0.01562,11.770585100000051,1.2927000000000035
619cdd8945851b2ed24320b3,low_WSe2,1.0,2.0,3.0,WSe2_0.01562,11.791320840000015,1.1580000000000013
619cdd8945851b2ed24320b4,low_WSe2,2.0,1.0,3.0,WSe2_0.01562,39.261982009999926,0.214599999999999
619cdd8945851b2ed24320b5,low_WSe2,2.0,1.0,3.0,WSe2_0.01562,39.24229354999993,0.1988999999999983
619cdd8945851b2ed24320b6,low_WSe2,2.0,1.0,3.0,WSe2_0.01562,39.23082950000007,0.1997
619cdd8945851b2ed24320b7,low_WSe2,1.0,2.0,3.0,WSe2_0.01562,27.913931309999953,0.19409999999999883
619cdd8945851b2ed24320b8,low_WSe2,3.0,0.0,3.0,WSe2_0.01562,49.98276618000009,0.19180000000000064
619cdd8945851b2ed24320b9,low_WSe2,2.0,1.0,3.0,WSe2_0.01562,23.118766930000028,1.2458000000000027
619cdd8945851b2ed24320ba,low_WSe2,2.0,1.0,3.0,WSe2_0.01562,38.634695219999955,0.19560000000000066
619cdd8945851b2ed24320bb,low_WSe2,1.0,2.0,3.0,WSe2_0.01562,27.9241075299999,0.19130000000000003
619cdd8945851b2ed24320bc,low_WSe2,0.0,3.0,3.0,WSe2_0.01562,0.4298035799999411,1.8282000000000025
619cdd8945851b2ed24320bd,low_WSe2,2.0,1.0,3.0,WSe2_0.01562,23.107997419999982,1.2922000000000011
619cdd8945851b2ed24320be,low_WSe2,0.0,3.0,3.0,WSe2_0.01562,0.4295897700000637,1.8230000000000004
619cdd8945851b2ed24320bf,low_WSe2,1.0,2.0,3.0,WSe2_0.01562,11.769021629999987,1.3018999999999963
619cdd8945851b2ed24320c0,low_WSe2,1.0,2.0,3.0,WSe2_0.01562,27.917152579999993,0.1941000000000006
619cdd8945851b2ed24320c1,low_WSe2,3.0,0.0,3.0,WSe2_0.01562,50.56347930999991,0.1955000000000009
619cdd8945851b2ed24320c2,low_WSe2,0.0,3.0,3.0,WSe2_0.01562,0.42780585000008386,1.8312999999999988
619cdd8945851b2ed24320c3,low_WSe2,1.0,2.0,3.0,WSe2_0.01562,28.013058349999937,0.1781000000000006
619cdd8945851b2ed24320c4,low_WSe2,2.0,1.0,3.0,WSe2_0.01562,23.006660249999904,1.1169000000000011
619cdd8945851b2ed24320c5,low_WSe2,2.0,1.0,3.0,WSe2_0.01562,23.121266830000003,1.2840999999999951
619cdd8945851b2ed24320c6,low_WSe2,3.0,0.0,3.0,WSe2_0.01562,50.57744327999999,0.19540000000000113
619cdd8945851b2ed24320c7,low_WSe2,2.0,1.0,3.0,WSe2_0.01562,23.105953300000046,1.2620000000000005
619cdd8945851b2ed24320c8,low_WSe2,1.0,2.0,3.0,WSe2_0.01562,27.967825120000043,0.15270000000000117
619cdd8945851b2ed24320c9,low_WSe2,1.0,2.0,3.0,WSe2_0.01562,11.7866168800001,1.2719999999999985
619cdd8945851b2ed24320ca,low_WSe2,2.0,1.0,3.0,WSe2_0.01562,39.248667410000095,0.1936
619cdd8945851b2ed24320cb,low_WSe2,1.0,2.0,3.0,WSe2_0.01562,11.770327010000063,1.3012000000000015
619cdd8945851b2ed24320cc,low_WSe2,1.0,1.0,2.0,WSe2_0.01042,8.021841299999892,1.3026
619cdd8945851b2ed24320cd,low_WSe2,1.0,2.0,3.0,WSe2_0.01562,11.773263320000058,1.2978999999999985
619cdd8945851b2ed24320ce,low_WSe2,1.0,2.0,3.0,WSe2_0.01562,11.766139549999924,1.2841000000000022
619cdd8945851b2ed24320cf,low_WSe2,2.0,1.0,3.0,WSe2_0.01562,39.252015710000066,0.18629999999999924
619cdd8945851b2ed24320d0,low_WSe2,2.0,1.0,3.0,WSe2_0.01562,23.123236010000063,1.2794999999999987
619cdd8945851b2ed24320d1,low_WSe2,3.0,0.0,3.0,WSe2_0.01562,50.58746073000007,0.1955000000000009
619cdd8945851b2ed24320d2,low_WSe2,2.0,1.0,3.0,WSe2_0.01562,38.6284686500001,0.1877000000000013
619cdd8945851b2ed24320d3,low_WSe2,1.0,2.0,3.0,WSe2_0.01562,11.793433569999923,1.3008999999999986
619cdd8945851b2ed24320d4,low_WSe2,2.0,1.0,3.0,WSe2_0.01562,39.240172540000046,0.1921999999999997
619cdd8945851b2ed24320d5,low_WSe2,0.0,3.0,3.0,WSe2_0.01562,0.4271210500000393,1.8260999999999967
619cdd8945851b2ed24320d6,low_WSe2,2.0,1.0,3.0,WSe2_0.01562,38.63150640000008,0.1913999999999998
619cdd8945851b2ed24320d7,low_WSe2,3.0,0.0,3.0,WSe2_0.01562,50.744293600000084,0.17149999999999999
619cdd8945851b2ed24320d8,low_WSe2,2.0,1.0,3.0,WSe2_0.01562,38.63133870000006,0.1894000000000009
619cdd8945851b2ed24320d9,low_WSe2,2.0,1.0,3.0,WSe2_0.01562,38.62130927999992,0.19599999999999973
619cdd8945851b2ed24320da,low_WSe2,0.0,3.0,3.0,WSe2_0.01562,0.42650739000004023,1.8265999999999991
619cdd8945851b2ed24320db,low_WSe2,1.0,2.0,3.0,WSe2_0.01562,27.931149000000005,0.18989999999999974
619cdd8945851b2ed24320dc,low_WSe2,1.0,2.0,3.0,WSe2_0.01562,27.887374460000046,0.17430000000000057
619cdd8945851b2ed24320dd,low_WSe2,1.0,2.0,3.0,WSe2_0.01562,11.771984709999959,1.3008000000000024
619cdd8945851b2ed24320de,low_WSe2,2.0,1.0,3.0,WSe2_0.01562,39.308003859999914,0.0907
619cdd8945851b2ed24320df,low_WSe2,2.0,1.0,3.0,WSe2_0.01562,23.26489059999998,0.8536000000000001
619cdd8945851b2ed24320e0,low_WSe2,0.0,3.0,3.0,WSe2_0.01562,0.45377679999995735,1.8263999999999996
619cdd8945851b2ed24320e1,low_WSe2,2.0,1.0,3.0,WSe2_0.01562,39.24469813,0.19209999999999994
619cdd8945851b2ed24320e2,low_WSe2,2.0,1.0,3.0,WSe2_0.01562,23.06169862000005,1.1218999999999966
619cdd8945851b2ed24320e3,low_WSe2,3.0,0.0,3.0,WSe2_0.01562,50.56299116,0.19720000000000049
619cdd8945851b2ed24320e4,low_WSe2,3.0,0.0,3.0,WSe2_0.01562,50.56937621999996,0.20839999999999925
619cdd8945851b2ed24320e5,low_WSe2,2.0,1.0,3.0,WSe2_0.01562,38.63041036999998,0.19470000000000098
619cdd8945851b2ed24320e6,low_WSe2,3.0,0.0,3.0,WSe2_0.01562,50.55497400999989,0.15549999999999997
619cdd8945851b2ed24320e7,low_WSe2,1.0,2.0,3.0,WSe2_0.01562,27.98121794000008,0.24739999999999895
619cdd8945851b2ed24320e8,low_WSe2,1.0,2.0,3.0,WSe2_0.01562,11.745186630000024,1.2978000000000023
619cdd8945851b2ed24320e9,low_WSe2,1.0,2.0,3.0,WSe2_0.01562,11.771160940000062,1.2995000000000019
619cdd8945851b2ed24320ea,low_WSe2,0.0,2.0,2.0,WSe2_0.01042,2.1153718099999654,1.8315000000000055
619cdd8945851b2ed24320eb,low_WSe2,1.0,2.0,3.0,WSe2_0.01562,27.92759326999999,0.1897000000000002
619cdd8945851b2ed24320ec,low_WSe2,2.0,1.0,3.0,WSe2_0.01562,23.10916453000008,1.2162999999999968
619cdd8945851b2ed24320ed,low_WSe2,2.0,1.0,3.0,WSe2_0.01562,23.106817090000085,1.2777999999999992
619cdd8a45851b2ed24320ee,low_WSe2,1.0,2.0,3.0,WSe2_0.01562,11.77924484999993,1.2920000000000016
619cdd8a45851b2ed24320ef,low_WSe2,1.0,2.0,3.0,WSe2_0.01562,11.767162350000024,1.2967000000000013
619cdd8a45851b2ed24320f0,low_WSe2,1.0,2.0,3.0,WSe2_0.01562,11.763993329999938,1.3007999999999953
619cdd8a45851b2ed24320f1,low_WSe2,1.0,2.0,3.0,WSe2_0.01562,11.771767660000013,1.3042000000000016
619cdd8a45851b2ed24320f2,low_WSe2,3.0,0.0,3.0,WSe2_0.01562,50.57082047000004,0.1958000000000002
619cdd8a45851b2ed24320f3,low_WSe2,1.0,2.0,3.0,WSe2_0.01562,11.766867710000032,1.299199999999999
619cdd8a45851b2ed24320f4,low_WSe2,1.0,2.0,3.0,WSe2_0.01562,11.779554879999967,1.1581000000000046
619cdd8a45851b2ed24320f5,low_WSe2,1.0,2.0,3.0,WSe2_0.01562,11.765252319999934,1.297699999999999
619cdd8a45851b2ed24320f6,low_WSe2,1.0,2.0,3.0,WSe2_0.01562,11.78558268000005,1.2690999999999946
619cdd8a45851b2ed24320f7,low_WSe2,2.0,1.0,3.0,WSe2_0.01562,39.235650599999914,0.1847999999999992
619cdd8a45851b2ed24320f8,low_WSe2,3.0,0.0,3.0,WSe2_0.01562,50.56583976000011,0.19459999999999944
619cdd8a45851b2ed24320f9,low_WSe2,1.0,2.0,3.0,WSe2_0.01562,27.896241400000008,0.17489999999999917
619cdd8a45851b2ed24320fa,low_WSe2,1.0,2.0,3.0,WSe2_0.01562,11.76876973000002,1.2912000000000035
619cdd8a45851b2ed24320fb,low_WSe2,1.0,2.0,3.0,WSe2_0.01562,11.763015349999922,1.3004000000000033
619cdd8a45851b2ed24320fc,low_WSe2,2.0,1.0,3.0,WSe2_0.01562,39.24713948000003,0.1960999999999995
619cdd8a45851b2ed24320fd,low_WSe2,2.0,1.0,3.0,WSe2_0.01562,39.19386155000011,0.18870000000000076
619cdd8a45851b2ed24320fe,low_WSe2,0.0,3.0,3.0,WSe2_0.01562,0.42984206999989283,1.8258999999999972
619cdd8a45851b2ed24320ff,low_WSe2,2.0,1.0,3.0,WSe2_0.01562,39.26734153000011,0.17199999999999882
619cdd8a45851b2ed2432100,low_WSe2,1.0,2.0,3.0,WSe2_0.01562,27.92481111999996,0.1913999999999998
619cdd8a45851b2ed2432101,low_WSe2,1.0,2.0,3.0,WSe2_0.01562,11.771078080000041,1.299599999999998
619cdd8a45851b2ed2432102,low_WSe2,2.0,1.0,3.0,WSe2_0.01562,38.68745031999997,0.16900000000000048
619cdd8a45851b2ed2432103,low_WSe2,1.0,2.0,3.0,WSe2_0.01562,11.768806399999892,1.3004000000000033
619cdd8a45851b2ed2432104,low_WSe2,0.0,3.0,3.0,WSe2_0.01562,0.42910064999995257,1.8282000000000025
619cdd8a45851b2ed2432105,low_WSe2,0.0,3.0,3.0,WSe2_0.01562,0.4319278100001043,1.8325000000000031
619cdd8a45851b2ed2432106,low_WSe2,3.0,0.0,3.0,WSe2_0.01562,49.97921230999996,0.18329999999999913
619cdd8a45851b2ed2432107,low_WSe2,2.0,1.0,3.0,WSe2_0.01562,39.23127800000002,0.21330000000000027
619cdd8a45851b2ed2432108,low_WSe2,1.0,2.0,3.0,WSe2_0.01562,11.772259979999934,1.303200000000004
619cdd8a45851b2ed2432109,low_WSe2,2.0,1.0,3.0,WSe2_0.01562,23.272246799999984,0.8556999999999988
619cdd8a45851b2ed243210a,low_WSe2,2.0,1.0,3.0,WSe2_0.01562,39.229073040000046,0.14839999999999876
619cdd8a45851b2ed243210b,low_WSe2,1.0,2.0,3.0,WSe2_0.01562,27.87917999000001,0.17239999999999966
619cdd8a45851b2ed243210c,low_WSe2,2.0,1.0,3.0,WSe2_0.01562,23.154544280000017,1.1798000000000002
619cdd8a45851b2ed243210d,low_WSe2,0.0,3.0,3.0,WSe2_0.01562,0.43096813999994765,1.8311999999999955
619cdd8a45851b2ed243210e,low_WSe2,1.0,2.0,3.0,WSe2_0.01562,11.772577480000098,1.3049000000000035
619cdd8a45851b2ed243210f,low_WSe2,3.0,0.0,3.0,WSe2_0.01562,50.56732707000001,0.20509999999999984
619cdd8a45851b2ed2432110,low_WSe2,1.0,2.0,3.0,WSe2_0.01562,11.788240229999918,1.1618999999999957
619cdd8a45851b2ed2432111,low_WSe2,0.0,3.0,3.0,WSe2_0.01562,0.4293591200000151,1.8280999999999992
619cdd8a45851b2ed2432112,low_WSe2,2.0,1.0,3.0,WSe2_0.01562,39.16139537999997,0.20059999999999967
619cdd8a45851b2ed2432113,low_WSe2,1.0,2.0,3.0,WSe2_0.01562,27.928757789999963,0.18989999999999974
619cdd8a45851b2ed2432114,low_WSe2,2.0,1.0,3.0,WSe2_0.01562,23.13292849999997,1.2652999999999963
619cdd8a45851b2ed2432115,low_WSe2,2.0,1.0,3.0,WSe2_0.01562,39.2463952399999,0.19919999999999938
619cdd8a45851b2ed2432116,low_WSe2,2.0,1.0,3.0,WSe2_0.01562,23.110918639999944,1.221499999999999
619cdd8a45851b2ed2432117,low_WSe2,1.0,2.0,3.0,WSe2_0.01562,27.92744771999992,0.1882999999999999
619cdd8a45851b2ed2432118,low_WSe2,1.0,2.0,3.0,WSe2_0.01562,11.774334350000107,1.2828000000000017
619cdd8a45851b2ed2432119,low_WSe2,1.0,2.0,3.0,WSe2_0.01562,27.91804086000002,0.18869999999999898
619cdd8a45851b2ed243211a,low_WSe2,1.0,2.0,3.0,WSe2_0.01562,11.771463389999997,1.283299999999997
619cdd8a45851b2ed243211b,low_WSe2,1.0,2.0,3.0,WSe2_0.01562,11.784469239999897,1.2691000000000017
619cdd8a45851b2ed243211c,low_WSe2,1.0,2.0,3.0,WSe2_0.01562,27.971049770000036,0.26259999999999906
619cdd8a45851b2ed243211d,low_WSe2,2.0,1.0,3.0,WSe2_0.01562,23.08242980999993,1.2588000000000008
619cdd8a45851b2ed243211e,low_WSe2,2.0,1.0,3.0,WSe2_0.01562,38.72423495999992,0.19979999999999976
619cdd8a45851b2ed243211f,low_WSe2,1.0,2.0,3.0,WSe2_0.01562,27.915097750000086,0.1960999999999995
619cdd8a45851b2ed2432120,low_WSe2,2.0,1.0,3.0,WSe2_0.01562,23.116998069999944,1.2867999999999995
619cdd8a45851b2ed2432121,low_WSe2,1.0,2.0,3.0,WSe2_0.01562,11.753897979999909,1.2986000000000004
619cdd8a45851b2ed2432122,low_WSe2,2.0,1.0,3.0,WSe2_0.01562,23.133429999999898,1.2686999999999955
619cdd8a45851b2ed2432123,low_WSe2,1.0,2.0,3.0,WSe2_0.01562,11.785009180000078,1.2957999999999998
619cdd8a45851b2ed2432124,low_WSe2,2.0,1.0,3.0,WSe2_0.01562,23.11655223000006,1.1406999999999954
619cdd8a45851b2ed2432125,low_WSe2,0.0,3.0,3.0,WSe2_0.01562,0.43049102999992783,1.828000000000003
619cdd8a45851b2ed2432126,low_WSe2,3.0,0.0,3.0,WSe2_0.01562,50.6177477499999,0.2824000000000009
619cdd8a45851b2ed2432127,low_WSe2,1.0,2.0,3.0,WSe2_0.01562,11.772707269999945,1.3028000000000048
619cdd8a45851b2ed2432128,low_WSe2,1.0,2.0,3.0,WSe2_0.01562,11.768404030000045,1.3003
619cdd8a45851b2ed2432129,low_WSe2,2.0,1.0,3.0,WSe2_0.01562,23.096796979999944,1.287700000000001
619cdd8a45851b2ed243212a,low_WSe2,3.0,0.0,3.0,WSe2_0.01562,50.01374663000011,0.1036999999999999
619cdd8a45851b2ed243212b,low_WSe2,1.0,2.0,3.0,WSe2_0.01562,27.879983080000102,0.17360000000000042
619cdd8a45851b2ed243212c,low_WSe2,0.0,3.0,3.0,WSe2_0.01562,0.4280690299999037,1.8225000000000051
619cdd8a45851b2ed243212d,low_WSe2,3.0,0.0,3.0,WSe2_0.01562,50.075134660000096,0.05979999999999919
619cdd8a45851b2ed243212e,low_WSe2,1.0,2.0,3.0,WSe2_0.01562,27.915377690000014,0.18979999999999997
619cdd8a45851b2ed243212f,low_WSe2,0.0,3.0,3.0,WSe2_0.01562,0.42481338999999707,1.8222999999999985
619cdd8a45851b2ed2432130,low_WSe2,3.0,0.0,3.0,WSe2_0.01562,50.52317488999993,0.2203999999999997
619cdd8a45851b2ed2432131,low_WSe2,2.0,1.0,3.0,WSe2_0.01562,39.1861020700001,0.20780000000000065
619cdd8a45851b2ed2432132,low_WSe2,3.0,0.0,3.0,WSe2_0.01562,50.51274401999999,0.21970000000000134
619cdd8a45851b2ed2432133,low_WSe2,2.0,1.0,3.0,WSe2_0.01562,39.240404940000005,0.20500000000000007
619cdd8a45851b2ed2432134,low_WSe2,2.0,1.0,3.0,WSe2_0.01562,39.24458871000006,0.19400000000000084
619cdd8a45851b2ed2432135,low_WSe2,2.0,1.0,3.0,WSe2_0.01562,39.236058479999926,0.21470000000000056
619cdd8a45851b2ed2432136,low_WSe2,1.0,1.0,2.0,WSe2_0.01042,13.423953289999943,1.3001000000000005
619cdd8a45851b2ed2432137,low_WSe2,1.0,2.0,3.0,WSe2_0.01562,27.995721380000077,0.2657999999999987
619cdd8a45851b2ed2432138,low_WSe2,2.0,1.0,3.0,WSe2_0.01562,39.233359160000006,0.1916000000000011
619cdd8a45851b2ed2432139,low_WSe2,2.0,1.0,3.0,WSe2_0.01562,23.111528080000006,1.2457999999999956
619cdd8a45851b2ed243213a,low_WSe2,1.0,2.0,3.0,WSe2_0.01562,11.695729029999928,1.2987000000000037
619cdd8a45851b2ed243213b,low_WSe2,2.0,1.0,3.0,WSe2_0.01562,39.24922530000008,0.19019999999999904
619cdd8a45851b2ed243213c,low_WSe2,2.0,1.0,3.0,WSe2_0.01562,23.123727830000043,1.2817000000000007
619cdd8a45851b2ed243213d,low_WSe2,3.0,0.0,3.0,WSe2_0.01562,49.94980601999996,0.18660000000000032
619cdd8a45851b2ed243213e,low_WSe2,2.0,1.0,3.0,WSe2_0.01562,39.22713180999999,0.15390000000000015
619cdd8a45851b2ed243213f,low_WSe2,1.0,2.0,3.0,WSe2_0.01562,11.785126879999996,1.3017000000000039
619cdd8a45851b2ed2432140,low_WSe2,2.0,1.0,3.0,WSe2_0.01562,23.11965562000004,1.2809999999999988
619cdd8a45851b2ed2432141,low_WSe2,1.0,2.0,3.0,WSe2_0.01562,11.770571999999891,1.2969000000000008
619cdd8b45851b2ed2432142,low_WSe2,1.0,2.0,3.0,WSe2_0.01562,27.996085969999967,0.26619999999999955
619cdd8b45851b2ed2432143,low_WSe2,1.0,2.0,3.0,WSe2_0.01562,27.911109099999976,0.19730000000000025
619cdd8b45851b2ed2432144,low_WSe2,2.0,1.0,3.0,WSe2_0.01562,39.36955538000011,0.22999999999999865
619cdd8b45851b2ed2432145,low_WSe2,0.0,3.0,3.0,WSe2_0.01562,0.4305010899999502,1.8278999999999996
619cdd8b45851b2ed2432146,low_WSe2,2.0,1.0,3.0,WSe2_0.01562,39.38574739999994,0.2966999999999995
619cdd8b45851b2ed2432147,low_WSe2,2.0,1.0,3.0,WSe2_0.01562,39.362737779999904,0.2749000000000006
619cdd8b45851b2ed2432148,low_WSe2,2.0,1.0,3.0,WSe2_0.01562,39.23830819000004,0.1847000000000012
619cdd8b45851b2ed2432149,low_WSe2,1.0,2.0,3.0,WSe2_0.01562,11.764105290000078,1.2957999999999998
619cdd8b45851b2ed243214a,low_WSe2,3.0,0.0,3.0,WSe2_0.01562,50.56736142000009,0.1963000000000008
619cdd8b45851b2ed243214b,low_WSe2,0.0,3.0,3.0,WSe2_0.01562,0.4296689899999251,1.8297999999999988
619cdd8b45851b2ed243214c,low_WSe2,2.0,1.0,3.0,WSe2_0.01562,39.21967442000009,0.18740000000000023
619cdd8b45851b2ed243214d,low_WSe2,1.0,2.0,3.0,WSe2_0.01562,27.91404551000005,0.19839999999999947
619cdd8b45851b2ed243214e,low_WSe2,2.0,1.0,3.0,WSe2_0.01562,39.252565549999915,0.19420000000000037
619cdd8b45851b2ed243214f,low_WSe2,1.0,2.0,3.0,WSe2_0.01562,11.773714879999932,1.2995000000000019
619cdd8b45851b2ed2432150,low_WSe2,1.0,2.0,3.0,WSe2_0.01562,11.77429574000006,1.305100000000003
619cdd8b45851b2ed2432151,low_WSe2,3.0,0.0,3.0,WSe2_0.01562,50.66719556999997,0.2568999999999999
619cdd8b45851b2ed2432152,low_WSe2,1.0,2.0,3.0,WSe2_0.01562,11.774600899999985,1.3019000000000034
619cdd8b45851b2ed2432153,low_WSe2,2.0,1.0,3.0,WSe2_0.01562,39.18899366999999,0.2068000000000012
619cdd8b45851b2ed2432154,low_WSe2,1.0,2.0,3.0,WSe2_0.01562,11.784870480000098,1.2942999999999998
619cdd8b45851b2ed2432155,low_WSe2,0.0,3.0,3.0,WSe2_0.01562,0.4295142099999225,1.8263999999999996
619cdd8b45851b2ed2432156,low_WSe2,1.0,2.0,3.0,WSe2_0.01562,11.785477390000086,1.2691999999999979
619cdd8b45851b2ed2432157,low_WSe2,1.0,1.0,2.0,WSe2_0.01042,8.023072540000044,1.3034
619cdd8b45851b2ed2432158,low_WSe2,2.0,1.0,3.0,WSe2_0.01562,23.09353644999991,1.2795000000000059
619cdd8b45851b2ed2432159,low_WSe2,1.0,2.0,3.0,WSe2_0.01562,27.997878180000043,0.26289999999999836
619cdd8b45851b2ed243215a,low_WSe2,2.0,1.0,3.0,WSe2_0.01562,39.19779139999996,0.21110000000000007
619cdd8b45851b2ed243215b,low_WSe2,0.0,3.0,3.0,WSe2_0.01562,0.42969585999998117,1.8296999999999954
619cdd8b45851b2ed243215c,low_WSe2,2.0,1.0,3.0,WSe2_0.01562,39.38754539000006,0.22090000000000032
619cdd8b45851b2ed243215d,low_WSe2,2.0,1.0,3.0,WSe2_0.01562,39.227868589999886,0.15110000000000134
619cdd8b45851b2ed243215e,low_WSe2,1.0,2.0,3.0,WSe2_0.01562,11.771272480000096,1.2804000000000002
619cdd8b45851b2ed243215f,low_WSe2,0.0,3.0,3.0,WSe2_0.01562,0.43326319999999896,1.8275000000000006
619cdd8b45851b2ed2432160,low_WSe2,2.0,1.0,3.0,WSe2_0.01562,39.195980430000006,0.21009999999999884
619cdd8b45851b2ed2432161,low_WSe2,2.0,1.0,3.0,WSe2_0.01562,39.23188280999993,0.19230000000000125
619cdd8b45851b2ed2432162,low_WSe2,3.0,0.0,3.0,WSe2_0.01562,50.55484781999994,0.26040000000000063
619cdd8b45851b2ed2432163,low_WSe2,0.0,2.0,2.0,WSe2_0.01042,2.0933638399999612,1.8203000000000031
619cdd8b45851b2ed2432164,low_WSe2,2.0,1.0,3.0,WSe2_0.01562,23.131094370000064,1.2683000000000035
619cdd8b45851b2ed2432165,low_WSe2,1.0,2.0,3.0,WSe2_0.01562,11.773166429999936,1.281799999999997
619cdd8b45851b2ed2432166,low_WSe2,1.0,2.0,3.0,WSe2_0.01562,11.756008920000102,1.2982000000000014
619cdd8b45851b2ed2432167,low_WSe2,3.0,0.0,3.0,WSe2_0.01562,50.56623109999996,0.19989999999999952
619cdd8b45851b2ed2432168,low_WSe2,1.0,2.0,3.0,WSe2_0.01562,27.9907049200001,0.2613000000000003
619cdd8b45851b2ed2432169,low_WSe2,2.0,1.0,3.0,WSe2_0.01562,23.1253857699999,1.2809999999999988
619cdd8b45851b2ed243216a,low_WSe2,1.0,2.0,3.0,WSe2_0.01562,11.754668439999922,1.303200000000004
619cdd8b45851b2ed243216b,low_WSe2,3.0,0.0,3.0,WSe2_0.01562,50.58383538999997,0.19930000000000092
619cdd8b45851b2ed243216c,low_WSe2,1.0,2.0,3.0,WSe2_0.01562,11.771978010000101,1.3023999999999987
619cdd8b45851b2ed243216d,low_WSe2,0.0,3.0,3.0,WSe2_0.01562,0.4252911299999482,1.830599999999997
619cdd8b45851b2ed243216e,low_WSe2,1.0,2.0,3.0,WSe2_0.01562,27.913719540000102,0.19259999999999877
619cdd8b45851b2ed243216f,low_WSe2,2.0,1.0,3.0,WSe2_0.01562,39.20186633000007,0.20619999999999905
619cdd8b45851b2ed2432170,low_WSe2,3.0,0.0,3.0,WSe2_0.01562,48.89473471000006,0.5802999999999994
619cdd8b45851b2ed2432171,low_WSe2,1.0,2.0,3.0,WSe2_0.01562,11.808379240000011,1.288800000000002
619cdd8b45851b2ed2432172,low_WSe2,0.0,3.0,3.0,WSe2_0.01562,0.43615803000005826,1.8269999999999982
619cdd8b45851b2ed2432173,low_WSe2,1.0,2.0,3.0,WSe2_0.01562,11.757836739999892,1.3020999999999958
619cdd8b45851b2ed2432174,low_WSe2,1.0,2.0,3.0,WSe2_0.01562,11.765933070000063,1.299900000000001
619cdd8b45851b2ed2432175,low_WSe2,0.0,3.0,3.0,WSe2_0.01562,0.45429151000001866,1.827300000000001
619cdd8b45851b2ed2432176,low_WSe2,2.0,1.0,3.0,WSe2_0.01562,39.34027692999989,0.251199999999999
619cdd8b45851b2ed2432177,low_WSe2,0.0,3.0,3.0,WSe2_0.01562,0.4274583499999949,1.8287000000000049
619cdd8b45851b2ed2432178,low_WSe2,2.0,1.0,3.0,WSe2_0.01562,23.11025298999997,1.258499999999998
619cdd8b45851b2ed2432179,low_WSe2,1.0,2.0,3.0,WSe2_0.01562,27.92080809999993,0.1885999999999992
619cdd8b45851b2ed243217a,low_WSe2,2.0,1.0,3.0,WSe2_0.01562,39.244153310000044,0.19589999999999996
619cdd8b45851b2ed243217b,low_WSe2,1.0,2.0,3.0,WSe2_0.01562,11.77457763999995,1.3012000000000015
619cdd8b45851b2ed243217c,low_WSe2,2.0,1.0,3.0,WSe2_0.01562,23.08480121000006,1.1978000000000009
619cdd8b45851b2ed243217d,low_WSe2,1.0,2.0,3.0,WSe2_0.01562,27.922776110000086,0.18689999999999962
619cdd8b45851b2ed243217e,low_WSe2,1.0,2.0,3.0,WSe2_0.01562,11.766103520000105,1.2971999999999966
619cdd8b45851b2ed243217f,low_WSe2,2.0,1.0,3.0,WSe2_0.01562,39.25535751000011,0.19489999999999874
619cdd8b45851b2ed2432180,low_WSe2,0.0,3.0,3.0,WSe2_0.01562,0.45520226999991564,1.8318999999999974
619cdd8b45851b2ed2432181,low_WSe2,1.0,2.0,3.0,WSe2_0.01562,27.996797389999983,0.2627000000000006
619cdd8b45851b2ed2432182,low_WSe2,2.0,1.0,3.0,WSe2_0.01562,39.3921552100001,0.28990000000000116
619cdd8b45851b2ed2432183,low_WSe2,2.0,1.0,3.0,WSe2_0.01562,23.117906199999915,1.2866999999999962
619cdd8b45851b2ed2432184,low_WSe2,1.0,2.0,3.0,WSe2_0.01562,11.768859219999957,1.3031000000000006
619cdd8b45851b2ed2432185,low_WSe2,1.0,2.0,3.0,WSe2_0.01562,11.796294609999894,1.3023000000000025
619cdd8b45851b2ed2432186,low_WSe2,3.0,0.0,3.0,WSe2_0.01562,48.906768780000085,0.593
619cdd8b45851b2ed2432187,low_WSe2,2.0,1.0,3.0,WSe2_0.01562,39.21999007999993,0.2032000000000007
619cdd8b45851b2ed2432188,low_WSe2,2.0,1.0,3.0,WSe2_0.01562,39.26316494000007,0.18820000000000014
619cdd8b45851b2ed2432189,low_WSe2,0.0,3.0,3.0,WSe2_0.01562,0.43254762999998775,1.8301000000000016
619cdd8b45851b2ed243218a,low_WSe2,2.0,1.0,3.0,WSe2_0.01562,39.23451574999994,0.19849999999999923
619cdd8b45851b2ed243218b,low_WSe2,1.0,2.0,3.0,WSe2_0.01562,11.771435350000036,1.2998000000000047
619cdd8b45851b2ed243218c,low_WSe2,1.0,2.0,3.0,WSe2_0.01562,11.766227280000056,1.299900000000001
619cdd8b45851b2ed243218d,low_WSe2,1.0,2.0,3.0,WSe2_0.01562,27.920571110000083,0.1941000000000006
619cdd8b45851b2ed243218e,low_WSe2,2.0,1.0,3.0,WSe2_0.01562,39.23955877000007,0.1905000000000001
619cdd8b45851b2ed243218f,low_WSe2,2.0,1.0,3.0,WSe2_0.01562,38.635674899999955,0.19180000000000064
619cdd8b45851b2ed2432190,low_WSe2,3.0,0.0,3.0,WSe2_0.01562,50.59201360999996,0.20509999999999984
619cdd8b45851b2ed2432191,low_WSe2,3.0,0.0,3.0,WSe2_0.01562,50.48811493000003,0.21260000000000012
619cdd8b45851b2ed2432192,low_WSe2,1.0,2.0,3.0,WSe2_0.01562,11.773786980000057,1.2804999999999964
619cdd8b45851b2ed2432193,low_WSe2,1.0,2.0,3.0,WSe2_0.01562,11.766696410000112,1.2972000000000037
619cdd8c45851b2ed2432194,low_WSe2,1.0,2.0,3.0,WSe2_0.01562,11.771950479999976,1.2800000000000011
619cdd8c45851b2ed2432195,low_WSe2,2.0,1.0,3.0,WSe2_0.01562,39.19368872,0.20790000000000042
619cdd8c45851b2ed2432196,low_WSe2,3.0,0.0,3.0,WSe2_0.01562,50.410918769999945,0.1816999999999993
619cdd8c45851b2ed2432197,low_WSe2,3.0,0.0,3.0,WSe2_0.01562,50.71714837999989,0.17480000000000118
619cdd8c45851b2ed2432198,low_WSe2,2.0,1.0,3.0,WSe2_0.01562,23.13050898999999,1.160899999999998
619cdd8c45851b2ed2432199,low_WSe2,1.0,2.0,3.0,WSe2_0.01562,11.77649507,1.2985999999999933
619cdd8c45851b2ed243219a,low_WSe2,2.0,1.0,3.0,WSe2_0.01562,39.24134424000003,0.19130000000000003
619cdd8c45851b2ed243219b,low_WSe2,1.0,2.0,3.0,WSe2_0.01562,11.766091720000066,1.2963999999999984
619cdd8c45851b2ed243219c,low_WSe2,0.0,3.0,3.0,WSe2_0.01562,0.43281410000003007,1.8188999999999993
619cdd8c45851b2ed243219d,low_WSe2,3.0,0.0,3.0,WSe2_0.01562,50.61894298000002,0.25
619cdd8c45851b2ed243219e,low_WSe2,1.0,2.0,3.0,WSe2_0.01562,28.000179690000095,0.2593999999999994
619cdd8c45851b2ed243219f,low_WSe2,2.0,1.0,3.0,WSe2_0.01562,39.26259998000005,0.1963000000000008
619cdd8c45851b2ed24321a0,low_WSe2,2.0,1.0,3.0,WSe2_0.01562,38.627930980000016,0.19119999999999848
619cdd8c45851b2ed24321a1,low_WSe2,1.0,2.0,3.0,WSe2_0.01562,11.767543809999996,1.3027000000000015
619cdd8c45851b2ed24321a2,low_WSe2,3.0,0.0,3.0,WSe2_0.01562,50.54290019000005,0.18459999999999965
619cdd8c45851b2ed24321a3,low_WSe2,1.0,2.0,3.0,WSe2_0.01562,11.76628415999993,1.2956000000000003
619cdd8c45851b2ed24321a4,low_WSe2,2.0,1.0,3.0,WSe2_0.01562,39.223895520000085,0.20169999999999888
619cdd8c45851b2ed24321a5,low_WSe2,1.0,2.0,3.0,WSe2_0.01562,11.772001679999892,1.2952000000000012
619cdd8c45851b2ed24321a6,low_WSe2,0.0,3.0,3.0,WSe2_0.01562,0.42860231999992493,1.8300000000000054
619cdd8c45851b2ed24321a7,low_WSe2,2.0,1.0,3.0,WSe2_0.01562,39.186911770000094,0.19120000000000026
619cdd8c45851b2ed24321a8,low_WSe2,3.0,0.0,3.0,WSe2_0.01562,50.56363861000009,0.1593
619cdd8c45851b2ed24321a9,low_WSe2,1.0,2.0,3.0,WSe2_0.01562,11.681448249999892,1.3082999999999956
619cdd8c45851b2ed24321aa,low_WSe2,1.0,2.0,3.0,WSe2_0.01562,27.911143779999975,0.19589999999999996
619cdd8c45851b2ed24321ab,low_WSe2,1.0,2.0,3.0,WSe2_0.01562,11.772169470000097,1.288499999999999
619cdd8c45851b2ed24321ac,low_WSe2,1.0,2.0,3.0,WSe2_0.01562,11.7730925799999,1.2973999999999961
619cdd8c45851b2ed24321ad,low_WSe2,0.0,3.0,3.0,WSe2_0.01562,0.4877709399999617,1.823599999999999
619cdd8c45851b2ed24321ae,low_WSe2,1.0,2.0,3.0,WSe2_0.01562,11.755400309999903,1.3018999999999963
619cdd8c45851b2ed24321af,low_WSe2,3.0,0.0,3.0,WSe2_0.01562,50.60271599000007,0.16359999999999886
619cdd8c45851b2ed24321b0,low_WSe2,2.0,1.0,3.0,WSe2_0.01562,38.647384259999896,0.17850000000000144
619cdd8c45851b2ed24321b1,low_WSe2,0.0,3.0,3.0,WSe2_0.01562,0.4316251500001158,1.8267000000000024
619cdd8c45851b2ed24321b2,low_WSe2,2.0,1.0,3.0,WSe2_0.01562,39.33998135999995,0.2721
619cdd8c45851b2ed24321b3,low_WSe2,1.0,2.0,3.0,WSe2_0.01562,11.78491353000003,1.2959000000000032
619cdd8c45851b2ed24321b4,low_WSe2,1.0,2.0,3.0,WSe2_0.01562,11.766125379999938,1.2946999999999989
619cdd8c45851b2ed24321b5,low_WSe2,2.0,1.0,3.0,WSe2_0.01562,39.24263963999992,0.15229999999999855
619cdd8c45851b2ed24321b6,low_WSe2,1.0,2.0,3.0,WSe2_0.01562,11.753854849999914,1.3004999999999995
619cdd8c45851b2ed24321b7,low_WSe2,1.0,2.0,3.0,WSe2_0.01562,11.770681219999904,1.298499999999997
619cdd8c45851b2ed24321b8,low_WSe2,1.0,2.0,3.0,WSe2_0.01562,11.76834865999989,1.2977999999999952
619cdd8c45851b2ed24321b9,low_WSe2,2.0,1.0,3.0,WSe2_0.01562,39.24469155000001,0.19200000000000017
619cdd8c45851b2ed24321ba,low_WSe2,1.0,2.0,3.0,WSe2_0.01562,11.76594227999998,1.2995000000000019
619cdd8c45851b2ed24321bb,low_WSe2,1.0,2.0,3.0,WSe2_0.01562,11.775796560000106,1.296599999999998
619cdd8c45851b2ed24321bc,low_WSe2,1.0,2.0,3.0,WSe2_0.01562,11.770754119999982,1.3018
619cdd8c45851b2ed24321bd,low_WSe2,3.0,0.0,3.0,WSe2_0.01562,50.567054870000085,0.2544000000000004
619cdd8c45851b2ed24321be,low_WSe2,2.0,1.0,3.0,WSe2_0.01562,39.22599012000005,0.198500000000001
619cdd8c45851b2ed24321bf,low_WSe2,3.0,0.0,3.0,WSe2_0.01562,48.90001788999994,0.5961999999999996
619cdd8c45851b2ed24321c0,low_WSe2,2.0,1.0,3.0,WSe2_0.01562,39.23040461000009,0.1891999999999996
619cdd8c45851b2ed24321c1,low_WSe2,2.0,1.0,3.0,WSe2_0.01562,23.124603069999957,1.2820000000000036
619cdd8c45851b2ed24321c2,low_WSe2,2.0,1.0,3.0,WSe2_0.01562,23.054986829999997,1.1212000000000018
619cdd8c45851b2ed24321c3,low_WSe2,2.0,1.0,3.0,WSe2_0.01562,39.23810951,0.09590000000000032
619cdd8c45851b2ed24321c4,low_WSe2,1.0,2.0,3.0,WSe2_0.01562,11.757487229999914,1.3006000000000029
619cdd8c45851b2ed24321c5,low_WSe2,1.0,2.0,3.0,WSe2_0.01562,27.991572899999937,0.26309999999999967
619cdd8c45851b2ed24321c6,low_WSe2,1.0,2.0,3.0,WSe2_0.01562,27.99694795000005,0.2685999999999993
619cdd8c45851b2ed24321c7,low_WSe2,3.0,0.0,3.0,WSe2_0.01562,49.47076172000002,0.21879999999999988
619cdd8c45851b2ed24321c8,low_WSe2,2.0,1.0,3.0,WSe2_0.01562,39.212009659999964,0.14329999999999998
619cdd8c45851b2ed24321c9,low_WSe2,2.0,1.0,3.0,WSe2_0.01562,39.24148969000002,0.21450000000000102
619cdd8c45851b2ed24321ca,low_WSe2,3.0,0.0,3.0,WSe2_0.01562,50.545176590000075,0.15360000000000085
619cdd8c45851b2ed24321cb,low_WSe2,2.0,1.0,3.0,WSe2_0.01562,37.582708899999986,0.6529999999999987
619cdd8c45851b2ed24321cc,low_WSe2,0.0,3.0,3.0,WSe2_0.01562,0.4286990499999206,1.8270000000000053
619cdd8c45851b2ed24321cd,low_WSe2,2.0,1.0,3.0,WSe2_0.01562,23.116722880000033,1.247799999999998
619cdd8c45851b2ed24321ce,low_WSe2,2.0,1.0,3.0,WSe2_0.01562,23.106333089999943,1.217100000000002
619cdd8c45851b2ed24321cf,low_WSe2,1.0,2.0,3.0,WSe2_0.01562,27.911817420000034,0.19560000000000066
619cdd8c45851b2ed24321d0,low_WSe2,0.0,3.0,3.0,WSe2_0.01562,0.42922452999999905,1.8247
619cdd8c45851b2ed24321d1,low_WSe2,3.0,0.0,3.0,WSe2_0.01562,49.97355198,0.19079999999999941
619cdd8c45851b2ed24321d2,low_WSe2,2.0,1.0,3.0,WSe2_0.01562,39.23393319000006,0.20429999999999993
619cdd8c45851b2ed24321d3,low_WSe2,1.0,2.0,3.0,WSe2_0.01562,11.769956020000098,1.3033999999999963
619cdd8c45851b2ed24321d4,low_WSe2,3.0,0.0,3.0,WSe2_0.01562,50.57372593,0.19339999999999868
619cdd8c45851b2ed24321d5,low_WSe2,2.0,1.0,3.0,WSe2_0.01562,39.22050608999989,0.14889999999999937
619cdd8c45851b2ed24321d6,low_WSe2,2.0,1.0,3.0,WSe2_0.01562,39.20155643999992,0.1916999999999991
619cdd8c45851b2ed24321d7,low_WSe2,1.0,2.0,3.0,WSe2_0.01562,11.736487469999918,1.2967999999999975
619cdd8c45851b2ed24321d8,low_WSe2,1.0,2.0,3.0,WSe2_0.01562,27.998139060000085,0.2638999999999996
619cdd8c45851b2ed24321d9,low_WSe2,1.0,2.0,3.0,WSe2_0.01562,28.06457522000005,0.2836999999999996
619cdd8c45851b2ed24321da,low_WSe2,0.0,3.0,3.0,WSe2_0.01562,0.4294897300000571,1.833999999999996
619cdd8c45851b2ed24321db,low_WSe2,1.0,2.0,3.0,WSe2_0.01562,11.769672189999927,1.301400000000001
619cdd8c45851b2ed24321dc,low_WSe2,2.0,1.0,3.0,WSe2_0.01562,39.24808725999996,0.19409999999999883
619cdd8c45851b2ed24321dd,low_WSe2,3.0,0.0,3.0,WSe2_0.01562,49.93701130999998,0.18019999999999925
619cdd8c45851b2ed24321de,low_WSe2,0.0,3.0,3.0,WSe2_0.01562,0.4300868100000912,1.823999999999998
619cdd8c45851b2ed24321df,low_WSe2,1.0,2.0,3.0,WSe2_0.01562,11.758300140000063,1.2978000000000023
619cdd8c45851b2ed24321e0,low_WSe2,3.0,0.0,3.0,WSe2_0.01562,49.96071642999991,0.1869999999999994
619cdd8c45851b2ed24321e1,low_WSe2,2.0,1.0,3.0,WSe2_0.01562,23.10206158000009,1.2575999999999965
619cdd8c45851b2ed24321e2,low_WSe2,3.0,0.0,3.0,WSe2_0.01562,50.54076681999991,0.2171000000000003
619cdd8c45851b2ed24321e3,low_WSe2,2.0,1.0,3.0,WSe2_0.01562,39.23711075999999,0.20629999999999882
619cdd8c45851b2ed24321e4,low_WSe2,2.0,1.0,3.0,WSe2_0.01562,39.22961749999995,0.21799999999999997
619cdd8c45851b2ed24321e5,low_WSe2,0.0,3.0,3.0,WSe2_0.01562,0.4290054499999201,1.8239000000000019
619cdd8c45851b2ed24321e6,low_WSe2,1.0,2.0,3.0,WSe2_0.01562,27.99072595000007,0.2646000000000015
619cdd8c45851b2ed24321e7,low_WSe2,2.0,1.0,3.0,WSe2_0.01562,39.195014400000034,0.1828000000000003
619cdd8d45851b2ed24321e8,low_WSe2,2.0,1.0,3.0,WSe2_0.01562,37.57806983999994,0.654399999999999
619cdd8d45851b2ed24321e9,low_WSe2,3.0,0.0,3.0,WSe2_0.01562,50.529939460000016,0.2126999999999999
619cdd8d45851b2ed24321ea,low_WSe2,1.0,2.0,3.0,WSe2_0.01562,11.769017340000108,1.2993999999999986
619cdd8d45851b2ed24321eb,low_WSe2,1.0,2.0,3.0,WSe2_0.01562,28.001534669999955,0.25849999999999973
619cdd8d45851b2ed24321ec,low_WSe2,1.0,2.0,3.0,WSe2_0.01562,11.763731649999944,1.2980000000000018
619cdd8d45851b2ed24321ed,low_WSe2,3.0,0.0,3.0,WSe2_0.01562,50.48172615999997,0.22609999999999886
619cdd8d45851b2ed24321ee,low_WSe2,2.0,1.0,3.0,WSe2_0.01562,39.23492304999995,0.1982999999999997
619cdd8d45851b2ed24321ef,low_WSe2,3.0,0.0,3.0,WSe2_0.01562,48.922400660000086,0.6046999999999993
619cdd8d45851b2ed24321f0,low_WSe2,1.0,2.0,3.0,WSe2_0.01562,11.78669917000001,1.270399999999995
619cdd8d45851b2ed24321f1,low_WSe2,2.0,1.0,3.0,WSe2_0.01562,39.235536499999895,0.20149999999999935
619cdd8d45851b2ed24321f2,low_WSe2,2.0,1.0,3.0,WSe2_0.01562,39.19292870000008,0.21609999999999907
619cdd8d45851b2ed24321f3,low_WSe2,2.0,1.0,3.0,WSe2_0.01562,39.26680194999999,0.17929999999999957
619cdd8d45851b2ed24321f4,low_WSe2,2.0,1.0,3.0,WSe2_0.01562,23.12683653999992,1.2628000000000057
619cdd8d45851b2ed24321f5,low_WSe2,2.0,1.0,3.0,WSe2_0.01562,39.24199200999992,0.19539999999999935
619cdd8d45851b2ed24321f6,low_WSe2,2.0,1.0,3.0,WSe2_0.01562,23.251305009999932,0.8547999999999973
619cdd8d45851b2ed24321f7,low_WSe2,3.0,0.0,3.0,WSe2_0.01562,48.911035489999996,0.6082999999999998
619cdd8d45851b2ed24321f8,low_WSe2,1.0,2.0,3.0,WSe2_0.01562,11.783561429999953,1.2894000000000005
619cdd8d45851b2ed24321f9,low_WSe2,0.0,3.0,3.0,WSe2_0.01562,0.4315556599999013,1.8286999999999978
619cdd8d45851b2ed24321fa,low_WSe2,1.0,2.0,3.0,WSe2_0.01562,27.91990424000005,0.20330000000000048
619cdd8d45851b2ed24321fb,low_WSe2,2.0,1.0,3.0,WSe2_0.01562,23.10229248999989,1.2815000000000012
619cdd8d45851b2ed24321fc,low_WSe2,3.0,0.0,3.0,WSe2_0.01562,50.49028624999992,0.19640000000000057
619cdd8d45851b2ed24321fd,low_WSe2,2.0,1.0,3.0,WSe2_0.01562,23.104132870000093,1.2182999999999993
619cdd8d45851b2ed24321fe,low_WSe2,2.0,1.0,3.0,WSe2_0.01562,23.26896164000008,0.8562999999999974
619cdd8d45851b2ed24321ff,low_WSe2,2.0,1.0,3.0,WSe2_0.01562,38.64421767000003,0.18369999999999997
619cdd8d45851b2ed2432200,low_WSe2,3.0,0.0,3.0,WSe2_0.01562,48.91020805000003,0.5911000000000008
619cdd8d45851b2ed2432201,low_WSe2,2.0,1.0,3.0,WSe2_0.01562,39.228232750000004,0.2159999999999993
619cdd8d45851b2ed2432202,low_WSe2,1.0,2.0,3.0,WSe2_0.01562,27.91043884999999,0.19400000000000084
619cdd8d45851b2ed2432203,low_WSe2,0.0,3.0,3.0,WSe2_0.01562,0.43379014000009875,1.821799999999996
619cdd8d45851b2ed2432204,low_WSe2,2.0,1.0,3.0,WSe2_0.01562,23.153566750000017,1.1799000000000035
619cdd8d45851b2ed2432205,low_WSe2,3.0,0.0,3.0,WSe2_0.01562,50.555739029999906,0.1930000000000014
619cdd8d45851b2ed2432206,low_WSe2,2.0,1.0,3.0,WSe2_0.01562,23.11699305999995,1.273299999999999
619cdd8d45851b2ed2432207,low_WSe2,1.0,2.0,3.0,WSe2_0.01562,11.764959269999952,1.299199999999999
619cdd8d45851b2ed2432208,low_WSe2,1.0,2.0,3.0,WSe2_0.01562,11.76439267999989,1.2973
619cdd8d45851b2ed2432209,low_WSe2,1.0,2.0,3.0,WSe2_0.01562,11.773438400000021,1.303200000000004
619cdd8d45851b2ed243220a,low_WSe2,1.0,2.0,3.0,WSe2_0.01562,27.91665128999989,0.198500000000001
619cdd8d45851b2ed243220b,low_WSe2,0.0,2.0,2.0,WSe2_0.01042,-3.3198897900000937,1.8682000000000016
619cdd8d45851b2ed243220c,low_WSe2,0.0,3.0,3.0,WSe2_0.01562,0.43205129999995506,1.816600000000001
619cdd8d45851b2ed243220d,low_WSe2,2.0,1.0,3.0,WSe2_0.01562,23.09702451000002,1.2804000000000002
619cdd8d45851b2ed243220e,low_WSe2,1.0,2.0,3.0,WSe2_0.01562,11.783711490000076,1.2736000000000018
619cdd8d45851b2ed243220f,low_WSe2,2.0,1.0,3.0,WSe2_0.01562,23.092830979999952,1.2441999999999993
619cdd8d45851b2ed2432210,low_WSe2,2.0,1.0,3.0,WSe2_0.01562,39.23739071999994,0.2019000000000002
619cdd8d45851b2ed2432211,low_WSe2,0.0,3.0,3.0,WSe2_0.01562,0.42692043999994667,1.8264999999999958
619cdd8d45851b2ed2432212,low_WSe2,2.0,1.0,3.0,WSe2_0.01562,23.10705443999999,1.2790999999999997
619cdd8d45851b2ed2432213,low_WSe2,1.0,2.0,3.0,WSe2_0.01562,11.764647819999926,1.3019999999999996
619cdd8d45851b2ed2432214,low_WSe2,0.0,3.0,3.0,WSe2_0.01562,0.4549085400000763,1.827300000000001
619cdd8d45851b2ed2432215,low_WSe2,1.0,2.0,3.0,WSe2_0.01562,11.786885449999989,1.2942999999999998
619cdd8d45851b2ed2432216,low_WSe2,2.0,1.0,3.0,WSe2_0.01562,39.244083020000105,0.14400000000000013
619cdd8d45851b2ed2432217,low_WSe2,3.0,0.0,3.0,WSe2_0.01562,50.62331961999994,0.27059999999999995
619cdd8d45851b2ed2432218,low_WSe2,2.0,1.0,3.0,WSe2_0.01562,23.126495560000002,1.2789999999999964
619cdd8d45851b2ed2432219,low_WSe2,2.0,1.0,3.0,WSe2_0.01562,39.21366951000009,0.18319999999999936
619cdd8d45851b2ed243221a,low_WSe2,1.0,2.0,3.0,WSe2_0.01562,11.761577729999988,1.3067999999999955
619cdd8d45851b2ed243221b,low_WSe2,2.0,1.0,3.0,WSe2_0.01562,23.14915118999992,1.180099999999996
619cdd8d45851b2ed243221c,low_WSe2,2.0,1.0,3.0,WSe2_0.01562,23.09584947000011,1.272599999999997
619cdd8d45851b2ed243221d,low_WSe2,2.0,1.0,3.0,WSe2_0.01562,39.27222760999989,0.25950000000000095
619cdd8d45851b2ed243221e,low_WSe2,2.0,1.0,3.0,WSe2_0.01562,23.142384049999954,1.1799999999999997
619cdd8d45851b2ed243221f,low_WSe2,0.0,2.0,2.0,WSe2_0.01042,2.0902711300000423,1.837299999999999
619cdd8d45851b2ed2432220,low_WSe2,1.0,2.0,3.0,WSe2_0.01562,11.773635289999891,1.2988999999999962
619cdd8d45851b2ed2432221,low_WSe2,2.0,1.0,3.0,WSe2_0.01562,39.259975140000094,0.1916000000000011
619cdd8d45851b2ed2432222,low_WSe2,2.0,1.0,3.0,WSe2_0.01562,23.12109919000003,1.2660000000000053
619cdd8d45851b2ed2432223,low_WSe2,1.0,2.0,3.0,WSe2_0.01562,11.774922060000097,1.2956000000000003
619cdd8d45851b2ed2432224,low_WSe2,1.0,2.0,3.0,WSe2_0.01562,11.763586329999942,1.2959999999999994
619cdd8d45851b2ed2432225,low_WSe2,3.0,0.0,3.0,WSe2_0.01562,50.57951373000001,0.16830000000000034
619cdd8d45851b2ed2432226,low_WSe2,1.0,2.0,3.0,WSe2_0.01562,11.767523230000041,1.2977999999999952
619cdd8d45851b2ed2432227,low_WSe2,2.0,1.0,3.0,WSe2_0.01562,39.3338773599999,0.24569999999999936
619cdd8d45851b2ed2432228,low_WSe2,2.0,1.0,3.0,WSe2_0.01562,38.589310970000085,0.1609999999999996
619cdd8d45851b2ed2432229,low_WSe2,0.0,3.0,3.0,WSe2_0.01562,0.4294448200000147,1.8240000000000052
619cdd8d45851b2ed243222a,low_WSe2,0.0,3.0,3.0,WSe2_0.01562,0.42765404999994416,1.8223000000000056
619cdd8d45851b2ed243222b,low_WSe2,2.0,1.0,3.0,WSe2_0.01562,23.107891299999928,1.278500000000001
619cdd8d45851b2ed243222c,low_WSe2,2.0,1.0,3.0,WSe2_0.01562,23.103798740000038,1.2573000000000008
619cdd8d45851b2ed243222d,low_WSe2,3.0,0.0,3.0,WSe2_0.01562,50.5919266899999,0.1999000000000013
619cdd8d45851b2ed243222e,low_WSe2,3.0,0.0,3.0,WSe2_0.01562,49.952262399999974,0.18270000000000053
619cdd8d45851b2ed243222f,low_WSe2,1.0,2.0,3.0,WSe2_0.01562,11.774912569999959,1.2826999999999984
619cdd8d45851b2ed2432230,low_WSe2,1.0,2.0,3.0,WSe2_0.01562,11.768803240000114,1.2995000000000019
619cdd8d45851b2ed2432231,low_WSe2,2.0,1.0,3.0,WSe2_0.01562,39.22924624000011,0.14780000000000015
619cdd8d45851b2ed2432232,low_WSe2,3.0,0.0,3.0,WSe2_0.01562,50.55645407999996,0.20330000000000048
619cdd8d45851b2ed2432233,low_WSe2,2.0,1.0,3.0,WSe2_0.01562,38.63206470000004,0.1894999999999989
619cdd8d45851b2ed2432234,low_WSe2,2.0,1.0,3.0,WSe2_0.01562,39.23506860000002,0.20209999999999972
619cdd8d45851b2ed2432235,low_WSe2,1.0,2.0,3.0,WSe2_0.01562,27.996177490000036,0.2660999999999998
619cdd8d45851b2ed2432236,low_WSe2,0.0,3.0,3.0,WSe2_0.01562,0.4278316100000552,1.8253000000000057
619cdd8d45851b2ed2432237,low_WSe2,1.0,2.0,3.0,WSe2_0.01562,27.917108439999993,0.19740000000000002
619cdd8d45851b2ed2432238,low_WSe2,0.0,3.0,3.0,WSe2_0.01562,0.4301807300000178,1.813600000000001
619cdd8d45851b2ed2432239,low_WSe2,2.0,1.0,3.0,WSe2_0.01562,23.137279869999965,1.1407999999999987
619cdd8d45851b2ed243223a,low_WSe2,1.0,2.0,3.0,WSe2_0.01562,11.759412679999958,1.2997999999999976
619cdd8d45851b2ed243223b,low_WSe2,0.0,3.0,3.0,WSe2_0.01562,0.4542032000001086,1.8294000000000068
619cdd8d45851b2ed243223c,low_WSe2,2.0,1.0,3.0,WSe2_0.01562,39.26198907000007,0.2472999999999992
619cdd8e45851b2ed243223d,low_WSe2,0.0,3.0,3.0,WSe2_0.01562,0.43003214999993133,1.8292000000000002
619cdd8e45851b2ed243223e,low_WSe2,2.0,1.0,3.0,WSe2_0.01562,23.104947970000048,1.2686999999999955
619cdd8e45851b2ed243223f,low_WSe2,2.0,1.0,3.0,WSe2_0.01562,23.27400459000004,0.8604999999999947
619cdd8e45851b2ed2432240,low_WSe2,2.0,1.0,3.0,WSe2_0.01562,39.23157975000008,0.18520000000000003
619cdd8e45851b2ed2432241,low_WSe2,2.0,1.0,3.0,WSe2_0.01562,23.036968910000077,1.1213999999999942
619cdd8e45851b2ed2432242,low_WSe2,2.0,1.0,3.0,WSe2_0.01562,39.26465293999995,0.1919000000000004
619cdd8e45851b2ed2432243,low_WSe2,1.0,2.0,3.0,WSe2_0.01562,27.940140380000003,0.17989999999999995
619cdd8e45851b2ed2432244,low_WSe2,2.0,1.0,3.0,WSe2_0.01562,39.2336034800001,0.21620000000000061
619cdd8e45851b2ed2432245,low_WSe2,1.0,2.0,3.0,WSe2_0.01562,28.051271569999926,0.25200000000000067
619cdd8e45851b2ed2432246,low_WSe2,1.0,2.0,3.0,WSe2_0.01562,11.753920610000012,1.2938000000000045
619cdd8e45851b2ed2432247,low_WSe2,1.0,2.0,3.0,WSe2_0.01562,27.91728663999993,0.19730000000000025
619cdd8e45851b2ed2432248,low_WSe2,1.0,2.0,3.0,WSe2_0.01562,11.775956019999956,1.1612999999999971
619cdd8e45851b2ed2432249,low_WSe2,1.0,2.0,3.0,WSe2_0.01562,27.910562020000043,0.1974999999999998
619cdd8e45851b2ed243224a,low_WSe2,2.0,1.0,3.0,WSe2_0.01562,39.25364102999997,0.1905000000000001
619cdd8e45851b2ed243224b,low_WSe2,2.0,1.0,3.0,WSe2_0.01562,23.13528141999999,1.1550999999999974
619cdd8e45851b2ed243224c,low_WSe2,1.0,2.0,3.0,WSe2_0.01562,11.76672209000002,1.293299999999995
619cdd8e45851b2ed243224d,low_WSe2,1.0,2.0,3.0,WSe2_0.01562,27.92370404999997,0.19180000000000064
619cdd8e45851b2ed243224e,low_WSe2,2.0,1.0,3.0,WSe2_0.01562,39.28423417999993,0.1620000000000008
619cdd8e45851b2ed243224f,low_WSe2,0.0,3.0,3.0,WSe2_0.01562,0.4328041200000712,1.8188999999999993
619cdd8e45851b2ed2432250,low_WSe2,2.0,1.0,3.0,WSe2_0.01562,39.34082870999991,0.26729999999999876
619cdd8e45851b2ed2432251,low_WSe2,2.0,1.0,3.0,WSe2_0.01562,23.128096350000114,1.2848000000000042
619cdd8e45851b2ed2432252,low_WSe2,0.0,3.0,3.0,WSe2_0.01562,0.43642369000002645,1.8238000000000056
619cdd8e45851b2ed2432253,low_WSe2,2.0,1.0,3.0,WSe2_0.01562,39.390900890000054,0.2972999999999999
619cdd8e45851b2ed2432254,low_WSe2,1.0,2.0,3.0,WSe2_0.01562,27.923326769999903,0.1891999999999996
619cdd8e45851b2ed2432255,low_WSe2,1.0,1.0,2.0,WSe2_0.01042,8.027545280000027,1.2867999999999995
619cdd8e45851b2ed2432256,low_WSe2,2.0,1.0,3.0,WSe2_0.01562,23.14000943,1.2760999999999996
619cdd8e45851b2ed2432257,low_WSe2,2.0,1.0,3.0,WSe2_0.01562,23.096820960000095,1.2576999999999998
619cdd8e45851b2ed2432258,low_WSe2,3.0,0.0,3.0,WSe2_0.01562,48.90526562,0.6179000000000006
619cdd8e45851b2ed2432259,low_WSe2,2.0,1.0,3.0,WSe2_0.01562,38.63047179999994,0.1946999999999992
619cdd8e45851b2ed243225a,low_WSe2,2.0,1.0,3.0,WSe2_0.01562,39.28793028,0.13989999999999903
619cdd8e45851b2ed243225b,low_WSe2,1.0,2.0,3.0,WSe2_0.01562,11.767307419999941,1.2941000000000003
619cdd8e45851b2ed243225c,low_WSe2,1.0,2.0,3.0,WSe2_0.01562,11.773959849999972,1.2817000000000007
619cdd8e45851b2ed243225d,low_WSe2,2.0,1.0,3.0,WSe2_0.01562,22.9756365000001,1.1143999999999963
619cdd8e45851b2ed243225e,low_WSe2,2.0,1.0,3.0,WSe2_0.01562,39.243155380000005,0.21620000000000061
619cdd8e45851b2ed243225f,low_WSe2,1.0,2.0,3.0,WSe2_0.01562,28.001857870000094,0.26429999999999865
619cdd8e45851b2ed2432260,low_WSe2,2.0,1.0,3.0,WSe2_0.01562,23.106451760000063,1.2579000000000065
619cdd8e45851b2ed2432261,low_WSe2,1.0,2.0,3.0,WSe2_0.01562,11.753664040000093,1.2968000000000046
619cdd8e45851b2ed2432262,low_WSe2,1.0,2.0,3.0,WSe2_0.01562,27.995676799999956,0.2688000000000006
619cdd8e45851b2ed2432263,low_WSe2,1.0,2.0,3.0,WSe2_0.01562,11.76720066000006,1.2988
619cdd8e45851b2ed2432264,low_WSe2,1.0,1.0,2.0,WSe2_0.01042,29.66026130000008,0.2635000000000005
619cdd8e45851b2ed2432265,low_WSe2,1.0,2.0,3.0,WSe2_0.01562,11.792074059999994,1.1578000000000017
619cdd8e45851b2ed2432266,low_WSe2,1.0,2.0,3.0,WSe2_0.01562,11.746679470000107,1.2992999999999952
619cdd8e45851b2ed2432267,low_WSe2,1.0,2.0,3.0,WSe2_0.01562,28.004333159999987,0.2599999999999998
619cdd8e45851b2ed2432268,low_WSe2,0.0,3.0,3.0,WSe2_0.01562,0.42920326000006526,1.8249000000000066
619cdd8e45851b2ed2432269,low_WSe2,1.0,2.0,3.0,WSe2_0.01562,11.769037960000095,1.3016000000000005
619cdd8e45851b2ed243226a,low_WSe2,1.0,2.0,3.0,WSe2_0.01562,28.05017358000009,0.22269999999999968
619cdd8e45851b2ed243226b,low_WSe2,1.0,2.0,3.0,WSe2_0.01562,11.769302319999941,1.3027000000000015
619cdd8e45851b2ed243226c,low_WSe2,1.0,2.0,3.0,WSe2_0.01562,27.928879999999936,0.18780000000000108
619cdd8e45851b2ed243226d,low_WSe2,2.0,1.0,3.0,WSe2_0.01562,39.2389590400001,0.2002000000000006
619cdd8e45851b2ed243226e,low_WSe2,1.0,2.0,3.0,WSe2_0.01562,11.777357160000054,1.3023000000000025
619cdd8e45851b2ed243226f,low_WSe2,1.0,2.0,3.0,WSe2_0.01562,27.921222940000007,0.20059999999999967
619cdd8e45851b2ed2432270,low_WSe2,2.0,1.0,3.0,WSe2_0.01562,23.08969443999994,1.2689000000000021
619cdd8e45851b2ed2432271,low_WSe2,3.0,0.0,3.0,WSe2_0.01562,50.548311760000026,0.21369999999999933
619cdd8e45851b2ed2432272,low_WSe2,0.0,3.0,3.0,WSe2_0.01562,0.428344260000074,1.828000000000003
619cdd8e45851b2ed2432273,low_WSe2,0.0,3.0,3.0,WSe2_0.01562,0.42813988999995445,1.8277999999999963
619cdd8e45851b2ed2432274,low_WSe2,1.0,2.0,3.0,WSe2_0.01562,11.767657189999898,1.2975999999999956
619cdd8e45851b2ed2432275,low_WSe2,2.0,1.0,3.0,WSe2_0.01562,39.23388750000008,0.20759999999999934
619cdd8e45851b2ed2432276,low_WSe2,3.0,0.0,3.0,WSe2_0.01562,49.9539688599999,0.18299999999999983
619cdd8e45851b2ed2432277,low_WSe2,2.0,1.0,3.0,WSe2_0.01562,39.238539750000015,0.2179000000000002
619cdd8e45851b2ed2432278,low_WSe2,1.0,1.0,2.0,WSe2_0.01042,13.420751790000011,1.3016999999999967
619cdd8e45851b2ed2432279,low_WSe2,1.0,2.0,3.0,WSe2_0.01562,11.782562309999992,1.2813000000000017
619cdd8e45851b2ed243227a,low_WSe2,0.0,3.0,3.0,WSe2_0.01562,0.43194901999999047,1.8145000000000024
619cdd8e45851b2ed243227b,low_WSe2,0.0,3.0,3.0,WSe2_0.01562,0.429599929999938,1.8326999999999956
619cdd8e45851b2ed243227c,low_WSe2,3.0,0.0,3.0,WSe2_0.01562,50.70934431999999,0.26810000000000045
619cdd8e45851b2ed243227d,low_WSe2,2.0,1.0,3.0,WSe2_0.01562,23.042002070000116,1.1234000000000037
619cdd8e45851b2ed243227e,low_WSe2,2.0,1.0,3.0,WSe2_0.01562,23.123885060000056,1.255200000000002
619cdd8e45851b2ed243227f,low_WSe2,3.0,0.0,3.0,WSe2_0.01562,50.66180433999998,0.27059999999999995
619cdd8e45851b2ed2432280,low_WSe2,0.0,3.0,3.0,WSe2_0.01562,0.42768134000010605,1.8258999999999972
619cdd8e45851b2ed2432281,low_WSe2,0.0,3.0,3.0,WSe2_0.01562,0.4290964799999415,1.8260000000000005
619cdd8e45851b2ed2432282,low_WSe2,1.0,2.0,3.0,WSe2_0.01562,11.78501957000002,1.1582000000000008
619cdd8e45851b2ed2432283,low_WSe2,3.0,0.0,3.0,WSe2_0.01562,50.55314327999995,0.20560000000000045
619cdd8e45851b2ed2432284,low_WSe2,1.0,2.0,3.0,WSe2_0.01562,28.001101240000025,0.26529999999999987
619cdd8e45851b2ed2432285,low_WSe2,2.0,1.0,3.0,WSe2_0.01562,39.201401419999954,0.19030000000000058
619cdd8e45851b2ed2432286,low_WSe2,1.0,2.0,3.0,WSe2_0.01562,11.75211661000002,1.3027000000000015
619cdd8e45851b2ed2432287,low_WSe2,2.0,1.0,3.0,WSe2_0.01562,23.1129765399999,1.2862999999999971
619cdd8e45851b2ed2432288,low_WSe2,1.0,2.0,3.0,WSe2_0.01562,11.787438349999992,1.271799999999999
619cdd8e45851b2ed2432289,low_WSe2,1.0,2.0,3.0,WSe2_0.01562,27.91920944000003,0.19059999999999988
619cdd8e45851b2ed243228a,low_WSe2,1.0,2.0,3.0,WSe2_0.01562,11.76764651999996,1.2985000000000042
619cdd8e45851b2ed243228b,low_WSe2,2.0,1.0,3.0,WSe2_0.01562,39.243911079999904,0.19309999999999938
619cdd8e45851b2ed243228c,low_WSe2,2.0,1.0,3.0,WSe2_0.01562,39.23436978999989,0.15090000000000003
619cdd8e45851b2ed243228d,low_WSe2,0.0,3.0,3.0,WSe2_0.01562,0.43020350999989887,1.8320000000000007
619cdd8e45851b2ed243228e,low_WSe2,2.0,1.0,3.0,WSe2_0.01562,23.159897300000047,1.1766999999999967
619cdd8e45851b2ed243228f,low_WSe2,3.0,0.0,3.0,WSe2_0.01562,50.550082809999914,0.2123999999999988
619cdd8e45851b2ed2432290,low_WSe2,1.0,2.0,3.0,WSe2_0.01562,27.924319879999985,0.19099999999999895
619cdd8e45851b2ed2432291,low_WSe2,2.0,1.0,3.0,WSe2_0.01562,39.24155926999997,0.20080000000000098
619cdd8f45851b2ed2432292,low_WSe2,1.0,2.0,3.0,WSe2_0.01562,27.912843820000035,0.19329999999999892
619cdd8f45851b2ed2432293,low_WSe2,1.0,2.0,3.0,WSe2_0.01562,11.752808360000007,1.2942000000000036
619cdd8f45851b2ed2432294,low_WSe2,2.0,1.0,3.0,WSe2_0.01562,23.11896396000001,1.2839000000000027
619cdd8f45851b2ed2432295,low_WSe2,0.0,3.0,3.0,WSe2_0.01562,0.42944211000002497,1.8293999999999997
619cdd8f45851b2ed2432296,low_WSe2,0.0,3.0,3.0,WSe2_0.01562,0.4575846399999932,1.828800000000001
619cdd8f45851b2ed2432297,low_WSe2,2.0,1.0,3.0,WSe2_0.01562,23.118599969999913,1.140500000000003
619cdd8f45851b2ed2432298,low_WSe2,2.0,1.0,3.0,WSe2_0.01562,39.209449969999966,0.18390000000000128
619cdd8f45851b2ed2432299,low_WSe2,1.0,2.0,3.0,WSe2_0.01562,27.906705930000044,0.19669999999999987
619cdd8f45851b2ed243229a,low_WSe2,0.0,3.0,3.0,WSe2_0.01562,0.4281002100000819,1.8255000000000052
619cdd8f45851b2ed243229b,low_WSe2,1.0,2.0,3.0,WSe2_0.01562,27.917333180000014,0.18759999999999977
619cdd8f45851b2ed243229c,low_WSe2,2.0,1.0,3.0,WSe2_0.01562,39.22329954000001,0.18960000000000043
619cdd8f45851b2ed243229d,low_WSe2,2.0,1.0,3.0,WSe2_0.01562,37.58719419999993,0.6516000000000002
619cdd8f45851b2ed243229e,low_WSe2,1.0,2.0,3.0,WSe2_0.01562,27.919617830000107,0.18810000000000038
619cdd8f45851b2ed243229f,low_WSe2,0.0,3.0,3.0,WSe2_0.01562,0.4259252100000026,1.8261000000000038
619cdd8f45851b2ed24322a0,low_WSe2,3.0,0.0,3.0,WSe2_0.01562,50.590471500000014,0.1999999999999993
619cdd8f45851b2ed24322a1,low_WSe2,2.0,1.0,3.0,WSe2_0.01562,39.23617941000002,0.2171000000000003
619cdd8f45851b2ed24322a2,low_WSe2,2.0,1.0,3.0,WSe2_0.01562,23.27367828000005,0.8562999999999974
619cdd8f45851b2ed24322a3,low_WSe2,3.0,0.0,3.0,WSe2_0.01562,49.96631067999997,0.1889000000000003
619cdd8f45851b2ed24322a4,low_WSe2,1.0,2.0,3.0,WSe2_0.01562,28.061661189999995,0.27970000000000006
619cdd8f45851b2ed24322a5,low_WSe2,3.0,0.0,3.0,WSe2_0.01562,50.49982787999998,0.14639999999999986
619cdd8f45851b2ed24322a6,low_WSe2,2.0,1.0,3.0,WSe2_0.01562,23.123892549999972,1.274000000000001
619cdd8f45851b2ed24322a7,low_WSe2,2.0,1.0,3.0,WSe2_0.01562,23.135625229999995,1.2392000000000039
619cdd8f45851b2ed24322a8,low_WSe2,2.0,1.0,3.0,WSe2_0.01562,23.102429719999954,1.2603000000000009
619cdd8f45851b2ed24322a9,low_WSe2,3.0,0.0,3.0,WSe2_0.01562,49.45604459000001,0.16409999999999947
619cdd8f45851b2ed24322aa,low_WSe2,2.0,1.0,3.0,WSe2_0.01562,38.651177830000094,0.19679999999999964
619cdd8f45851b2ed24322ab,low_WSe2,2.0,1.0,3.0,WSe2_0.01562,39.248633779999906,0.18069999999999986
619cdd8f45851b2ed24322ac,low_WSe2,1.0,2.0,3.0,WSe2_0.01562,11.771979419999969,1.3036999999999992
619cdd8f45851b2ed24322ad,low_WSe2,1.0,2.0,3.0,WSe2_0.01562,11.766841599999896,1.2952999999999975
619cdd8f45851b2ed24322ae,low_WSe2,2.0,1.0,3.0,WSe2_0.01562,23.124949940000114,1.2849000000000004
619cdd8f45851b2ed24322af,low_WSe2,0.0,3.0,3.0,WSe2_0.01562,0.43205806000008806,1.8259000000000043
619cdd8f45851b2ed24322b0,low_WSe2,2.0,1.0,3.0,WSe2_0.01562,23.107297940000116,1.245899999999999
619cdd8f45851b2ed24322b1,low_WSe2,2.0,1.0,3.0,WSe2_0.01562,39.23067193999991,0.19960000000000022
619cdd8f45851b2ed24322b2,low_WSe2,1.0,2.0,3.0,WSe2_0.01562,11.771727159999944,1.3005999999999958
619cdd8f45851b2ed24322b3,low_WSe2,0.0,3.0,3.0,WSe2_0.01562,0.4272849900000324,1.8238000000000056
619cdd8f45851b2ed24322b4,low_WSe2,2.0,1.0,3.0,WSe2_0.01562,37.56938113000005,0.6550000000000011
619cdd8f45851b2ed24322b5,low_WSe2,1.0,2.0,3.0,WSe2_0.01562,27.922431060000008,0.20150000000000112
619cdd8f45851b2ed24322b6,low_WSe2,2.0,1.0,3.0,WSe2_0.01562,23.078508039999896,1.2449000000000012
619cdd8f45851b2ed24322b7,low_WSe2,2.0,1.0,3.0,WSe2_0.01562,23.128528530000075,1.138300000000001
619cdd8f45851b2ed24322b8,low_WSe2,2.0,1.0,3.0,WSe2_0.01562,39.23691433999993,0.19510000000000005
619cdd8f45851b2ed24322b9,low_WSe2,1.0,2.0,3.0,WSe2_0.01562,11.77722902000004,1.3009999999999948
619cdd8f45851b2ed24322ba,low_WSe2,0.0,3.0,3.0,WSe2_0.01562,0.4379228699999089,1.8267999999999986
619cdd8f45851b2ed24322bb,low_WSe2,2.0,1.0,3.0,WSe2_0.01562,39.24652784000004,0.19269999999999854
619cdd8f45851b2ed24322bc,low_WSe2,1.0,2.0,3.0,WSe2_0.01562,27.913817599999902,0.1877000000000013
619cdd8f45851b2ed24322bd,low_WSe2,1.0,2.0,3.0,WSe2_0.01562,11.770624790000046,1.2926000000000002
619cdd8f45851b2ed24322be,low_WSe2,3.0,0.0,3.0,WSe2_0.01562,49.95453910999991,0.19239999999999924
619cdd8f45851b2ed24322bf,low_WSe2,2.0,1.0,3.0,WSe2_0.01562,39.24349005999993,0.1872999999999987
619cdd8f45851b2ed24322c0,low_WSe2,0.0,3.0,3.0,WSe2_0.01562,0.428817350000088,1.8273999999999972
619cdd8f45851b2ed24322c1,low_WSe2,1.0,2.0,3.0,WSe2_0.01562,11.77198705999989,1.3015000000000043
619cdd8f45851b2ed24322c2,low_WSe2,2.0,1.0,3.0,WSe2_0.01562,39.26332686999994,0.18939999999999912
619cdd8f45851b2ed24322c3,low_WSe2,1.0,2.0,3.0,WSe2_0.01562,11.789524060000065,1.1574000000000026
619cdd8f45851b2ed24322c4,low_WSe2,3.0,0.0,3.0,WSe2_0.01562,48.90742641000006,0.6063999999999989
619cdd8f45851b2ed24322c5,low_WSe2,1.0,2.0,3.0,WSe2_0.01562,11.755576850000114,1.2997000000000014
619cdd8f45851b2ed24322c6,low_WSe2,0.0,3.0,3.0,WSe2_0.01562,0.4291674499999658,1.8295999999999992
619cdd8f45851b2ed24322c7,low_WSe2,0.0,3.0,3.0,WSe2_0.01562,0.4537750700000629,1.8276000000000039
619cdd8f45851b2ed24322c8,low_WSe2,1.0,2.0,3.0,WSe2_0.01562,11.758188479999934,1.3023999999999987
619cdd8f45851b2ed24322c9,low_WSe2,1.0,2.0,3.0,WSe2_0.01562,27.99946761000001,0.26229999999999976
619cdd8f45851b2ed24322ca,low_WSe2,1.0,2.0,3.0,WSe2_0.01562,27.928370520000044,0.19009999999999927
619cdd8f45851b2ed24322cb,low_WSe2,1.0,2.0,3.0,WSe2_0.01562,11.76465677000009,1.3024999999999949
619cdd8f45851b2ed24322cc,low_WSe2,3.0,0.0,3.0,WSe2_0.01562,50.59376235,0.21860000000000035
619cdd8f45851b2ed24322cd,low_WSe2,2.0,1.0,3.0,WSe2_0.01562,23.130049489999955,1.1593000000000018
619cdd8f45851b2ed24322ce,low_WSe2,2.0,1.0,3.0,WSe2_0.01562,39.23617588000006,0.20650000000000013
619cdd8f45851b2ed24322cf,low_WSe2,1.0,2.0,3.0,WSe2_0.01562,11.749393990000033,1.2953000000000046
619cdd8f45851b2ed24322d0,low_WSe2,2.0,1.0,3.0,WSe2_0.01562,23.2737070399999,0.857200000000006
619cdd8f45851b2ed24322d1,low_WSe2,1.0,2.0,3.0,WSe2_0.01562,11.684021779999956,1.3038999999999987
619cdd8f45851b2ed24322d2,low_WSe2,1.0,2.0,3.0,WSe2_0.01562,27.92700104000005,0.18270000000000053
619cdd8f45851b2ed24322d3,low_WSe2,1.0,2.0,3.0,WSe2_0.01562,11.770988579999983,1.2927000000000035
619cdd8f45851b2ed24322d4,low_WSe2,1.0,2.0,3.0,WSe2_0.01562,27.91426825999997,0.19459999999999944
619cdd8f45851b2ed24322d5,low_WSe2,0.0,3.0,3.0,WSe2_0.01562,0.42964849999992794,1.8285999999999945
619cdd8f45851b2ed24322d6,low_WSe2,2.0,1.0,3.0,WSe2_0.01562,23.125727229999974,1.273699999999998
619cdd8f45851b2ed24322d7,low_WSe2,1.0,2.0,3.0,WSe2_0.01562,27.998154469999918,0.2623999999999995
619cdd8f45851b2ed24322d8,low_WSe2,2.0,1.0,3.0,WSe2_0.01562,23.119525240000065,1.2657999999999987
619cdd8f45851b2ed24322d9,low_WSe2,1.0,2.0,3.0,WSe2_0.01562,11.763444740000057,1.296999999999997
619cdd8f45851b2ed24322da,low_WSe2,1.0,2.0,3.0,WSe2_0.01562,27.928384739999956,0.18870000000000076
619cdd8f45851b2ed24322db,low_WSe2,2.0,1.0,3.0,WSe2_0.01562,39.2351526800001,0.27030000000000065
619cdd8f45851b2ed24322dc,low_WSe2,2.0,1.0,3.0,WSe2_0.01562,23.094136160000097,1.2457999999999956
619cdd8f45851b2ed24322dd,low_WSe2,2.0,1.0,3.0,WSe2_0.01562,39.254972270000096,0.19680000000000142
619cdd8f45851b2ed24322de,low_WSe2,2.0,1.0,3.0,WSe2_0.01562,23.099356940000042,1.2443999999999988
619cdd8f45851b2ed24322df,low_WSe2,2.0,1.0,3.0,WSe2_0.01562,39.24889616,0.19390000000000107
619cdd8f45851b2ed24322e0,low_WSe2,3.0,0.0,3.0,WSe2_0.01562,50.56137509000005,0.15559999999999974
619cdd8f45851b2ed24322e1,low_WSe2,3.0,0.0,3.0,WSe2_0.01562,50.72717436000003,0.18679999999999986
619cdd8f45851b2ed24322e2,low_WSe2,1.0,2.0,3.0,WSe2_0.01562,27.91039206000005,0.19529999999999959
619cdd8f45851b2ed24322e3,low_WSe2,1.0,2.0,3.0,WSe2_0.01562,11.771292310000025,1.2979999999999947
619cdd8f45851b2ed24322e4,low_WSe2,3.0,0.0,3.0,WSe2_0.01562,50.56660578000001,0.15470000000000006
619cdd8f45851b2ed24322e5,low_WSe2,1.0,2.0,3.0,WSe2_0.01562,28.062041390000104,0.2839999999999989
619cdd8f45851b2ed24322e6,low_WSe2,3.0,0.0,3.0,WSe2_0.01562,50.49732200999993,0.23179999999999978
619cdd9045851b2ed24322e7,low_WSe2,2.0,1.0,3.0,WSe2_0.01562,39.25279890000006,0.19470000000000098
619cdd9045851b2ed24322e8,low_WSe2,1.0,2.0,3.0,WSe2_0.01562,27.923414970000067,0.1902000000000008
619cdd9045851b2ed24322e9,low_WSe2,1.0,2.0,3.0,WSe2_0.01562,11.755309720000003,1.3005999999999958
619cdd9045851b2ed24322ea,low_WSe2,1.0,2.0,3.0,WSe2_0.01562,28.055937679999943,0.2765999999999984
619cdd9045851b2ed24322eb,low_WSe2,2.0,1.0,3.0,WSe2_0.01562,23.11537733999993,1.2768000000000015
619cdd9045851b2ed24322ec,low_WSe2,2.0,1.0,3.0,WSe2_0.01562,39.207524310000096,0.20209999999999972
619cdd9045851b2ed24322ed,low_WSe2,1.0,2.0,3.0,WSe2_0.01562,11.756093299999964,1.3025999999999982
619cdd9045851b2ed24322ee,low_WSe2,2.0,1.0,3.0,WSe2_0.01562,39.158933949999934,0.19979999999999976
619cdd9045851b2ed24322ef,low_WSe2,1.0,2.0,3.0,WSe2_0.01562,27.913327179999897,0.1899999999999995
619cdd9045851b2ed24322f0,low_WSe2,2.0,1.0,3.0,WSe2_0.01562,23.037699340000053,1.119100000000003
619cdd9045851b2ed24322f1,low_WSe2,2.0,1.0,3.0,WSe2_0.01562,23.109228849999944,1.2698999999999998
619cdd9045851b2ed24322f2,low_WSe2,1.0,2.0,3.0,WSe2_0.01562,27.998001539999905,0.26479999999999926
619cdd9045851b2ed24322f3,low_WSe2,1.0,2.0,3.0,WSe2_0.01562,11.756764949999923,1.302500000000002
619cdd9045851b2ed24322f4,low_WSe2,1.0,2.0,3.0,WSe2_0.01562,11.767500740000049,1.283699999999996
619cdd9045851b2ed24322f5,low_WSe2,1.0,2.0,3.0,WSe2_0.01562,11.769747759999962,1.2961000000000027
619cdd9045851b2ed24322f6,low_WSe2,1.0,2.0,3.0,WSe2_0.01562,11.773026930000004,1.2848000000000042
619cdd9045851b2ed24322f7,low_WSe2,1.0,2.0,3.0,WSe2_0.01562,27.88016334000008,0.17609999999999992
619cdd9045851b2ed24322f8,low_WSe2,2.0,1.0,3.0,WSe2_0.01562,39.204659589999935,0.20670000000000144
619cdd9045851b2ed24322f9,low_WSe2,1.0,2.0,3.0,WSe2_0.01562,11.769449399999974,1.2956000000000003
619cdd9045851b2ed24322fa,low_WSe2,1.0,2.0,3.0,WSe2_0.01562,11.770335050000075,1.2954000000000008
619cdd9045851b2ed24322fb,low_WSe2,1.0,2.0,3.0,WSe2_0.01562,27.927626319999945,0.18979999999999997
619cdd9045851b2ed24322fc,low_WSe2,2.0,1.0,3.0,WSe2_0.01562,39.238931149999914,0.20230000000000103
619cdd9045851b2ed24322fd,low_WSe2,1.0,2.0,3.0,WSe2_0.01562,11.772012959999973,1.3046000000000006
619cdd9045851b2ed24322fe,low_WSe2,2.0,1.0,3.0,WSe2_0.01562,39.25064976000003,0.19679999999999964
619cdd9045851b2ed24322ff,low_WSe2,1.0,2.0,3.0,WSe2_0.01562,11.789155919999974,1.159399999999998
619cdd9045851b2ed2432300,low_WSe2,3.0,0.0,3.0,WSe2_0.01562,50.62464306000002,0.1875
619cdd9045851b2ed2432301,low_WSe2,1.0,2.0,3.0,WSe2_0.01562,11.785082959999944,1.2973
619cdd9045851b2ed2432302,low_WSe2,2.0,1.0,3.0,WSe2_0.01562,39.258938660000055,0.1755999999999993
619cdd9045851b2ed2432303,low_WSe2,2.0,1.0,3.0,WSe2_0.01562,39.228100699999956,0.1443999999999992
619cdd9045851b2ed2432304,low_WSe2,2.0,1.0,3.0,WSe2_0.01562,23.113823689999926,1.2817000000000007
619cdd9045851b2ed2432305,low_WSe2,0.0,3.0,3.0,WSe2_0.01562,0.4282250600001021,1.8234999999999957
619cdd9045851b2ed2432306,low_WSe2,2.0,1.0,3.0,WSe2_0.01562,39.10878832999997,0.204600000000001
619cdd9045851b2ed2432307,low_WSe2,2.0,1.0,3.0,WSe2_0.01562,23.124498500000108,1.2783000000000015
619cdd9045851b2ed2432308,low_WSe2,0.0,3.0,3.0,WSe2_0.01562,0.4361258600001179,1.8285999999999945
619cdd9045851b2ed2432309,low_WSe2,2.0,1.0,3.0,WSe2_0.01562,39.18240924999991,0.20770000000000088
619cdd9045851b2ed243230a,low_WSe2,1.0,2.0,3.0,WSe2_0.01562,28.049871030000077,0.21449999999999925
619cdd9045851b2ed243230b,low_WSe2,2.0,1.0,3.0,WSe2_0.01562,23.121001990000003,1.2697000000000003
619cdd9045851b2ed243230c,low_WSe2,0.0,3.0,3.0,WSe2_0.01562,0.4375682900001152,1.8352999999999966
619cdd9045851b2ed243230d,low_WSe2,1.0,2.0,3.0,WSe2_0.01562,11.785036149999986,1.2712000000000003
619cdd9045851b2ed243230e,low_WSe2,2.0,1.0,3.0,WSe2_0.01562,39.23830243000002,0.2043999999999997
619cdd9045851b2ed243230f,low_WSe2,1.0,2.0,3.0,WSe2_0.01562,11.773193900000013,1.2817000000000007
619cdd9045851b2ed2432310,low_WSe2,0.0,3.0,3.0,WSe2_0.01562,0.4296529899999655,1.8301000000000016
619cdd9045851b2ed2432311,low_WSe2,3.0,0.0,3.0,WSe2_0.01562,49.40546236999999,0.15470000000000006
619cdd9045851b2ed2432312,low_WSe2,0.0,3.0,3.0,WSe2_0.01562,0.42863118999997596,1.826500000000003
619cdd9045851b2ed2432313,low_WSe2,2.0,1.0,3.0,WSe2_0.01562,39.19556945999993,0.20829999999999949
619cdd9045851b2ed2432314,low_WSe2,2.0,1.0,3.0,WSe2_0.01562,39.2664297700001,0.19089999999999918
619cdd9045851b2ed2432315,low_WSe2,2.0,1.0,3.0,WSe2_0.01562,39.266630039999924,0.1875
619cdd9045851b2ed2432316,low_WSe2,0.0,3.0,3.0,WSe2_0.01562,0.42933289000001196,1.8292999999999964
619cdd9045851b2ed2432317,low_WSe2,1.0,2.0,3.0,WSe2_0.01562,27.91917581000007,0.19490000000000052
619cdd9045851b2ed2432318,low_WSe2,0.0,3.0,3.0,WSe2_0.01562,0.4303797300000838,1.8293999999999997
619cdd9045851b2ed2432319,low_WSe2,2.0,1.0,3.0,WSe2_0.01562,39.38947914000009,0.21870000000000012
619cdd9045851b2ed243231a,low_WSe2,1.0,2.0,3.0,WSe2_0.01562,28.06042284,0.28309999999999924
619cdd9045851b2ed243231b,low_WSe2,1.0,2.0,3.0,WSe2_0.01562,27.912224930000093,0.19920000000000115
619cdd9045851b2ed243231c,low_WSe2,2.0,1.0,3.0,WSe2_0.01562,23.10736625999997,1.2607999999999961
619cdd9045851b2ed243231d,low_WSe2,3.0,0.0,3.0,WSe2_0.01562,49.95558231999994,0.1808999999999994
619cdd9045851b2ed243231e,low_WSe2,1.0,2.0,3.0,WSe2_0.01562,27.919660109999995,0.1841999999999988
619cdd9045851b2ed243231f,low_WSe2,2.0,1.0,3.0,WSe2_0.01562,39.236587240000105,0.20379999999999932
619cdd9045851b2ed2432320,low_WSe2,1.0,2.0,3.0,WSe2_0.01562,28.000285289999965,0.26759999999999984
619cdd9045851b2ed2432321,low_WSe2,2.0,1.0,3.0,WSe2_0.01562,23.124555780000073,1.2689999999999984
619cdd9045851b2ed2432322,low_WSe2,2.0,1.0,3.0,WSe2_0.01562,39.23347070000004,0.1968999999999994
619cdd9045851b2ed2432323,low_WSe2,0.0,1.0,1.0,WSe2_0.00521,-1.6592599999999837,1.8736999999999977
619cdd9045851b2ed2432324,low_WSe2,3.0,0.0,3.0,WSe2_0.01562,50.49307061,0.21170000000000044
619cdd9045851b2ed2432325,low_WSe2,1.0,2.0,3.0,WSe2_0.01562,11.765678420000075,1.301400000000001
619cdd9045851b2ed2432326,low_WSe2,2.0,1.0,3.0,WSe2_0.01562,39.23669144,0.19730000000000025
619cdd9045851b2ed2432327,low_WSe2,2.0,1.0,3.0,WSe2_0.01562,23.091469720000113,1.2712000000000003
619cdd9045851b2ed2432328,low_WSe2,0.0,3.0,3.0,WSe2_0.01562,0.4315956899999378,1.8236999999999952
619cdd9045851b2ed2432329,low_WSe2,2.0,1.0,3.0,WSe2_0.01562,23.140491709999914,1.1802999999999955
619cdd9045851b2ed243232a,low_WSe2,2.0,1.0,3.0,WSe2_0.01562,23.03824235999995,1.115000000000002
619cdd9045851b2ed243232b,low_WSe2,1.0,2.0,3.0,WSe2_0.01562,11.772420470000032,1.2995000000000019
619cdd9045851b2ed243232c,low_WSe2,3.0,0.0,3.0,WSe2_0.01562,50.57971770999993,0.20599999999999952
619cdd9045851b2ed243232d,low_WSe2,0.0,3.0,3.0,WSe2_0.01562,0.4288124300000504,1.8269999999999982
619cdd9045851b2ed243232e,low_WSe2,0.0,3.0,3.0,WSe2_0.01562,0.42841749999996637,1.826900000000002
619cdd9045851b2ed243232f,low_WSe2,0.0,3.0,3.0,WSe2_0.01562,0.42940895000009505,1.8263999999999996
619cdd9045851b2ed2432330,low_WSe2,3.0,0.0,3.0,WSe2_0.01562,50.541187220000076,0.04269999999999996
619cdd9045851b2ed2432331,low_WSe2,1.0,2.0,3.0,WSe2_0.01562,11.77183772000011,1.3026000000000053
619cdd9045851b2ed2432332,low_WSe2,0.0,3.0,3.0,WSe2_0.01562,0.480188460000079,1.8305000000000007
619cdd9045851b2ed2432333,low_WSe2,0.0,3.0,3.0,WSe2_0.01562,0.45439271999993025,1.8300999999999945
619cdd9045851b2ed2432334,low_WSe2,2.0,1.0,3.0,WSe2_0.01562,39.25636755000009,0.22430000000000128
619cdd9045851b2ed2432335,low_WSe2,1.0,2.0,3.0,WSe2_0.01562,27.99433494999994,0.25879999999999903
619cdd9045851b2ed2432336,low_WSe2,2.0,1.0,3.0,WSe2_0.01562,23.107585730000018,1.2478000000000051
619cdd9045851b2ed2432337,low_WSe2,2.0,1.0,3.0,WSe2_0.01562,39.242967550000046,0.19979999999999976
619cdd9045851b2ed2432338,low_WSe2,1.0,2.0,3.0,WSe2_0.01562,11.76464146000011,1.2984000000000009
619cdd9045851b2ed2432339,low_WSe2,2.0,1.0,3.0,WSe2_0.01562,39.24179645000008,0.20279999999999987
619cdd9045851b2ed243233a,low_WSe2,1.0,2.0,3.0,WSe2_0.01562,28.002910659999998,0.2623999999999995
619cdd9045851b2ed243233b,low_WSe2,1.0,2.0,3.0,WSe2_0.01562,11.791536449999956,1.156099999999995
619cdd9045851b2ed243233c,low_WSe2,3.0,0.0,3.0,WSe2_0.01562,50.56006665999994,0.22240000000000038
619cdd9145851b2ed243233d,low_WSe2,3.0,0.0,3.0,WSe2_0.01562,50.594846829999916,0.1600999999999999
619cdd9145851b2ed243233e,low_WSe2,0.0,3.0,3.0,WSe2_0.01562,0.43287471999991567,1.8326999999999956
619cdd9145851b2ed243233f,low_WSe2,1.0,2.0,3.0,WSe2_0.01562,11.767960419999998,1.3025999999999982
619cdd9145851b2ed2432340,low_WSe2,1.0,2.0,3.0,WSe2_0.01562,27.917999190000046,0.1905000000000001
619cdd9145851b2ed2432341,low_WSe2,1.0,2.0,3.0,WSe2_0.01562,27.88103776999992,0.17409999999999926
619cdd9145851b2ed2432342,low_WSe2,1.0,2.0,3.0,WSe2_0.01562,11.767878509999935,1.2997999999999976
619cdd9145851b2ed2432343,low_WSe2,1.0,2.0,3.0,WSe2_0.01562,11.770707939999955,1.3012999999999977
619cdd9145851b2ed2432344,low_WSe2,2.0,1.0,3.0,WSe2_0.01562,39.21857649999997,0.22199999999999953
619cdd9145851b2ed2432345,low_WSe2,2.0,1.0,3.0,WSe2_0.01562,39.21573614999993,0.2024000000000008
619cdd9145851b2ed2432346,low_WSe2,2.0,1.0,3.0,WSe2_0.01562,39.22443845999992,0.1495999999999995
619cdd9145851b2ed2432347,low_WSe2,2.0,1.0,3.0,WSe2_0.01562,23.121409659999962,1.1428000000000011
619cdd9145851b2ed2432348,low_WSe2,2.0,1.0,3.0,WSe2_0.01562,23.10230387000005,1.1987000000000023
619cdd9145851b2ed2432349,low_WSe2,2.0,1.0,3.0,WSe2_0.01562,39.23460299000003,0.19369999999999976
619cdd9145851b2ed243234a,low_WSe2,3.0,0.0,3.0,WSe2_0.01562,50.560803469999975,0.19299999999999962
619cdd9145851b2ed243234b,low_WSe2,1.0,2.0,3.0,WSe2_0.01562,11.768628699999898,1.2999999999999972
619cdd9145851b2ed243234c,low_WSe2,2.0,1.0,3.0,WSe2_0.01562,39.19919562999989,0.21170000000000044
619cdd9145851b2ed243234d,low_WSe2,1.0,2.0,3.0,WSe2_0.01562,11.76634796999996,1.3023999999999987
619cdd9145851b2ed243234e,low_WSe2,1.0,2.0,3.0,WSe2_0.01562,11.76507177999996,1.3020999999999958
619cdd9145851b2ed243234f,low_WSe2,1.0,2.0,3.0,WSe2_0.01562,27.917704279999953,0.18840000000000146
619cdd9145851b2ed2432350,low_WSe2,2.0,1.0,3.0,WSe2_0.01562,39.23527341000003,0.19960000000000022
619cdd9145851b2ed2432351,low_WSe2,1.0,2.0,3.0,WSe2_0.01562,27.91627072999995,0.19529999999999959
619cdd9145851b2ed2432352,low_WSe2,1.0,2.0,3.0,WSe2_0.01562,11.773410020000018,1.2988
619cdd9145851b2ed2432353,low_WSe2,2.0,1.0,3.0,WSe2_0.01562,39.24531849000009,0.1982999999999997
619cdd9145851b2ed2432354,low_WSe2,1.0,2.0,3.0,WSe2_0.01562,11.770468120000022,1.3004000000000033
619cdd9145851b2ed2432355,low_WSe2,1.0,2.0,3.0,WSe2_0.01562,27.92764132000002,0.1941000000000006
619cdd9145851b2ed2432356,low_WSe2,1.0,2.0,3.0,WSe2_0.01562,28.067799090000108,0.2823999999999991
619cdd9145851b2ed2432357,low_WSe2,1.0,2.0,3.0,WSe2_0.01562,28.001539749999893,0.2646000000000015
619cdd9145851b2ed2432358,low_WSe2,2.0,1.0,3.0,WSe2_0.01562,39.23339244000003,0.18459999999999965
619cdd9145851b2ed2432359,low_WSe2,2.0,1.0,3.0,WSe2_0.01562,23.140034970000023,1.1798000000000002
619cdd9145851b2ed243235a,low_WSe2,1.0,2.0,3.0,WSe2_0.01562,11.769021939999892,1.2977999999999952
619cdd9145851b2ed243235b,low_WSe2,2.0,1.0,3.0,WSe2_0.01562,39.221083279999945,0.20350000000000001
619cdd9145851b2ed243235c,low_WSe2,3.0,0.0,3.0,WSe2_0.01562,48.90040435000001,0.5892
619cdd9145851b2ed243235d,low_WSe2,1.0,2.0,3.0,WSe2_0.01562,11.76969071999996,1.296199999999999
619cdd9145851b2ed243235e,low_WSe2,1.0,2.0,3.0,WSe2_0.01562,11.768596910000031,1.2971000000000004
619cdd9145851b2ed243235f,low_WSe2,1.0,2.0,3.0,WSe2_0.01562,27.839706019999994,0.18069999999999986
619cdd9145851b2ed2432360,low_WSe2,1.0,2.0,3.0,WSe2_0.01562,11.75249086000007,1.2991000000000028
619cdd9145851b2ed2432361,low_WSe2,1.0,2.0,3.0,WSe2_0.01562,11.787903959999984,1.2723999999999975
619cdd9145851b2ed2432362,low_WSe2,0.0,3.0,3.0,WSe2_0.01562,0.42850867000009885,1.825099999999999
619cdd9145851b2ed2432363,low_WSe2,2.0,1.0,3.0,WSe2_0.01562,23.048428030000004,1.1144999999999996
619cdd9145851b2ed2432364,low_WSe2,1.0,2.0,3.0,WSe2_0.01562,11.767038949999904,1.2995000000000019
619cdd9145851b2ed2432365,low_WSe2,2.0,1.0,3.0,WSe2_0.01562,38.64183531999997,0.19919999999999938
619cdd9145851b2ed2432366,low_WSe2,2.0,1.0,3.0,WSe2_0.01562,39.17726074000011,0.21139999999999937
619cdd9145851b2ed2432367,low_WSe2,1.0,2.0,3.0,WSe2_0.01562,28.014435569999932,0.25239999999999974
619cdd9145851b2ed2432368,low_WSe2,1.0,2.0,3.0,WSe2_0.01562,11.769208599999946,1.2995000000000019
619cdd9145851b2ed2432369,low_WSe2,2.0,1.0,3.0,WSe2_0.01562,39.24058562000009,0.19259999999999877
619cdd9145851b2ed243236a,low_WSe2,0.0,3.0,3.0,WSe2_0.01562,0.4290812000000983,1.8300999999999945
619cdd9145851b2ed243236b,low_WSe2,1.0,2.0,3.0,WSe2_0.01562,11.781298359999926,1.269599999999997
619cdd9145851b2ed243236c,low_WSe2,2.0,1.0,3.0,WSe2_0.01562,39.15703177999994,0.20389999999999908
619cdd9145851b2ed243236d,low_WSe2,2.0,1.0,3.0,WSe2_0.01562,23.27532664000004,0.8571999999999989
619cdd9145851b2ed243236e,low_WSe2,1.0,1.0,2.0,WSe2_0.01042,29.664379140000015,0.25899999999999856
619cdd9145851b2ed243236f,low_WSe2,3.0,0.0,3.0,WSe2_0.01562,50.57544354999991,0.16570000000000107
619cdd9145851b2ed2432370,low_WSe2,2.0,1.0,3.0,WSe2_0.01562,39.250714620000096,0.2002000000000006
619cdd9145851b2ed2432371,low_WSe2,2.0,1.0,3.0,WSe2_0.01562,39.26999299999993,0.261000000000001
619cdd9145851b2ed2432372,low_WSe2,1.0,2.0,3.0,WSe2_0.01562,11.764619179999944,1.2937000000000012
619cdd9145851b2ed2432373,low_WSe2,1.0,2.0,3.0,WSe2_0.01562,11.764402250000092,1.2937999999999974
619cdd9145851b2ed2432374,low_WSe2,2.0,1.0,3.0,WSe2_0.01562,38.62734585999992,0.19069999999999965
619cdd9145851b2ed2432375,low_WSe2,1.0,2.0,3.0,WSe2_0.01562,11.763596159999896,1.3021999999999991
619cdd9145851b2ed2432376,low_WSe2,2.0,1.0,3.0,WSe2_0.01562,22.586957360000078,1.249299999999998
619cdd9145851b2ed2432377,low_WSe2,3.0,0.0,3.0,WSe2_0.01562,48.875080249999975,0.6347000000000005
619cdd9145851b2ed2432378,low_WSe2,1.0,2.0,3.0,WSe2_0.01562,11.780796720000115,1.294400000000003
619cdd9145851b2ed2432379,low_WSe2,1.0,1.0,2.0,WSe2_0.01042,8.019201879999969,1.2988
619cdd9145851b2ed243237a,low_WSe2,3.0,0.0,3.0,WSe2_0.01562,50.575305200000095,0.20830000000000126
619cdd9145851b2ed243237b,low_WSe2,2.0,1.0,3.0,WSe2_0.01562,39.251370499999936,0.18740000000000023
619cdd9145851b2ed243237c,low_WSe2,0.0,3.0,3.0,WSe2_0.01562,0.42940865000008444,1.8286999999999978
619cdd9145851b2ed243237d,low_WSe2,2.0,1.0,3.0,WSe2_0.01562,39.19381150000008,0.20860000000000056
619cdd9145851b2ed243237e,low_WSe2,0.0,3.0,3.0,WSe2_0.01562,0.43761504999991985,1.8284999999999982
619cdd9145851b2ed243237f,low_WSe2,0.0,3.0,3.0,WSe2_0.01562,0.42935320999998794,1.8267000000000024
619cdd9145851b2ed2432380,low_WSe2,3.0,0.0,3.0,WSe2_0.01562,49.965881790000005,0.19309999999999938
619cdd9145851b2ed2432381,low_WSe2,1.0,2.0,3.0,WSe2_0.01562,27.91301737999993,0.19759999999999955
619cdd9145851b2ed2432382,low_WSe2,2.0,1.0,3.0,WSe2_0.01562,23.123815530000037,1.2473000000000027
619cdd9145851b2ed2432383,low_WSe2,2.0,1.0,3.0,WSe2_0.01562,39.19394773000003,0.2012999999999998
619cdd9145851b2ed2432384,low_WSe2,1.0,2.0,3.0,WSe2_0.01562,27.9979045099999,0.2622
619cdd9145851b2ed2432385,low_WSe2,2.0,1.0,3.0,WSe2_0.01562,39.32710978999994,0.2923999999999989
619cdd9145851b2ed2432386,low_WSe2,2.0,1.0,3.0,WSe2_0.01562,39.23454195999993,0.19899999999999984
619cdd9145851b2ed2432387,low_WSe2,1.0,2.0,3.0,WSe2_0.01562,11.770905569999957,1.2993999999999986
619cdd9145851b2ed2432388,low_WSe2,3.0,0.0,3.0,WSe2_0.01562,50.57563880000007,0.20069999999999943
619cdd9145851b2ed2432389,low_WSe2,0.0,3.0,3.0,WSe2_0.01562,0.4260651799999664,1.831700000000005
619cdd9145851b2ed243238a,low_WSe2,1.0,2.0,3.0,WSe2_0.01562,11.77262341000004,1.2896999999999963
619cdd9145851b2ed243238b,low_WSe2,0.0,3.0,3.0,WSe2_0.01562,0.42711496000009674,1.830999999999996
619cdd9145851b2ed243238c,low_WSe2,1.0,2.0,3.0,WSe2_0.01562,11.754181280000001,1.301400000000001
619cdd9145851b2ed243238d,low_WSe2,1.0,2.0,3.0,WSe2_0.01562,11.760586370000045,1.2796999999999983
619cdd9145851b2ed243238e,low_WSe2,2.0,1.0,3.0,WSe2_0.01562,23.08968237999992,1.2601000000000013
619cdd9145851b2ed243238f,low_WSe2,3.0,0.0,3.0,WSe2_0.01562,50.51813249999996,0.21799999999999997
619cdd9145851b2ed2432390,low_WSe2,3.0,0.0,3.0,WSe2_0.01562,49.9425639300001,0.19839999999999947
619cdd9245851b2ed2432391,low_WSe2,2.0,1.0,3.0,WSe2_0.01562,39.38930140999996,0.2757999999999985
619cdd9245851b2ed2432392,low_WSe2,3.0,0.0,3.0,WSe2_0.01562,50.58205852000001,0.19599999999999973
619cdd9245851b2ed2432393,low_WSe2,1.0,2.0,3.0,WSe2_0.01562,11.772759650000115,1.2811999999999983
619cdd9245851b2ed2432394,low_WSe2,3.0,0.0,3.0,WSe2_0.01562,50.57161830999994,0.2019000000000002
619cdd9245851b2ed2432395,low_WSe2,2.0,1.0,3.0,WSe2_0.01562,23.1404565799999,1.1555999999999997
619cdd9245851b2ed2432396,low_WSe2,1.0,2.0,3.0,WSe2_0.01562,11.744466309999996,1.295899999999996
619cdd9245851b2ed2432397,low_WSe2,2.0,1.0,3.0,WSe2_0.01562,39.2826794999999,0.17440000000000033
619cdd9245851b2ed2432398,low_WSe2,1.0,2.0,3.0,WSe2_0.01562,11.775414330000093,1.3003999999999962
619cdd9245851b2ed2432399,low_WSe2,1.0,2.0,3.0,WSe2_0.01562,11.763436530000025,1.3026999999999944
619cdd9245851b2ed243239a,low_WSe2,1.0,2.0,3.0,WSe2_0.01562,11.771642500000087,1.2957000000000036
619cdd9245851b2ed243239b,low_WSe2,2.0,1.0,3.0,WSe2_0.01562,39.23635461000008,0.1977000000000011
619cdd9245851b2ed243239c,low_WSe2,3.0,0.0,3.0,WSe2_0.01562,49.97811340999997,0.20170000000000066
619cdd9245851b2ed243239d,low_WSe2,2.0,1.0,3.0,WSe2_0.01562,39.24549340000003,0.22139999999999915
619cdd9245851b2ed243239e,low_WSe2,2.0,1.0,3.0,WSe2_0.01562,39.19129355,0.20969999999999978
619cdd9245851b2ed243239f,low_WSe2,2.0,1.0,3.0,WSe2_0.01562,39.330954199999994,0.27360000000000007
619cdd9245851b2ed24323a0,low_WSe2,0.0,3.0,3.0,WSe2_0.01562,0.4541923200001179,1.8323999999999998
619cdd9245851b2ed24323a1,low_WSe2,2.0,1.0,3.0,WSe2_0.01562,39.23233819000011,0.20500000000000007
619cdd9245851b2ed24323a2,low_WSe2,2.0,1.0,3.0,WSe2_0.01562,23.108733190000102,1.2443000000000026
619cdd9245851b2ed24323a3,low_WSe2,1.0,2.0,3.0,WSe2_0.01562,28.006382640000083,0.2599
619cdd9245851b2ed24323a4,low_WSe2,1.0,2.0,3.0,WSe2_0.01562,11.772689449999906,1.3035999999999959
619cdd9245851b2ed24323a5,low_WSe2,1.0,2.0,3.0,WSe2_0.01562,11.771046210000112,1.2882999999999996
619cdd9245851b2ed24323a6,low_WSe2,2.0,1.0,3.0,WSe2_0.01562,39.234336360000086,0.19470000000000098
619cdd9245851b2ed24323a7,low_WSe2,2.0,1.0,3.0,WSe2_0.01562,23.091074740000103,1.2530000000000001
619cdd9245851b2ed24323a8,low_WSe2,1.0,2.0,3.0,WSe2_0.01562,11.772544169999936,1.3044000000000011
619cdd9245851b2ed24323a9,low_WSe2,2.0,1.0,3.0,WSe2_0.01562,39.233063830000034,0.19879999999999853
619cdd9245851b2ed24323aa,low_WSe2,2.0,1.0,3.0,WSe2_0.01562,37.57225040000007,0.6605000000000008
619cdd9245851b2ed24323ab,low_WSe2,0.0,3.0,3.0,WSe2_0.01562,0.42849399999994375,1.824300000000001
619cdd9245851b2ed24323ac,low_WSe2,2.0,1.0,3.0,WSe2_0.01562,39.23498386999999,0.2049000000000003
619cdd9245851b2ed24323ad,low_WSe2,2.0,1.0,3.0,WSe2_0.01562,39.207184539999886,0.20640000000000036
619cdd9245851b2ed24323ae,low_WSe2,1.0,2.0,3.0,WSe2_0.01562,11.679764579999972,1.3059999999999974
619cdd9245851b2ed24323af,low_WSe2,1.0,2.0,3.0,WSe2_0.01562,11.772171479999987,1.3025999999999982
619cdd9245851b2ed24323b0,low_WSe2,2.0,1.0,3.0,WSe2_0.01562,23.11073381000009,1.219299999999997
619cdd9245851b2ed24323b1,low_WSe2,0.0,3.0,3.0,WSe2_0.01562,0.4547612700000059,1.831000000000003
619cdd9245851b2ed24323b2,low_WSe2,2.0,1.0,3.0,WSe2_0.01562,37.577297749999886,0.6606000000000005
619cdd9245851b2ed24323b3,low_WSe2,2.0,1.0,3.0,WSe2_0.01562,39.33322206999996,0.270999999999999
619cdd9245851b2ed24323b4,low_WSe2,1.0,2.0,3.0,WSe2_0.01562,28.059926970000106,0.2820999999999998
619cdd9245851b2ed24323b5,low_WSe2,3.0,0.0,3.0,WSe2_0.01562,50.58544558999993,0.22109999999999985
619cdd9245851b2ed24323b6,low_WSe2,1.0,2.0,3.0,WSe2_0.01562,11.764168749999943,1.3003
619cdd9245851b2ed24323b7,low_WSe2,1.0,2.0,3.0,WSe2_0.01562,11.681852339999967,1.311399999999999
619cdd9245851b2ed24323b8,low_WSe2,0.0,3.0,3.0,WSe2_0.01562,0.4272357199999419,1.823999999999998
619cdd9245851b2ed24323b9,low_WSe2,0.0,3.0,3.0,WSe2_0.01562,0.45286239000000705,1.8262
619cdd9245851b2ed24323ba,low_WSe2,1.0,2.0,3.0,WSe2_0.01562,28.0625024200001,0.2809999999999988
619cdd9245851b2ed24323bb,low_WSe2,2.0,1.0,3.0,WSe2_0.01562,23.12035640999992,1.264000000000003
619cdd9245851b2ed24323bc,low_WSe2,1.0,2.0,3.0,WSe2_0.01562,27.917044399999895,0.1977999999999991
619cdd9245851b2ed24323bd,low_WSe2,1.0,2.0,3.0,WSe2_0.01562,27.915570720000005,0.1933000000000007
619cdd9245851b2ed24323be,low_WSe2,2.0,1.0,3.0,WSe2_0.01562,39.260613169999985,0.18619999999999948
619cdd9245851b2ed24323bf,low_WSe2,2.0,1.0,3.0,WSe2_0.01562,39.24233181000004,0.19099999999999895
619cdd9245851b2ed24323c0,low_WSe2,2.0,1.0,3.0,WSe2_0.01562,37.578096499999944,0.6586999999999996
619cdd9245851b2ed24323c1,low_WSe2,1.0,2.0,3.0,WSe2_0.01562,11.780811390000043,1.2972000000000037
619cdd9245851b2ed24323c2,low_WSe2,1.0,2.0,3.0,WSe2_0.01562,11.771044959999916,1.3046999999999969
619cdd9245851b2ed24323c3,low_WSe2,2.0,0.0,2.0,WSe2_0.01042,19.349354670000075,1.2461000000000002
619cdd9245851b2ed24323c4,low_WSe2,2.0,1.0,3.0,WSe2_0.01562,39.18065707999999,0.21360000000000134
619cdd9245851b2ed24323c5,low_WSe2,1.0,2.0,3.0,WSe2_0.01562,11.767428240000061,1.2813999999999979
619cdd9245851b2ed24323c6,low_WSe2,2.0,1.0,3.0,WSe2_0.01562,39.29505758000009,0.27000000000000135
619cdd9245851b2ed24323c7,low_WSe2,1.0,2.0,3.0,WSe2_0.01562,28.052429990000064,0.2234999999999996
619cdd9245851b2ed24323c8,low_WSe2,0.0,3.0,3.0,WSe2_0.01562,0.4288404600001172,1.8273999999999972
619cdd9245851b2ed24323c9,low_WSe2,1.0,2.0,3.0,WSe2_0.01562,27.996514969999907,0.2673999999999985
619cdd9245851b2ed24323ca,low_WSe2,0.0,3.0,3.0,WSe2_0.01562,0.4291002199999525,1.828800000000001
619cdd9245851b2ed24323cb,low_WSe2,1.0,2.0,3.0,WSe2_0.01562,11.756368000000055,1.3045000000000044
619cdd9245851b2ed24323cc,low_WSe2,1.0,2.0,3.0,WSe2_0.01562,11.77001924,1.2976000000000028
619cdd9245851b2ed24323cd,low_WSe2,1.0,2.0,3.0,WSe2_0.01562,27.9978785400001,0.26869999999999905
619cdd9245851b2ed24323ce,low_WSe2,3.0,0.0,3.0,WSe2_0.01562,49.9631429699999,0.10250000000000092
619cdd9245851b2ed24323cf,low_WSe2,2.0,1.0,3.0,WSe2_0.01562,39.27066285000005,0.1958000000000002
619cdd9245851b2ed24323d0,low_WSe2,1.0,2.0,3.0,WSe2_0.01562,27.92039905999991,0.19679999999999964
619cdd9245851b2ed24323d1,low_WSe2,1.0,2.0,3.0,WSe2_0.01562,27.925483199999917,0.19180000000000064
619cdd9245851b2ed24323d2,low_WSe2,2.0,1.0,3.0,WSe2_0.01562,39.23939535000004,0.21449999999999925
619cdd9245851b2ed24323d3,low_WSe2,2.0,1.0,3.0,WSe2_0.01562,39.232249210000006,0.21359999999999957
619cdd9245851b2ed24323d4,low_WSe2,0.0,3.0,3.0,WSe2_0.01562,0.4278475999998932,1.830999999999996
619cdd9245851b2ed24323d5,low_WSe2,0.0,3.0,3.0,WSe2_0.01562,0.43233630999992556,1.8175000000000026
619cdd9245851b2ed24323d6,low_WSe2,2.0,1.0,3.0,WSe2_0.01562,39.25524372999989,0.1963000000000008
619cdd9245851b2ed24323d7,low_WSe2,2.0,1.0,3.0,WSe2_0.01562,39.19573737,0.2104999999999997
619cdd9245851b2ed24323d8,low_WSe2,1.0,2.0,3.0,WSe2_0.01562,11.785441109999955,1.2729
619cdd9245851b2ed24323d9,low_WSe2,2.0,1.0,3.0,WSe2_0.01562,39.19499971000009,0.20800000000000018
619cdd9245851b2ed24323da,low_WSe2,3.0,0.0,3.0,WSe2_0.01562,50.649939949999954,0.1471
619cdd9245851b2ed24323db,low_WSe2,1.0,2.0,3.0,WSe2_0.01562,11.770637670000031,1.2978999999999985
619cdd9245851b2ed24323dc,low_WSe2,2.0,1.0,3.0,WSe2_0.01562,37.573345179999976,0.6600000000000001
619cdd9245851b2ed24323dd,low_WSe2,2.0,1.0,3.0,WSe2_0.01562,23.10613618999995,1.2815999999999974
619cdd9245851b2ed24323de,low_WSe2,1.0,2.0,3.0,WSe2_0.01562,11.765747460000046,1.3019999999999996
619cdd9245851b2ed24323df,low_WSe2,3.0,0.0,3.0,WSe2_0.01562,50.51495506999991,0.22080000000000055
619cdd9245851b2ed24323e0,low_WSe2,1.0,2.0,3.0,WSe2_0.01562,11.766754839999965,1.295499999999997
619cdd9245851b2ed24323e1,low_WSe2,2.0,1.0,3.0,WSe2_0.01562,39.2328092799999,0.15010000000000012
619cdd9245851b2ed24323e2,low_WSe2,1.0,2.0,3.0,WSe2_0.01562,11.798893570000008,1.3018
619cdd9245851b2ed24323e3,low_WSe2,1.0,2.0,3.0,WSe2_0.01562,11.77065005999997,1.2967000000000013
619cdd9245851b2ed24323e4,low_WSe2,0.0,3.0,3.0,WSe2_0.01562,0.4315074900000013,1.8138000000000005
619cdd9245851b2ed24323e5,low_WSe2,2.0,1.0,3.0,WSe2_0.01562,23.120375770000045,1.2847000000000008
619cdd9345851b2ed24323e6,low_WSe2,3.0,0.0,3.0,WSe2_0.01562,50.5699078000001,0.1999999999999993
619cdd9345851b2ed24323e7,low_WSe2,1.0,2.0,3.0,WSe2_0.01562,28.04805192999993,0.21899999999999942
619cdd9345851b2ed24323e8,low_WSe2,0.0,3.0,3.0,WSe2_0.01562,0.42776472000008425,1.8297999999999988
619cdd9345851b2ed24323e9,low_WSe2,2.0,1.0,3.0,WSe2_0.01562,23.129651960000082,1.2804000000000002
619cdd9345851b2ed24323ea,low_WSe2,2.0,1.0,3.0,WSe2_0.01562,39.249059439999925,0.19650000000000034
619cdd9345851b2ed24323eb,low_WSe2,2.0,1.0,3.0,WSe2_0.01562,39.16772337999991,0.19170000000000087
619cdd9345851b2ed24323ec,low_WSe2,1.0,2.0,3.0,WSe2_0.01562,11.772386320000113,1.3008999999999986
619cdd9345851b2ed24323ed,low_WSe2,0.0,3.0,3.0,WSe2_0.01562,0.42732554000002665,1.8260999999999967
619cdd9345851b2ed24323ee,low_WSe2,0.0,3.0,3.0,WSe2_0.01562,0.4260131600000818,1.8299999999999983
619cdd9345851b2ed24323ef,low_WSe2,1.0,2.0,3.0,WSe2_0.01562,11.799634530000038,1.301400000000001
619cdd9345851b2ed24323f0,low_WSe2,3.0,0.0,3.0,WSe2_0.01562,50.554924469999925,0.20590000000000153
619cdd9345851b2ed24323f1,low_WSe2,1.0,2.0,3.0,WSe2_0.01562,11.760454640000024,1.3014999999999972
619cdd9345851b2ed24323f2,low_WSe2,1.0,2.0,3.0,WSe2_0.01562,11.775321070000007,1.1566000000000045
619cdd9345851b2ed24323f3,low_WSe2,2.0,1.0,3.0,WSe2_0.01562,39.34360829999996,0.2657000000000007
619cdd9345851b2ed24323f4,low_WSe2,1.0,2.0,3.0,WSe2_0.01562,11.770451800000036,1.2997000000000014
619cdd9345851b2ed24323f5,low_WSe2,2.0,1.0,3.0,WSe2_0.01562,37.579852579999894,0.6621000000000006
619cdd9345851b2ed24323f6,low_WSe2,0.0,3.0,3.0,WSe2_0.01562,0.42799062000011645,1.8278000000000034
619cdd9345851b2ed24323f7,low_WSe2,1.0,2.0,3.0,WSe2_0.01562,27.924107179999965,0.19449999999999967
619cdd9345851b2ed24323f8,low_WSe2,0.0,3.0,3.0,WSe2_0.01562,0.4295862400001056,1.8276000000000039
619cdd9345851b2ed24323f9,low_WSe2,2.0,1.0,3.0,WSe2_0.01562,23.110793890000004,1.265900000000002
619cdd9345851b2ed24323fa,low_WSe2,3.0,0.0,3.0,WSe2_0.01562,49.97467190999996,0.1867000000000001
619cdd9345851b2ed24323fb,low_WSe2,2.0,1.0,3.0,WSe2_0.01562,39.353534789999955,0.2256999999999998
619cdd9345851b2ed24323fc,low_WSe2,1.0,2.0,3.0,WSe2_0.01562,27.999343010000075,0.2622
619cdd9345851b2ed24323fd,low_WSe2,3.0,0.0,3.0,WSe2_0.01562,50.50201556000011,0.22330000000000005
619cdd9345851b2ed24323fe,low_WSe2,1.0,2.0,3.0,WSe2_0.01562,27.994773440000017,0.2663999999999991
619cdd9345851b2ed24323ff,low_WSe2,2.0,1.0,3.0,WSe2_0.01562,39.25490390000009,0.16799999999999926
619cdd9345851b2ed2432400,low_WSe2,2.0,1.0,3.0,WSe2_0.01562,39.22632004000006,0.14730000000000132
619cdd9345851b2ed2432401,low_WSe2,0.0,3.0,3.0,WSe2_0.01562,0.4546863200000075,1.8295999999999992
619cdd9345851b2ed2432402,low_WSe2,2.0,1.0,3.0,WSe2_0.01562,39.229123319999914,0.21700000000000053
619cdd9345851b2ed2432403,low_WSe2,2.0,1.0,3.0,WSe2_0.01562,23.027463930000103,1.1155999999999935
619cdd9345851b2ed2432404,low_WSe2,1.0,2.0,3.0,WSe2_0.01562,11.774812269999973,1.2964999999999947
619cdd9345851b2ed2432405,low_WSe2,2.0,1.0,3.0,WSe2_0.01562,39.324682210000034,0.2738000000000014
619cdd9345851b2ed2432406,low_WSe2,3.0,0.0,3.0,WSe2_0.01562,50.556431690000046,0.20540000000000092
619cdd9345851b2ed2432407,low_WSe2,2.0,1.0,3.0,WSe2_0.01562,23.09505640000001,1.282199999999996
619cdd9345851b2ed2432408,low_WSe2,2.0,1.0,3.0,WSe2_0.01562,39.232546980000095,0.20589999999999975
619cdd9345851b2ed2432409,low_WSe2,0.0,3.0,3.0,WSe2_0.01562,0.4310481599999889,1.8192999999999984
619cdd9345851b2ed243240a,low_WSe2,2.0,1.0,3.0,WSe2_0.01562,39.33666074000011,0.2713000000000001
619cdd9345851b2ed243240b,low_WSe2,0.0,3.0,3.0,WSe2_0.01562,0.4259422199999676,1.8218999999999994
619cdd9345851b2ed243240c,low_WSe2,2.0,1.0,3.0,WSe2_0.01562,39.2303777099999,0.20279999999999987
619cdd9345851b2ed243240d,low_WSe2,2.0,1.0,3.0,WSe2_0.01562,23.14584089000008,1.1425000000000054
619cdd9345851b2ed243240e,low_WSe2,1.0,2.0,3.0,WSe2_0.01562,28.047956540000087,0.2212000000000014
619cdd9345851b2ed243240f,low_WSe2,3.0,0.0,3.0,WSe2_0.01562,50.57468503000005,0.2251000000000012
619cdd9345851b2ed2432410,low_WSe2,2.0,1.0,3.0,WSe2_0.01562,37.674753040000084,0.6112000000000002
619cdd9345851b2ed2432411,low_WSe2,0.0,3.0,3.0,WSe2_0.01562,0.4305659500000161,1.8319000000000045
619cdd9345851b2ed2432412,low_WSe2,2.0,1.0,3.0,WSe2_0.01562,23.29290360000008,0.7276999999999987
619cdd9345851b2ed2432413,low_WSe2,2.0,1.0,3.0,WSe2_0.01562,39.221129829999924,0.1443999999999992
619cdd9345851b2ed2432414,low_WSe2,2.0,1.0,3.0,WSe2_0.01562,39.18277579000009,0.13470000000000049
619cdd9345851b2ed2432415,low_WSe2,2.0,1.0,3.0,WSe2_0.01562,39.23538192000005,0.2149000000000001
619cdd9345851b2ed2432416,low_WSe2,2.0,1.0,3.0,WSe2_0.01562,39.19756962000001,0.2090999999999994
619cdd9345851b2ed2432417,low_WSe2,2.0,1.0,3.0,WSe2_0.01562,38.792162199999936,0.17900000000000027
619cdd9345851b2ed2432418,low_WSe2,1.0,2.0,3.0,WSe2_0.01562,27.914404699999977,0.19669999999999987
619cdd9345851b2ed2432419,low_WSe2,2.0,1.0,3.0,WSe2_0.01562,39.23355892999989,0.1977000000000011
619cdd9345851b2ed243241a,low_WSe2,1.0,2.0,3.0,WSe2_0.01562,11.775570129999995,1.299599999999998
619cdd9345851b2ed243241b,low_WSe2,1.0,2.0,3.0,WSe2_0.01562,27.92363148000004,0.19189999999999863
619cdd9345851b2ed243241c,low_WSe2,2.0,1.0,3.0,WSe2_0.01562,39.237333020000094,0.19180000000000064
619cdd9345851b2ed243241d,low_WSe2,3.0,0.0,3.0,WSe2_0.01562,50.57745394999993,0.204600000000001
619cdd9345851b2ed243241e,low_WSe2,2.0,1.0,3.0,WSe2_0.01562,39.27163851999994,0.19430000000000014
619cdd9345851b2ed243241f,low_WSe2,2.0,1.0,3.0,WSe2_0.01562,38.63327548000011,0.19519999999999982
619cdd9345851b2ed2432420,low_WSe2,2.0,1.0,3.0,WSe2_0.01562,39.204410619999905,0.1629000000000005
619cdd9345851b2ed2432421,low_WSe2,0.0,3.0,3.0,WSe2_0.01562,0.42865963000002694,1.8303000000000011
619cdd9345851b2ed2432422,low_WSe2,2.0,1.0,3.0,WSe2_0.01562,37.57813283,0.6560000000000006
619cdd9345851b2ed2432423,low_WSe2,1.0,2.0,3.0,WSe2_0.01562,11.7725469899999,1.3046000000000006
619cdd9345851b2ed2432424,low_WSe2,3.0,0.0,3.0,WSe2_0.01562,50.58062069999992,0.19810000000000016
619cdd9345851b2ed2432425,low_WSe2,1.0,2.0,3.0,WSe2_0.01562,27.99982320999993,0.26259999999999906
619cdd9345851b2ed2432426,low_WSe2,0.0,3.0,3.0,WSe2_0.01562,0.42893479999992223,1.8292000000000002
619cdd9345851b2ed2432427,low_WSe2,1.0,2.0,3.0,WSe2_0.01562,27.9209143999999,0.19479999999999897
619cdd9345851b2ed2432428,low_WSe2,1.0,2.0,3.0,WSe2_0.01562,27.92637067999999,0.18929999999999936
619cdd9345851b2ed2432429,low_WSe2,1.0,2.0,3.0,WSe2_0.01562,11.768361910000056,1.3004999999999995
619cdd9345851b2ed243242a,low_WSe2,2.0,1.0,3.0,WSe2_0.01562,39.172946729999964,0.18810000000000038
619cdd9345851b2ed243242b,low_WSe2,1.0,2.0,3.0,WSe2_0.01562,11.770988329999899,1.3008999999999986
619cdd9345851b2ed243242c,low_WSe2,1.0,2.0,3.0,WSe2_0.01562,11.785955730000058,1.2719999999999985
619cdd9345851b2ed243242d,low_WSe2,2.0,1.0,3.0,WSe2_0.01562,23.125920579999992,1.2822999999999993
619cdd9345851b2ed243242e,low_WSe2,0.0,3.0,3.0,WSe2_0.01562,0.43710509000010234,1.8204999999999956
619cdd9345851b2ed243242f,low_WSe2,1.0,2.0,3.0,WSe2_0.01562,11.751512439999932,1.296199999999999
619cdd9345851b2ed2432430,low_WSe2,1.0,1.0,2.0,WSe2_0.01042,8.021232449999957,1.3016000000000005
619cdd9345851b2ed2432431,low_WSe2,3.0,0.0,3.0,WSe2_0.01562,50.51265900000008,0.2016000000000009
619cdd9345851b2ed2432432,low_WSe2,0.0,3.0,3.0,WSe2_0.01562,0.4299659499999393,1.822499999999998
619cdd9345851b2ed2432433,low_WSe2,0.0,3.0,3.0,WSe2_0.01562,0.428823379999983,1.8278999999999996
619cdd9345851b2ed2432434,low_WSe2,1.0,2.0,3.0,WSe2_0.01562,27.921132169999964,0.19679999999999964
619cdd9345851b2ed2432435,low_WSe2,1.0,2.0,3.0,WSe2_0.01562,11.769228410000085,1.2988
619cdd9345851b2ed2432436,low_WSe2,2.0,1.0,3.0,WSe2_0.01562,39.2485295500001,0.1598000000000006
619cdd9345851b2ed2432437,low_WSe2,2.0,1.0,3.0,WSe2_0.01562,39.277655850000016,0.1700999999999997
619cdd9345851b2ed2432438,low_WSe2,0.0,2.0,2.0,WSe2_0.01042,2.0896839499999036,1.8326999999999956
619cdd9445851b2ed2432439,low_WSe2,0.0,3.0,3.0,WSe2_0.01562,0.4282315800000447,1.8243999999999971
619cdd9445851b2ed243243a,low_WSe2,2.0,1.0,3.0,WSe2_0.01562,37.578441659999996,0.6576999999999984
619cdd9445851b2ed243243b,low_WSe2,2.0,1.0,3.0,WSe2_0.01562,38.6346039999999,0.19340000000000046
619cdd9445851b2ed243243c,low_WSe2,2.0,1.0,3.0,WSe2_0.01562,23.103003279999974,1.1976999999999975
619cdd9445851b2ed243243d,low_WSe2,1.0,2.0,3.0,WSe2_0.01562,11.772662070000013,1.2935000000000016
619cdd9445851b2ed243243e,low_WSe2,1.0,2.0,3.0,WSe2_0.01562,27.998438139999962,0.26559999999999917
619cdd9445851b2ed243243f,low_WSe2,1.0,2.0,3.0,WSe2_0.01562,11.783618480000076,1.293999999999997
619cdd9445851b2ed2432440,low_WSe2,2.0,1.0,3.0,WSe2_0.01562,38.631389940000005,0.19570000000000043
619cdd9445851b2ed2432441,low_WSe2,1.0,2.0,3.0,WSe2_0.01562,11.767257810000036,1.2973
619cdd9445851b2ed2432442,low_WSe2,1.0,2.0,3.0,WSe2_0.01562,11.788513910000109,1.3006000000000029
619cdd9445851b2ed2432443,low_WSe2,0.0,3.0,3.0,WSe2_0.01562,0.42889439000003904,1.8338999999999999
619cdd9445851b2ed2432444,low_WSe2,0.0,3.0,3.0,WSe2_0.01562,0.4280590499999448,1.8326999999999956
619cdd9445851b2ed2432445,low_WSe2,1.0,2.0,3.0,WSe2_0.01562,11.772929389999934,1.3051999999999992
619cdd9445851b2ed2432446,low_WSe2,1.0,2.0,3.0,WSe2_0.01562,11.76694107000002,1.293999999999997
619cdd9445851b2ed2432447,low_WSe2,1.0,2.0,3.0,WSe2_0.01562,27.913543119999986,0.18259999999999899
619cdd9445851b2ed2432448,low_WSe2,3.0,0.0,3.0,WSe2_0.01562,48.9140653800001,0.5777000000000001
619cdd9445851b2ed2432449,low_WSe2,3.0,0.0,3.0,WSe2_0.01562,50.68864670000003,0.28279999999999994
619cdd9445851b2ed243244a,low_WSe2,1.0,2.0,3.0,WSe2_0.01562,11.768099769999925,1.3033000000000001
619cdd9445851b2ed243244b,low_WSe2,1.0,2.0,3.0,WSe2_0.01562,11.769802450000032,1.296199999999999
619cdd9445851b2ed243244c,low_WSe2,2.0,1.0,3.0,WSe2_0.01562,39.22758086000003,0.20110000000000028
619cdd9445851b2ed243244d,low_WSe2,1.0,2.0,3.0,WSe2_0.01562,11.774243399999921,1.286200000000001
619cdd9445851b2ed243244e,low_WSe2,1.0,2.0,3.0,WSe2_0.01562,11.763541569999905,1.2951999999999941
619cdd9445851b2ed243244f,low_WSe2,2.0,1.0,3.0,WSe2_0.01562,23.100983159999977,1.2584000000000017
619cdd9445851b2ed2432450,low_WSe2,1.0,2.0,3.0,WSe2_0.01562,11.767225900000074,1.2971999999999966
619cdd9445851b2ed2432451,low_WSe2,0.0,3.0,3.0,WSe2_0.01562,0.42749496000004683,1.8241000000000014
619cdd9445851b2ed2432452,low_WSe2,1.0,2.0,3.0,WSe2_0.01562,11.79406156999993,1.2996000000000052
619cdd9445851b2ed2432453,low_WSe2,1.0,2.0,3.0,WSe2_0.01562,11.77329194999992,1.2989999999999995
619cdd9445851b2ed2432454,low_WSe2,3.0,0.0,3.0,WSe2_0.01562,50.56792621000009,0.15779999999999994
619cdd9445851b2ed2432455,low_WSe2,2.0,1.0,3.0,WSe2_0.01562,39.3312862799999,0.2713000000000001
619cdd9445851b2ed2432456,low_WSe2,1.0,2.0,3.0,WSe2_0.01562,11.767710639999894,1.3027999999999977
619cdd9445851b2ed2432457,low_WSe2,1.0,2.0,3.0,WSe2_0.01562,11.781638149999925,1.274799999999999
619cdd9445851b2ed2432458,low_WSe2,2.0,1.0,3.0,WSe2_0.01562,23.119469199999948,1.2164999999999964
619cdd9445851b2ed2432459,low_WSe2,2.0,1.0,3.0,WSe2_0.01562,23.280581419999898,0.8532999999999973
619cdd9445851b2ed243245a,low_WSe2,1.0,2.0,3.0,WSe2_0.01562,11.746855459999995,1.2960999999999956
619cdd9445851b2ed243245b,low_WSe2,2.0,1.0,3.0,WSe2_0.01562,23.10324496000002,1.1984999999999957
619cdd9445851b2ed243245c,low_WSe2,1.0,2.0,3.0,WSe2_0.01562,11.7701072499999,1.2941999999999965
619cdd9445851b2ed243245d,low_WSe2,3.0,0.0,3.0,WSe2_0.01562,50.53967281999994,0.23760000000000048
619cdd9445851b2ed243245e,low_WSe2,1.0,2.0,3.0,WSe2_0.01562,11.767513739999902,1.296199999999999
619cdd9445851b2ed243245f,low_WSe2,2.0,1.0,3.0,WSe2_0.01562,39.348611129999924,0.2668999999999997
619cdd9445851b2ed2432460,low_WSe2,1.0,2.0,3.0,WSe2_0.01562,11.76647038000009,1.3027999999999977
619cdd9445851b2ed2432461,low_WSe2,1.0,2.0,3.0,WSe2_0.01562,11.676931460000095,1.306599999999996
619cdd9445851b2ed2432462,low_WSe2,2.0,1.0,3.0,WSe2_0.01562,39.24321912000009,0.19899999999999984
619cdd9445851b2ed2432463,low_WSe2,0.0,3.0,3.0,WSe2_0.01562,0.4302617099999111,1.8252000000000024
619cdd9445851b2ed2432464,low_WSe2,1.0,1.0,2.0,WSe2_0.01042,8.02452234000009,1.2811000000000003
619cdd9445851b2ed2432465,low_WSe2,1.0,2.0,3.0,WSe2_0.01562,11.775059029999955,1.2989999999999995
619cdd9445851b2ed2432466,low_WSe2,1.0,2.0,3.0,WSe2_0.01562,11.775333479999961,1.3028000000000048
619cdd9445851b2ed2432467,low_WSe2,2.0,1.0,3.0,WSe2_0.01562,39.23277246000002,0.19620000000000104
619cdd9445851b2ed2432468,low_WSe2,0.0,3.0,3.0,WSe2_0.01562,0.42648028000002114,1.8248000000000033
619cdd9445851b2ed2432469,low_WSe2,1.0,2.0,3.0,WSe2_0.01562,27.90880741000001,0.19610000000000127
619cdd9445851b2ed243246a,low_WSe2,1.0,2.0,3.0,WSe2_0.01562,11.772127440000066,1.3012000000000015
619cdd9445851b2ed243246b,low_WSe2,1.0,2.0,3.0,WSe2_0.01562,27.995608709999942,0.2679999999999989
619cdd9445851b2ed243246c,low_WSe2,0.0,3.0,3.0,WSe2_0.01562,0.42926467999990336,1.8259999999999934
619cdd9445851b2ed243246d,low_WSe2,1.0,2.0,3.0,WSe2_0.01562,11.770014919999984,1.2975999999999956
619cdd9445851b2ed243246e,low_WSe2,2.0,1.0,3.0,WSe2_0.01562,39.24578675000002,0.19430000000000014
619cdd9445851b2ed243246f,low_WSe2,0.0,3.0,3.0,WSe2_0.01562,0.4289588900000467,1.8228000000000009
619cdd9445851b2ed2432470,low_WSe2,2.0,1.0,3.0,WSe2_0.01562,39.199787690000036,0.14309999999999867
619cdd9445851b2ed2432471,low_WSe2,1.0,2.0,3.0,WSe2_0.01562,27.91770582999993,0.19340000000000046
619cdd9445851b2ed2432472,low_WSe2,2.0,1.0,3.0,WSe2_0.01562,39.27414621000007,0.25569999999999915
619cdd9445851b2ed2432473,low_WSe2,1.0,2.0,3.0,WSe2_0.01562,28.000920780000115,0.2575000000000003
619cdd9445851b2ed2432474,low_WSe2,2.0,1.0,3.0,WSe2_0.01562,39.39737384000004,0.2801000000000009
619cdd9445851b2ed2432475,low_WSe2,3.0,0.0,3.0,WSe2_0.01562,50.534874479999964,0.16890000000000072
619cdd9445851b2ed2432476,low_WSe2,2.0,1.0,3.0,WSe2_0.01562,23.116590769999938,1.2892999999999972
619cdd9445851b2ed2432477,low_WSe2,0.0,3.0,3.0,WSe2_0.01562,0.43279494999995904,1.8153000000000006
619cdd9445851b2ed2432478,low_WSe2,1.0,2.0,3.0,WSe2_0.01562,28.058196989999942,0.27550000000000097
619cdd9445851b2ed2432479,low_WSe2,2.0,1.0,3.0,WSe2_0.01562,23.108779250000033,1.2719999999999985
619cdd9445851b2ed243247a,low_WSe2,3.0,0.0,3.0,WSe2_0.01562,50.55352230000003,0.1634000000000011
619cdd9445851b2ed243247b,low_WSe2,2.0,1.0,3.0,WSe2_0.01562,39.230185729999945,0.18929999999999936
619cdd9445851b2ed243247c,low_WSe2,2.0,1.0,3.0,WSe2_0.01562,23.11489088000011,1.2695000000000007
619cdd9445851b2ed243247d,low_WSe2,2.0,1.0,3.0,WSe2_0.01562,39.25322888999999,0.19720000000000049
619cdd9445851b2ed243247e,low_WSe2,0.0,3.0,3.0,WSe2_0.01562,0.42660644999995156,1.8237000000000023
619cdd9445851b2ed243247f,low_WSe2,1.0,2.0,3.0,WSe2_0.01562,11.763333580000097,1.2978000000000023
619cdd9445851b2ed2432480,low_WSe2,1.0,2.0,3.0,WSe2_0.01562,28.057111320000104,0.27999999999999936
619cdd9445851b2ed2432481,low_WSe2,1.0,2.0,3.0,WSe2_0.01562,28.001423310000064,0.2666000000000004
619cdd9445851b2ed2432482,low_WSe2,1.0,2.0,3.0,WSe2_0.01562,11.770711010000003,1.2982000000000014
619cdd9445851b2ed2432483,low_WSe2,1.0,2.0,3.0,WSe2_0.01562,27.91510790999996,0.18950000000000067
619cdd9445851b2ed2432484,low_WSe2,1.0,2.0,3.0,WSe2_0.01562,11.772157880000112,1.2986999999999966
619cdd9445851b2ed2432485,low_WSe2,2.0,1.0,3.0,WSe2_0.01562,38.63393387000001,0.1913999999999998
619cdd9445851b2ed2432486,low_WSe2,3.0,0.0,3.0,WSe2_0.01562,49.95550461000003,0.19369999999999976
619cdd9445851b2ed2432487,low_WSe2,0.0,3.0,3.0,WSe2_0.01562,0.42800475000007054,1.826900000000002
619cdd9445851b2ed2432488,low_WSe2,2.0,1.0,3.0,WSe2_0.01562,38.62997105000004,0.19619999999999926
619cdd9445851b2ed2432489,low_WSe2,3.0,0.0,3.0,WSe2_0.01562,49.922042539999985,0.2010000000000005
619cdd9445851b2ed243248a,low_WSe2,2.0,1.0,3.0,WSe2_0.01562,23.120090030000064,1.2830000000000013
619cdd9545851b2ed243248b,low_WSe2,1.0,2.0,3.0,WSe2_0.01562,27.925086490000012,0.1941000000000006
619cdd9545851b2ed243248c,low_WSe2,2.0,1.0,3.0,WSe2_0.01562,39.2562001700001,0.18930000000000113
619cdd9545851b2ed243248d,low_WSe2,3.0,0.0,3.0,WSe2_0.01562,50.53232766000006,0.16000000000000014
619cdd9545851b2ed243248e,low_WSe2,2.0,1.0,3.0,WSe2_0.01562,23.12299082999997,1.178600000000003
619cdd9545851b2ed243248f,low_WSe2,1.0,2.0,3.0,WSe2_0.01562,11.789917249999906,1.1552000000000007
619cdd9545851b2ed2432490,low_WSe2,1.0,2.0,3.0,WSe2_0.01562,28.021557020000046,0.2469999999999999
619cdd9545851b2ed2432491,low_WSe2,2.0,1.0,3.0,WSe2_0.01562,23.121630959999983,1.2792999999999992
619cdd9545851b2ed2432492,low_WSe2,2.0,1.0,3.0,WSe2_0.01562,23.117517010000064,1.2783000000000015
619cdd9545851b2ed2432493,low_WSe2,1.0,2.0,3.0,WSe2_0.01562,11.767954290000024,1.2973999999999961
619cdd9545851b2ed2432494,low_WSe2,2.0,1.0,3.0,WSe2_0.01562,23.093209070000093,1.2811000000000021
619cdd9545851b2ed2432495,low_WSe2,2.0,1.0,3.0,WSe2_0.01562,23.115792899999896,1.2845999999999975
619cdd9545851b2ed2432496,low_WSe2,2.0,1.0,3.0,WSe2_0.01562,39.23936334999989,0.19510000000000005
619cdd9545851b2ed2432497,low_WSe2,1.0,2.0,3.0,WSe2_0.01562,11.775729500000114,1.2864000000000004
619cdd9545851b2ed2432498,low_WSe2,2.0,1.0,3.0,WSe2_0.01562,39.200738170000065,0.21140000000000114
619cdd9545851b2ed2432499,low_WSe2,3.0,0.0,3.0,WSe2_0.01562,50.572802629999934,0.20839999999999925
619cdd9545851b2ed243249a,low_WSe2,1.0,2.0,3.0,WSe2_0.01562,11.771176949999916,1.3042999999999978
619cdd9545851b2ed243249b,low_WSe2,1.0,2.0,3.0,WSe2_0.01562,27.916304240000045,0.19860000000000078
619cdd9545851b2ed243249c,low_WSe2,1.0,2.0,3.0,WSe2_0.01562,11.758792500000016,1.3001000000000005
619cdd9545851b2ed243249d,low_WSe2,1.0,2.0,3.0,WSe2_0.01562,27.8773549,0.17580000000000062
619cdd9545851b2ed243249e,low_WSe2,1.0,2.0,3.0,WSe2_0.01562,11.77261395000004,1.2974000000000032
619cdd9545851b2ed243249f,low_WSe2,1.0,2.0,3.0,WSe2_0.01562,27.916766759999973,0.19350000000000023
619cdd9545851b2ed24324a0,low_WSe2,0.0,3.0,3.0,WSe2_0.01562,0.43362134000011565,1.8126000000000033
619cdd9545851b2ed24324a1,low_WSe2,3.0,0.0,3.0,WSe2_0.01562,50.54440142999997,0.22530000000000072
619cdd9545851b2ed24324a2,low_WSe2,0.0,3.0,3.0,WSe2_0.01562,0.43138379000009763,1.8185000000000002
619cdd9545851b2ed24324a3,low_WSe2,1.0,2.0,3.0,WSe2_0.01562,27.881598409999924,0.17520000000000024
619cdd9545851b2ed24324a4,low_WSe2,2.0,1.0,3.0,WSe2_0.01562,39.254096639999986,0.19789999999999885
619cdd9545851b2ed24324a5,low_WSe2,2.0,1.0,3.0,WSe2_0.01562,39.26294783999997,0.19420000000000037
619cdd9545851b2ed24324a6,low_WSe2,1.0,2.0,3.0,WSe2_0.01562,11.772814740000047,1.3038999999999987
619cdd9545851b2ed24324a7,low_WSe2,2.0,1.0,3.0,WSe2_0.01562,23.102203859999953,1.2571000000000012
619cdd9545851b2ed24324a8,low_WSe2,3.0,0.0,3.0,WSe2_0.01562,50.52670169999997,0.2154999999999987
619cdd9545851b2ed24324a9,low_WSe2,2.0,1.0,3.0,WSe2_0.01562,39.23016613999998,0.19819999999999993
619cdd9545851b2ed24324aa,low_WSe2,2.0,1.0,3.0,WSe2_0.01562,23.123835129999897,1.2800999999999974
619cdd9545851b2ed24324ab,low_WSe2,3.0,0.0,3.0,WSe2_0.01562,50.59702142000001,0.1734000000000009
619cdd9545851b2ed24324ac,low_WSe2,0.0,3.0,3.0,WSe2_0.01562,0.4359645300000352,1.8367000000000004
619cdd9545851b2ed24324ad,low_WSe2,1.0,2.0,3.0,WSe2_0.01562,11.767375670000082,1.3023999999999987
619cdd9545851b2ed24324ae,low_WSe2,2.0,1.0,3.0,WSe2_0.01562,39.293259350000014,0.17439999999999856
619cdd9545851b2ed24324af,low_WSe2,1.0,2.0,3.0,WSe2_0.01562,11.76686412999992,1.2944999999999993
619cdd9545851b2ed24324b0,low_WSe2,3.0,0.0,3.0,WSe2_0.01562,50.58983064999993,0.1916999999999991
619cdd9545851b2ed24324b1,low_WSe2,3.0,0.0,3.0,WSe2_0.01562,48.89742626999996,0.5830000000000002
619cdd9545851b2ed24324b2,low_WSe2,1.0,2.0,3.0,WSe2_0.01562,11.769526519999989,1.2946999999999989
619cdd9545851b2ed24324b3,low_WSe2,2.0,1.0,3.0,WSe2_0.01562,39.29286548999998,0.16870000000000118
619cdd9545851b2ed24324b4,low_WSe2,2.0,1.0,3.0,WSe2_0.01562,23.108811849999974,1.263300000000001
619cdd9545851b2ed24324b5,low_WSe2,1.0,2.0,3.0,WSe2_0.01562,11.760535599999901,1.2992000000000061
619cdd9545851b2ed24324b6,low_WSe2,1.0,2.0,3.0,WSe2_0.01562,11.767200400000082,1.2933999999999983
619cdd9545851b2ed24324b7,low_WSe2,3.0,0.0,3.0,WSe2_0.01562,50.497175500000004,0.2228999999999992
619cdd9545851b2ed24324b8,low_WSe2,1.0,1.0,2.0,WSe2_0.01042,8.02473294999993,1.2998000000000012
619cdd9545851b2ed24324b9,low_WSe2,2.0,1.0,3.0,WSe2_0.01562,23.13653870000011,1.2770999999999972
619cdd9545851b2ed24324ba,low_WSe2,1.0,2.0,3.0,WSe2_0.01562,11.771579409999948,1.3042000000000016
619cdd9545851b2ed24324bb,low_WSe2,1.0,2.0,3.0,WSe2_0.01562,11.774675390000073,1.2989999999999995
619cdd9545851b2ed24324bc,low_WSe2,2.0,1.0,3.0,WSe2_0.01562,39.23521936999991,0.19399999999999906
619cdd9545851b2ed24324bd,low_WSe2,2.0,1.0,3.0,WSe2_0.01562,39.24069743999989,0.2076999999999991
619cdd9545851b2ed24324be,low_WSe2,3.0,0.0,3.0,WSe2_0.01562,50.57674540000003,0.21450000000000102
619cdd9545851b2ed24324bf,low_WSe2,1.0,2.0,3.0,WSe2_0.01562,11.773040830000117,1.1570999999999998
619cdd9545851b2ed24324c0,low_WSe2,3.0,0.0,3.0,WSe2_0.01562,48.05647841999994,0.5754000000000001
619cdd9545851b2ed24324c1,low_WSe2,2.0,1.0,3.0,WSe2_0.01562,39.191408469999985,0.20720000000000027
619cdd9545851b2ed24324c2,low_WSe2,3.0,0.0,3.0,WSe2_0.01562,49.94856723999997,0.18549999999999933
619cdd9545851b2ed24324c3,low_WSe2,2.0,1.0,3.0,WSe2_0.01562,39.235849120000054,0.20099999999999874
619cdd9545851b2ed24324c4,low_WSe2,1.0,2.0,3.0,WSe2_0.01562,27.914655620000076,0.19740000000000002
619cdd9545851b2ed24324c5,low_WSe2,2.0,1.0,3.0,WSe2_0.01562,39.210902329999996,0.20229999999999926
619cdd9545851b2ed24324c6,low_WSe2,3.0,0.0,3.0,WSe2_0.01562,48.89583916999991,0.6211000000000002
619cdd9545851b2ed24324c7,low_WSe2,3.0,0.0,3.0,WSe2_0.01562,49.988040920000095,0.17019999999999946
619cdd9545851b2ed24324c8,low_WSe2,1.0,2.0,3.0,WSe2_0.01562,27.911890269999958,0.19250000000000078
619cdd9545851b2ed24324c9,low_WSe2,3.0,0.0,3.0,WSe2_0.01562,50.52791727000008,0.20279999999999987
619cdd9545851b2ed24324ca,low_WSe2,0.0,3.0,3.0,WSe2_0.01562,0.42679730000003246,1.8255000000000052
619cdd9545851b2ed24324cb,low_WSe2,1.0,2.0,3.0,WSe2_0.01562,28.005423500000006,0.2567000000000004
619cdd9545851b2ed24324cc,low_WSe2,2.0,1.0,3.0,WSe2_0.01562,23.080750619999925,1.255900000000004
619cdd9545851b2ed24324cd,low_WSe2,1.0,2.0,3.0,WSe2_0.01562,27.929484210000055,0.19209999999999994
619cdd9545851b2ed24324ce,low_WSe2,2.0,1.0,3.0,WSe2_0.01562,39.20390685000011,0.1775000000000002
619cdd9545851b2ed24324cf,low_WSe2,2.0,1.0,3.0,WSe2_0.01562,39.33307515999995,0.266
619cdd9545851b2ed24324d0,low_WSe2,0.0,2.0,2.0,WSe2_0.01042,-3.319380269999943,1.8655000000000008
619cdd9545851b2ed24324d1,low_WSe2,0.0,3.0,3.0,WSe2_0.01562,0.42970073999998704,1.8314000000000021
619cdd9545851b2ed24324d2,low_WSe2,3.0,0.0,3.0,WSe2_0.01562,50.55690603999992,0.2068000000000012
619cdd9545851b2ed24324d3,low_WSe2,3.0,0.0,3.0,WSe2_0.01562,50.56391846000006,0.19240000000000101
619cdd9545851b2ed24324d4,low_WSe2,2.0,1.0,3.0,WSe2_0.01562,39.23734001999996,0.1997
619cdd9545851b2ed24324d5,low_WSe2,0.0,3.0,3.0,WSe2_0.01562,0.4287168400000496,1.8290000000000006
619cdd9545851b2ed24324d6,low_WSe2,2.0,1.0,3.0,WSe2_0.01562,39.304693730000096,0.27139999999999986
619cdd9545851b2ed24324d7,low_WSe2,1.0,2.0,3.0,WSe2_0.01562,11.76616583000008,1.3027999999999977
619cdd9545851b2ed24324d8,low_WSe2,1.0,2.0,3.0,WSe2_0.01562,11.77272769,1.3024000000000058
619cdd9545851b2ed24324d9,low_WSe2,3.0,0.0,3.0,WSe2_0.01562,50.574076349999906,0.1512999999999991
619cdd9545851b2ed24324da,low_WSe2,1.0,2.0,3.0,WSe2_0.01562,11.788747470000079,1.2653999999999996
619cdd9545851b2ed24324db,low_WSe2,1.0,2.0,3.0,WSe2_0.01562,11.768906989999994,1.2929999999999993
619cdd9545851b2ed24324dc,low_WSe2,2.0,1.0,3.0,WSe2_0.01562,23.09620526000007,1.2456000000000031
619cdd9545851b2ed24324dd,low_WSe2,1.0,2.0,3.0,WSe2_0.01562,11.766184990000045,1.3023000000000025
619cdd9545851b2ed24324de,low_WSe2,3.0,0.0,3.0,WSe2_0.01562,50.5460267500001,0.21229999999999905
619cdd9645851b2ed24324df,low_WSe2,1.0,2.0,3.0,WSe2_0.01562,11.785127589999991,1.2691000000000017
619cdd9645851b2ed24324e0,low_WSe2,2.0,1.0,3.0,WSe2_0.01562,39.16863483999991,0.12169999999999881
619cdd9645851b2ed24324e1,low_WSe2,3.0,0.0,3.0,WSe2_0.01562,50.61391166999997,0.18050000000000033
619cdd9645851b2ed24324e2,low_WSe2,1.0,2.0,3.0,WSe2_0.01562,11.760636129999956,1.2978000000000023
619cdd9645851b2ed24324e3,low_WSe2,1.0,2.0,3.0,WSe2_0.01562,27.915467960000115,0.19449999999999967
619cdd9645851b2ed24324e4,low_WSe2,2.0,1.0,3.0,WSe2_0.01562,23.110172129999945,1.220399999999998
619cdd9645851b2ed24324e5,low_WSe2,3.0,0.0,3.0,WSe2_0.01562,49.9958466900001,0.19270000000000032
619cdd9645851b2ed24324e6,low_WSe2,1.0,2.0,3.0,WSe2_0.01562,11.760160519999989,1.2986000000000004
619cdd9645851b2ed24324e7,low_WSe2,2.0,1.0,3.0,WSe2_0.01562,39.18842395999995,0.21410000000000018
619cdd9645851b2ed24324e8,low_WSe2,1.0,2.0,3.0,WSe2_0.01562,11.77348894999999,1.301399999999994
619cdd9645851b2ed24324e9,low_WSe2,3.0,0.0,3.0,WSe2_0.01562,48.90450696000003,0.5961999999999996
619cdd9645851b2ed24324ea,low_WSe2,1.0,2.0,3.0,WSe2_0.01562,27.875617950000105,0.1769999999999996
619cdd9645851b2ed24324eb,low_WSe2,0.0,3.0,3.0,WSe2_0.01562,0.4342413199998987,1.8055999999999983
619cdd9645851b2ed24324ec,low_WSe2,2.0,1.0,3.0,WSe2_0.01562,39.27165986999994,0.26069999999999993
619cdd9645851b2ed24324ed,low_WSe2,1.0,2.0,3.0,WSe2_0.01562,11.755964639999991,1.3056000000000054
619cdd9645851b2ed24324ee,low_WSe2,2.0,1.0,3.0,WSe2_0.01562,39.19846465999994,0.15220000000000056
619cdd9645851b2ed24324ef,low_WSe2,2.0,1.0,3.0,WSe2_0.01562,38.63069505000003,0.19069999999999965
619cdd9645851b2ed24324f0,low_WSe2,3.0,0.0,3.0,WSe2_0.01562,50.54386093000003,0.2701000000000011
619cdd9645851b2ed24324f1,low_WSe2,1.0,2.0,3.0,WSe2_0.01562,11.772465629999932,1.283699999999996
619cdd9645851b2ed24324f2,low_WSe2,2.0,1.0,3.0,WSe2_0.01562,23.127186400000063,1.2805999999999997
619cdd9645851b2ed24324f3,low_WSe2,1.0,2.0,3.0,WSe2_0.01562,11.773996339999929,1.302900000000001
619cdd9645851b2ed24324f4,low_WSe2,1.0,2.0,3.0,WSe2_0.01562,11.767933170000095,1.2987000000000037
619cdd9645851b2ed24324f5,low_WSe2,2.0,1.0,3.0,WSe2_0.01562,23.093486710000015,1.2453000000000003
619cdd9645851b2ed24324f6,low_WSe2,2.0,1.0,3.0,WSe2_0.01562,39.23940543999997,0.19519999999999982
619cdd9645851b2ed24324f7,low_WSe2,0.0,3.0,3.0,WSe2_0.01562,0.4282369399999766,1.8329999999999984
619cdd9645851b2ed24324f8,low_WSe2,1.0,2.0,3.0,WSe2_0.01562,11.761248419999891,1.2996000000000052
619cdd9645851b2ed24324f9,low_WSe2,2.0,1.0,3.0,WSe2_0.01562,23.118915649999998,1.2711000000000041
619cdd9645851b2ed24324fa,low_WSe2,1.0,2.0,3.0,WSe2_0.01562,11.765038300000004,1.3003
619cdd9645851b2ed24324fb,low_WSe2,2.0,1.0,3.0,WSe2_0.01562,39.2455001199999,0.20239999999999903
619cdd9645851b2ed24324fc,low_WSe2,0.0,3.0,3.0,WSe2_0.01562,0.4269231699999523,1.8271000000000015
619cdd9645851b2ed24324fd,low_WSe2,2.0,1.0,3.0,WSe2_0.01562,37.5838773599999,0.6509999999999998
619cdd9645851b2ed24324fe,low_WSe2,1.0,2.0,3.0,WSe2_0.01562,28.005704680000008,0.2629999999999999
619cdd9645851b2ed24324ff,low_WSe2,1.0,2.0,3.0,WSe2_0.01562,11.768808389999993,1.3018999999999963
619cdd9645851b2ed2432500,low_WSe2,1.0,2.0,3.0,WSe2_0.01562,11.767160789999924,1.3000000000000043
619cdd9645851b2ed2432501,low_WSe2,1.0,2.0,3.0,WSe2_0.01562,11.759958119999954,1.2997000000000014
619cdd9645851b2ed2432502,low_WSe2,1.0,2.0,3.0,WSe2_0.01562,11.74946589,1.2980000000000018
619cdd9645851b2ed2432503,low_WSe2,2.0,1.0,3.0,WSe2_0.01562,22.55312363000011,1.249299999999998
619cdd9645851b2ed2432504,low_WSe2,2.0,1.0,3.0,WSe2_0.01562,39.24555403999993,0.198599999999999
619cdd9645851b2ed2432505,low_WSe2,3.0,0.0,3.0,WSe2_0.01562,50.58112822999997,0.1968999999999994
619cdd9645851b2ed2432506,low_WSe2,2.0,1.0,3.0,WSe2_0.01562,23.02056973000007,1.119800000000005
619cdd9645851b2ed2432507,low_WSe2,3.0,0.0,3.0,WSe2_0.01562,50.49075939999998,0.20509999999999984
619cdd9645851b2ed2432508,low_WSe2,1.0,2.0,3.0,WSe2_0.01562,27.91630858999997,0.19059999999999988
619cdd9645851b2ed2432509,low_WSe2,3.0,0.0,3.0,WSe2_0.01562,50.65216218999999,0.24980000000000047
619cdd9645851b2ed243250a,low_WSe2,1.0,2.0,3.0,WSe2_0.01562,11.743451609999955,1.3003999999999962
619cdd9645851b2ed243250b,low_WSe2,1.0,2.0,3.0,WSe2_0.01562,27.994954089999965,0.2668999999999997
619cdd9645851b2ed243250c,low_WSe2,3.0,0.0,3.0,WSe2_0.01562,49.58979935000011,0.22630000000000017
619cdd9645851b2ed243250d,low_WSe2,1.0,2.0,3.0,WSe2_0.01562,11.768613189999986,1.2988
619cdd9645851b2ed243250e,low_WSe2,1.0,2.0,3.0,WSe2_0.01562,11.770247390000112,1.3000000000000043
619cdd9645851b2ed243250f,low_WSe2,1.0,2.0,3.0,WSe2_0.01562,11.771225669999911,1.302500000000002
619cdd9645851b2ed2432510,low_WSe2,1.0,2.0,3.0,WSe2_0.01562,28.047568570000067,0.2195999999999998
619cdd9645851b2ed2432511,low_WSe2,2.0,1.0,3.0,WSe2_0.01562,39.22696593999994,0.19740000000000002
619cdd9645851b2ed2432512,low_WSe2,1.0,2.0,3.0,WSe2_0.01562,28.049143649999905,0.22310000000000052
619cdd9645851b2ed2432513,low_WSe2,2.0,1.0,3.0,WSe2_0.01562,39.25807364999996,0.18659999999999854
619cdd9645851b2ed2432514,low_WSe2,1.0,2.0,3.0,WSe2_0.01562,11.766241519999983,1.3025999999999982
619cdd9645851b2ed2432515,low_WSe2,2.0,1.0,3.0,WSe2_0.01562,39.320372250000034,0.24790000000000134
619cdd9645851b2ed2432516,low_WSe2,2.0,1.0,3.0,WSe2_0.01562,39.259281070000085,0.19350000000000023
619cdd9645851b2ed2432517,low_WSe2,1.0,2.0,3.0,WSe2_0.01562,11.773259040000074,1.3019999999999996
619cdd9645851b2ed2432518,low_WSe2,2.0,1.0,3.0,WSe2_0.01562,39.23581377000009,0.18570000000000064
619cdd9645851b2ed2432519,low_WSe2,2.0,1.0,3.0,WSe2_0.01562,23.122980670000096,1.2824999999999989
619cdd9645851b2ed243251a,low_WSe2,2.0,1.0,3.0,WSe2_0.01562,39.217079629999986,0.19690000000000119
619cdd9645851b2ed243251b,low_WSe2,1.0,2.0,3.0,WSe2_0.01562,28.000542819999964,0.2674000000000003
619cdd9645851b2ed243251c,low_WSe2,0.0,3.0,3.0,WSe2_0.01562,0.427459449999958,1.8338999999999999
619cdd9645851b2ed243251d,low_WSe2,2.0,1.0,3.0,WSe2_0.01562,23.13718184999997,1.1396999999999977
619cdd9645851b2ed243251e,low_WSe2,2.0,1.0,3.0,WSe2_0.01562,38.63238284999993,0.19340000000000046
619cdd9645851b2ed243251f,low_WSe2,2.0,1.0,3.0,WSe2_0.01562,38.66584145999995,0.1902000000000008
619cdd9645851b2ed2432520,low_WSe2,3.0,0.0,3.0,WSe2_0.01562,50.573226150000075,0.15899999999999892
619cdd9645851b2ed2432521,low_WSe2,0.0,3.0,3.0,WSe2_0.01562,0.45384559999996554,1.8256999999999977
619cdd9645851b2ed2432522,low_WSe2,0.0,3.0,3.0,WSe2_0.01562,0.4549679399999036,1.829500000000003
619cdd9645851b2ed2432523,low_WSe2,0.0,3.0,3.0,WSe2_0.01562,0.42841592999997147,1.8264999999999958
619cdd9645851b2ed2432524,low_WSe2,0.0,3.0,3.0,WSe2_0.01562,0.426559579999946,1.8287000000000049
619cdd9645851b2ed2432525,low_WSe2,1.0,2.0,3.0,WSe2_0.01562,28.060167099999944,0.2767999999999997
619cdd9645851b2ed2432526,low_WSe2,2.0,1.0,3.0,WSe2_0.01562,39.358162230000104,0.279399999999999
619cdd9645851b2ed2432527,low_WSe2,1.0,2.0,3.0,WSe2_0.01562,11.770290579999926,1.3033000000000001
619cdd9645851b2ed2432528,low_WSe2,0.0,3.0,3.0,WSe2_0.01562,0.42815306999995073,1.8278999999999996
619cdd9645851b2ed2432529,low_WSe2,0.0,3.0,3.0,WSe2_0.01562,0.4310421800000199,1.8146000000000058
619cdd9645851b2ed243252a,low_WSe2,3.0,0.0,3.0,WSe2_0.01562,50.55956098000011,0.20359999999999978
619cdd9645851b2ed243252b,low_WSe2,2.0,1.0,3.0,WSe2_0.01562,39.19015818000007,0.19230000000000125
619cdd9645851b2ed243252c,low_WSe2,2.0,1.0,3.0,WSe2_0.01562,39.23904466999993,0.19950000000000045
619cdd9645851b2ed243252d,low_WSe2,2.0,1.0,3.0,WSe2_0.01562,23.117492410000104,1.2493000000000052
619cdd9645851b2ed243252e,low_WSe2,3.0,0.0,3.0,WSe2_0.01562,48.93263211999997,0.4493000000000009
619cdd9645851b2ed243252f,low_WSe2,1.0,2.0,3.0,WSe2_0.01562,11.760717580000108,1.2978000000000023
619cdd9645851b2ed2432530,low_WSe2,2.0,1.0,3.0,WSe2_0.01562,23.115757379999913,1.156799999999997
619cdd9645851b2ed2432531,low_WSe2,2.0,1.0,3.0,WSe2_0.01562,39.19348638000001,0.2085000000000008
619cdd9745851b2ed2432532,low_WSe2,0.0,3.0,3.0,WSe2_0.01562,0.4279275099999609,1.8257000000000048
619cdd9745851b2ed2432533,low_WSe2,1.0,2.0,3.0,WSe2_0.01562,11.761205819999976,1.3040999999999983
619cdd9745851b2ed2432534,low_WSe2,1.0,2.0,3.0,WSe2_0.01562,11.773960290000094,1.282199999999996
619cdd9745851b2ed2432535,low_WSe2,0.0,3.0,3.0,WSe2_0.01562,0.43227081999992834,1.828800000000001
619cdd9745851b2ed2432536,low_WSe2,2.0,1.0,3.0,WSe2_0.01562,39.24384880999996,0.19280000000000008
619cdd9745851b2ed2432537,low_WSe2,1.0,2.0,3.0,WSe2_0.01562,11.772922000000097,1.3034999999999997
619cdd9745851b2ed2432538,low_WSe2,1.0,2.0,3.0,WSe2_0.01562,28.00702455999999,0.2596000000000007
619cdd9745851b2ed2432539,low_WSe2,1.0,2.0,3.0,WSe2_0.01562,11.773312049999948,1.2860999999999976
619cdd9745851b2ed243253a,low_WSe2,1.0,2.0,3.0,WSe2_0.01562,11.784074129999897,1.1543999999999954
619cdd9745851b2ed243253b,low_WSe2,1.0,2.0,3.0,WSe2_0.01562,27.927120190000096,0.15890000000000093
619cdd9745851b2ed243253c,low_WSe2,1.0,2.0,3.0,WSe2_0.01562,11.773624189999953,1.2967000000000013
619cdd9745851b2ed243253d,low_WSe2,1.0,2.0,3.0,WSe2_0.01562,11.798850209999944,1.269599999999997
619cdd9745851b2ed243253e,low_WSe2,1.0,2.0,3.0,WSe2_0.01562,11.76171550999992,1.3044999999999973
619cdd9745851b2ed243253f,low_WSe2,2.0,1.0,3.0,WSe2_0.01562,39.238251889999944,0.1860999999999997
619cdd9745851b2ed2432540,low_WSe2,1.0,2.0,3.0,WSe2_0.01562,11.763445589999936,1.2980000000000018
619cdd9745851b2ed2432541,low_WSe2,3.0,0.0,3.0,WSe2_0.01562,50.59459112,0.19679999999999964
619cdd9745851b2ed2432542,low_WSe2,2.0,1.0,3.0,WSe2_0.01562,23.135872110000072,1.144200000000005
619cdd9745851b2ed2432543,low_WSe2,2.0,1.0,3.0,WSe2_0.01562,23.120564630000025,1.2815000000000012
619cdd9745851b2ed2432544,low_WSe2,2.0,1.0,3.0,WSe2_0.01562,23.127959859999955,1.282899999999998
619cdd9745851b2ed2432545,low_WSe2,3.0,0.0,3.0,WSe2_0.01562,49.98631845000009,0.20149999999999935
619cdd9745851b2ed2432546,low_WSe2,2.0,1.0,3.0,WSe2_0.01562,39.238004939999925,0.20340000000000025
619cdd9745851b2ed2432547,low_WSe2,1.0,2.0,3.0,WSe2_0.01562,11.771389270000089,1.300699999999999
619cdd9745851b2ed2432548,low_WSe2,1.0,2.0,3.0,WSe2_0.01562,28.110185069999943,0.1860999999999997
619cdd9745851b2ed2432549,low_WSe2,1.0,2.0,3.0,WSe2_0.01562,11.789005329999998,1.1597000000000008
619cdd9745851b2ed243254a,low_WSe2,2.0,1.0,3.0,WSe2_0.01562,23.116417680000076,1.2653000000000034
619cdd9745851b2ed243254b,low_WSe2,1.0,2.0,3.0,WSe2_0.01562,11.776238379999985,1.3011999999999944
619cdd9745851b2ed243254c,low_WSe2,3.0,0.0,3.0,WSe2_0.01562,50.585825879999994,0.19200000000000017
619cdd9745851b2ed243254d,low_WSe2,2.0,1.0,3.0,WSe2_0.01562,39.23405757999994,0.20179999999999865
619cdd9745851b2ed243254e,low_WSe2,2.0,1.0,3.0,WSe2_0.01562,23.135520609999993,1.278100000000002
619cdd9745851b2ed243254f,low_WSe2,0.0,3.0,3.0,WSe2_0.01562,0.4293465000000083,1.8261000000000038
619cdd9745851b2ed2432550,low_WSe2,1.0,2.0,3.0,WSe2_0.01562,11.753220829999908,1.299599999999998
619cdd9745851b2ed2432551,low_WSe2,1.0,2.0,3.0,WSe2_0.01562,11.748770740000044,1.2922999999999973
619cdd9745851b2ed2432552,low_WSe2,1.0,2.0,3.0,WSe2_0.01562,11.765505520000023,1.299900000000001
619cdd9745851b2ed2432553,low_WSe2,3.0,0.0,3.0,WSe2_0.01562,50.47952057000007,0.2176000000000009
619cdd9745851b2ed2432554,low_WSe2,2.0,1.0,3.0,WSe2_0.01562,23.098342060000085,1.2467000000000041
619cdd9745851b2ed2432555,low_WSe2,1.0,2.0,3.0,WSe2_0.01562,11.765997279999954,1.2996000000000052
619cdd9745851b2ed2432556,low_WSe2,1.0,2.0,3.0,WSe2_0.01562,11.770608320000054,1.2995000000000019
619cdd9745851b2ed2432557,low_WSe2,2.0,1.0,3.0,WSe2_0.01562,39.202842709999956,0.1997
619cdd9745851b2ed2432558,low_WSe2,1.0,2.0,3.0,WSe2_0.01562,11.765135829999952,1.2963000000000022
619cdd9745851b2ed2432559,low_WSe2,2.0,1.0,3.0,WSe2_0.01562,39.23515475999993,0.14819999999999922
619cdd9745851b2ed243255a,low_WSe2,2.0,1.0,3.0,WSe2_0.01562,39.3051506100001,0.2688999999999986
619cdd9745851b2ed243255b,low_WSe2,3.0,0.0,3.0,WSe2_0.01562,50.53551898999999,0.1648000000000014
619cdd9745851b2ed243255c,low_WSe2,0.0,3.0,3.0,WSe2_0.01562,0.4290244299999699,1.8276000000000039
619cdd9745851b2ed243255d,low_WSe2,3.0,0.0,3.0,WSe2_0.01562,50.58619196999994,0.20459999999999923
619cdd9745851b2ed243255e,low_WSe2,1.0,2.0,3.0,WSe2_0.01562,11.776233519999995,1.3000999999999934
619cdd9745851b2ed243255f,low_WSe2,1.0,2.0,3.0,WSe2_0.01562,11.76559259999998,1.2991000000000028
619cdd9745851b2ed2432560,low_WSe2,2.0,1.0,3.0,WSe2_0.01562,39.23899772999998,0.20180000000000042
619cdd9745851b2ed2432561,low_WSe2,1.0,2.0,3.0,WSe2_0.01562,11.756327829999908,1.302900000000001
619cdd9745851b2ed2432562,low_WSe2,2.0,1.0,3.0,WSe2_0.01562,39.22936159999999,0.14849999999999852
619cdd9745851b2ed2432563,low_WSe2,2.0,1.0,3.0,WSe2_0.01562,39.24804281000006,0.19730000000000025
619cdd9745851b2ed2432564,low_WSe2,1.0,2.0,3.0,WSe2_0.01562,11.782861610000044,1.2967000000000013
619cdd9745851b2ed2432565,low_WSe2,2.0,1.0,3.0,WSe2_0.01562,39.33224249000004,0.2868000000000013
619cdd9745851b2ed2432566,low_WSe2,1.0,2.0,3.0,WSe2_0.01562,11.773370890000013,1.3016000000000005
619cdd9745851b2ed2432567,low_WSe2,0.0,3.0,3.0,WSe2_0.01562,0.4577006100000176,1.8288999999999973
619cdd9745851b2ed2432568,low_WSe2,1.0,2.0,3.0,WSe2_0.01562,11.768453879999914,1.2997000000000014
619cdd9745851b2ed2432569,low_WSe2,2.0,1.0,3.0,WSe2_0.01562,39.2289789899999,0.21669999999999945
619cdd9745851b2ed243256a,low_WSe2,2.0,1.0,3.0,WSe2_0.01562,37.51635356999991,0.5455000000000005
619cdd9745851b2ed243256b,low_WSe2,3.0,0.0,3.0,WSe2_0.01562,50.60589678000006,0.26839999999999975
619cdd9745851b2ed243256c,low_WSe2,3.0,0.0,3.0,WSe2_0.01562,48.90982723000011,0.6143999999999998
619cdd9745851b2ed243256d,low_WSe2,1.0,2.0,3.0,WSe2_0.01562,11.770759029999898,1.306200000000004
619cdd9745851b2ed243256e,low_WSe2,1.0,2.0,3.0,WSe2_0.01562,27.91781450999997,0.18870000000000076
619cdd9745851b2ed243256f,low_WSe2,1.0,2.0,3.0,WSe2_0.01562,11.772176669999897,1.3009999999999948
619cdd9745851b2ed2432570,low_WSe2,2.0,1.0,3.0,WSe2_0.01562,39.23818469000007,0.19430000000000014
619cdd9745851b2ed2432571,low_WSe2,2.0,1.0,3.0,WSe2_0.01562,23.101079399999925,1.1968999999999994
619cdd9745851b2ed2432572,low_WSe2,2.0,1.0,3.0,WSe2_0.01562,39.24600964999995,0.19099999999999895
619cdd9745851b2ed2432573,low_WSe2,2.0,1.0,3.0,WSe2_0.01562,39.234430920000065,0.20139999999999958
619cdd9745851b2ed2432574,low_WSe2,0.0,3.0,3.0,WSe2_0.01562,0.4313061699999139,1.8307999999999964
619cdd9745851b2ed2432575,low_WSe2,0.0,3.0,3.0,WSe2_0.01562,0.4282601100000534,1.825800000000001
619cdd9745851b2ed2432576,low_WSe2,1.0,2.0,3.0,WSe2_0.01562,11.771560070000067,1.3012000000000015
619cdd9745851b2ed2432577,low_WSe2,2.0,0.0,2.0,WSe2_0.01042,40.29168973999994,0.1902000000000008
619cdd9745851b2ed2432578,low_WSe2,1.0,2.0,3.0,WSe2_0.01562,27.918742249999923,0.1872999999999987
619cdd9745851b2ed2432579,low_WSe2,3.0,0.0,3.0,WSe2_0.01562,50.75712899999994,0.16849999999999987
619cdd9745851b2ed243257a,low_WSe2,1.0,2.0,3.0,WSe2_0.01562,27.9198703699999,0.19669999999999987
619cdd9745851b2ed243257b,low_WSe2,3.0,0.0,3.0,WSe2_0.01562,50.56511267999995,0.16220000000000034
619cdd9745851b2ed243257c,low_WSe2,2.0,1.0,3.0,WSe2_0.01562,39.22666998000004,0.2007999999999992
619cdd9745851b2ed243257d,low_WSe2,2.0,1.0,3.0,WSe2_0.01562,38.6373790600001,0.19400000000000084
619cdd9745851b2ed243257e,low_WSe2,1.0,2.0,3.0,WSe2_0.01562,11.770502620000105,1.3029999999999973
619cdd9745851b2ed243257f,low_WSe2,1.0,2.0,3.0,WSe2_0.01562,27.915940500000033,0.19510000000000005
619cdd9745851b2ed2432580,low_WSe2,0.0,3.0,3.0,WSe2_0.01562,0.4261348399999747,1.8250000000000028
619cdd9745851b2ed2432581,low_WSe2,0.0,3.0,3.0,WSe2_0.01562,0.4283597299999542,1.828400000000002
619cdd9745851b2ed2432582,low_WSe2,3.0,0.0,3.0,WSe2_0.01562,50.504924749999965,0.22119999999999962
619cdd9745851b2ed2432583,low_WSe2,2.0,1.0,3.0,WSe2_0.01562,39.19698855999995,0.1897000000000002
619cdd9745851b2ed2432584,low_WSe2,1.0,2.0,3.0,WSe2_0.01562,11.772005210000078,1.2988
619cdd9845851b2ed2432585,low_WSe2,2.0,1.0,3.0,WSe2_0.01562,23.10119134000005,1.2776999999999958
619cdd9845851b2ed2432586,low_WSe2,2.0,0.0,2.0,WSe2_0.01042,40.932358740000055,0.25959999999999894
619cdd9845851b2ed2432587,low_WSe2,2.0,1.0,3.0,WSe2_0.01562,39.23688575999999,0.18660000000000032
619cdd9845851b2ed2432588,low_WSe2,1.0,2.0,3.0,WSe2_0.01562,27.96899265000002,0.15649999999999942
619cdd9845851b2ed2432589,low_WSe2,2.0,1.0,3.0,WSe2_0.01562,39.251879839999944,0.19570000000000043
619cdd9845851b2ed243258a,low_WSe2,2.0,1.0,3.0,WSe2_0.01562,23.10743647999997,1.2438000000000002
619cdd9845851b2ed243258b,low_WSe2,0.0,3.0,3.0,WSe2_0.01562,0.4295533399999272,1.8310999999999993
619cdd9845851b2ed243258c,low_WSe2,2.0,1.0,3.0,WSe2_0.01562,39.19872016999993,0.2004999999999999
619cdd9845851b2ed243258d,low_WSe2,1.0,2.0,3.0,WSe2_0.01562,11.785146590000057,1.2730000000000032
619cdd9845851b2ed243258e,low_WSe2,1.0,2.0,3.0,WSe2_0.01562,27.909641389999933,0.19510000000000005
619cdd9845851b2ed243258f,low_WSe2,0.0,3.0,3.0,WSe2_0.01562,0.45499403000002303,1.8282999999999987
619cdd9845851b2ed2432590,low_WSe2,1.0,2.0,3.0,WSe2_0.01562,11.772748200000013,1.3004000000000033
619cdd9845851b2ed2432591,low_WSe2,2.0,1.0,3.0,WSe2_0.01562,23.10291216999989,1.2607
619cdd9845851b2ed2432592,low_WSe2,1.0,2.0,3.0,WSe2_0.01562,11.772537419999924,1.283300000000004
619cdd9845851b2ed2432593,low_WSe2,2.0,1.0,3.0,WSe2_0.01562,23.12856827999989,1.2822000000000031
619cdd9845851b2ed2432594,low_WSe2,1.0,2.0,3.0,WSe2_0.01562,27.917466879999893,0.1869999999999994
619cdd9845851b2ed2432595,low_WSe2,2.0,1.0,3.0,WSe2_0.01562,39.24239696999989,0.19730000000000025
619cdd9845851b2ed2432596,low_WSe2,1.0,2.0,3.0,WSe2_0.01562,11.775763630000018,1.3018
619cdd9845851b2ed2432597,low_WSe2,0.0,3.0,3.0,WSe2_0.01562,0.42691275999999334,1.8237000000000023
619cdd9845851b2ed2432598,low_WSe2,0.0,3.0,3.0,WSe2_0.01562,0.4289681600000108,1.8241000000000014
619cdd9845851b2ed2432599,low_WSe2,1.0,2.0,3.0,WSe2_0.01562,11.771808510000017,1.2997999999999976
619cdd9845851b2ed243259a,low_WSe2,1.0,2.0,3.0,WSe2_0.01562,27.91293726999993,0.18959999999999866
619cdd9845851b2ed243259b,low_WSe2,2.0,1.0,3.0,WSe2_0.01562,39.20374335000001,0.19010000000000105
619cdd9845851b2ed243259c,low_WSe2,3.0,0.0,3.0,WSe2_0.01562,48.917786410000055,0.5961000000000016
619cdd9845851b2ed243259d,low_WSe2,3.0,0.0,3.0,WSe2_0.01562,50.68605452999996,0.26280000000000037
619cdd9845851b2ed243259e,low_WSe2,0.0,3.0,3.0,WSe2_0.01562,0.4291347899999778,1.8265999999999991
619cdd9845851b2ed243259f,low_WSe2,2.0,1.0,3.0,WSe2_0.01562,37.57281225000001,0.6561000000000003
619cdd9845851b2ed24325a0,low_WSe2,1.0,2.0,3.0,WSe2_0.01562,27.91768230999992,0.19209999999999994
619cdd9845851b2ed24325a1,low_WSe2,1.0,1.0,2.0,WSe2_0.01042,8.018030350000004,1.2937000000000012
619cdd9845851b2ed24325a2,low_WSe2,3.0,0.0,3.0,WSe2_0.01562,47.42395820000011,0.2680999999999987
619cdd9845851b2ed24325a3,low_WSe2,1.0,2.0,3.0,WSe2_0.01562,11.762510609999925,1.2995000000000019
619cdd9845851b2ed24325a4,low_WSe2,1.0,2.0,3.0,WSe2_0.01562,11.768203500000016,1.2974000000000032
619cdd9845851b2ed24325a5,low_WSe2,1.0,2.0,3.0,WSe2_0.01562,11.771293089999961,1.296999999999997
619cdd9845851b2ed24325a6,low_WSe2,1.0,2.0,3.0,WSe2_0.01562,11.788607310000078,1.3024000000000058
619cdd9845851b2ed24325a7,low_WSe2,2.0,1.0,3.0,WSe2_0.01562,39.24854647000011,0.19650000000000034
619cdd9845851b2ed24325a8,low_WSe2,0.0,3.0,3.0,WSe2_0.01562,0.4276518399998963,1.8263999999999996
619cdd9845851b2ed24325a9,low_WSe2,1.0,2.0,3.0,WSe2_0.01562,11.768535279999913,1.2862999999999971
619cdd9845851b2ed24325aa,low_WSe2,1.0,2.0,3.0,WSe2_0.01562,11.771880539999973,1.2991000000000028
619cdd9845851b2ed24325ab,low_WSe2,2.0,1.0,3.0,WSe2_0.01562,23.111064579999983,1.125700000000002
619cdd9845851b2ed24325ac,low_WSe2,1.0,2.0,3.0,WSe2_0.01562,11.76192527000011,1.2988999999999962
619cdd9845851b2ed24325ad,low_WSe2,2.0,1.0,3.0,WSe2_0.01562,39.229221430000095,0.19720000000000049
619cdd9845851b2ed24325ae,low_WSe2,0.0,2.0,2.0,WSe2_0.01042,-3.3214994199999417,1.8664000000000023
619cdd9845851b2ed24325af,low_WSe2,1.0,2.0,3.0,WSe2_0.01562,27.91167208999991,0.19640000000000057
619cdd9845851b2ed24325b0,low_WSe2,1.0,2.0,3.0,WSe2_0.01562,11.785463480000079,1.295899999999996
619cdd9845851b2ed24325b1,low_WSe2,0.0,3.0,3.0,WSe2_0.01562,0.4314884300001154,1.8314000000000021
619cdd9845851b2ed24325b2,low_WSe2,1.0,2.0,3.0,WSe2_0.01562,27.922725749999927,0.18780000000000108
619cdd9845851b2ed24325b3,low_WSe2,2.0,1.0,3.0,WSe2_0.01562,23.11862587999989,1.1390999999999991
619cdd9845851b2ed24325b4,low_WSe2,1.0,2.0,3.0,WSe2_0.01562,11.76546106999989,1.2972000000000037
619cdd9845851b2ed24325b5,low_WSe2,2.0,1.0,3.0,WSe2_0.01562,38.657777720000055,0.18790000000000084
619cdd9845851b2ed24325b6,low_WSe2,1.0,2.0,3.0,WSe2_0.01562,11.757564709999986,1.3003
619cdd9845851b2ed24325b7,low_WSe2,1.0,2.0,3.0,WSe2_0.01562,11.766724580000062,1.3019000000000034
619cdd9845851b2ed24325b8,low_WSe2,2.0,1.0,3.0,WSe2_0.01562,38.63355647000007,0.18900000000000006
619cdd9845851b2ed24325b9,low_WSe2,1.0,2.0,3.0,WSe2_0.01562,11.784902959999943,1.2680000000000007
619cdd9845851b2ed24325ba,low_WSe2,2.0,1.0,3.0,WSe2_0.01562,39.190994939999925,0.2115999999999989
619cdd9845851b2ed24325bb,low_WSe2,2.0,1.0,3.0,WSe2_0.01562,39.202657549999955,0.1730999999999998
619cdd9845851b2ed24325bc,low_WSe2,2.0,1.0,3.0,WSe2_0.01562,39.25384168999999,0.20059999999999967
619cdd9845851b2ed24325bd,low_WSe2,1.0,2.0,3.0,WSe2_0.01562,11.768130709999912,1.3021999999999991
619cdd9845851b2ed24325be,low_WSe2,1.0,2.0,3.0,WSe2_0.01562,11.764983949999976,1.2976000000000028
619cdd9845851b2ed24325bf,low_WSe2,1.0,2.0,3.0,WSe2_0.01562,28.054311209999923,0.26980000000000004
619cdd9845851b2ed24325c0,low_WSe2,2.0,1.0,3.0,WSe2_0.01562,23.111374719999993,1.2802000000000007
619cdd9845851b2ed24325c1,low_WSe2,2.0,1.0,3.0,WSe2_0.01562,23.094159040000058,1.2007000000000048
619cdd9845851b2ed24325c2,low_WSe2,0.0,3.0,3.0,WSe2_0.01562,0.43488885000004984,1.8256000000000014
619cdd9845851b2ed24325c3,low_WSe2,2.0,1.0,3.0,WSe2_0.01562,39.248966169999946,0.19209999999999994
619cdd9845851b2ed24325c4,low_WSe2,2.0,1.0,3.0,WSe2_0.01562,39.23455502000006,0.15449999999999875
619cdd9845851b2ed24325c5,low_WSe2,3.0,0.0,3.0,WSe2_0.01562,48.90280375999996,0.6064000000000007
619cdd9845851b2ed24325c6,low_WSe2,2.0,1.0,3.0,WSe2_0.01562,23.119746840000097,1.2698999999999998
619cdd9845851b2ed24325c7,low_WSe2,1.0,2.0,3.0,WSe2_0.01562,11.766733489999968,1.303200000000004
619cdd9845851b2ed24325c8,low_WSe2,2.0,1.0,3.0,WSe2_0.01562,39.2520745100001,0.19720000000000049
619cdd9845851b2ed24325c9,low_WSe2,2.0,1.0,3.0,WSe2_0.01562,39.240452379999894,0.19679999999999964
619cdd9845851b2ed24325ca,low_WSe2,1.0,2.0,3.0,WSe2_0.01562,27.83754911999995,0.1747999999999994
619cdd9845851b2ed24325cb,low_WSe2,1.0,1.0,2.0,WSe2_0.01042,8.019413950000057,1.2939000000000007
619cdd9845851b2ed24325cc,low_WSe2,2.0,1.0,3.0,WSe2_0.01562,38.62642067999995,0.19310000000000116
619cdd9845851b2ed24325cd,low_WSe2,3.0,0.0,3.0,WSe2_0.01562,48.87067699999998,0.5120000000000005
619cdd9845851b2ed24325ce,low_WSe2,2.0,1.0,3.0,WSe2_0.01562,39.268440119999966,0.18900000000000006
619cdd9845851b2ed24325cf,low_WSe2,0.0,3.0,3.0,WSe2_0.01562,0.4314173500001175,1.8170000000000002
619cdd9845851b2ed24325d0,low_WSe2,3.0,0.0,3.0,WSe2_0.01562,50.52420306000008,0.17759999999999998
619cdd9845851b2ed24325d1,low_WSe2,1.0,2.0,3.0,WSe2_0.01562,27.931277639999962,0.19209999999999994
619cdd9845851b2ed24325d2,low_WSe2,2.0,1.0,3.0,WSe2_0.01562,38.62267939000007,0.19220000000000148
619cdd9845851b2ed24325d3,low_WSe2,0.0,3.0,3.0,WSe2_0.01562,0.4314263900000128,1.829100000000004
619cdd9845851b2ed24325d4,low_WSe2,1.0,2.0,3.0,WSe2_0.01562,27.91744631000006,0.19470000000000098
619cdd9845851b2ed24325d5,low_WSe2,2.0,1.0,3.0,WSe2_0.01562,39.23572021,0.19650000000000034
619cdd9845851b2ed24325d6,low_WSe2,1.0,2.0,3.0,WSe2_0.01562,11.75265018999993,1.2954000000000008
619cdd9845851b2ed24325d7,low_WSe2,3.0,0.0,3.0,WSe2_0.01562,49.950014110000076,0.23629999999999995
619cdd9845851b2ed24325d8,low_WSe2,2.0,1.0,3.0,WSe2_0.01562,23.02725882000008,1.1181999999999945
619cdd9945851b2ed24325d9,low_WSe2,3.0,0.0,3.0,WSe2_0.01562,50.55086732999994,0.18979999999999997
619cdd9945851b2ed24325da,low_WSe2,2.0,1.0,3.0,WSe2_0.01562,39.30999971999999,0.2701000000000011
619cdd9945851b2ed24325db,low_WSe2,0.0,3.0,3.0,WSe2_0.01562,0.42869727000010016,1.8282999999999987
619cdd9945851b2ed24325dc,low_WSe2,1.0,2.0,3.0,WSe2_0.01562,28.00272360000008,0.2654999999999994
619cdd9945851b2ed24325dd,low_WSe2,0.0,3.0,3.0,WSe2_0.01562,0.4276362899999526,1.8256000000000014
619cdd9945851b2ed24325de,low_WSe2,1.0,2.0,3.0,WSe2_0.01562,11.77056263999997,1.2849999999999966
619cdd9945851b2ed24325df,low_WSe2,2.0,1.0,3.0,WSe2_0.01562,39.26957646999999,0.16720000000000113
619cdd9945851b2ed24325e0,low_WSe2,2.0,1.0,3.0,WSe2_0.01562,39.232675459999925,0.18290000000000006
619cdd9945851b2ed24325e1,low_WSe2,2.0,1.0,3.0,WSe2_0.01562,23.12957733000011,1.2627999999999986
619cdd9945851b2ed24325e2,low_WSe2,1.0,2.0,3.0,WSe2_0.01562,11.786281110000107,1.272199999999998
619cdd9945851b2ed24325e3,low_WSe2,1.0,2.0,3.0,WSe2_0.01562,11.752592869999933,1.2988
619cdd9945851b2ed24325e4,low_WSe2,2.0,1.0,3.0,WSe2_0.01562,23.13332003999998,1.1402
619cdd9945851b2ed24325e5,low_WSe2,2.0,1.0,3.0,WSe2_0.01562,23.12242762000009,1.2691000000000017
619cdd9945851b2ed24325e6,low_WSe2,2.0,1.0,3.0,WSe2_0.01562,39.23229530999997,0.20030000000000037
619cdd9945851b2ed24325e7,low_WSe2,3.0,0.0,3.0,WSe2_0.01562,50.57694662000004,0.19759999999999955
619cdd9945851b2ed24325e8,low_WSe2,1.0,2.0,3.0,WSe2_0.01562,11.764143359999924,1.2986999999999966
619cdd9945851b2ed24325e9,low_WSe2,2.0,1.0,3.0,WSe2_0.01562,39.23624834000002,0.1994000000000007
619cdd9945851b2ed24325ea,low_WSe2,2.0,1.0,3.0,WSe2_0.01562,23.14428423999997,1.1787999999999954
619cdd9945851b2ed24325eb,low_WSe2,3.0,0.0,3.0,WSe2_0.01562,50.58799002999999,0.19870000000000054
