_id,dataset_material,vacancy_sites,substitution_sites,defect_sites,to_strata,Formation_Energy,band_gap_value
6141cf0efbfd4bd9ab2c2f7e,low_MoS2,1.0,0.0,1.0,MoS2_0.00521,10.899686020000036,1.1452000000000027
6141cf0f51c1cbd9654b8870,low_MoS2,2.0,0.0,2.0,MoS2_0.01042,21.814278570000035,1.084299999999999
6141cf0fe689ecc4c43cdd4b,low_MoS2,0.0,1.0,1.0,MoS2_0.00521,1.5549590799999695,1.8033000000000001
6141cf10b842c2e72e2f2d44,low_MoS2,0.0,2.0,2.0,MoS2_0.01042,3.1315069999999885,1.8094999999999999
6141cf1051c1cbd9654b8872,low_MoS2,2.0,0.0,2.0,MoS2_0.01042,21.834423150000113,1.110199999999999
6141cf10b842c2e72e2f2d46,low_MoS2,0.0,2.0,2.0,MoS2_0.01042,3.132817159999991,1.8093000000000004
6141cf11cc0e69a0cf28ab35,low_MoS2,1.0,1.0,2.0,MoS2_0.01042,12.473690460000071,1.1484000000000023
6141cf11b842c2e72e2f2d48,low_MoS2,0.0,2.0,2.0,MoS2_0.01042,3.1409925600000186,1.8068000000000026
6141cf11ae4fb853db2e3f14,low_MoS2,1.0,0.0,1.0,MoS2_0.00521,28.987876599999993,0.4049000000000049
6141cf11cc0e69a0cf28ab37,low_MoS2,1.0,1.0,2.0,MoS2_0.01042,12.477472290000051,1.1475000000000009
6141cf12b842c2e72e2f2d4a,low_MoS2,0.0,2.0,2.0,MoS2_0.01042,3.1300156900000964,1.8074999999999974
6141cf12cc0e69a0cf28ab39,low_MoS2,1.0,1.0,2.0,MoS2_0.01042,12.478704089999965,1.1477000000000004
6141cf1202d926221cabc545,low_MoS2,2.0,0.0,2.0,MoS2_0.01042,39.90895471999998,0.4170999999999978
6141cf13cc0e69a0cf28ab3b,low_MoS2,1.0,1.0,2.0,MoS2_0.01042,12.47742636000011,1.146499999999996
6141cf1302d926221cabc547,low_MoS2,2.0,0.0,2.0,MoS2_0.01042,39.90919468999992,0.40980000000000416
6141cf13b842c2e72e2f2d4c,low_MoS2,0.0,2.0,2.0,MoS2_0.01042,3.132044489999931,1.8100999999999985
6141cf133ac25c70a5c6c837,low_MoS2,3.0,0.0,3.0,MoS2_0.01562,50.80207215000011,0.3605000000000018
6141cf1351c1cbd9654b8874,low_MoS2,2.0,0.0,2.0,MoS2_0.01042,21.83708437000005,1.0818999999999974
6141cf1369b0784ffcf8f84f,low_MoS2,1.0,1.0,2.0,MoS2_0.01042,30.56857871000002,0.40330000000000155
6141cf13cc0e69a0cf28ab3d,low_MoS2,1.0,1.0,2.0,MoS2_0.01042,12.470222479999975,1.1432000000000002
6141cf1302d926221cabc549,low_MoS2,2.0,0.0,2.0,MoS2_0.01042,39.90018135000001,0.41689999999999827
6141cf143ac25c70a5c6c839,low_MoS2,3.0,0.0,3.0,MoS2_0.01562,50.81689982999993,0.33910000000000196
6141cf1469b0784ffcf8f851,low_MoS2,1.0,1.0,2.0,MoS2_0.01042,30.563737659999923,0.404200000000003
6141cf14b842c2e72e2f2d4e,low_MoS2,0.0,2.0,2.0,MoS2_0.01042,3.1326604499999355,1.8094000000000037
6141cf14ee0a3fd43fb479d7,low_MoS2,1.0,2.0,3.0,MoS2_0.01562,32.121162059999946,0.37809999999999633
6141cf14cc0e69a0cf28ab3f,low_MoS2,1.0,1.0,2.0,MoS2_0.01042,12.476851810000099,1.1456000000000017
6141cf1469b0784ffcf8f853,low_MoS2,1.0,1.0,2.0,MoS2_0.01042,30.565077010000003,0.4040999999999997
6141cf15ee0a3fd43fb479d9,low_MoS2,1.0,2.0,3.0,MoS2_0.01562,32.122040330000104,0.34830000000000183
6141cf1531cf3ef3d4a9ed3e,low_MoS2,2.0,1.0,3.0,MoS2_0.01562,41.460345460000056,0.3819999999999979
6141cf15cc0e69a0cf28ab41,low_MoS2,1.0,1.0,2.0,MoS2_0.01042,12.475001570000032,1.1448999999999998
6141cf1502d926221cabc54b,low_MoS2,2.0,0.0,2.0,MoS2_0.01042,39.81736476000002,0.299199999999999
6141cf153ac25c70a5c6c83b,low_MoS2,3.0,0.0,3.0,MoS2_0.01562,50.820722999999965,0.4287999999999954
6141cf15b842c2e72e2f2d50,low_MoS2,0.0,2.0,2.0,MoS2_0.01042,3.1325249499999934,1.8096000000000032
6141cf15c819ca30b196b473,low_MoS2,0.0,1.0,1.0,MoS2_0.00521,-3.988111409999977,1.8001000000000005
6141cf1569b0784ffcf8f855,low_MoS2,1.0,1.0,2.0,MoS2_0.01042,30.568276410000088,0.4031999999999982
6141cf15ee0a3fd43fb479db,low_MoS2,1.0,2.0,3.0,MoS2_0.01562,32.14923321000013,0.39759999999999707
6141cf1531cf3ef3d4a9ed40,low_MoS2,2.0,1.0,3.0,MoS2_0.01562,41.478774890000025,0.40749999999999886
6141cf16cc0e69a0cf28ab43,low_MoS2,1.0,1.0,2.0,MoS2_0.01042,12.45895112999996,1.1408000000000058
6141cf16b842c2e72e2f2d52,low_MoS2,0.0,2.0,2.0,MoS2_0.01042,3.133279900000094,1.8097999999999956
6141cf16a05be5973bd77a67,low_MoS2,1.0,1.0,2.0,MoS2_0.01042,6.954127359999974,1.1383999999999972
6141cf1602d926221cabc54d,low_MoS2,2.0,0.0,2.0,MoS2_0.01042,39.86319291000005,0.4118000000000066
6141cf16ee0a3fd43fb479dd,low_MoS2,1.0,2.0,3.0,MoS2_0.01562,32.13817704999995,0.4012999999999991
6141cf1669b0784ffcf8f857,low_MoS2,1.0,1.0,2.0,MoS2_0.01042,30.552341879999993,0.40050000000000097
6141cf1631cf3ef3d4a9ed42,low_MoS2,2.0,1.0,3.0,MoS2_0.01562,41.460780510000134,0.4084000000000003
6141cf16a05be5973bd77a69,low_MoS2,1.0,1.0,2.0,MoS2_0.01042,6.9278259700001295,1.1496999999999957
6141cf1651c1cbd9654b8876,low_MoS2,2.0,0.0,2.0,MoS2_0.01042,21.846119120000004,0.9606999999999957
6141cf16baaf234b35290186,low_MoS2,2.0,1.0,3.0,MoS2_0.01562,17.867473499999953,1.1040999999999954
6141cf173ac25c70a5c6c83d,low_MoS2,3.0,0.0,3.0,MoS2_0.01562,50.72527363999999,0.30699999999999505
6141cf17b842c2e72e2f2d54,low_MoS2,0.0,2.0,2.0,MoS2_0.01042,3.135240080000063,1.8081999999999994
6141cf17ee0a3fd43fb479df,low_MoS2,1.0,2.0,3.0,MoS2_0.01562,32.14427833000012,0.4014000000000024
6141cf1769b0784ffcf8f859,low_MoS2,1.0,1.0,2.0,MoS2_0.01042,30.544551470000123,0.3526999999999987
6141cf17a05be5973bd77a6b,low_MoS2,1.0,1.0,2.0,MoS2_0.01042,6.935595900000124,1.1461000000000041
6141cf17baaf234b35290188,low_MoS2,2.0,1.0,3.0,MoS2_0.01562,17.869285870000105,1.108399999999996
6141cf1731cf3ef3d4a9ed44,low_MoS2,2.0,1.0,3.0,MoS2_0.01562,41.486953770000085,0.40509999999999735
6141cf1702d926221cabc54f,low_MoS2,2.0,0.0,2.0,MoS2_0.01042,39.91058211000005,0.4136999999999986
6141cf171d648932fbc3428f,low_MoS2,0.0,2.0,2.0,MoS2_0.01042,-2.4095679299998896,1.8025999999999982
6141cf17cc0e69a0cf28ab45,low_MoS2,1.0,1.0,2.0,MoS2_0.01042,12.474930980000082,1.1447000000000003
6141cf18ee0a3fd43fb479e1,low_MoS2,1.0,2.0,3.0,MoS2_0.01562,32.13170089000003,0.3958999999999975
6141cf18b842c2e72e2f2d56,low_MoS2,0.0,2.0,2.0,MoS2_0.01042,3.132472080000003,1.8089000000000013
6141cf18baaf234b3529018a,low_MoS2,2.0,1.0,3.0,MoS2_0.01562,17.860746909999982,1.0022999999999982
6141cf1869b0784ffcf8f85b,low_MoS2,1.0,1.0,2.0,MoS2_0.01042,30.378087259999937,0.267000000000003
6141cf181d648932fbc34291,low_MoS2,0.0,2.0,2.0,MoS2_0.01042,-2.4094943899999866,1.8030000000000044
6141cf1831cf3ef3d4a9ed46,low_MoS2,2.0,1.0,3.0,MoS2_0.01562,41.4409886800001,0.37189999999999657
6141cf18a05be5973bd77a6d,low_MoS2,1.0,1.0,2.0,MoS2_0.01042,6.934634899999936,1.1458000000000013
6141cf189cbada84a86767c3,low_MoS2,0.0,3.0,3.0,MoS2_0.01562,-0.8226634899999112,1.807300000000005
6141cf18baaf234b3529018c,low_MoS2,2.0,1.0,3.0,MoS2_0.01562,17.871334299999937,1.1045999999999978
6141cf1802d926221cabc551,low_MoS2,2.0,0.0,2.0,MoS2_0.01042,39.85398980000001,0.380900000000004
6141cf181d648932fbc34293,low_MoS2,0.0,2.0,2.0,MoS2_0.01042,-2.409360590000029,1.8025999999999982
6141cf184e27a1844a5efffa,low_MoS2,1.0,2.0,3.0,MoS2_0.01562,8.513260120000066,1.1452000000000027
6141cf18ee0a3fd43fb479e3,low_MoS2,1.0,2.0,3.0,MoS2_0.01562,32.1483510800001,0.4001000000000019
6141cf18cc0e69a0cf28ab47,low_MoS2,1.0,1.0,2.0,MoS2_0.01042,12.478274230000025,1.1458999999999975
6141cf18b842c2e72e2f2d58,low_MoS2,0.0,2.0,2.0,MoS2_0.01042,3.1308554900000907,1.8105000000000047
6141cf1969b0784ffcf8f85d,low_MoS2,1.0,1.0,2.0,MoS2_0.01042,30.510302820000014,0.4059999999999988
6141cf199cbada84a86767c5,low_MoS2,0.0,3.0,3.0,MoS2_0.01562,-0.8318612800000551,1.809199999999997
6141cf19a05be5973bd77a6f,low_MoS2,1.0,1.0,2.0,MoS2_0.01042,6.932983569999977,1.1424999999999983
6141cf193ac25c70a5c6c83f,low_MoS2,3.0,0.0,3.0,MoS2_0.01562,48.83074982000009,0.1599999999999966
6141cf1931cf3ef3d4a9ed48,low_MoS2,2.0,1.0,3.0,MoS2_0.01562,41.454935070000104,0.4140000000000015
6141cf194e27a1844a5efffc,low_MoS2,1.0,2.0,3.0,MoS2_0.01562,8.518254950000053,1.1450000000000031
6141cf19baaf234b3529018e,low_MoS2,2.0,1.0,3.0,MoS2_0.01562,17.86191925000002,1.0009000000000015
6141cf191d648932fbc34295,low_MoS2,0.0,2.0,2.0,MoS2_0.01042,-2.40927078999996,1.802500000000002
6141cf199cbada84a86767c7,low_MoS2,0.0,3.0,3.0,MoS2_0.01562,-0.8331777099999158,1.8094999999999999
6141cf19ee0a3fd43fb479e5,low_MoS2,1.0,2.0,3.0,MoS2_0.01562,32.146026979999974,0.40030000000000143
6141cf194e27a1844a5efffe,low_MoS2,1.0,2.0,3.0,MoS2_0.01562,8.516144910000119,1.1452000000000027
6141cf19a05be5973bd77a71,low_MoS2,1.0,1.0,2.0,MoS2_0.01042,6.935409289999996,1.1456000000000017
6141cf19cc0e69a0cf28ab49,low_MoS2,1.0,1.0,2.0,MoS2_0.01042,12.475560600000009,1.1484999999999985
6141cf1969b0784ffcf8f85f,low_MoS2,1.0,1.0,2.0,MoS2_0.01042,30.56864637000003,0.40270000000000294
6141cf1abaaf234b35290190,low_MoS2,2.0,1.0,3.0,MoS2_0.01562,17.86545664000004,1.0827000000000027
6141cf1a9cbada84a86767c9,low_MoS2,0.0,3.0,3.0,MoS2_0.01562,-0.8224733799999626,1.8072000000000017
6141cf1a31cf3ef3d4a9ed4a,low_MoS2,2.0,1.0,3.0,MoS2_0.01562,41.478769329999935,0.41269999999999385
6141cf1a4e27a1844a5f0000,low_MoS2,1.0,2.0,3.0,MoS2_0.01562,8.504802469999984,1.1488999999999976
6141cf1a1d648932fbc34297,low_MoS2,0.0,2.0,2.0,MoS2_0.01042,-2.4098551800000454,1.802900000000001
6141cf1aee0a3fd43fb479e7,low_MoS2,1.0,2.0,3.0,MoS2_0.01562,32.14656617000013,0.3995999999999995
6141cf1a4e27a1844a5f0002,low_MoS2,1.0,2.0,3.0,MoS2_0.01562,8.516908849999961,1.1428000000000011
6141cf1a9cbada84a86767cb,low_MoS2,0.0,3.0,3.0,MoS2_0.01562,-0.8328957799998875,1.809199999999997
6141cf1abaaf234b35290192,low_MoS2,2.0,1.0,3.0,MoS2_0.01562,17.8257941700001,1.1063000000000045
6141cf1b69b0784ffcf8f861,low_MoS2,1.0,1.0,2.0,MoS2_0.01042,30.564707299999917,0.4059999999999988
6141cf1ba05be5973bd77a73,low_MoS2,1.0,1.0,2.0,MoS2_0.01042,6.935557760000109,1.1452999999999989
6141cf1b02d926221cabc553,low_MoS2,2.0,0.0,2.0,MoS2_0.01042,39.88834551000001,0.3920999999999992
6141cf1b31cf3ef3d4a9ed4c,low_MoS2,2.0,1.0,3.0,MoS2_0.01562,41.464367530000075,0.3902000000000001
6141cf1b1d648932fbc34299,low_MoS2,0.0,2.0,2.0,MoS2_0.01042,-2.409613880000075,1.8035999999999959
6141cf1b4e27a1844a5f0004,low_MoS2,1.0,2.0,3.0,MoS2_0.01562,8.522333599999936,1.1403000000000034
6141cf1b3ac25c70a5c6c841,low_MoS2,3.0,0.0,3.0,MoS2_0.01562,50.3272841300001,0.16540000000000532
6141cf1b9cbada84a86767cd,low_MoS2,0.0,3.0,3.0,MoS2_0.01562,-0.8232356200000481,1.8059000000000012
6141cf1bcc0e69a0cf28ab4b,low_MoS2,1.0,1.0,2.0,MoS2_0.01042,12.475586400000012,1.1458999999999975
6141cf1bee0a3fd43fb479e9,low_MoS2,1.0,2.0,3.0,MoS2_0.01562,32.09373447000006,0.40159999999999485
6141cf1bbaaf234b35290194,low_MoS2,2.0,1.0,3.0,MoS2_0.01562,17.863041909999986,1.0944000000000003
6141cf1c69b0784ffcf8f863,low_MoS2,1.0,1.0,2.0,MoS2_0.01042,30.567737149999992,0.403100000000002
6141cf1c31cf3ef3d4a9ed4e,low_MoS2,2.0,1.0,3.0,MoS2_0.01562,41.432616280000005,0.37870000000000203
6141cf1c4e27a1844a5f0006,low_MoS2,1.0,2.0,3.0,MoS2_0.01562,8.507490140000098,1.148299999999999
6141cf1c9cbada84a86767cf,low_MoS2,0.0,3.0,3.0,MoS2_0.01562,-0.8320181900000421,1.8094999999999999
6141cf1ca05be5973bd77a75,low_MoS2,1.0,1.0,2.0,MoS2_0.01042,6.93483211000006,1.1466999999999956
6141cf1cbaaf234b35290196,low_MoS2,2.0,1.0,3.0,MoS2_0.01562,17.929169920000042,0.6511999999999958
6141cf1cee0a3fd43fb479eb,low_MoS2,1.0,2.0,3.0,MoS2_0.01562,32.12720589000013,0.3728000000000051
6141cf1db842c2e72e2f2d5a,low_MoS2,0.0,2.0,2.0,MoS2_0.01042,3.1318236799999575,1.8096999999999994
6141cf1d9cbada84a86767d1,low_MoS2,0.0,3.0,3.0,MoS2_0.01562,-0.8324371099999439,1.8090999999999937
6141cf1d4e27a1844a5f0008,low_MoS2,1.0,2.0,3.0,MoS2_0.01562,8.510415779999928,1.1456000000000017
6141cf1d31cf3ef3d4a9ed50,low_MoS2,2.0,1.0,3.0,MoS2_0.01562,41.47935165999998,0.40749999999999886
6141cf1d1d648932fbc3429b,low_MoS2,0.0,2.0,2.0,MoS2_0.01042,-2.409342989999937,1.8025999999999982
6141cf1dbaaf234b35290198,low_MoS2,2.0,1.0,3.0,MoS2_0.01562,17.841619970000004,0.9372999999999934
6141cf1dcc0e69a0cf28ab4d,low_MoS2,1.0,1.0,2.0,MoS2_0.01042,12.47586231000004,1.1494
6141cf1dee0a3fd43fb479ed,low_MoS2,1.0,2.0,3.0,MoS2_0.01562,32.116381069999974,0.35940000000000083
6141cf1d02d926221cabc555,low_MoS2,2.0,0.0,2.0,MoS2_0.01042,39.89997327000002,0.41730000000000445
6141cf1e4e27a1844a5f000a,low_MoS2,1.0,2.0,3.0,MoS2_0.01562,8.503378789999967,1.146499999999996
6141cf1eb842c2e72e2f2d5c,low_MoS2,0.0,2.0,2.0,MoS2_0.01042,3.134585570000059,1.807699999999997
6141cf1e9cbada84a86767d3,low_MoS2,0.0,3.0,3.0,MoS2_0.01562,-0.8325872499999036,1.8100000000000023
6141cf1e3ac25c70a5c6c843,low_MoS2,3.0,0.0,3.0,MoS2_0.01562,50.80523391000012,0.34080000000000155
6141cf1ea05be5973bd77a77,low_MoS2,1.0,1.0,2.0,MoS2_0.01042,6.936699640000087,1.1428000000000011
6141cf1e31cf3ef3d4a9ed52,low_MoS2,2.0,1.0,3.0,MoS2_0.01562,40.78326058000012,0.14099999999999824
6141cf1e1d648932fbc3429d,low_MoS2,0.0,2.0,2.0,MoS2_0.01042,-2.406424919999859,1.8018
6141cf1e4e27a1844a5f000c,low_MoS2,1.0,2.0,3.0,MoS2_0.01562,8.51066979000009,1.1458999999999975
6141cf1ebaaf234b3529019a,low_MoS2,2.0,1.0,3.0,MoS2_0.01562,17.847817840000054,1.001100000000001
6141cf1f9cbada84a86767d5,low_MoS2,0.0,3.0,3.0,MoS2_0.01562,-0.8320961500000408,1.8082999999999956
6141cf1fee0a3fd43fb479ef,low_MoS2,1.0,2.0,3.0,MoS2_0.01562,32.114240260000074,0.3574000000000055
6141cf1fb842c2e72e2f2d5e,low_MoS2,0.0,2.0,2.0,MoS2_0.01042,3.131780569999979,1.8094999999999999
6141cf1fa05be5973bd77a79,low_MoS2,1.0,1.0,2.0,MoS2_0.01042,6.937655359999952,1.1450999999999993
6141cf1f31cf3ef3d4a9ed54,low_MoS2,2.0,1.0,3.0,MoS2_0.01562,41.415305129999936,0.36409999999999343
6141cf1f4e27a1844a5f000e,low_MoS2,1.0,2.0,3.0,MoS2_0.01562,8.508538999999953,1.144599999999997
6141cf1f51c1cbd9654b8878,low_MoS2,2.0,0.0,2.0,MoS2_0.01042,21.83052466000013,1.105000000000004
6141cf209cbada84a86767d7,low_MoS2,0.0,3.0,3.0,MoS2_0.01562,-0.8316294499999799,1.8097999999999956
6141cf20cc0e69a0cf28ab4f,low_MoS2,1.0,1.0,2.0,MoS2_0.01042,12.46750613999997,1.1469999999999985
6141cf20baaf234b3529019c,low_MoS2,2.0,1.0,3.0,MoS2_0.01562,17.864096600000032,1.1084999999999994
6141cf20ee0a3fd43fb479f1,low_MoS2,1.0,2.0,3.0,MoS2_0.01562,32.14576639000005,0.40090000000000003
6141cf201d648932fbc3429f,low_MoS2,0.0,2.0,2.0,MoS2_0.01042,-2.409625389999997,1.8031000000000006
6141cf204e27a1844a5f0010,low_MoS2,1.0,2.0,3.0,MoS2_0.01562,8.517871009999933,1.1426000000000016
6141cf20a05be5973bd77a7b,low_MoS2,1.0,1.0,2.0,MoS2_0.01042,6.937267519999922,1.1429000000000045
6141cf2069b0784ffcf8f865,low_MoS2,1.0,1.0,2.0,MoS2_0.01042,30.565275130000053,0.404200000000003
6141cf2031cf3ef3d4a9ed56,low_MoS2,2.0,1.0,3.0,MoS2_0.01562,41.47610183000002,0.41159999999999997
6141cf213ac25c70a5c6c845,low_MoS2,3.0,0.0,3.0,MoS2_0.01562,50.81596010000013,0.37760000000000105
6141cf219cbada84a86767d9,low_MoS2,0.0,3.0,3.0,MoS2_0.01562,-0.8333919700000365,1.8094000000000037
6141cf21baaf234b3529019e,low_MoS2,2.0,1.0,3.0,MoS2_0.01562,17.870838439999936,1.0997999999999948
6141cf21ee0a3fd43fb479f3,low_MoS2,1.0,2.0,3.0,MoS2_0.01562,32.12176543000008,0.35309999999999775
6141cf21cc0e69a0cf28ab51,low_MoS2,1.0,1.0,2.0,MoS2_0.01042,12.469958669999997,1.1485999999999947
6141cf214e27a1844a5f0012,low_MoS2,1.0,2.0,3.0,MoS2_0.01562,8.505332510000041,1.1426999999999978
6141cf2202d926221cabc557,low_MoS2,2.0,0.0,2.0,MoS2_0.01042,39.89074356999991,0.40740000000000265
6141cf221d648932fbc342a1,low_MoS2,0.0,2.0,2.0,MoS2_0.01042,-2.409317769999939,1.8023999999999987
6141cf2231cf3ef3d4a9ed58,low_MoS2,2.0,1.0,3.0,MoS2_0.01562,41.43028541000008,0.38289999999999935
6141cf229cbada84a86767db,low_MoS2,0.0,3.0,3.0,MoS2_0.01562,-0.8311895799999434,1.8086999999999946
6141cf22baaf234b352901a0,low_MoS2,2.0,1.0,3.0,MoS2_0.01562,17.86719766999999,1.0995999999999952
6141cf22ee0a3fd43fb479f5,low_MoS2,1.0,2.0,3.0,MoS2_0.01562,32.14839069999992,0.40210000000000434
6141cf22a05be5973bd77a7d,low_MoS2,1.0,1.0,2.0,MoS2_0.01042,6.934870349999927,1.1456000000000017
6141cf231d648932fbc342a3,low_MoS2,0.0,2.0,2.0,MoS2_0.01042,-2.3817260500000206,1.8019999999999996
6141cf23cc0e69a0cf28ab53,low_MoS2,1.0,1.0,2.0,MoS2_0.01042,12.4681153800001,1.1465999999999994
6141cf234e27a1844a5f0014,low_MoS2,1.0,2.0,3.0,MoS2_0.01562,8.511120280000139,1.1435999999999993
6141cf239cbada84a86767dd,low_MoS2,0.0,3.0,3.0,MoS2_0.01562,-0.8239207500000134,1.8063000000000002
6141cf2331cf3ef3d4a9ed5a,low_MoS2,2.0,1.0,3.0,MoS2_0.01562,41.370423640000084,0.3001000000000005
6141cf2351c1cbd9654b887a,low_MoS2,2.0,0.0,2.0,MoS2_0.01042,21.835054640000045,1.110999999999997
6141cf24baaf234b352901a2,low_MoS2,2.0,1.0,3.0,MoS2_0.01562,17.855085440000032,1.0379000000000005
6141cf24ee0a3fd43fb479f7,low_MoS2,1.0,2.0,3.0,MoS2_0.01562,32.131117720000006,0.4017999999999944
6141cf243ac25c70a5c6c847,low_MoS2,3.0,0.0,3.0,MoS2_0.01562,50.827807470000074,0.4157999999999973
6141cf249cbada84a86767df,low_MoS2,0.0,3.0,3.0,MoS2_0.01562,-0.8311361699999793,1.8085999999999984
6141cf244e27a1844a5f0016,low_MoS2,1.0,2.0,3.0,MoS2_0.01562,8.532908520000117,1.1355000000000004
6141cf2431cf3ef3d4a9ed5c,low_MoS2,2.0,1.0,3.0,MoS2_0.01562,41.47344840000001,0.41449999999999676
6141cf251d648932fbc342a5,low_MoS2,0.0,2.0,2.0,MoS2_0.01042,-2.4090980999999605,1.802500000000002
6141cf25b842c2e72e2f2d60,low_MoS2,0.0,2.0,2.0,MoS2_0.01042,3.130978159999973,1.806999999999995
6141cf25baaf234b352901a4,low_MoS2,2.0,1.0,3.0,MoS2_0.01562,17.866624360000053,1.1047999999999973
6141cf25ee0a3fd43fb479f9,low_MoS2,1.0,2.0,3.0,MoS2_0.01562,32.13024568000013,0.3813000000000031
6141cf259cbada84a86767e1,low_MoS2,0.0,3.0,3.0,MoS2_0.01562,-0.8318329900000094,1.8096999999999994
6141cf254e27a1844a5f0018,low_MoS2,1.0,2.0,3.0,MoS2_0.01562,8.541684909999983,1.1459000000000046
6141cf2631cf3ef3d4a9ed5e,low_MoS2,2.0,1.0,3.0,MoS2_0.01562,41.444007799999966,0.3885999999999967
6141cf261d648932fbc342a7,low_MoS2,0.0,2.0,2.0,MoS2_0.01042,-2.4090581799998976,1.8023000000000025
6141cf2602d926221cabc559,low_MoS2,2.0,0.0,2.0,MoS2_0.01042,39.395417139999935,0.1518999999999977
6141cf26baaf234b352901a6,low_MoS2,2.0,1.0,3.0,MoS2_0.01562,17.857519379999978,1.091300000000004
6141cf27ee0a3fd43fb479fb,low_MoS2,1.0,2.0,3.0,MoS2_0.01562,32.141758330000116,0.40390000000000015
6141cf2731cf3ef3d4a9ed60,low_MoS2,2.0,1.0,3.0,MoS2_0.01562,41.451191430000065,0.365000000000002
6141cf274e27a1844a5f001a,low_MoS2,1.0,2.0,3.0,MoS2_0.01562,8.534182390000094,1.1381000000000014
6141cf273ac25c70a5c6c849,low_MoS2,3.0,0.0,3.0,MoS2_0.01562,50.81243501999999,0.34440000000000026
6141cf289cbada84a86767e3,low_MoS2,0.0,3.0,3.0,MoS2_0.01562,-0.8313423799999669,1.808799999999998
6141cf28cc0e69a0cf28ab55,low_MoS2,1.0,1.0,2.0,MoS2_0.01042,12.478174669999945,1.1420999999999992
6141cf28baaf234b352901a8,low_MoS2,2.0,1.0,3.0,MoS2_0.01562,17.86662438000007,1.1098
6141cf28ee0a3fd43fb479fd,low_MoS2,1.0,2.0,3.0,MoS2_0.01562,31.955299879999973,0.26610000000000156
6141cf2931cf3ef3d4a9ed62,low_MoS2,2.0,1.0,3.0,MoS2_0.01562,41.56927098000001,0.4054999999999964
6141cf299cbada84a86767e5,low_MoS2,0.0,3.0,3.0,MoS2_0.01562,-0.8316673900000637,1.808799999999998
6141cf2969b0784ffcf8f867,low_MoS2,1.0,1.0,2.0,MoS2_0.01042,30.570773990000042,0.40160000000000196
6141cf294e27a1844a5f001c,low_MoS2,1.0,2.0,3.0,MoS2_0.01562,8.512586679999938,1.1458000000000013
6141cf2abaaf234b352901aa,low_MoS2,2.0,1.0,3.0,MoS2_0.01562,17.870032479999956,1.1047999999999973
6141cf2aee0a3fd43fb479ff,low_MoS2,1.0,2.0,3.0,MoS2_0.01562,32.125611209999974,0.39349999999999596
6141cf2a31cf3ef3d4a9ed64,low_MoS2,2.0,1.0,3.0,MoS2_0.01562,41.45397979000013,0.3843000000000032
6141cf2b9cbada84a86767e7,low_MoS2,0.0,3.0,3.0,MoS2_0.01562,-0.8319112399998971,1.8093000000000004
6141cf2bbaaf234b352901ac,low_MoS2,2.0,1.0,3.0,MoS2_0.01562,17.8339070500001,0.9963000000000051
6141cf2bee0a3fd43fb47a01,low_MoS2,1.0,2.0,3.0,MoS2_0.01562,32.121542390000045,0.3789999999999978
6141cf2b4e27a1844a5f001e,low_MoS2,1.0,2.0,3.0,MoS2_0.01562,8.51501188,1.1456000000000017
6141cf2c3ac25c70a5c6c84b,low_MoS2,3.0,0.0,3.0,MoS2_0.01562,50.81349091000008,0.397199999999998
6141cf2c31cf3ef3d4a9ed66,low_MoS2,2.0,1.0,3.0,MoS2_0.01562,41.449065129999966,0.3584999999999994
6141cf2c9cbada84a86767e9,low_MoS2,0.0,3.0,3.0,MoS2_0.01562,-0.8267277499998613,1.8068999999999988
6141cf2ccc0e69a0cf28ab57,low_MoS2,1.0,1.0,2.0,MoS2_0.01042,12.47743486000003,1.1465000000000032
6141cf2dbaaf234b352901ae,low_MoS2,2.0,1.0,3.0,MoS2_0.01562,17.902430450000104,0.9581999999999979
6141cf2dee0a3fd43fb47a03,low_MoS2,1.0,2.0,3.0,MoS2_0.01562,32.15652053999996,0.40209999999999724
6141cf2d4e27a1844a5f0020,low_MoS2,1.0,2.0,3.0,MoS2_0.01562,8.510310280000137,1.143899999999995
6141cf2d51c1cbd9654b887c,low_MoS2,2.0,0.0,2.0,MoS2_0.01042,21.826206110000022,1.0932999999999993
6141cf2e69b0784ffcf8f869,low_MoS2,1.0,1.0,2.0,MoS2_0.01042,30.567942250000122,0.40270000000000294
6141cf2e31cf3ef3d4a9ed68,low_MoS2,2.0,1.0,3.0,MoS2_0.01562,41.469214180000066,0.3348000000000013
6141cf2eb842c2e72e2f2d62,low_MoS2,0.0,2.0,2.0,MoS2_0.01042,3.133853870000099,1.8106000000000009
6141cf2e9cbada84a86767eb,low_MoS2,0.0,3.0,3.0,MoS2_0.01562,-0.8320882699999288,1.8094999999999999
6141cf2fbaaf234b352901b0,low_MoS2,2.0,1.0,3.0,MoS2_0.01562,17.858923429999997,1.1054999999999993
6141cf2fee0a3fd43fb47a05,low_MoS2,1.0,2.0,3.0,MoS2_0.01562,32.086783800000134,0.4059999999999988
6141cf2f4e27a1844a5f0022,low_MoS2,1.0,2.0,3.0,MoS2_0.01562,8.513059260000116,1.1447000000000003
6141cf2f9cbada84a86767ed,low_MoS2,0.0,3.0,3.0,MoS2_0.01562,-0.8318980700000225,1.8091000000000008
6141cf3031cf3ef3d4a9ed6a,low_MoS2,2.0,1.0,3.0,MoS2_0.01562,41.45231703999998,0.35719999999999885
6141cf303ac25c70a5c6c84d,low_MoS2,3.0,0.0,3.0,MoS2_0.01562,50.805137149999986,0.3860000000000028
6141cf30a05be5973bd77a7f,low_MoS2,1.0,1.0,2.0,MoS2_0.01042,6.969606329999977,1.1764999999999972
6141cf31baaf234b352901b2,low_MoS2,2.0,1.0,3.0,MoS2_0.01562,17.861862819999935,1.1051999999999964
6141cf31ee0a3fd43fb47a07,low_MoS2,1.0,2.0,3.0,MoS2_0.01562,32.148139160000014,0.40320000000000533
6141cf314e27a1844a5f0024,low_MoS2,1.0,2.0,3.0,MoS2_0.01562,8.499527799999921,1.1460000000000008
6141cf319cbada84a86767ef,low_MoS2,0.0,3.0,3.0,MoS2_0.01562,-0.833221040000069,1.8088999999999942
6141cf3131cf3ef3d4a9ed6c,low_MoS2,2.0,1.0,3.0,MoS2_0.01562,41.45319872,0.3610000000000042
6141cf324e27a1844a5f0026,low_MoS2,1.0,2.0,3.0,MoS2_0.01562,8.511557560000053,1.147200000000005
6141cf32ee0a3fd43fb47a09,low_MoS2,1.0,2.0,3.0,MoS2_0.01562,32.145020760000065,0.40149999999999864
6141cf32baaf234b352901b4,low_MoS2,2.0,1.0,3.0,MoS2_0.01562,17.86577841000007,1.1092999999999975
6141cf329cbada84a86767f1,low_MoS2,0.0,3.0,3.0,MoS2_0.01562,-0.8287647799999718,1.8081999999999994
6141cf3331cf3ef3d4a9ed6e,low_MoS2,2.0,1.0,3.0,MoS2_0.01562,41.4634730100001,0.36059999999999803
6141cf3451c1cbd9654b887e,low_MoS2,2.0,0.0,2.0,MoS2_0.01042,21.821003789999942,1.0894000000000048
6141cf34b842c2e72e2f2d64,low_MoS2,0.0,2.0,2.0,MoS2_0.01042,3.130965980000088,1.8081999999999994
6141cf349cbada84a86767f3,low_MoS2,0.0,3.0,3.0,MoS2_0.01562,-0.8287009400000329,1.807299999999998
6141cf34ee0a3fd43fb47a0b,low_MoS2,1.0,2.0,3.0,MoS2_0.01562,32.14602753000007,0.3976000000000042
6141cf34baaf234b352901b6,low_MoS2,2.0,1.0,3.0,MoS2_0.01562,17.85335381999993,1.0940999999999974
6141cf354e27a1844a5f0028,low_MoS2,1.0,2.0,3.0,MoS2_0.01562,8.511887099999992,1.1476000000000042
6141cf353ac25c70a5c6c84f,low_MoS2,3.0,0.0,3.0,MoS2_0.01562,50.25805264000011,0.16660000000000252
6141cf3531cf3ef3d4a9ed70,low_MoS2,2.0,1.0,3.0,MoS2_0.01562,41.476254139999995,0.4141000000000048
6141cf35b842c2e72e2f2d66,low_MoS2,0.0,2.0,2.0,MoS2_0.01042,3.132308789999957,1.8094000000000037
6141cf369cbada84a86767f5,low_MoS2,0.0,3.0,3.0,MoS2_0.01562,-0.8331737099999259,1.8059999999999974
6141cf36baaf234b352901b8,low_MoS2,2.0,1.0,3.0,MoS2_0.01562,17.876402829999954,1.1020000000000039
6141cf36ee0a3fd43fb47a0d,low_MoS2,1.0,2.0,3.0,MoS2_0.01562,32.14623084000003,0.40160000000000196
6141cf364e27a1844a5f002a,low_MoS2,1.0,2.0,3.0,MoS2_0.01562,8.528110660000063,1.1400999999999968
6141cf3731cf3ef3d4a9ed72,low_MoS2,2.0,1.0,3.0,MoS2_0.01562,41.45151206999999,0.38819999999999766
6141cf389cbada84a86767f7,low_MoS2,0.0,3.0,3.0,MoS2_0.01562,-0.8328721899999323,1.8085999999999984
6141cf384e27a1844a5f002c,low_MoS2,1.0,2.0,3.0,MoS2_0.01562,8.52909051999998,1.1420999999999992
6141cf3802d926221cabc55b,low_MoS2,2.0,0.0,2.0,MoS2_0.01042,39.8858565900001,0.3958999999999975
6141cf39baaf234b352901ba,low_MoS2,2.0,1.0,3.0,MoS2_0.01562,17.846733419999957,1.0945999999999998
6141cf39cc0e69a0cf28ab59,low_MoS2,1.0,1.0,2.0,MoS2_0.01042,12.47930233000001,1.1458000000000013
6141cf39ee0a3fd43fb47a0f,low_MoS2,1.0,2.0,3.0,MoS2_0.01562,32.156692259999986,0.4014000000000024
6141cf3931cf3ef3d4a9ed74,low_MoS2,2.0,1.0,3.0,MoS2_0.01562,41.430037670000004,0.3772999999999982
6141cf399cbada84a86767f9,low_MoS2,0.0,3.0,3.0,MoS2_0.01562,-0.8316853900000183,1.8085999999999984
6141cf3a3ac25c70a5c6c851,low_MoS2,3.0,0.0,3.0,MoS2_0.01562,50.82263187999994,0.42379999999999995
6141cf3a4e27a1844a5f002e,low_MoS2,1.0,2.0,3.0,MoS2_0.01562,8.528834669999949,1.1390999999999991
6141cf3bcc0e69a0cf28ab5b,low_MoS2,1.0,1.0,2.0,MoS2_0.01042,12.482003169999999,1.1430000000000007
6141cf3bee0a3fd43fb47a11,low_MoS2,1.0,2.0,3.0,MoS2_0.01562,32.14815723000014,0.40160000000000196
6141cf3b31cf3ef3d4a9ed76,low_MoS2,2.0,1.0,3.0,MoS2_0.01562,41.48608989999998,0.41629999999999967
6141cf3b9cbada84a86767fb,low_MoS2,0.0,3.0,3.0,MoS2_0.01562,-0.8318479100000218,1.8090000000000046
6141cf3bbaaf234b352901bc,low_MoS2,2.0,1.0,3.0,MoS2_0.01562,17.860054960000063,1.037399999999998
6141cf3c4e27a1844a5f0030,low_MoS2,1.0,2.0,3.0,MoS2_0.01562,8.533173869999953,1.1371000000000038
6141cf3dee0a3fd43fb47a13,low_MoS2,1.0,2.0,3.0,MoS2_0.01562,32.125538510000055,0.35479999999999734
6141cf3d31cf3ef3d4a9ed78,low_MoS2,2.0,1.0,3.0,MoS2_0.01562,41.47397113999996,0.41329999999999956
6141cf3d9cbada84a86767fd,low_MoS2,0.0,3.0,3.0,MoS2_0.01562,-0.8323670799999832,1.8098000000000027
6141cf3d02d926221cabc55d,low_MoS2,2.0,0.0,2.0,MoS2_0.01042,39.898045850000116,0.3352000000000004
6141cf3dbaaf234b352901be,low_MoS2,2.0,1.0,3.0,MoS2_0.01562,17.868163379999935,1.1098999999999961
6141cf3ecc0e69a0cf28ab5d,low_MoS2,1.0,1.0,2.0,MoS2_0.01042,12.47386971999994,1.1450999999999993
6141cf3e4e27a1844a5f0032,low_MoS2,1.0,2.0,3.0,MoS2_0.01562,8.538186109999994,1.1844999999999999
6141cf3f31cf3ef3d4a9ed7a,low_MoS2,2.0,1.0,3.0,MoS2_0.01562,39.494500799999926,0.1495999999999995
6141cf3fee0a3fd43fb47a15,low_MoS2,1.0,2.0,3.0,MoS2_0.01562,32.1504956000001,0.3958999999999975
6141cf3f9cbada84a86767ff,low_MoS2,0.0,3.0,3.0,MoS2_0.01562,-0.8326692099998922,1.806599999999996
6141cf3f3ac25c70a5c6c853,low_MoS2,3.0,0.0,3.0,MoS2_0.01562,48.833679060000044,0.1501000000000019
6141cf3f1d648932fbc342a9,low_MoS2,0.0,2.0,2.0,MoS2_0.01042,-2.4095885599999978,1.8033999999999963
6141cf40baaf234b352901c0,low_MoS2,2.0,1.0,3.0,MoS2_0.01562,17.870669820000096,1.1104999999999947
6141cf404e27a1844a5f0034,low_MoS2,1.0,2.0,3.0,MoS2_0.01562,8.506209780000088,1.1454999999999984
6141cf419cbada84a8676801,low_MoS2,0.0,3.0,3.0,MoS2_0.01562,-0.8324267200000008,1.8098000000000027
6141cf4131cf3ef3d4a9ed7c,low_MoS2,2.0,1.0,3.0,MoS2_0.01562,39.495807350000135,0.15200000000000102
6141cf41ee0a3fd43fb47a17,low_MoS2,1.0,2.0,3.0,MoS2_0.01562,32.14909188,0.4001999999999981
6141cf4269b0784ffcf8f86b,low_MoS2,1.0,1.0,2.0,MoS2_0.01042,30.56547205000006,0.40450000000000585
6141cf42baaf234b352901c2,low_MoS2,2.0,1.0,3.0,MoS2_0.01562,17.85319821999996,1.0412000000000035
6141cf424e27a1844a5f0036,low_MoS2,1.0,2.0,3.0,MoS2_0.01562,8.507207050000059,1.1454000000000022
6141cf4331cf3ef3d4a9ed7e,low_MoS2,2.0,1.0,3.0,MoS2_0.01562,41.45842759000011,0.37579999999999814
6141cf44ee0a3fd43fb47a19,low_MoS2,1.0,2.0,3.0,MoS2_0.01562,32.14553354000007,0.40729999999999933
6141cf449cbada84a8676803,low_MoS2,0.0,3.0,3.0,MoS2_0.01562,-0.8294160600000282,1.8087000000000018
6141cf44baaf234b352901c4,low_MoS2,2.0,1.0,3.0,MoS2_0.01562,17.86974400999997,1.0804000000000045
6141cf454e27a1844a5f0038,low_MoS2,1.0,2.0,3.0,MoS2_0.01562,8.524865890000026,1.1426000000000016
6141cf453ac25c70a5c6c855,low_MoS2,3.0,0.0,3.0,MoS2_0.01562,50.81689528999997,0.4129999999999967
6141cf451d648932fbc342ab,low_MoS2,0.0,2.0,2.0,MoS2_0.01042,-2.4093663900000823,1.8024999999999949
6141cf4631cf3ef3d4a9ed80,low_MoS2,2.0,1.0,3.0,MoS2_0.01562,41.46479281000002,0.3879000000000019
6141cf46ee0a3fd43fb47a1b,low_MoS2,1.0,2.0,3.0,MoS2_0.01562,32.14427205000014,0.40269999999999584
6141cf469cbada84a8676805,low_MoS2,0.0,3.0,3.0,MoS2_0.01562,-0.830126479999933,1.808399999999999
6141cf474e27a1844a5f003a,low_MoS2,1.0,2.0,3.0,MoS2_0.01562,8.50986409000009,1.146799999999999
6141cf47baaf234b352901c6,low_MoS2,2.0,1.0,3.0,MoS2_0.01562,17.873141430000025,0.9998000000000005
6141cf4851c1cbd9654b8880,low_MoS2,2.0,0.0,2.0,MoS2_0.01042,21.833000319999975,1.1101000000000028
6141cf4831cf3ef3d4a9ed82,low_MoS2,2.0,1.0,3.0,MoS2_0.01562,41.47212920000011,0.402000000000001
6141cf48a05be5973bd77a81,low_MoS2,1.0,1.0,2.0,MoS2_0.01042,6.935375160000093,1.1437999999999988
6141cf49ee0a3fd43fb47a1d,low_MoS2,1.0,2.0,3.0,MoS2_0.01562,31.954188520000105,0.26370000000000005
6141cf494e27a1844a5f003c,low_MoS2,1.0,2.0,3.0,MoS2_0.01562,8.503122330000021,1.1462000000000003
6141cf499cbada84a8676807,low_MoS2,0.0,3.0,3.0,MoS2_0.01562,-0.8315591899999504,1.809899999999999
6141cf4abaaf234b352901c8,low_MoS2,2.0,1.0,3.0,MoS2_0.01562,17.86971887999993,1.0818000000000012
6141cf4b02d926221cabc55f,low_MoS2,2.0,0.0,2.0,MoS2_0.01042,37.91978477999997,0.1524999999999963
6141cf4b31cf3ef3d4a9ed84,low_MoS2,2.0,1.0,3.0,MoS2_0.01562,41.47778429,0.41550000000000153
6141cf4b3ac25c70a5c6c857,low_MoS2,3.0,0.0,3.0,MoS2_0.01562,50.83208894999999,0.42200000000000415
6141cf4bee0a3fd43fb47a1f,low_MoS2,1.0,2.0,3.0,MoS2_0.01562,32.12239535000002,0.3506
6141cf4b4e27a1844a5f003e,low_MoS2,1.0,2.0,3.0,MoS2_0.01562,8.543508550000094,1.1807999999999979
6141cf4c9cbada84a8676809,low_MoS2,0.0,3.0,3.0,MoS2_0.01562,-0.8320715699998686,1.8088999999999942
6141cf4cbaaf234b352901ca,low_MoS2,2.0,1.0,3.0,MoS2_0.01562,17.85472971000012,1.0927999999999969
6141cf4d31cf3ef3d4a9ed86,low_MoS2,2.0,1.0,3.0,MoS2_0.01562,41.45858613000014,0.38280000000000314
6141cf4eee0a3fd43fb47a21,low_MoS2,1.0,2.0,3.0,MoS2_0.01562,32.12761842999997,0.390900000000002
6141cf4e4e27a1844a5f0040,low_MoS2,1.0,2.0,3.0,MoS2_0.01562,8.509649320000133,1.1439000000000021
6141cf4e9cbada84a867680b,low_MoS2,0.0,3.0,3.0,MoS2_0.01562,-0.8322061099999587,1.8087000000000018
6141cf4fbaaf234b352901cc,low_MoS2,2.0,1.0,3.0,MoS2_0.01562,17.81693642000004,0.9445999999999941
6141cf5031cf3ef3d4a9ed88,low_MoS2,2.0,1.0,3.0,MoS2_0.01562,41.47979103000007,0.41629999999999967
6141cf50cc0e69a0cf28ab5f,low_MoS2,1.0,1.0,2.0,MoS2_0.01042,12.47409314000005,1.1469999999999985
6141cf504e27a1844a5f0042,low_MoS2,1.0,2.0,3.0,MoS2_0.01562,8.514809029999949,1.1454000000000022
6141cf50ee0a3fd43fb47a23,low_MoS2,1.0,2.0,3.0,MoS2_0.01562,32.15148995000003,0.4007000000000005
6141cf513ac25c70a5c6c859,low_MoS2,3.0,0.0,3.0,MoS2_0.01562,50.28663831000009,0.15569999999999595
6141cf519cbada84a867680d,low_MoS2,0.0,3.0,3.0,MoS2_0.01562,-0.8313035900000045,1.8085999999999984
6141cf52baaf234b352901ce,low_MoS2,2.0,1.0,3.0,MoS2_0.01562,17.901178860000066,1.0996999999999986
6141cf534e27a1844a5f0044,low_MoS2,1.0,2.0,3.0,MoS2_0.01562,8.517960149999933,1.1418999999999997
6141cf53ee0a3fd43fb47a25,low_MoS2,1.0,2.0,3.0,MoS2_0.01562,32.086924449999955,0.406099999999995
6141cf539cbada84a867680f,low_MoS2,0.0,3.0,3.0,MoS2_0.01562,-0.8322576200000071,1.8085999999999984
6141cf5431cf3ef3d4a9ed8a,low_MoS2,2.0,1.0,3.0,MoS2_0.01562,41.432824650000114,0.3843999999999994
6141cf55cc0e69a0cf28ab61,low_MoS2,1.0,1.0,2.0,MoS2_0.01042,12.468582030000007,1.1494
6141cf55baaf234b352901d0,low_MoS2,2.0,1.0,3.0,MoS2_0.01562,17.897481299999974,1.119100000000003
6141cf559cbada84a8676811,low_MoS2,0.0,3.0,3.0,MoS2_0.01562,-0.8332125900000733,1.809199999999997
6141cf554e27a1844a5f0046,low_MoS2,1.0,2.0,3.0,MoS2_0.01562,8.536885230000077,1.1718000000000046
6141cf55ee0a3fd43fb47a27,low_MoS2,1.0,2.0,3.0,MoS2_0.01562,32.118103129999994,0.3529000000000053
6141cf5631cf3ef3d4a9ed8c,low_MoS2,2.0,1.0,3.0,MoS2_0.01562,39.49821932999994,0.14820000000000277
6141cf57a05be5973bd77a83,low_MoS2,1.0,1.0,2.0,MoS2_0.01042,6.934534680000014,1.1469000000000023
6141cf573ac25c70a5c6c85b,low_MoS2,3.0,0.0,3.0,MoS2_0.01562,50.824011260000056,0.33609999999999474
6141cf58baaf234b352901d2,low_MoS2,2.0,1.0,3.0,MoS2_0.01562,17.867133420000066,1.0996999999999986
6141cf589cbada84a8676813,low_MoS2,0.0,3.0,3.0,MoS2_0.01562,-0.8048506699998939,1.808399999999999
6141cf584e27a1844a5f0048,low_MoS2,1.0,2.0,3.0,MoS2_0.01562,8.526895989999982,1.142400000000002
6141cf58ee0a3fd43fb47a29,low_MoS2,1.0,2.0,3.0,MoS2_0.01562,32.13567160000001,0.3999999999999986
6141cf5931cf3ef3d4a9ed8e,low_MoS2,2.0,1.0,3.0,MoS2_0.01562,41.484982710000125,0.4146999999999963
6141cf5a9cbada84a8676815,low_MoS2,0.0,3.0,3.0,MoS2_0.01562,-0.8331022300000654,1.8094999999999999
6141cf5abaaf234b352901d4,low_MoS2,2.0,1.0,3.0,MoS2_0.01562,17.849534599999963,1.0019999999999953
6141cf5b4e27a1844a5f004a,low_MoS2,1.0,2.0,3.0,MoS2_0.01562,8.505899340000067,1.1488000000000014
6141cf5bee0a3fd43fb47a2b,low_MoS2,1.0,2.0,3.0,MoS2_0.01562,32.16134155999997,0.39979999999999905
6141cf5c31cf3ef3d4a9ed90,low_MoS2,2.0,1.0,3.0,MoS2_0.01562,41.372183590000034,0.30040000000000333
6141cf5d9cbada84a8676817,low_MoS2,0.0,3.0,3.0,MoS2_0.01562,-0.8323680000000309,1.8102000000000018
6141cf5d4e27a1844a5f004c,low_MoS2,1.0,2.0,3.0,MoS2_0.01562,8.49865776000004,1.1445000000000007
6141cf5dbaaf234b352901d6,low_MoS2,2.0,1.0,3.0,MoS2_0.01562,17.895129060000038,1.083599999999997
6141cf5dee0a3fd43fb47a2d,low_MoS2,1.0,2.0,3.0,MoS2_0.01562,31.940594529999988,0.24840000000000373
6141cf5e3ac25c70a5c6c85d,low_MoS2,3.0,0.0,3.0,MoS2_0.01562,50.78934719000009,0.35419999999999874
6141cf5f31cf3ef3d4a9ed92,low_MoS2,2.0,1.0,3.0,MoS2_0.01562,41.45256814,0.36410000000000053
6141cf609cbada84a8676819,low_MoS2,0.0,3.0,3.0,MoS2_0.01562,-0.8042007500000068,1.8079000000000036
6141cf604e27a1844a5f004e,low_MoS2,1.0,2.0,3.0,MoS2_0.01562,8.49572179999998,1.1398999999999972
6141cf60ee0a3fd43fb47a2f,low_MoS2,1.0,2.0,3.0,MoS2_0.01562,31.89563548,0.2756000000000043
6141cf60baaf234b352901d8,low_MoS2,2.0,1.0,3.0,MoS2_0.01562,17.871053280000062,1.1000999999999976
6141cf6131cf3ef3d4a9ed94,low_MoS2,2.0,1.0,3.0,MoS2_0.01562,41.48747341000008,0.41219999999999857
6141cf629cbada84a867681b,low_MoS2,0.0,3.0,3.0,MoS2_0.01562,-0.8053854500000739,1.806200000000004
6141cf634e27a1844a5f0050,low_MoS2,1.0,2.0,3.0,MoS2_0.01562,8.513850439999967,1.1436000000000064
6141cf63ee0a3fd43fb47a31,low_MoS2,1.0,2.0,3.0,MoS2_0.01562,32.12582664,0.34959999999999525
6141cf64baaf234b352901da,low_MoS2,2.0,1.0,3.0,MoS2_0.01562,17.874042079999974,1.0906999999999982
6141cf6431cf3ef3d4a9ed96,low_MoS2,2.0,1.0,3.0,MoS2_0.01562,41.44996276000002,0.38769999999999527
6141cf659cbada84a867681d,low_MoS2,0.0,3.0,3.0,MoS2_0.01562,-0.8321542400000794,1.8082999999999956
6141cf653ac25c70a5c6c85f,low_MoS2,3.0,0.0,3.0,MoS2_0.01562,50.760783430000096,0.3810000000000002
6141cf654e27a1844a5f0052,low_MoS2,1.0,2.0,3.0,MoS2_0.01562,8.507196300000057,1.1371000000000038
6141cf66ee0a3fd43fb47a33,low_MoS2,1.0,2.0,3.0,MoS2_0.01562,32.15027598999994,0.4001000000000019
6141cf67baaf234b352901dc,low_MoS2,2.0,1.0,3.0,MoS2_0.01562,17.86696946999995,1.1107999999999976
6141cf6731cf3ef3d4a9ed98,low_MoS2,2.0,1.0,3.0,MoS2_0.01562,39.497833459999995,0.1507000000000005
6141cf684e27a1844a5f0054,low_MoS2,1.0,2.0,3.0,MoS2_0.01562,8.513691590000033,1.1458000000000013
6141cf689cbada84a867681f,low_MoS2,0.0,3.0,3.0,MoS2_0.01562,-0.8315433299998745,1.8098000000000027
6141cf69ee0a3fd43fb47a35,low_MoS2,1.0,2.0,3.0,MoS2_0.01562,32.12769988000012,0.3539999999999992
6141cf6b9cbada84a8676821,low_MoS2,0.0,3.0,3.0,MoS2_0.01562,-0.8335977300000081,1.8070000000000022
6141cf6bbaaf234b352901de,low_MoS2,2.0,1.0,3.0,MoS2_0.01562,17.833778970000132,0.9429000000000016
6141cf6b4e27a1844a5f0056,low_MoS2,1.0,2.0,3.0,MoS2_0.01562,8.502769230000037,1.1477000000000004
6141cf6c31cf3ef3d4a9ed9a,low_MoS2,2.0,1.0,3.0,MoS2_0.01562,39.498451560000106,0.15140000000000242
6141cf6cee0a3fd43fb47a37,low_MoS2,1.0,2.0,3.0,MoS2_0.01562,32.14631088000009,0.40269999999999584
6141cf6d51c1cbd9654b8882,low_MoS2,2.0,0.0,2.0,MoS2_0.01042,21.89439376000005,0.653100000000002
6141cf6e3ac25c70a5c6c861,low_MoS2,3.0,0.0,3.0,MoS2_0.01562,50.88301790000006,0.18120000000000402
6141cf6e9cbada84a8676823,low_MoS2,0.0,3.0,3.0,MoS2_0.01562,-0.8320129699999939,1.8079000000000036
6141cf6e4e27a1844a5f0058,low_MoS2,1.0,2.0,3.0,MoS2_0.01562,8.515658589999955,1.1450000000000031
6141cf6ebaaf234b352901e0,low_MoS2,2.0,1.0,3.0,MoS2_0.01562,17.864048469999936,1.0846000000000018
6141cf6f31cf3ef3d4a9ed9c,low_MoS2,2.0,1.0,3.0,MoS2_0.01562,41.47459395999995,0.4140000000000015
6141cf6fcc0e69a0cf28ab63,low_MoS2,1.0,1.0,2.0,MoS2_0.01042,12.479767950000124,1.1452000000000027
6141cf719cbada84a8676825,low_MoS2,0.0,3.0,3.0,MoS2_0.01562,-0.8324324600000068,1.8083000000000027
6141cf714e27a1844a5f005a,low_MoS2,1.0,2.0,3.0,MoS2_0.01562,8.513555219999969,1.1463999999999999
6141cf7231cf3ef3d4a9ed9e,low_MoS2,2.0,1.0,3.0,MoS2_0.01562,41.45478573999999,0.37010000000000076
6141cf72baaf234b352901e2,low_MoS2,2.0,1.0,3.0,MoS2_0.01562,17.865665250000113,1.1062000000000012
6141cf72cc0e69a0cf28ab65,low_MoS2,1.0,1.0,2.0,MoS2_0.01042,12.470487200000107,1.1378999999999948
6141cf73ee0a3fd43fb47a39,low_MoS2,1.0,2.0,3.0,MoS2_0.01562,32.145615450000136,0.39980000000000615
6141cf749cbada84a8676827,low_MoS2,0.0,3.0,3.0,MoS2_0.01562,-0.8312734599998635,1.8089999999999975
6141cf744e27a1844a5f005c,low_MoS2,1.0,2.0,3.0,MoS2_0.01562,8.5439972500001,1.1802000000000064
6141cf7531cf3ef3d4a9eda0,low_MoS2,2.0,1.0,3.0,MoS2_0.01562,41.417770060000024,0.35590000000000543
6141cf75baaf234b352901e4,low_MoS2,2.0,1.0,3.0,MoS2_0.01562,17.86585503000014,1.1039999999999992
6141cf763ac25c70a5c6c863,low_MoS2,3.0,0.0,3.0,MoS2_0.01562,50.30712826999994,0.16099999999999426
6141cf76ee0a3fd43fb47a3b,low_MoS2,1.0,2.0,3.0,MoS2_0.01562,32.145907000000065,0.4012999999999991
6141cf76cc0e69a0cf28ab67,low_MoS2,1.0,1.0,2.0,MoS2_0.01042,12.492968280000142,1.139800000000001
6141cf769cbada84a8676829,low_MoS2,0.0,3.0,3.0,MoS2_0.01562,-0.8312572500000783,1.8086999999999946
6141cf774e27a1844a5f005e,low_MoS2,1.0,2.0,3.0,MoS2_0.01562,8.548161830000051,1.1816999999999993
6141cf7831cf3ef3d4a9eda2,low_MoS2,2.0,1.0,3.0,MoS2_0.01562,39.496475099999955,0.14860000000000184
6141cf79baaf234b352901e6,low_MoS2,2.0,1.0,3.0,MoS2_0.01562,17.85820506000004,1.0911000000000044
6141cf79ee0a3fd43fb47a3d,low_MoS2,1.0,2.0,3.0,MoS2_0.01562,31.940208350000137,0.24640000000000128
6141cf799cbada84a867682b,low_MoS2,0.0,3.0,3.0,MoS2_0.01562,-0.8322734000000196,1.8087000000000018
6141cf7a4e27a1844a5f0060,low_MoS2,1.0,2.0,3.0,MoS2_0.01562,8.51434363000001,1.1450000000000031
6141cf7b31cf3ef3d4a9eda4,low_MoS2,2.0,1.0,3.0,MoS2_0.01562,40.973507970000085,0.1553999999999931
6141cf7b51c1cbd9654b8884,low_MoS2,2.0,0.0,2.0,MoS2_0.01042,21.835564150000074,1.1006
6141cf7cbaaf234b352901e8,low_MoS2,2.0,1.0,3.0,MoS2_0.01562,17.894044390000083,1.0608000000000004
6141cf7d9cbada84a867682d,low_MoS2,0.0,3.0,3.0,MoS2_0.01562,-0.8312656299999048,1.809599999999996
6141cf7dee0a3fd43fb47a3f,low_MoS2,1.0,2.0,3.0,MoS2_0.01562,31.95600833000002,0.26899999999999835
6141cf7e4e27a1844a5f0062,low_MoS2,1.0,2.0,3.0,MoS2_0.01562,8.503695560000121,1.1477000000000004
6141cf7e3ac25c70a5c6c865,low_MoS2,3.0,0.0,3.0,MoS2_0.01562,50.78512173000005,0.380900000000004
6141cf7e31cf3ef3d4a9eda6,low_MoS2,2.0,1.0,3.0,MoS2_0.01562,41.47113888000008,0.3369
6141cf80ee0a3fd43fb47a41,low_MoS2,1.0,2.0,3.0,MoS2_0.01562,31.949384250000083,0.2670999999999992
6141cf819cbada84a867682f,low_MoS2,0.0,3.0,3.0,MoS2_0.01562,-0.8041101399998638,1.808399999999999
6141cf814e27a1844a5f0064,low_MoS2,1.0,2.0,3.0,MoS2_0.01562,8.51686569999995,1.1450000000000031
6141cf8131cf3ef3d4a9eda8,low_MoS2,2.0,1.0,3.0,MoS2_0.01562,41.456018329999964,0.3698999999999941
6141cf82cc0e69a0cf28ab69,low_MoS2,1.0,1.0,2.0,MoS2_0.01042,12.478616580000008,1.1480000000000032
6141cf83ee0a3fd43fb47a43,low_MoS2,1.0,2.0,3.0,MoS2_0.01562,32.07197715000005,0.36060000000000514
6141cf83baaf234b352901ea,low_MoS2,2.0,1.0,3.0,MoS2_0.01562,17.865650469999984,1.084699999999998
6141cf849cbada84a8676831,low_MoS2,0.0,3.0,3.0,MoS2_0.01562,-0.8322638899998651,1.8090000000000046
6141cf844e27a1844a5f0066,low_MoS2,1.0,2.0,3.0,MoS2_0.01562,8.51392738999996,1.147199999999998
6141cf8531cf3ef3d4a9edaa,low_MoS2,2.0,1.0,3.0,MoS2_0.01562,40.97977112000008,0.15859999999999985
6141cf863ac25c70a5c6c867,low_MoS2,3.0,0.0,3.0,MoS2_0.01562,50.31826844999993,0.15559999999999974
6141cf87ee0a3fd43fb47a45,low_MoS2,1.0,2.0,3.0,MoS2_0.01562,31.94732257999998,0.24329999999999785
6141cf87baaf234b352901ec,low_MoS2,2.0,1.0,3.0,MoS2_0.01562,17.87097184000003,1.100999999999999
6141cf879cbada84a8676833,low_MoS2,0.0,3.0,3.0,MoS2_0.01562,-0.8327190100000621,1.8105000000000047
6141cf8831cf3ef3d4a9edac,low_MoS2,2.0,1.0,3.0,MoS2_0.01562,41.45505752000004,0.3697000000000017
6141cf8902d926221cabc561,low_MoS2,2.0,0.0,2.0,MoS2_0.01042,39.912038320000065,0.4151999999999987
6141cf894e27a1844a5f0068,low_MoS2,1.0,2.0,3.0,MoS2_0.01562,8.510160889999977,1.1444000000000045
6141cf8aee0a3fd43fb47a47,low_MoS2,1.0,2.0,3.0,MoS2_0.01562,32.14958700999999,0.4055000000000035
6141cf8a9cbada84a8676835,low_MoS2,0.0,3.0,3.0,MoS2_0.01562,-0.8053019399998789,1.8079000000000036
6141cf8b31cf3ef3d4a9edae,low_MoS2,2.0,1.0,3.0,MoS2_0.01562,40.97575744000001,0.15679999999999694
6141cf8bbaaf234b352901ee,low_MoS2,2.0,1.0,3.0,MoS2_0.01562,17.849435379999925,1.0015
6141cf8d4e27a1844a5f006a,low_MoS2,1.0,2.0,3.0,MoS2_0.01562,8.517914060000091,1.1476000000000042
6141cf8eee0a3fd43fb47a49,low_MoS2,1.0,2.0,3.0,MoS2_0.01562,32.14615406999995,0.4035999999999973
6141cf8e9cbada84a8676837,low_MoS2,0.0,3.0,3.0,MoS2_0.01562,-0.8317445600000042,1.809599999999996
6141cf8e31cf3ef3d4a9edb0,low_MoS2,2.0,1.0,3.0,MoS2_0.01562,41.43113471000011,0.37700000000000244
6141cf8fbaaf234b352901f0,low_MoS2,2.0,1.0,3.0,MoS2_0.01562,17.873677219999983,1.0351999999999961
6141cf8f3ac25c70a5c6c869,low_MoS2,3.0,0.0,3.0,MoS2_0.01562,50.786458910000114,0.4117999999999995
6141cf90cc0e69a0cf28ab6b,low_MoS2,1.0,1.0,2.0,MoS2_0.01042,12.474198860000016,1.1456000000000017
6141cf914e27a1844a5f006c,low_MoS2,1.0,2.0,3.0,MoS2_0.01562,8.513566650000055,1.1468999999999951
6141cf91ee0a3fd43fb47a4b,low_MoS2,1.0,2.0,3.0,MoS2_0.01562,32.14955314999996,0.3965000000000032
6141cf929cbada84a8676839,low_MoS2,0.0,3.0,3.0,MoS2_0.01562,-0.8303742499999203,1.8078000000000003
6141cf9231cf3ef3d4a9edb2,low_MoS2,2.0,1.0,3.0,MoS2_0.01562,41.45991862000001,0.38289999999999935
6141cf94baaf234b352901f2,low_MoS2,2.0,1.0,3.0,MoS2_0.01562,17.85547751000012,1.0878000000000014
6141cf944e27a1844a5f006e,low_MoS2,1.0,2.0,3.0,MoS2_0.01562,8.518646440000136,1.1425000000000054
6141cf95ee0a3fd43fb47a4d,low_MoS2,1.0,2.0,3.0,MoS2_0.01562,32.124662520000115,0.3528999999999982
6141cf959cbada84a867683b,low_MoS2,0.0,3.0,3.0,MoS2_0.01562,-0.8324304199999801,1.808799999999998
6141cf9631cf3ef3d4a9edb4,low_MoS2,2.0,1.0,3.0,MoS2_0.01562,41.286454559999996,0.2662000000000049
6141cf984e27a1844a5f0070,low_MoS2,1.0,2.0,3.0,MoS2_0.01562,8.512202769999956,1.1437999999999988
6141cf98baaf234b352901f4,low_MoS2,2.0,1.0,3.0,MoS2_0.01562,17.886926749999922,1.1156000000000006
6141cf983ac25c70a5c6c86b,low_MoS2,3.0,0.0,3.0,MoS2_0.01562,50.351474859999975,0.1103999999999985
6141cf99ee0a3fd43fb47a4f,low_MoS2,1.0,2.0,3.0,MoS2_0.01562,32.14504708999992,0.40400000000000347
6141cf999cbada84a867683d,low_MoS2,0.0,3.0,3.0,MoS2_0.01562,-0.8330115099999489,1.8096999999999994
6141cf9931cf3ef3d4a9edb6,low_MoS2,2.0,1.0,3.0,MoS2_0.01562,41.45671497999997,0.3977000000000004
6141cf9c4e27a1844a5f0072,low_MoS2,1.0,2.0,3.0,MoS2_0.01562,8.511735900000101,1.146099999999997
6141cf9cbaaf234b352901f6,low_MoS2,2.0,1.0,3.0,MoS2_0.01562,17.875556380000027,1.0929999999999964
6141cf9cee0a3fd43fb47a51,low_MoS2,1.0,2.0,3.0,MoS2_0.01562,32.12294889999997,0.3562999999999974
6141cf9d9cbada84a867683f,low_MoS2,0.0,3.0,3.0,MoS2_0.01562,-0.8319919600000389,1.8094999999999999
6141cf9d31cf3ef3d4a9edb8,low_MoS2,2.0,1.0,3.0,MoS2_0.01562,41.43183395000001,0.3774000000000015
6141cf9f51c1cbd9654b8886,low_MoS2,2.0,0.0,2.0,MoS2_0.01042,21.828969680000093,1.1066999999999965
6141cfa04e27a1844a5f0074,low_MoS2,1.0,2.0,3.0,MoS2_0.01562,8.50397341999999,1.1467000000000027
6141cfa0baaf234b352901f8,low_MoS2,2.0,1.0,3.0,MoS2_0.01562,17.84855732999994,1.0840000000000032
6141cfa0ee0a3fd43fb47a53,low_MoS2,1.0,2.0,3.0,MoS2_0.01562,32.11396568999997,0.3581000000000003
6141cfa09cbada84a8676841,low_MoS2,0.0,3.0,3.0,MoS2_0.01562,-0.8037697399999502,1.8083000000000027
6141cfa131cf3ef3d4a9edba,low_MoS2,2.0,1.0,3.0,MoS2_0.01562,41.44727282999993,0.37230000000000274
6141cfa23ac25c70a5c6c86d,low_MoS2,3.0,0.0,3.0,MoS2_0.01562,50.31777457000013,0.15050000000000097
6141cfa44e27a1844a5f0076,low_MoS2,1.0,2.0,3.0,MoS2_0.01562,8.499445500000117,1.1503999999999976
6141cfa4ee0a3fd43fb47a55,low_MoS2,1.0,2.0,3.0,MoS2_0.01562,32.149605580000056,0.39879999999999427
6141cfa49cbada84a8676843,low_MoS2,0.0,3.0,3.0,MoS2_0.01562,-0.8231556999998588,1.8057999999999979
6141cfa431cf3ef3d4a9edbc,low_MoS2,2.0,1.0,3.0,MoS2_0.01562,41.47525072999993,0.3347999999999942
6141cfa5baaf234b352901fa,low_MoS2,2.0,1.0,3.0,MoS2_0.01562,17.86989653,1.1097000000000037
6141cfa84e27a1844a5f0078,low_MoS2,1.0,2.0,3.0,MoS2_0.01562,8.51308012999996,1.1455999999999946
6141cfa8ee0a3fd43fb47a57,low_MoS2,1.0,2.0,3.0,MoS2_0.01562,32.13993806000006,0.4047000000000054
6141cfa89cbada84a8676845,low_MoS2,0.0,3.0,3.0,MoS2_0.01562,-0.8327426000000173,1.8089000000000013
6141cfa831cf3ef3d4a9edbe,low_MoS2,2.0,1.0,3.0,MoS2_0.01562,40.97537497000003,0.15440000000000254
6141cfa9baaf234b352901fc,low_MoS2,2.0,1.0,3.0,MoS2_0.01562,17.86653348999993,1.1041000000000025
6141cfab4e27a1844a5f007a,low_MoS2,1.0,2.0,3.0,MoS2_0.01562,8.509540970000014,1.146499999999996
6141cfacee0a3fd43fb47a59,low_MoS2,1.0,2.0,3.0,MoS2_0.01562,32.148088050000055,0.40149999999999864
6141cfac9cbada84a8676847,low_MoS2,0.0,3.0,3.0,MoS2_0.01562,-0.8316532099999563,1.8085999999999984
6141cfac3ac25c70a5c6c86f,low_MoS2,3.0,0.0,3.0,MoS2_0.01562,50.80211593000005,0.38289999999999935
6141cfac31cf3ef3d4a9edc0,low_MoS2,2.0,1.0,3.0,MoS2_0.01562,41.47325253000004,0.3947000000000003
6141cfaebaaf234b352901fe,low_MoS2,2.0,1.0,3.0,MoS2_0.01562,17.856874360000113,1.038800000000002
6141cfaf4e27a1844a5f007c,low_MoS2,1.0,2.0,3.0,MoS2_0.01562,8.502362149999978,1.1495999999999995
6141cfb09cbada84a8676849,low_MoS2,0.0,3.0,3.0,MoS2_0.01562,-0.8324678799999106,1.8074999999999974
6141cfb131cf3ef3d4a9edc2,low_MoS2,2.0,1.0,3.0,MoS2_0.01562,41.46385533000007,0.40100000000000335
6141cfb2baaf234b35290200,low_MoS2,2.0,1.0,3.0,MoS2_0.01562,17.868902709999922,1.1079000000000008
6141cfb34e27a1844a5f007e,low_MoS2,1.0,2.0,3.0,MoS2_0.01562,8.542272870000058,1.1448000000000036
6141cfb3ee0a3fd43fb47a5b,low_MoS2,1.0,2.0,3.0,MoS2_0.01562,32.131001559999945,0.40379999999999683
6141cfb49cbada84a867684b,low_MoS2,0.0,3.0,3.0,MoS2_0.01562,-0.8230837400000723,1.8057000000000016
6141cfb531cf3ef3d4a9edc4,low_MoS2,2.0,1.0,3.0,MoS2_0.01562,40.97021078000007,0.1535999999999973
6141cfb63ac25c70a5c6c871,low_MoS2,3.0,0.0,3.0,MoS2_0.01562,50.72785710999998,0.14710000000000178
6141cfb6baaf234b35290202,low_MoS2,2.0,1.0,3.0,MoS2_0.01562,17.869411970000094,1.1082999999999998
6141cfb74e27a1844a5f0080,low_MoS2,1.0,2.0,3.0,MoS2_0.01562,8.509583210000098,1.144299999999994
6141cfb7ee0a3fd43fb47a5d,low_MoS2,1.0,2.0,3.0,MoS2_0.01562,32.14298723,0.4036999999999935
6141cfb89cbada84a867684d,low_MoS2,0.0,3.0,3.0,MoS2_0.01562,-0.8315048599999386,1.808399999999999
6141cfb931cf3ef3d4a9edc6,low_MoS2,2.0,1.0,3.0,MoS2_0.01562,41.47608493000003,0.4141999999999939
6141cfba4e27a1844a5f0082,low_MoS2,1.0,2.0,3.0,MoS2_0.01562,8.514525640000127,1.1447999999999965
6141cfbbbaaf234b35290204,low_MoS2,2.0,1.0,3.0,MoS2_0.01562,17.86411554000005,1.1092000000000013
6141cfbbee0a3fd43fb47a5f,low_MoS2,1.0,2.0,3.0,MoS2_0.01562,31.94387312999992,0.240000000000002
6141cfbc9cbada84a867684f,low_MoS2,0.0,3.0,3.0,MoS2_0.01562,-0.8305085799999574,1.8094999999999999
6141cfbd31cf3ef3d4a9edc8,low_MoS2,2.0,1.0,3.0,MoS2_0.01562,41.4579099300001,0.3714000000000013
6141cfbe4e27a1844a5f0084,low_MoS2,1.0,2.0,3.0,MoS2_0.01562,8.50352784999998,1.1471000000000018
6141cfbfbaaf234b35290206,low_MoS2,2.0,1.0,3.0,MoS2_0.01562,17.905138150000077,1.1163000000000025
6141cfbf3ac25c70a5c6c873,low_MoS2,3.0,0.0,3.0,MoS2_0.01562,50.77421003999999,0.38240000000000407
6141cfc0ee0a3fd43fb47a61,low_MoS2,1.0,2.0,3.0,MoS2_0.01562,32.14540897999994,0.40160000000000196
6141cfc09cbada84a8676851,low_MoS2,0.0,3.0,3.0,MoS2_0.01562,-0.8321717200000762,1.808799999999998
6141cfc151c1cbd9654b8888,low_MoS2,2.0,0.0,2.0,MoS2_0.01042,21.835215270000027,1.101700000000001
6141cfc231cf3ef3d4a9edca,low_MoS2,2.0,1.0,3.0,MoS2_0.01562,41.37674029,0.2991000000000028
6141cfc24e27a1844a5f0086,low_MoS2,1.0,2.0,3.0,MoS2_0.01562,8.513320520000004,1.1448000000000036
6141cfc4ee0a3fd43fb47a63,low_MoS2,1.0,2.0,3.0,MoS2_0.01562,32.145851219999926,0.40209999999999724
6141cfc4baaf234b35290208,low_MoS2,2.0,1.0,3.0,MoS2_0.01562,17.868214289999962,1.1098
6141cfc59cbada84a8676853,low_MoS2,0.0,3.0,3.0,MoS2_0.01562,-0.804964630000029,1.8079000000000036
6141cfc631cf3ef3d4a9edcc,low_MoS2,2.0,1.0,3.0,MoS2_0.01562,41.43574491,0.4089999999999989
6141cfc74e27a1844a5f0088,low_MoS2,1.0,2.0,3.0,MoS2_0.01562,8.514313970000128,1.1441000000000017
6141cfc8baaf234b3529020a,low_MoS2,2.0,1.0,3.0,MoS2_0.01562,17.903614400000144,1.1086000000000027
6141cfc9ee0a3fd43fb47a65,low_MoS2,1.0,2.0,3.0,MoS2_0.01562,32.122537680000036,0.3539999999999992
6141cfc99cbada84a8676855,low_MoS2,0.0,3.0,3.0,MoS2_0.01562,-0.8047530099999562,1.807700000000004
6141cfc93ac25c70a5c6c875,low_MoS2,3.0,0.0,3.0,MoS2_0.01562,50.804768650000064,0.37469999999999715
6141cfcb4e27a1844a5f008a,low_MoS2,1.0,2.0,3.0,MoS2_0.01562,8.510923029999983,1.1454999999999984
6141cfcb31cf3ef3d4a9edce,low_MoS2,2.0,1.0,3.0,MoS2_0.01562,41.473249739999986,0.4134999999999991
6141cfcdbaaf234b3529020c,low_MoS2,2.0,1.0,3.0,MoS2_0.01562,17.87095496999995,1.101300000000002
6141cfcdee0a3fd43fb47a67,low_MoS2,1.0,2.0,3.0,MoS2_0.01562,32.14753700999994,0.39860000000000184
6141cfce9cbada84a8676857,low_MoS2,0.0,3.0,3.0,MoS2_0.01562,-0.8233598999999572,1.8064000000000036
6141cfcf4e27a1844a5f008c,low_MoS2,1.0,2.0,3.0,MoS2_0.01562,8.512297360000073,1.145399999999995
6141cfd031cf3ef3d4a9edd0,low_MoS2,2.0,1.0,3.0,MoS2_0.01562,41.47976145000003,0.4118999999999957
6141cfd2baaf234b3529020e,low_MoS2,2.0,1.0,3.0,MoS2_0.01562,17.851346899999946,1.1113
6141cfd2ee0a3fd43fb47a69,low_MoS2,1.0,2.0,3.0,MoS2_0.01562,32.14570621000006,0.40040000000000475
6141cfd29cbada84a8676859,low_MoS2,0.0,3.0,3.0,MoS2_0.01562,-0.8326522300000647,1.809199999999997
6141cfd34e27a1844a5f008e,low_MoS2,1.0,2.0,3.0,MoS2_0.01562,8.594743890000043,1.129400000000004
6141cfd43ac25c70a5c6c877,low_MoS2,3.0,0.0,3.0,MoS2_0.01562,50.81242955999998,0.38700000000000045
6141cfd531cf3ef3d4a9edd2,low_MoS2,2.0,1.0,3.0,MoS2_0.01562,41.45895656000012,0.36939999999999884
6141cfd6ee0a3fd43fb47a6b,low_MoS2,1.0,2.0,3.0,MoS2_0.01562,32.13702488000011,0.39519999999999555
6141cfd79cbada84a867685b,low_MoS2,0.0,3.0,3.0,MoS2_0.01562,-0.8292214899999522,1.8071999999999946
6141cfd7baaf234b35290210,low_MoS2,2.0,1.0,3.0,MoS2_0.01562,17.857407109999933,1.0015999999999963
6141cfd84e27a1844a5f0090,low_MoS2,1.0,2.0,3.0,MoS2_0.01562,8.538628779999978,1.1462000000000003
6141cfd931cf3ef3d4a9edd4,low_MoS2,2.0,1.0,3.0,MoS2_0.01562,40.965853320000136,0.15049999999999386
6141cfdbee0a3fd43fb47a6d,low_MoS2,1.0,2.0,3.0,MoS2_0.01562,32.14697107999994,0.4018000000000015
6141cfdcbaaf234b35290212,low_MoS2,2.0,1.0,3.0,MoS2_0.01562,17.929230630000113,0.6532000000000053
6141cfdc9cbada84a867685d,low_MoS2,0.0,3.0,3.0,MoS2_0.01562,-0.8336742900000331,1.8079999999999998
6141cfdc4e27a1844a5f0092,low_MoS2,1.0,2.0,3.0,MoS2_0.01562,8.510691250000061,1.1454000000000022
6141cfde31cf3ef3d4a9edd6,low_MoS2,2.0,1.0,3.0,MoS2_0.01562,41.45766246000012,0.3797999999999959
6141cfdf3ac25c70a5c6c879,low_MoS2,3.0,0.0,3.0,MoS2_0.01562,50.807643309999925,0.3832000000000022
6141cfe0baaf234b35290214,low_MoS2,2.0,1.0,3.0,MoS2_0.01562,17.869887650000003,1.110199999999999
6141cfe19cbada84a867685f,low_MoS2,0.0,3.0,3.0,MoS2_0.01562,-0.8318065000000274,1.8091000000000008
6141cfe14e27a1844a5f0094,low_MoS2,1.0,2.0,3.0,MoS2_0.01562,8.512279710000055,1.145699999999998
6141cfe331cf3ef3d4a9edd8,low_MoS2,2.0,1.0,3.0,MoS2_0.01562,41.291001320000035,0.25970000000000226
6141cfe54e27a1844a5f0096,low_MoS2,1.0,2.0,3.0,MoS2_0.01562,8.51443162000012,1.145699999999998
6141cfe59cbada84a8676861,low_MoS2,0.0,3.0,3.0,MoS2_0.01562,-0.8059906799998657,1.8093000000000004
6141cfe5baaf234b35290216,low_MoS2,2.0,1.0,3.0,MoS2_0.01562,17.86686383000005,1.1099000000000032
6141cfe6ee0a3fd43fb47a6f,low_MoS2,1.0,2.0,3.0,MoS2_0.01562,32.14422613999999,0.4049000000000049
6141cfe831cf3ef3d4a9edda,low_MoS2,2.0,1.0,3.0,MoS2_0.01562,41.484539389999966,0.41149999999999665
6141cfea4e27a1844a5f0098,low_MoS2,1.0,2.0,3.0,MoS2_0.01562,8.509451530000003,1.1477000000000004
6141cfea9cbada84a8676863,low_MoS2,0.0,3.0,3.0,MoS2_0.01562,-0.829336039999987,1.8076000000000008
6141cfea3ac25c70a5c6c87b,low_MoS2,3.0,0.0,3.0,MoS2_0.01562,50.29857739000014,0.13069999999999737
6141cfeaee0a3fd43fb47a71,low_MoS2,1.0,2.0,3.0,MoS2_0.01562,32.14341358,0.40150000000000574
6141cfebbaaf234b35290218,low_MoS2,2.0,1.0,3.0,MoS2_0.01562,17.887356319999974,1.0899
6141cfed31cf3ef3d4a9eddc,low_MoS2,2.0,1.0,3.0,MoS2_0.01562,41.449220359999984,0.3912000000000049
6141cfed51c1cbd9654b888a,low_MoS2,2.0,0.0,2.0,MoS2_0.01042,21.831502930000035,1.109099999999998
6141cfef4e27a1844a5f009a,low_MoS2,1.0,2.0,3.0,MoS2_0.01562,8.509596480000052,1.1465999999999994
6141cfef9cbada84a8676865,low_MoS2,0.0,3.0,3.0,MoS2_0.01562,-0.8040428599999245,1.8076000000000008
6141cfefee0a3fd43fb47a73,low_MoS2,1.0,2.0,3.0,MoS2_0.01562,32.14405480999993,0.4007000000000005
6141cff0baaf234b3529021a,low_MoS2,2.0,1.0,3.0,MoS2_0.01562,17.859738840000084,1.1067999999999998
6141cff131cf3ef3d4a9edde,low_MoS2,2.0,1.0,3.0,MoS2_0.01562,41.450489490000066,0.3727000000000018
6141cff44e27a1844a5f009c,low_MoS2,1.0,2.0,3.0,MoS2_0.01562,8.539146220000045,1.1447000000000003
6141cff4ee0a3fd43fb47a75,low_MoS2,1.0,2.0,3.0,MoS2_0.01562,32.158619150000035,0.3943000000000012
6141cff5baaf234b3529021c,low_MoS2,2.0,1.0,3.0,MoS2_0.01562,17.887565250000073,1.1007000000000033
6141cff631cf3ef3d4a9ede0,low_MoS2,2.0,1.0,3.0,MoS2_0.01562,41.45111719000006,0.39059999999999917
6141cff73ac25c70a5c6c87d,low_MoS2,3.0,0.0,3.0,MoS2_0.01562,50.80691270999993,0.34500000000000597
6141cff94e27a1844a5f009e,low_MoS2,1.0,2.0,3.0,MoS2_0.01562,8.531278930000123,1.1396000000000015
6141cff99cbada84a8676867,low_MoS2,0.0,3.0,3.0,MoS2_0.01562,-0.8036447700000622,1.808799999999998
6141cff9ee0a3fd43fb47a77,low_MoS2,1.0,2.0,3.0,MoS2_0.01562,32.146866680000116,0.3989000000000047
6141cffabaaf234b3529021e,low_MoS2,2.0,1.0,3.0,MoS2_0.01562,17.891981030000117,1.1242000000000019
6141cffb51c1cbd9654b888c,low_MoS2,2.0,0.0,2.0,MoS2_0.01042,21.832782260000023,1.1099000000000032
6141cffb31cf3ef3d4a9ede2,low_MoS2,2.0,1.0,3.0,MoS2_0.01562,41.39475925999996,0.29930000000000234
6141cffd4e27a1844a5f00a0,low_MoS2,1.0,2.0,3.0,MoS2_0.01562,8.511329140000068,1.1452999999999989
6141cffe9cbada84a8676869,low_MoS2,0.0,3.0,3.0,MoS2_0.01562,-0.831842869999889,1.8093000000000004
6141cffeee0a3fd43fb47a79,low_MoS2,1.0,2.0,3.0,MoS2_0.01562,32.12563362000013,0.3492999999999995
6141cfffbaaf234b35290220,low_MoS2,2.0,1.0,3.0,MoS2_0.01562,17.9033787400001,1.1022000000000034
6141d00031cf3ef3d4a9ede4,low_MoS2,2.0,1.0,3.0,MoS2_0.01562,39.447211880000125,0.18970000000000198
6141d0029cbada84a867686b,low_MoS2,0.0,3.0,3.0,MoS2_0.01562,-0.8330770499998721,1.8082999999999956
6141d0024e27a1844a5f00a2,low_MoS2,1.0,2.0,3.0,MoS2_0.01562,8.533135489999975,1.1400999999999968
6141d002ee0a3fd43fb47a7b,low_MoS2,1.0,2.0,3.0,MoS2_0.01562,32.13936334000003,0.4046999999999983
6141d0033ac25c70a5c6c87f,low_MoS2,3.0,0.0,3.0,MoS2_0.01562,50.808141449999916,0.37819999999999965
6141d00531cf3ef3d4a9ede6,low_MoS2,2.0,1.0,3.0,MoS2_0.01562,41.480747510000086,0.40859999999999985
6141d005baaf234b35290222,low_MoS2,2.0,1.0,3.0,MoS2_0.01562,17.85910933000013,1.0910999999999973
6141d0074e27a1844a5f00a4,low_MoS2,1.0,2.0,3.0,MoS2_0.01562,8.493925440000137,1.1375000000000028
6141d0079cbada84a867686d,low_MoS2,0.0,3.0,3.0,MoS2_0.01562,-0.8318007499998998,1.8087000000000018
6141d007ee0a3fd43fb47a7d,low_MoS2,1.0,2.0,3.0,MoS2_0.01562,31.96723769999993,0.25370000000000203
6141d00951c1cbd9654b888e,low_MoS2,2.0,0.0,2.0,MoS2_0.01042,21.822130180000023,1.0390000000000015
6141d00a31cf3ef3d4a9ede8,low_MoS2,2.0,1.0,3.0,MoS2_0.01562,41.28599860000004,0.24739999999999895
6141d00abaaf234b35290224,low_MoS2,2.0,1.0,3.0,MoS2_0.01562,17.856536790000057,1.0960000000000036
6141d00c4e27a1844a5f00a6,low_MoS2,1.0,2.0,3.0,MoS2_0.01562,8.504899640000101,1.147199999999998
6141d00cee0a3fd43fb47a7f,low_MoS2,1.0,2.0,3.0,MoS2_0.01562,31.954245950000075,0.2640999999999991
6141d00e9cbada84a867686f,low_MoS2,0.0,3.0,3.0,MoS2_0.01562,-0.8314068500000644,1.8084999999999951
6141d00f31cf3ef3d4a9edea,low_MoS2,2.0,1.0,3.0,MoS2_0.01562,41.436555859999956,0.3856000000000037
6141d010baaf234b35290226,low_MoS2,2.0,1.0,3.0,MoS2_0.01562,17.864362020000037,1.1096999999999966
6141d0103ac25c70a5c6c881,low_MoS2,3.0,0.0,3.0,MoS2_0.01562,50.798209469999996,0.372799999999998
6141d0104e27a1844a5f00a8,low_MoS2,1.0,2.0,3.0,MoS2_0.01562,8.507333139999925,1.145699999999998
6141d011ee0a3fd43fb47a81,low_MoS2,1.0,2.0,3.0,MoS2_0.01562,32.11970257999995,0.3511999999999986
6141d0139cbada84a8676871,low_MoS2,0.0,3.0,3.0,MoS2_0.01562,-0.8332053199998768,1.8076000000000008
6141d01431cf3ef3d4a9edec,low_MoS2,2.0,1.0,3.0,MoS2_0.01562,41.45955141999998,0.3552000000000035
6141d0154e27a1844a5f00aa,low_MoS2,1.0,2.0,3.0,MoS2_0.01562,8.510147420000092,1.147199999999998
6141d015baaf234b35290228,low_MoS2,2.0,1.0,3.0,MoS2_0.01562,17.86605495999992,1.1044000000000054
6141d01851c1cbd9654b8890,low_MoS2,2.0,0.0,2.0,MoS2_0.01042,21.78692738999994,1.1092000000000013
6141d0189cbada84a8676873,low_MoS2,0.0,3.0,3.0,MoS2_0.01562,-0.8328535499999248,1.8104000000000013
6141d01931cf3ef3d4a9edee,low_MoS2,2.0,1.0,3.0,MoS2_0.01562,41.45313640000013,0.37069999999999936
6141d01a4e27a1844a5f00ac,low_MoS2,1.0,2.0,3.0,MoS2_0.01562,8.541533430000097,1.1466999999999956
6141d01bee0a3fd43fb47a83,low_MoS2,1.0,2.0,3.0,MoS2_0.01562,32.142992400000125,0.4052999999999969
6141d01bbaaf234b3529022a,low_MoS2,2.0,1.0,3.0,MoS2_0.01562,17.863020779999935,1.1036999999999964
6141d01d3ac25c70a5c6c883,low_MoS2,3.0,0.0,3.0,MoS2_0.01562,50.312358600000074,0.15330000000000155
6141d01e9cbada84a8676875,low_MoS2,0.0,3.0,3.0,MoS2_0.01562,-0.8322939999999903,1.8093000000000004
6141d01e4e27a1844a5f00ae,low_MoS2,1.0,2.0,3.0,MoS2_0.01562,8.513727250000127,1.145699999999998
6141d01e31cf3ef3d4a9edf0,low_MoS2,2.0,1.0,3.0,MoS2_0.01562,41.48031966999993,0.40920000000000556
6141d020ee0a3fd43fb47a85,low_MoS2,1.0,2.0,3.0,MoS2_0.01562,32.15946039999993,0.39700000000000557
6141d0229cbada84a8676877,low_MoS2,0.0,3.0,3.0,MoS2_0.01562,-0.8334967800000754,1.8066999999999993
6141d023baaf234b3529022c,low_MoS2,2.0,1.0,3.0,MoS2_0.01562,17.865575479999954,1.0842000000000027
6141d0234e27a1844a5f00b0,low_MoS2,1.0,2.0,3.0,MoS2_0.01562,8.510135700000117,1.1441999999999979
6141d02431cf3ef3d4a9edf2,low_MoS2,2.0,1.0,3.0,MoS2_0.01562,41.4471986600001,0.3639999999999972
6141d025ee0a3fd43fb47a87,low_MoS2,1.0,2.0,3.0,MoS2_0.01562,32.146335870000016,0.4011999999999958
6141d0279cbada84a8676879,low_MoS2,0.0,3.0,3.0,MoS2_0.01562,-0.8320686100000216,1.8091000000000008
6141d0284e27a1844a5f00b2,low_MoS2,1.0,2.0,3.0,MoS2_0.01562,8.510970410000052,1.1460000000000008
6141d02931cf3ef3d4a9edf4,low_MoS2,2.0,1.0,3.0,MoS2_0.01562,39.28535555999993,0.564700000000002
6141d029baaf234b3529022e,low_MoS2,2.0,1.0,3.0,MoS2_0.01562,17.87037852999992,1.109100000000005
6141d02aee0a3fd43fb47a89,low_MoS2,1.0,2.0,3.0,MoS2_0.01562,32.14890482999998,0.3978999999999999
6141d02b3ac25c70a5c6c885,low_MoS2,3.0,0.0,3.0,MoS2_0.01562,50.806636200000106,0.34669999999999845
6141d02c9cbada84a867687b,low_MoS2,0.0,3.0,3.0,MoS2_0.01562,-0.8044563299999368,1.8085999999999984
6141d02d4e27a1844a5f00b4,low_MoS2,1.0,2.0,3.0,MoS2_0.01562,8.515131460000045,1.1428000000000011
6141d02e31cf3ef3d4a9edf6,low_MoS2,2.0,1.0,3.0,MoS2_0.01562,41.457847119999954,0.3924999999999983
6141d030ee0a3fd43fb47a8b,low_MoS2,1.0,2.0,3.0,MoS2_0.01562,32.14285352,0.4012999999999991
6141d0319cbada84a867687d,low_MoS2,0.0,3.0,3.0,MoS2_0.01562,-0.8303540300000236,1.8089000000000013
6141d0324e27a1844a5f00b6,low_MoS2,1.0,2.0,3.0,MoS2_0.01562,8.540941640000053,1.183099999999996
6141d03331cf3ef3d4a9edf8,low_MoS2,2.0,1.0,3.0,MoS2_0.01562,41.48081206000002,0.41159999999999997
6141d034baaf234b35290230,low_MoS2,2.0,1.0,3.0,MoS2_0.01562,17.867009230000114,1.111699999999999
6141d035ee0a3fd43fb47a8d,low_MoS2,1.0,2.0,3.0,MoS2_0.01562,32.14656559000012,0.4007999999999967
6141d0374e27a1844a5f00b8,low_MoS2,1.0,2.0,3.0,MoS2_0.01562,8.493374390000124,1.1384000000000043
6141d0383ac25c70a5c6c887,low_MoS2,3.0,0.0,3.0,MoS2_0.01562,50.85821905999993,0.3627000000000038
6141d03831cf3ef3d4a9edfa,low_MoS2,2.0,1.0,3.0,MoS2_0.01562,41.485529290000116,0.4078000000000017
6141d03abaaf234b35290232,low_MoS2,2.0,1.0,3.0,MoS2_0.01562,17.852498749999988,1.083199999999998
6141d03aee0a3fd43fb47a8f,low_MoS2,1.0,2.0,3.0,MoS2_0.01562,31.741428540000005,0.11849999999999739
6141d03b9cbada84a867687f,low_MoS2,0.0,3.0,3.0,MoS2_0.01562,-0.8331942100000447,1.807299999999998
6141d03c4e27a1844a5f00ba,low_MoS2,1.0,2.0,3.0,MoS2_0.01562,8.510823130000087,1.1452000000000027
6141d03cb842c2e72e2f2d68,low_MoS2,0.0,2.0,2.0,MoS2_0.01042,3.1423123500000436,1.8072000000000017
6141d03e31cf3ef3d4a9edfc,low_MoS2,2.0,1.0,3.0,MoS2_0.01562,41.48905777,0.4057999999999993
6141d040ee0a3fd43fb47a91,low_MoS2,1.0,2.0,3.0,MoS2_0.01562,32.088989880000085,0.40270000000000294
6141d040baaf234b35290234,low_MoS2,2.0,1.0,3.0,MoS2_0.01562,17.85758707000013,1.1126999999999967
6141d0409cbada84a8676881,low_MoS2,0.0,3.0,3.0,MoS2_0.01562,-0.8227725500000247,1.8060000000000045
6141d0414e27a1844a5f00bc,low_MoS2,1.0,2.0,3.0,MoS2_0.01562,8.495148790000055,1.1403999999999996
6141d046baaf234b35290236,low_MoS2,2.0,1.0,3.0,MoS2_0.01562,17.860830930000013,1.1092999999999975
6141d0469cbada84a8676883,low_MoS2,0.0,3.0,3.0,MoS2_0.01562,-0.8331049099999177,1.8100999999999985
6141d0464e27a1844a5f00be,low_MoS2,1.0,2.0,3.0,MoS2_0.01562,8.503371089999998,1.1485999999999947
6141d0463ac25c70a5c6c889,low_MoS2,3.0,0.0,3.0,MoS2_0.01562,48.83674674,0.14220000000000255
6141d047ee0a3fd43fb47a93,low_MoS2,1.0,2.0,3.0,MoS2_0.01562,32.14745704999994,0.4001999999999981
6141d04831cf3ef3d4a9edfe,low_MoS2,2.0,1.0,3.0,MoS2_0.01562,41.416685139999984,0.3883999999999972
6141d04c9cbada84a8676885,low_MoS2,0.0,3.0,3.0,MoS2_0.01562,-0.8320179699998675,1.808399999999999
6141d04c4e27a1844a5f00c0,low_MoS2,1.0,2.0,3.0,MoS2_0.01562,8.503076660000058,1.144600000000004
6141d04cbaaf234b35290238,low_MoS2,2.0,1.0,3.0,MoS2_0.01562,17.853125070000026,1.0012000000000043
6141d04cee0a3fd43fb47a95,low_MoS2,1.0,2.0,3.0,MoS2_0.01562,32.08732048,0.4065999999999974
6141d04d31cf3ef3d4a9ee00,low_MoS2,2.0,1.0,3.0,MoS2_0.01562,39.5045633700001,0.14939999999999998
6141d0524e27a1844a5f00c2,low_MoS2,1.0,2.0,3.0,MoS2_0.01562,8.507434710000123,1.1486000000000018
6141d052ee0a3fd43fb47a97,low_MoS2,1.0,2.0,3.0,MoS2_0.01562,32.12559701999997,0.34730000000000416
6141d052baaf234b3529023a,low_MoS2,2.0,1.0,3.0,MoS2_0.01562,17.866360380000053,1.1043999999999983
6141d0529cbada84a8676887,low_MoS2,0.0,3.0,3.0,MoS2_0.01562,-0.832317079999882,1.8096000000000032
6141d05331cf3ef3d4a9ee02,low_MoS2,2.0,1.0,3.0,MoS2_0.01562,40.97636789999997,0.15740000000000265
6141d0553ac25c70a5c6c88b,low_MoS2,3.0,0.0,3.0,MoS2_0.01562,50.82517749000014,0.3838000000000008
6141d0574e27a1844a5f00c4,low_MoS2,1.0,2.0,3.0,MoS2_0.01562,8.512013820000018,1.1436999999999955
6141d058ee0a3fd43fb47a99,low_MoS2,1.0,2.0,3.0,MoS2_0.01562,32.15092262000006,0.40220000000000056
6141d0589cbada84a8676889,low_MoS2,0.0,3.0,3.0,MoS2_0.01562,-0.8324251999999319,1.8091000000000008
6141d058baaf234b3529023c,low_MoS2,2.0,1.0,3.0,MoS2_0.01562,17.86138034000009,1.0915999999999997
6141d05931cf3ef3d4a9ee04,low_MoS2,2.0,1.0,3.0,MoS2_0.01562,41.47171868000005,0.4153999999999982
6141d05d4e27a1844a5f00c6,low_MoS2,1.0,2.0,3.0,MoS2_0.01562,8.510567690000041,1.1439999999999984
6141d05eee0a3fd43fb47a9b,low_MoS2,1.0,2.0,3.0,MoS2_0.01562,32.15345789000001,0.39229999999999876
6141d05f31cf3ef3d4a9ee06,low_MoS2,2.0,1.0,3.0,MoS2_0.01562,41.38008600999997,0.3038000000000025
6141d05fbaaf234b3529023e,low_MoS2,2.0,1.0,3.0,MoS2_0.01562,17.852112980000122,1.0949999999999989
6141d0639cbada84a867688b,low_MoS2,0.0,3.0,3.0,MoS2_0.01562,-0.8317128599998682,1.8085999999999984
6141d0634e27a1844a5f00c8,low_MoS2,1.0,2.0,3.0,MoS2_0.01562,8.511907249999947,1.1445000000000007
6141d063ee0a3fd43fb47a9d,low_MoS2,1.0,2.0,3.0,MoS2_0.01562,32.135773850000064,0.3451000000000022
6141d0643ac25c70a5c6c88d,low_MoS2,3.0,0.0,3.0,MoS2_0.01562,50.79982213000009,0.3844999999999956
6141d06431cf3ef3d4a9ee08,low_MoS2,2.0,1.0,3.0,MoS2_0.01562,41.44010468000006,0.409000000000006
6141d06451c1cbd9654b8892,low_MoS2,2.0,0.0,2.0,MoS2_0.01042,21.78138640999996,0.9433000000000007
6141d065baaf234b35290240,low_MoS2,2.0,1.0,3.0,MoS2_0.01562,17.849509639999944,1.0012000000000043
6141d0699cbada84a867688d,low_MoS2,0.0,3.0,3.0,MoS2_0.01562,-0.8281778200000076,1.8081000000000031
6141d0694e27a1844a5f00ca,low_MoS2,1.0,2.0,3.0,MoS2_0.01562,8.506171799999972,1.1422999999999988
6141d069ee0a3fd43fb47a9f,low_MoS2,1.0,2.0,3.0,MoS2_0.01562,32.069596239999996,0.3662999999999954
6141d06a31cf3ef3d4a9ee0a,low_MoS2,2.0,1.0,3.0,MoS2_0.01562,41.452443650000035,0.3616000000000028
6141d06cbaaf234b35290242,low_MoS2,2.0,1.0,3.0,MoS2_0.01562,17.863784170000137,1.1103000000000023
6141d06f4e27a1844a5f00cc,low_MoS2,1.0,2.0,3.0,MoS2_0.01562,8.506488960000095,1.1480000000000032
6141d06fee0a3fd43fb47aa1,low_MoS2,1.0,2.0,3.0,MoS2_0.01562,32.136816189999976,0.3999999999999986
6141d06f31cf3ef3d4a9ee0c,low_MoS2,2.0,1.0,3.0,MoS2_0.01562,41.46685352000004,0.41669999999999874
6141d0719cbada84a867688f,low_MoS2,0.0,3.0,3.0,MoS2_0.01562,-0.8312920099999133,1.8093000000000004
6141d072baaf234b35290244,low_MoS2,2.0,1.0,3.0,MoS2_0.01562,17.8249854600001,0.9414999999999978
6141d0733ac25c70a5c6c88f,low_MoS2,3.0,0.0,3.0,MoS2_0.01562,50.29760313000012,0.12020000000000408
6141d0754e27a1844a5f00ce,low_MoS2,1.0,2.0,3.0,MoS2_0.01562,8.530010640000025,1.1396000000000015
6141d075ee0a3fd43fb47aa3,low_MoS2,1.0,2.0,3.0,MoS2_0.01562,32.12444823999998,0.34679999999999467
6141d07531cf3ef3d4a9ee0e,low_MoS2,2.0,1.0,3.0,MoS2_0.01562,41.28471279000014,0.2606000000000037
6141d0769cbada84a8676891,low_MoS2,0.0,3.0,3.0,MoS2_0.01562,-0.831432330000041,1.8089000000000013
6141d079baaf234b35290246,low_MoS2,2.0,1.0,3.0,MoS2_0.01562,17.851396430000015,1.0962999999999994
6141d07bee0a3fd43fb47aa5,low_MoS2,1.0,2.0,3.0,MoS2_0.01562,32.144591530000056,0.4037000000000006
6141d07b31cf3ef3d4a9ee10,low_MoS2,2.0,1.0,3.0,MoS2_0.01562,41.490786479999954,0.4099000000000004
6141d07c4e27a1844a5f00d0,low_MoS2,1.0,2.0,3.0,MoS2_0.01562,8.508867080000098,1.1499999999999986
6141d07c9cbada84a8676893,low_MoS2,0.0,3.0,3.0,MoS2_0.01562,-0.8292459799999392,1.8079000000000036
6141d080baaf234b35290248,low_MoS2,2.0,1.0,3.0,MoS2_0.01562,17.93053349000001,0.6528999999999954
6141d081ee0a3fd43fb47aa7,low_MoS2,1.0,2.0,3.0,MoS2_0.01562,32.07908909000001,0.40280000000000626
6141d08131cf3ef3d4a9ee12,low_MoS2,2.0,1.0,3.0,MoS2_0.01562,41.45516155000014,0.3826999999999998
6141d0829cbada84a8676895,low_MoS2,0.0,3.0,3.0,MoS2_0.01562,-0.8315518599999336,1.8089999999999975
6141d0823ac25c70a5c6c891,low_MoS2,3.0,0.0,3.0,MoS2_0.01562,50.3122066,0.1576999999999984
6141d0824e27a1844a5f00d2,low_MoS2,1.0,2.0,3.0,MoS2_0.01562,8.522065290000025,1.1347999999999985
6141d086baaf234b3529024a,low_MoS2,2.0,1.0,3.0,MoS2_0.01562,17.86802585999998,1.0989000000000004
6141d087ee0a3fd43fb47aa9,low_MoS2,1.0,2.0,3.0,MoS2_0.01562,31.956460430000096,0.26379999999999626
6141d08731cf3ef3d4a9ee14,low_MoS2,2.0,1.0,3.0,MoS2_0.01562,41.46450889000012,0.3783999999999992
6141d0884e27a1844a5f00d4,low_MoS2,1.0,2.0,3.0,MoS2_0.01562,8.548955689999982,1.1783999999999963
6141d0899cbada84a8676897,low_MoS2,0.0,3.0,3.0,MoS2_0.01562,-0.8320368500000654,1.809599999999996
6141d08dbaaf234b3529024c,low_MoS2,2.0,1.0,3.0,MoS2_0.01562,17.864673309999937,1.1090000000000018
6141d08dee0a3fd43fb47aab,low_MoS2,1.0,2.0,3.0,MoS2_0.01562,32.08622261999993,0.4054999999999964
6141d08e31cf3ef3d4a9ee16,low_MoS2,2.0,1.0,3.0,MoS2_0.01562,41.28517709000012,0.26129999999999853
6141d08e4e27a1844a5f00d6,low_MoS2,1.0,2.0,3.0,MoS2_0.01562,8.502673460000121,1.149000000000001
6141d0909cbada84a8676899,low_MoS2,0.0,3.0,3.0,MoS2_0.01562,-0.8052838799998767,1.8076000000000008
6141d0913ac25c70a5c6c893,low_MoS2,3.0,0.0,3.0,MoS2_0.01562,50.76307607000005,0.41279999999999717
6141d093ee0a3fd43fb47aad,low_MoS2,1.0,2.0,3.0,MoS2_0.01562,32.142731260000104,0.40330000000000155
6141d094baaf234b3529024e,low_MoS2,2.0,1.0,3.0,MoS2_0.01562,17.855821620000135,1.0382999999999996
6141d09431cf3ef3d4a9ee18,low_MoS2,2.0,1.0,3.0,MoS2_0.01562,41.42158287000002,0.3651999999999944
6141d0944e27a1844a5f00d8,low_MoS2,1.0,2.0,3.0,MoS2_0.01562,8.505577509999991,1.1426999999999978
6141d0969cbada84a867689b,low_MoS2,0.0,3.0,3.0,MoS2_0.01562,-0.8306230800000662,1.8085999999999984
6141d099ee0a3fd43fb47aaf,low_MoS2,1.0,2.0,3.0,MoS2_0.01562,32.12156211,0.35020000000000095
6141d09a31cf3ef3d4a9ee1a,low_MoS2,2.0,1.0,3.0,MoS2_0.01562,41.46212267999995,0.39050000000000296
6141d09b4e27a1844a5f00da,low_MoS2,1.0,2.0,3.0,MoS2_0.01562,8.511311640000056,1.146799999999999
6141d09cbaaf234b35290250,low_MoS2,2.0,1.0,3.0,MoS2_0.01562,17.86893978000011,1.0877000000000052
6141d09c9cbada84a867689d,low_MoS2,0.0,3.0,3.0,MoS2_0.01562,-0.833058939999944,1.8078999999999965
6141d0a131cf3ef3d4a9ee1c,low_MoS2,2.0,1.0,3.0,MoS2_0.01562,41.462703030000014,0.373899999999999
6141d0a13ac25c70a5c6c895,low_MoS2,3.0,0.0,3.0,MoS2_0.01562,50.77758138000005,0.3810000000000002
6141d0a14e27a1844a5f00dc,low_MoS2,1.0,2.0,3.0,MoS2_0.01562,8.494575620000003,1.1405999999999992
6141d0a29cbada84a867689f,low_MoS2,0.0,3.0,3.0,MoS2_0.01562,-0.831664920000037,1.8086999999999946
6141d0a3baaf234b35290252,low_MoS2,2.0,1.0,3.0,MoS2_0.01562,17.854356820000014,1.0949000000000026
6141d0a3ee0a3fd43fb47ab1,low_MoS2,1.0,2.0,3.0,MoS2_0.01562,32.13797234000002,0.40390000000000015
6141d0a731cf3ef3d4a9ee1e,low_MoS2,2.0,1.0,3.0,MoS2_0.01562,41.49462609000007,0.4136999999999986
6141d0a84e27a1844a5f00de,low_MoS2,1.0,2.0,3.0,MoS2_0.01562,8.504530440000078,1.1476000000000042
6141d0a99cbada84a86768a1,low_MoS2,0.0,3.0,3.0,MoS2_0.01562,-0.8333047899999997,1.8094999999999999
6141d0aabaaf234b35290254,low_MoS2,2.0,1.0,3.0,MoS2_0.01562,17.867904530000025,1.104600000000005
6141d0aaee0a3fd43fb47ab3,low_MoS2,1.0,2.0,3.0,MoS2_0.01562,32.14822045000004,0.4007999999999967
6141d0ad31cf3ef3d4a9ee20,low_MoS2,2.0,1.0,3.0,MoS2_0.01562,41.40408691000012,0.37519999999999953
6141d0af4e27a1844a5f00e0,low_MoS2,1.0,2.0,3.0,MoS2_0.01562,8.514693390000073,1.1451000000000064
6141d0af9cbada84a86768a3,low_MoS2,0.0,3.0,3.0,MoS2_0.01562,-0.830086149999886,1.8059999999999974
6141d0af3ac25c70a5c6c897,low_MoS2,3.0,0.0,3.0,MoS2_0.01562,50.09740795000008,0.3090000000000046
6141d0b1baaf234b35290256,low_MoS2,2.0,1.0,3.0,MoS2_0.01562,17.888202600000106,1.1013999999999982
6141d0b431cf3ef3d4a9ee22,low_MoS2,2.0,1.0,3.0,MoS2_0.01562,41.48301446000001,0.41550000000000153
6141d0b54e27a1844a5f00e2,low_MoS2,1.0,2.0,3.0,MoS2_0.01562,8.503180859999954,1.142000000000003
6141d0b5ee0a3fd43fb47ab5,low_MoS2,1.0,2.0,3.0,MoS2_0.01562,31.920345190000024,0.272199999999998
6141d0b89cbada84a86768a5,low_MoS2,0.0,3.0,3.0,MoS2_0.01562,-0.8315425899999696,1.808399999999999
6141d0b9baaf234b35290258,low_MoS2,2.0,1.0,3.0,MoS2_0.01562,17.875053940000036,1.084299999999999
6141d0bc4e27a1844a5f00e4,low_MoS2,1.0,2.0,3.0,MoS2_0.01562,8.502667250000083,1.1373999999999995
6141d0bcee0a3fd43fb47ab7,low_MoS2,1.0,2.0,3.0,MoS2_0.01562,32.12469331999999,0.3710000000000022
6141d0bd31cf3ef3d4a9ee24,low_MoS2,2.0,1.0,3.0,MoS2_0.01562,41.48816245999997,0.41209999999999525
6141d0bf3ac25c70a5c6c899,low_MoS2,3.0,0.0,3.0,MoS2_0.01562,50.76923395000009,0.3836000000000013
6141d0bf9cbada84a86768a7,low_MoS2,0.0,3.0,3.0,MoS2_0.01562,-0.8324301699998955,1.8093000000000004
6141d0c1baaf234b3529025a,low_MoS2,2.0,1.0,3.0,MoS2_0.01562,17.857227220000134,1.039200000000001
6141d0c34e27a1844a5f00e6,low_MoS2,1.0,2.0,3.0,MoS2_0.01562,8.505944669999987,1.1421999999999954
6141d0c331cf3ef3d4a9ee26,low_MoS2,2.0,1.0,3.0,MoS2_0.01562,41.47071176000004,0.41140000000000043
6141d0c3ee0a3fd43fb47ab9,low_MoS2,1.0,2.0,3.0,MoS2_0.01562,32.14523669000003,0.40229999999999677
6141d0c59cbada84a86768a9,low_MoS2,0.0,3.0,3.0,MoS2_0.01562,-0.8323036900000602,1.810299999999998
6141d0c8baaf234b3529025c,low_MoS2,2.0,1.0,3.0,MoS2_0.01562,17.86875277000012,1.1082999999999998
6141d0c931cf3ef3d4a9ee28,low_MoS2,2.0,1.0,3.0,MoS2_0.01562,40.9621637100001,0.15859999999999985
6141d0c94e27a1844a5f00e8,low_MoS2,1.0,2.0,3.0,MoS2_0.01562,8.54252978000002,1.1500000000000057
6141d0cc9cbada84a86768ab,low_MoS2,0.0,3.0,3.0,MoS2_0.01562,-0.8311962099998595,1.8090000000000046
6141d0ceee0a3fd43fb47abb,low_MoS2,1.0,2.0,3.0,MoS2_0.01562,32.121672129999965,0.3498000000000019
6141d0cf3ac25c70a5c6c89b,low_MoS2,3.0,0.0,3.0,MoS2_0.01562,50.81816723000012,0.3498000000000019
6141d0cf31cf3ef3d4a9ee2a,low_MoS2,2.0,1.0,3.0,MoS2_0.01562,41.41493114999999,0.41969999999999885
6141d0d04e27a1844a5f00ea,low_MoS2,1.0,2.0,3.0,MoS2_0.01562,8.517663800000062,1.142400000000002
6141d0d29cbada84a86768ad,low_MoS2,0.0,3.0,3.0,MoS2_0.01562,-0.8321224399998641,1.8085999999999984
6141d0d3baaf234b3529025e,low_MoS2,2.0,1.0,3.0,MoS2_0.01562,17.85534970999992,1.092800000000004
6141d0d5ee0a3fd43fb47abd,low_MoS2,1.0,2.0,3.0,MoS2_0.01562,32.141522480000035,0.3990999999999971
6141d0d631cf3ef3d4a9ee2c,low_MoS2,2.0,1.0,3.0,MoS2_0.01562,41.43209281000004,0.4095999999999975
6141d0d74e27a1844a5f00ec,low_MoS2,1.0,2.0,3.0,MoS2_0.01562,8.518116050000142,1.1418999999999997
6141d0dabaaf234b35290260,low_MoS2,2.0,1.0,3.0,MoS2_0.01562,17.848936130000077,1.0837000000000003
6141d0dbee0a3fd43fb47abf,low_MoS2,1.0,2.0,3.0,MoS2_0.01562,32.14174859000012,0.40379999999999683
6141d0dd31cf3ef3d4a9ee2e,low_MoS2,2.0,1.0,3.0,MoS2_0.01562,41.41309534000011,0.34539999999999793
6141d0de4e27a1844a5f00ee,low_MoS2,1.0,2.0,3.0,MoS2_0.01562,8.547346450000102,1.1787999999999954
6141d0e151c1cbd9654b8894,low_MoS2,2.0,0.0,2.0,MoS2_0.01042,21.817409020000106,1.0016999999999996
6141d0e2baaf234b35290262,low_MoS2,2.0,1.0,3.0,MoS2_0.01562,17.929286210000093,0.6532000000000053
6141d0e2ee0a3fd43fb47ac1,low_MoS2,1.0,2.0,3.0,MoS2_0.01562,32.14154307000011,0.3977000000000004
6141d0e331cf3ef3d4a9ee30,low_MoS2,2.0,1.0,3.0,MoS2_0.01562,41.39874288999995,0.3008999999999986
6141d0e59cbada84a86768af,low_MoS2,0.0,3.0,3.0,MoS2_0.01562,-0.8316085999999245,1.8096999999999994
6141d0e54e27a1844a5f00f0,low_MoS2,1.0,2.0,3.0,MoS2_0.01562,8.511248759999969,1.1452999999999989
6141d0e63ac25c70a5c6c89d,low_MoS2,3.0,0.0,3.0,MoS2_0.01562,50.82280479000011,0.4186999999999941
6141d0e9ee0a3fd43fb47ac3,low_MoS2,1.0,2.0,3.0,MoS2_0.01562,32.14304437999998,0.40509999999999735
6141d0e9baaf234b35290264,low_MoS2,2.0,1.0,3.0,MoS2_0.01562,17.85775351000006,1.1074000000000055
6141d0eb9cbada84a86768b1,low_MoS2,0.0,3.0,3.0,MoS2_0.01562,-0.8313625099999058,1.808399999999999
6141d0ed4e27a1844a5f00f2,low_MoS2,1.0,2.0,3.0,MoS2_0.01562,8.511213980000118,1.1477000000000004
6141d0ee31cf3ef3d4a9ee32,low_MoS2,2.0,1.0,3.0,MoS2_0.01562,41.48506590999996,0.4157999999999973
6141d0f0ee0a3fd43fb47ac5,low_MoS2,1.0,2.0,3.0,MoS2_0.01562,32.14541591999999,0.4023000000000039
6141d0f1baaf234b35290266,low_MoS2,2.0,1.0,3.0,MoS2_0.01562,17.86035562999995,1.0923999999999978
6141d0f29cbada84a86768b3,low_MoS2,0.0,3.0,3.0,MoS2_0.01562,-0.8329643500000543,1.8093000000000004
6141d0f44e27a1844a5f00f4,low_MoS2,1.0,2.0,3.0,MoS2_0.01562,8.50371341000007,1.146799999999999
6141d0f531cf3ef3d4a9ee34,low_MoS2,2.0,1.0,3.0,MoS2_0.01562,41.46143264999996,0.36059999999999803
6141d0f53ac25c70a5c6c89f,low_MoS2,3.0,0.0,3.0,MoS2_0.01562,50.818690040000014,0.34729999999999706
6141d0f6ee0a3fd43fb47ac7,low_MoS2,1.0,2.0,3.0,MoS2_0.01562,32.14165274000014,0.4035999999999973
6141d0f9baaf234b35290268,low_MoS2,2.0,1.0,3.0,MoS2_0.01562,17.898642970000076,1.1184000000000012
6141d0f99cbada84a86768b5,low_MoS2,0.0,3.0,3.0,MoS2_0.01562,-0.8309416300000407,1.8084999999999951
6141d0fb4e27a1844a5f00f6,low_MoS2,1.0,2.0,3.0,MoS2_0.01562,8.521946730000106,1.1437999999999988
6141d0fc31cf3ef3d4a9ee36,low_MoS2,2.0,1.0,3.0,MoS2_0.01562,41.44006230000009,0.35840000000000316
6141d1009cbada84a86768b7,low_MoS2,0.0,3.0,3.0,MoS2_0.01562,-0.8328817799999229,1.8086999999999946
6141d100baaf234b3529026a,low_MoS2,2.0,1.0,3.0,MoS2_0.01562,17.884814590000126,1.1030999999999977
6141d102ee0a3fd43fb47ac9,low_MoS2,1.0,2.0,3.0,MoS2_0.01562,32.12934681,0.3552999999999997
6141d1024e27a1844a5f00f8,low_MoS2,1.0,2.0,3.0,MoS2_0.01562,8.51316855000007,1.1475000000000009
6141d10331cf3ef3d4a9ee38,low_MoS2,2.0,1.0,3.0,MoS2_0.01562,41.05603826000011,0.07100000000000506
6141d1063ac25c70a5c6c8a1,low_MoS2,3.0,0.0,3.0,MoS2_0.01562,50.305793890000054,0.14699999999999847
6141d1079cbada84a86768b9,low_MoS2,0.0,3.0,3.0,MoS2_0.01562,-0.8049727499998767,1.808799999999998
6141d108baaf234b3529026c,low_MoS2,2.0,1.0,3.0,MoS2_0.01562,17.868384289999987,1.1081000000000003
6141d1094e27a1844a5f00fa,low_MoS2,1.0,2.0,3.0,MoS2_0.01562,8.503509639999972,1.1479
6141d10b31cf3ef3d4a9ee3a,low_MoS2,2.0,1.0,3.0,MoS2_0.01562,39.49259537999997,0.15079999999999671
6141d10e9cbada84a86768bb,low_MoS2,0.0,3.0,3.0,MoS2_0.01562,-0.8295501599999966,1.8087000000000018
6141d10eee0a3fd43fb47acb,low_MoS2,1.0,2.0,3.0,MoS2_0.01562,32.14574605000006,0.4024999999999963
6141d110baaf234b3529026e,low_MoS2,2.0,1.0,3.0,MoS2_0.01562,17.85652821000007,1.0949999999999989
6141d1104e27a1844a5f00fc,low_MoS2,1.0,2.0,3.0,MoS2_0.01562,8.503441549999959,1.1465000000000032
6141d1159cbada84a86768bd,low_MoS2,0.0,3.0,3.0,MoS2_0.01562,-0.8319908200000441,1.8093000000000004
6141d115ee0a3fd43fb47acd,low_MoS2,1.0,2.0,3.0,MoS2_0.01562,32.14914264000002,0.39569999999999794
6141d1174e27a1844a5f00fe,low_MoS2,1.0,2.0,3.0,MoS2_0.01562,8.50723625000003,1.1443000000000012
6141d1173ac25c70a5c6c8a3,low_MoS2,3.0,0.0,3.0,MoS2_0.01562,50.787523619999924,0.3814999999999955
6141d118baaf234b35290270,low_MoS2,2.0,1.0,3.0,MoS2_0.01562,17.866781919999987,1.0808000000000035
6141d11931cf3ef3d4a9ee3c,low_MoS2,2.0,1.0,3.0,MoS2_0.01562,41.46368264999997,0.36079999999999757
6141d11c9cbada84a86768bf,low_MoS2,0.0,3.0,3.0,MoS2_0.01562,-0.8312982499998611,1.808399999999999
6141d11cee0a3fd43fb47acf,low_MoS2,1.0,2.0,3.0,MoS2_0.01562,32.14447598000014,0.40149999999999864
6141d12031cf3ef3d4a9ee3e,low_MoS2,2.0,1.0,3.0,MoS2_0.01562,41.4276146700001,0.38240000000000407
6141d120baaf234b35290272,low_MoS2,2.0,1.0,3.0,MoS2_0.01562,17.862963980000124,1.1098
6141d1224e27a1844a5f0100,low_MoS2,1.0,2.0,3.0,MoS2_0.01562,8.511560720000059,1.144999999999996
6141d1239cbada84a86768c1,low_MoS2,0.0,3.0,3.0,MoS2_0.01562,-0.8343119200000615,1.8074000000000012
6141d123ee0a3fd43fb47ad1,low_MoS2,1.0,2.0,3.0,MoS2_0.01562,32.12801007000006,0.3917999999999964
6141d12731cf3ef3d4a9ee40,low_MoS2,2.0,1.0,3.0,MoS2_0.01562,41.48038588999994,0.4084000000000003
6141d1283ac25c70a5c6c8a5,low_MoS2,3.0,0.0,3.0,MoS2_0.01562,50.73836006999992,0.2991000000000028
6141d128baaf234b35290274,low_MoS2,2.0,1.0,3.0,MoS2_0.01562,17.860275940000058,1.0851000000000042
6141d12a9cbada84a86768c3,low_MoS2,0.0,3.0,3.0,MoS2_0.01562,-0.8318360800000733,1.8089999999999975
6141d12aee0a3fd43fb47ad3,low_MoS2,1.0,2.0,3.0,MoS2_0.01562,32.143397029999946,0.4024999999999963
6141d12c4e27a1844a5f0102,low_MoS2,1.0,2.0,3.0,MoS2_0.01562,8.511210850000023,1.1460000000000008
6141d12e31cf3ef3d4a9ee42,low_MoS2,2.0,1.0,3.0,MoS2_0.01562,41.48109173999997,0.4070999999999998
6141d130cc0e69a0cf28ab6d,low_MoS2,1.0,1.0,2.0,MoS2_0.01042,12.56471784999998,1.131999999999998
6141d130baaf234b35290276,low_MoS2,2.0,1.0,3.0,MoS2_0.01562,17.82666042999994,0.9414999999999978
6141d1319cbada84a86768c5,low_MoS2,0.0,3.0,3.0,MoS2_0.01562,-0.8316375100000073,1.8085000000000022
6141d132ee0a3fd43fb47ad5,low_MoS2,1.0,2.0,3.0,MoS2_0.01562,31.949671190000107,0.2500999999999962
6141d1334e27a1844a5f0104,low_MoS2,1.0,2.0,3.0,MoS2_0.01562,8.537617960000059,1.144999999999996
6141d13631cf3ef3d4a9ee44,low_MoS2,2.0,1.0,3.0,MoS2_0.01562,41.47034477999996,0.3370999999999995
6141d1399cbada84a86768c7,low_MoS2,0.0,3.0,3.0,MoS2_0.01562,-0.8329844599999774,1.8093000000000004
6141d139baaf234b35290278,low_MoS2,2.0,1.0,3.0,MoS2_0.01562,17.86565364000011,1.105799999999995
6141d13a3ac25c70a5c6c8a7,low_MoS2,3.0,0.0,3.0,MoS2_0.01562,50.783494090000126,0.34380000000000166
6141d13b4e27a1844a5f0106,low_MoS2,1.0,2.0,3.0,MoS2_0.01562,8.506789439999945,1.1496999999999957
6141d13e31cf3ef3d4a9ee46,low_MoS2,2.0,1.0,3.0,MoS2_0.01562,41.453847859999954,0.3763000000000005
6141d13fee0a3fd43fb47ad7,low_MoS2,1.0,2.0,3.0,MoS2_0.01562,32.14497961000005,0.4025999999999996
6141d141baaf234b3529027a,low_MoS2,2.0,1.0,3.0,MoS2_0.01562,17.8716018,1.1000000000000014
6141d1419cbada84a86768c9,low_MoS2,0.0,3.0,3.0,MoS2_0.01562,-0.8322219799999289,1.8093999999999966
6141d1434e27a1844a5f0108,low_MoS2,1.0,2.0,3.0,MoS2_0.01562,8.514235549999992,1.1483999999999952
6141d14631cf3ef3d4a9ee48,low_MoS2,2.0,1.0,3.0,MoS2_0.01562,41.45523023999995,0.3844000000000065
6141d147ee0a3fd43fb47ad9,low_MoS2,1.0,2.0,3.0,MoS2_0.01562,32.12775340000006,0.35369999999999635
6141d1499cbada84a86768cb,low_MoS2,0.0,3.0,3.0,MoS2_0.01562,-0.8337197699999592,1.8066999999999993
6141d14b4e27a1844a5f010a,low_MoS2,1.0,2.0,3.0,MoS2_0.01562,8.510213649999994,1.1465999999999994
6141d14d31cf3ef3d4a9ee4a,low_MoS2,2.0,1.0,3.0,MoS2_0.01562,41.463943709999924,0.3873000000000033
6141d14e3ac25c70a5c6c8a9,low_MoS2,3.0,0.0,3.0,MoS2_0.01562,50.775492659999976,0.38350000000000506
6141d14eee0a3fd43fb47adb,low_MoS2,1.0,2.0,3.0,MoS2_0.01562,32.123104349999934,0.34369999999999834
6141d14ebaaf234b3529027c,low_MoS2,2.0,1.0,3.0,MoS2_0.01562,17.86681343999998,1.1047999999999973
6141d1509cbada84a86768cd,low_MoS2,0.0,3.0,3.0,MoS2_0.01562,-0.8337757300000135,1.8085000000000022
6141d1534e27a1844a5f010c,low_MoS2,1.0,2.0,3.0,MoS2_0.01562,8.507582750000008,1.1478000000000037
6141d15531cf3ef3d4a9ee4c,low_MoS2,2.0,1.0,3.0,MoS2_0.01562,41.42819211000001,0.3791000000000011
6141d155ee0a3fd43fb47add,low_MoS2,1.0,2.0,3.0,MoS2_0.01562,32.14296035999995,0.4036999999999935
6141d1589cbada84a86768cf,low_MoS2,0.0,3.0,3.0,MoS2_0.01562,-0.8073649899999396,1.8070999999999984
6141d15b4e27a1844a5f010e,low_MoS2,1.0,2.0,3.0,MoS2_0.01562,8.511918810000022,1.1437999999999988
6141d15bbaaf234b3529027e,low_MoS2,2.0,1.0,3.0,MoS2_0.01562,17.88858998,1.1054999999999993
6141d15dee0a3fd43fb47adf,low_MoS2,1.0,2.0,3.0,MoS2_0.01562,32.14957458000002,0.4048999999999978
6141d15d31cf3ef3d4a9ee4e,low_MoS2,2.0,1.0,3.0,MoS2_0.01562,41.42181745000012,0.3815000000000026
6141d1613ac25c70a5c6c8ab,low_MoS2,3.0,0.0,3.0,MoS2_0.01562,50.732226830000094,0.3064999999999998
6141d1634e27a1844a5f0110,low_MoS2,1.0,2.0,3.0,MoS2_0.01562,8.532122220000044,1.1382000000000048
6141d164baaf234b35290280,low_MoS2,2.0,1.0,3.0,MoS2_0.01562,17.867692459999937,1.1077000000000012
6141d16431cf3ef3d4a9ee50,low_MoS2,2.0,1.0,3.0,MoS2_0.01562,41.47841697000008,0.3359000000000023
6141d1659cbada84a86768d1,low_MoS2,0.0,3.0,3.0,MoS2_0.01562,-0.83299140999992,1.809199999999997
6141d16aee0a3fd43fb47ae1,low_MoS2,1.0,2.0,3.0,MoS2_0.01562,32.12786531999994,0.3509999999999991
6141d16b4e27a1844a5f0112,low_MoS2,1.0,2.0,3.0,MoS2_0.01562,8.505469610000116,1.142400000000002
6141d16cbaaf234b35290282,low_MoS2,2.0,1.0,3.0,MoS2_0.01562,17.83584180000002,0.9408999999999992
6141d16c31cf3ef3d4a9ee52,low_MoS2,2.0,1.0,3.0,MoS2_0.01562,40.97074646000006,0.15330000000000155
6141d16d9cbada84a86768d3,low_MoS2,0.0,3.0,3.0,MoS2_0.01562,-0.8315150799998605,1.8102000000000018
6141d172ee0a3fd43fb47ae3,low_MoS2,1.0,2.0,3.0,MoS2_0.01562,32.14551922999998,0.40210000000000434
6141d1734e27a1844a5f0114,low_MoS2,1.0,2.0,3.0,MoS2_0.01562,8.536622979999972,1.1347999999999985
6141d1743ac25c70a5c6c8ad,low_MoS2,3.0,0.0,3.0,MoS2_0.01562,50.75652555999992,0.301400000000001
6141d1759cbada84a86768d5,low_MoS2,0.0,3.0,3.0,MoS2_0.01562,-0.8321866599998771,1.8102000000000018
6141d17631cf3ef3d4a9ee54,low_MoS2,2.0,1.0,3.0,MoS2_0.01562,40.97654466000013,0.15789999999999793
6141d179baaf234b35290284,low_MoS2,2.0,1.0,3.0,MoS2_0.01562,17.88668681000012,1.1062000000000012
6141d179ee0a3fd43fb47ae5,low_MoS2,1.0,2.0,3.0,MoS2_0.01562,32.14420048999999,0.40520000000000067
6141d17c4e27a1844a5f0116,low_MoS2,1.0,2.0,3.0,MoS2_0.01562,8.51196589000008,1.1459000000000046
6141d17d9cbada84a86768d7,low_MoS2,0.0,3.0,3.0,MoS2_0.01562,-0.8318805399998723,1.8093000000000004
6141d17e31cf3ef3d4a9ee56,low_MoS2,2.0,1.0,3.0,MoS2_0.01562,41.396460209999944,0.29990000000000094
6141d181ee0a3fd43fb47ae7,low_MoS2,1.0,2.0,3.0,MoS2_0.01562,32.14595708,0.4040999999999997
6141d182baaf234b35290286,low_MoS2,2.0,1.0,3.0,MoS2_0.01562,17.897512349999936,1.1176999999999992
6141d1844e27a1844a5f0118,low_MoS2,1.0,2.0,3.0,MoS2_0.01562,8.512098790000007,1.1463000000000036
6141d1859cbada84a86768d9,low_MoS2,0.0,3.0,3.0,MoS2_0.01562,-0.8318512999998688,1.8094999999999999
6141d18631cf3ef3d4a9ee58,low_MoS2,2.0,1.0,3.0,MoS2_0.01562,41.49773640000008,0.40729999999999933
6141d1883ac25c70a5c6c8af,low_MoS2,3.0,0.0,3.0,MoS2_0.01562,50.776488010000016,0.42150000000000176
6141d189ee0a3fd43fb47ae9,low_MoS2,1.0,2.0,3.0,MoS2_0.01562,32.14307920000009,0.40269999999999584
6141d18c4e27a1844a5f011a,low_MoS2,1.0,2.0,3.0,MoS2_0.01562,8.543830639999921,1.1784000000000034
6141d18d9cbada84a86768db,low_MoS2,0.0,3.0,3.0,MoS2_0.01562,-0.8041099399999325,1.8086999999999946
6141d18d31cf3ef3d4a9ee5a,low_MoS2,2.0,1.0,3.0,MoS2_0.01562,41.47293639999994,0.41510000000000247
6141d190ee0a3fd43fb47aeb,low_MoS2,1.0,2.0,3.0,MoS2_0.01562,32.12604175,0.376100000000001
6141d192baaf234b35290288,low_MoS2,2.0,1.0,3.0,MoS2_0.01562,17.847200960000002,1.0938999999999979
6141d1949cbada84a86768dd,low_MoS2,0.0,3.0,3.0,MoS2_0.01562,-0.832146229999978,1.8091000000000008
6141d1944e27a1844a5f011c,low_MoS2,1.0,2.0,3.0,MoS2_0.01562,8.509894390000024,1.1443999999999974
6141d19431cf3ef3d4a9ee5c,low_MoS2,2.0,1.0,3.0,MoS2_0.01562,40.97376212000013,0.15640000000000498
6141d198ee0a3fd43fb47aed,low_MoS2,1.0,2.0,3.0,MoS2_0.01562,31.942468409999936,0.24630000000000507
6141d19b3ac25c70a5c6c8b1,low_MoS2,3.0,0.0,3.0,MoS2_0.01562,50.32102313000011,0.15119999999999578
6141d19bbaaf234b3529028a,low_MoS2,2.0,1.0,3.0,MoS2_0.01562,17.856696139999933,1.095799999999997
6141d19c9cbada84a86768df,low_MoS2,0.0,3.0,3.0,MoS2_0.01562,-0.8304712900000482,1.8093000000000004
6141d19c4e27a1844a5f011e,low_MoS2,1.0,2.0,3.0,MoS2_0.01562,8.507499600000099,1.1497000000000028
6141d19d31cf3ef3d4a9ee5e,low_MoS2,2.0,1.0,3.0,MoS2_0.01562,41.43209579000013,0.3738000000000028
6141d1a0ee0a3fd43fb47aef,low_MoS2,1.0,2.0,3.0,MoS2_0.01562,32.079159930000046,0.40729999999999933
6141d1a4baaf234b3529028c,low_MoS2,2.0,1.0,3.0,MoS2_0.01562,17.886240649999984,1.099899999999998
6141d1a49cbada84a86768e1,low_MoS2,0.0,3.0,3.0,MoS2_0.01562,-0.8231074499998954,1.8055999999999983
6141d1a44e27a1844a5f0120,low_MoS2,1.0,2.0,3.0,MoS2_0.01562,8.503365130000045,1.1473000000000013
6141d1a531cf3ef3d4a9ee60,low_MoS2,2.0,1.0,3.0,MoS2_0.01562,41.46108092999994,0.36990000000000123
6141d1a8ee0a3fd43fb47af1,low_MoS2,1.0,2.0,3.0,MoS2_0.01562,32.148812110000094,0.4007999999999967
6141d1ac9cbada84a86768e3,low_MoS2,0.0,3.0,3.0,MoS2_0.01562,-0.8232500199998753,1.806199999999997
6141d1ac4e27a1844a5f0122,low_MoS2,1.0,2.0,3.0,MoS2_0.01562,8.512816920000002,1.1450999999999993
6141d1ad31cf3ef3d4a9ee62,low_MoS2,2.0,1.0,3.0,MoS2_0.01562,41.450452580000004,0.3855000000000004
6141d1adbaaf234b3529028e,low_MoS2,2.0,1.0,3.0,MoS2_0.01562,17.884752579999933,1.1012999999999948
6141d1ae3ac25c70a5c6c8b3,low_MoS2,3.0,0.0,3.0,MoS2_0.01562,50.816259690000074,0.3412000000000006
6141d1b1ee0a3fd43fb47af3,low_MoS2,1.0,2.0,3.0,MoS2_0.01562,32.12262789999998,0.3509999999999991
6141d1b54e27a1844a5f0124,low_MoS2,1.0,2.0,3.0,MoS2_0.01562,8.532306280000082,1.1376999999999953
6141d1b59cbada84a86768e5,low_MoS2,0.0,3.0,3.0,MoS2_0.01562,-0.8305891399999723,1.8083000000000027
6141d1b531cf3ef3d4a9ee64,low_MoS2,2.0,1.0,3.0,MoS2_0.01562,41.48544226999998,0.41159999999999997
6141d1b6baaf234b35290290,low_MoS2,2.0,1.0,3.0,MoS2_0.01562,17.931474660000042,0.652000000000001
6141d1bd4e27a1844a5f0126,low_MoS2,1.0,2.0,3.0,MoS2_0.01562,8.535608460000073,1.1473999999999975
6141d1bd9cbada84a86768e7,low_MoS2,0.0,3.0,3.0,MoS2_0.01562,-0.8323555399999236,1.8097999999999956
6141d1bd31cf3ef3d4a9ee66,low_MoS2,2.0,1.0,3.0,MoS2_0.01562,41.433976790000045,0.41029999999999944
6141d1c23ac25c70a5c6c8b5,low_MoS2,3.0,0.0,3.0,MoS2_0.01562,48.51100441000009,0.2983000000000047
6141d1c54e27a1844a5f0128,low_MoS2,1.0,2.0,3.0,MoS2_0.01562,8.528187930000083,1.1400000000000006
6141d1c531cf3ef3d4a9ee68,low_MoS2,2.0,1.0,3.0,MoS2_0.01562,41.41661487000006,0.41199999999999903
6141d1c7baaf234b35290292,low_MoS2,2.0,1.0,3.0,MoS2_0.01562,17.89972674,1.1278000000000006
6141d1c89cbada84a86768e9,low_MoS2,0.0,3.0,3.0,MoS2_0.01562,-0.8315847900000222,1.8085000000000022
6141d1c8ee0a3fd43fb47af5,low_MoS2,1.0,2.0,3.0,MoS2_0.01562,32.14562120999993,0.4011999999999958
6141d1cd31cf3ef3d4a9ee6a,low_MoS2,2.0,1.0,3.0,MoS2_0.01562,40.97152739000008,0.1559999999999988
6141d1cd4e27a1844a5f012a,low_MoS2,1.0,2.0,3.0,MoS2_0.01562,8.507250879999926,1.144900000000007
6141d1cf9cbada84a86768eb,low_MoS2,0.0,3.0,3.0,MoS2_0.01562,-0.8291322299998569,1.8078999999999965
6141d1d0ee0a3fd43fb47af7,low_MoS2,1.0,2.0,3.0,MoS2_0.01562,32.145565219999966,0.3999999999999986
6141d1d1baaf234b35290294,low_MoS2,2.0,1.0,3.0,MoS2_0.01562,17.88449375000004,1.101700000000001
6141d1d531cf3ef3d4a9ee6c,low_MoS2,2.0,1.0,3.0,MoS2_0.01562,41.47549152000006,0.3323999999999998
6141d1d64e27a1844a5f012c,low_MoS2,1.0,2.0,3.0,MoS2_0.01562,8.509967630000144,1.1469000000000023
6141d1dabaaf234b35290296,low_MoS2,2.0,1.0,3.0,MoS2_0.01562,17.88312199999995,1.1033000000000044
6141d1daee0a3fd43fb47af9,low_MoS2,1.0,2.0,3.0,MoS2_0.01562,32.14438607999999,0.40210000000000434
6141d1de31cf3ef3d4a9ee6e,low_MoS2,2.0,1.0,3.0,MoS2_0.01562,41.413395140000105,0.3644999999999996
6141d1de4e27a1844a5f012e,low_MoS2,1.0,2.0,3.0,MoS2_0.01562,8.512426649999977,1.1462999999999965
6141d1e2ee0a3fd43fb47afb,low_MoS2,1.0,2.0,3.0,MoS2_0.01562,32.1469747200001,0.402000000000001
6141d1e3baaf234b35290298,low_MoS2,2.0,1.0,3.0,MoS2_0.01562,17.81472471999995,0.9433000000000007
6141d1e59cbada84a86768ed,low_MoS2,0.0,3.0,3.0,MoS2_0.01562,-0.8337011099999359,1.8072000000000017
6141d1e74e27a1844a5f0130,low_MoS2,1.0,2.0,3.0,MoS2_0.01562,8.506314909999926,1.1445000000000007
6141d1e731cf3ef3d4a9ee70,low_MoS2,2.0,1.0,3.0,MoS2_0.01562,41.420825520000065,0.41450000000000387
6141d1e73ac25c70a5c6c8b7,low_MoS2,3.0,0.0,3.0,MoS2_0.01562,50.81365450000013,0.33799999999999386
6141d1ebee0a3fd43fb47afd,low_MoS2,1.0,2.0,3.0,MoS2_0.01562,32.12142508999999,0.3485999999999976
6141d1ecbaaf234b3529029a,low_MoS2,2.0,1.0,3.0,MoS2_0.01562,17.882779929999963,1.1040000000000063
6141d1ee9cbada84a86768ef,low_MoS2,0.0,3.0,3.0,MoS2_0.01562,-0.8309049700000628,1.8092000000000041
6141d1ef4e27a1844a5f0132,low_MoS2,1.0,2.0,3.0,MoS2_0.01562,8.503234470000077,1.1469999999999985
6141d1ef31cf3ef3d4a9ee72,low_MoS2,2.0,1.0,3.0,MoS2_0.01562,41.456954670000144,0.35949999999999704
6141d1f3ee0a3fd43fb47aff,low_MoS2,1.0,2.0,3.0,MoS2_0.01562,32.090258299999945,0.4031999999999982
6141d1f6baaf234b3529029c,low_MoS2,2.0,1.0,3.0,MoS2_0.01562,17.868807860000054,1.0870999999999995
6141d1f69cbada84a86768f1,low_MoS2,0.0,3.0,3.0,MoS2_0.01562,-0.8312249499999211,1.8094999999999999
6141d1f831cf3ef3d4a9ee74,low_MoS2,2.0,1.0,3.0,MoS2_0.01562,41.45984678000009,0.36529999999999774
6141d1f84e27a1844a5f0134,low_MoS2,1.0,2.0,3.0,MoS2_0.01562,8.50032927000009,1.150500000000001
6141d1fb3ac25c70a5c6c8b9,low_MoS2,3.0,0.0,3.0,MoS2_0.01562,50.801570759999926,0.3930000000000007
6141d1fcee0a3fd43fb47b01,low_MoS2,1.0,2.0,3.0,MoS2_0.01562,31.954537430000062,0.2623999999999995
6141d20031cf3ef3d4a9ee76,low_MoS2,2.0,1.0,3.0,MoS2_0.01562,41.45529974000006,0.3935999999999993
6141d2014e27a1844a5f0136,low_MoS2,1.0,2.0,3.0,MoS2_0.01562,8.512926280000126,1.1475000000000009
6141d204baaf234b3529029e,low_MoS2,2.0,1.0,3.0,MoS2_0.01562,17.851377180000092,1.0947000000000031
6141d2049cbada84a86768f3,low_MoS2,0.0,3.0,3.0,MoS2_0.01562,-0.8312426899998968,1.8100000000000023
6141d205ee0a3fd43fb47b03,low_MoS2,1.0,2.0,3.0,MoS2_0.01562,31.957239770000104,0.26190000000000424
6141d20931cf3ef3d4a9ee78,low_MoS2,2.0,1.0,3.0,MoS2_0.01562,41.402026660000004,0.29809999999999803
6141d2094e27a1844a5f0138,low_MoS2,1.0,2.0,3.0,MoS2_0.01562,8.510510379999939,1.1437999999999988
6141d20d9cbada84a86768f5,low_MoS2,0.0,3.0,3.0,MoS2_0.01562,-0.8267287900000042,1.8064000000000036
6141d20dee0a3fd43fb47b05,low_MoS2,1.0,2.0,3.0,MoS2_0.01562,31.951093119999985,0.26190000000000424
6141d2113ac25c70a5c6c8bb,low_MoS2,3.0,0.0,3.0,MoS2_0.01562,48.83114388000005,0.1735000000000042
6141d21131cf3ef3d4a9ee7a,low_MoS2,2.0,1.0,3.0,MoS2_0.01562,40.96716189000013,0.15699999999999648
6141d2124e27a1844a5f013a,low_MoS2,1.0,2.0,3.0,MoS2_0.01562,8.513347320000118,1.1437999999999988
6141d213baaf234b352902a0,low_MoS2,2.0,1.0,3.0,MoS2_0.01562,17.889667390000106,1.0959000000000003
6141d216ee0a3fd43fb47b07,low_MoS2,1.0,2.0,3.0,MoS2_0.01562,31.95100027000011,0.2504999999999953
6141d21b4e27a1844a5f013c,low_MoS2,1.0,2.0,3.0,MoS2_0.01562,8.511692679999921,1.1465999999999994
6141d21c9cbada84a86768f7,low_MoS2,0.0,3.0,3.0,MoS2_0.01562,-0.8330882800000268,1.807699999999997
6141d21dbaaf234b352902a2,low_MoS2,2.0,1.0,3.0,MoS2_0.01562,17.87521291999996,1.089100000000002
6141d21fee0a3fd43fb47b09,low_MoS2,1.0,2.0,3.0,MoS2_0.01562,32.14649159000008,0.40279999999999916
6141d22231cf3ef3d4a9ee7c,low_MoS2,2.0,1.0,3.0,MoS2_0.01562,41.46648397999998,0.3371999999999957
6141d2244e27a1844a5f013e,low_MoS2,1.0,2.0,3.0,MoS2_0.01562,8.493274819999922,1.138300000000001
6141d2259cbada84a86768f9,low_MoS2,0.0,3.0,3.0,MoS2_0.01562,-0.8315434400000754,1.8089999999999975
6141d2263ac25c70a5c6c8bd,low_MoS2,3.0,0.0,3.0,MoS2_0.01562,50.90619656999994,0.1681999999999988
6141d227baaf234b352902a4,low_MoS2,2.0,1.0,3.0,MoS2_0.01562,17.866351300000126,1.1096999999999966
6141d228ee0a3fd43fb47b0b,low_MoS2,1.0,2.0,3.0,MoS2_0.01562,32.07435779000001,0.4035000000000011
6141d22b31cf3ef3d4a9ee7e,low_MoS2,2.0,1.0,3.0,MoS2_0.01562,40.976724240000024,0.15550000000000352
6141d22d9cbada84a86768fb,low_MoS2,0.0,3.0,3.0,MoS2_0.01562,-0.8309638999998583,1.8091000000000008
6141d230baaf234b352902a6,low_MoS2,2.0,1.0,3.0,MoS2_0.01562,17.929004269999943,0.6499999999999986
6141d231ee0a3fd43fb47b0d,low_MoS2,1.0,2.0,3.0,MoS2_0.01562,32.149786169999956,0.4048999999999978
6141d2344e27a1844a5f0140,low_MoS2,1.0,2.0,3.0,MoS2_0.01562,8.51278357999993,1.146499999999996
6141d23431cf3ef3d4a9ee80,low_MoS2,2.0,1.0,3.0,MoS2_0.01562,41.47905110000006,0.33559999999999945
6141d2369cbada84a86768fd,low_MoS2,0.0,3.0,3.0,MoS2_0.01562,-0.8199261199999341,1.8057000000000016
6141d23aee0a3fd43fb47b0f,low_MoS2,1.0,2.0,3.0,MoS2_0.01562,32.087949070000136,0.4042999999999992
6141d23abaaf234b352902a8,low_MoS2,2.0,1.0,3.0,MoS2_0.01562,17.869568990000054,1.103500000000004
6141d23d31cf3ef3d4a9ee82,low_MoS2,2.0,1.0,3.0,MoS2_0.01562,40.98900868999995,0.1524999999999963
6141d23d3ac25c70a5c6c8bf,low_MoS2,3.0,0.0,3.0,MoS2_0.01562,50.81373077000004,0.4292000000000016
6141d23f9cbada84a86768ff,low_MoS2,0.0,3.0,3.0,MoS2_0.01562,-0.8290801899999565,1.8074000000000012
6141d2424e27a1844a5f0142,low_MoS2,1.0,2.0,3.0,MoS2_0.01562,8.518214830000058,1.1433999999999997
6141d242ee0a3fd43fb47b11,low_MoS2,1.0,2.0,3.0,MoS2_0.01562,32.144678509999935,0.4007999999999967
6141d244baaf234b352902aa,low_MoS2,2.0,1.0,3.0,MoS2_0.01562,17.857360060000012,1.0897000000000006
6141d24631cf3ef3d4a9ee84,low_MoS2,2.0,1.0,3.0,MoS2_0.01562,41.488993140000005,0.409399999999998
6141d2489cbada84a8676901,low_MoS2,0.0,3.0,3.0,MoS2_0.01562,-0.8321492199999625,1.8089999999999975
6141d24bee0a3fd43fb47b13,low_MoS2,1.0,2.0,3.0,MoS2_0.01562,32.123996680000104,0.3731000000000009
6141d24b4e27a1844a5f0144,low_MoS2,1.0,2.0,3.0,MoS2_0.01562,8.503641439999935,1.1519000000000048
6141d24dbaaf234b352902ac,low_MoS2,2.0,1.0,3.0,MoS2_0.01562,17.891941050000007,1.079100000000004
6141d24e31cf3ef3d4a9ee86,low_MoS2,2.0,1.0,3.0,MoS2_0.01562,39.497103750000136,0.15350000000000108
6141d2519cbada84a8676903,low_MoS2,0.0,3.0,3.0,MoS2_0.01562,-0.8295552700000712,1.8068000000000026
6141d2543ac25c70a5c6c8c1,low_MoS2,3.0,0.0,3.0,MoS2_0.01562,50.78424303000012,0.3883999999999972
6141d254ee0a3fd43fb47b15,low_MoS2,1.0,2.0,3.0,MoS2_0.01562,32.13773164000007,0.3977000000000004
6141d2554e27a1844a5f0146,low_MoS2,1.0,2.0,3.0,MoS2_0.01562,8.531990069999917,1.1377999999999986
6141d25731cf3ef3d4a9ee88,low_MoS2,2.0,1.0,3.0,MoS2_0.01562,41.45910440000007,0.3622000000000014
6141d257baaf234b352902ae,low_MoS2,2.0,1.0,3.0,MoS2_0.01562,17.86536304000014,1.1103999999999985
6141d25a9cbada84a8676905,low_MoS2,0.0,3.0,3.0,MoS2_0.01562,-0.8324887299999659,1.8081999999999994
6141d25e4e27a1844a5f0148,low_MoS2,1.0,2.0,3.0,MoS2_0.01562,8.517810620000116,1.1424999999999983
6141d25eee0a3fd43fb47b17,low_MoS2,1.0,2.0,3.0,MoS2_0.01562,32.16455584999993,0.3948999999999998
6141d26031cf3ef3d4a9ee8a,low_MoS2,2.0,1.0,3.0,MoS2_0.01562,41.47711445,0.4014000000000024
6141d261baaf234b352902b0,low_MoS2,2.0,1.0,3.0,MoS2_0.01562,17.883597680000086,1.1074999999999946
6141d2649cbada84a8676907,low_MoS2,0.0,3.0,3.0,MoS2_0.01562,-0.8315156699999875,1.8089000000000013
6141d2674e27a1844a5f014a,low_MoS2,1.0,2.0,3.0,MoS2_0.01562,8.512524539999983,1.146099999999997
6141d267ee0a3fd43fb47b19,low_MoS2,1.0,2.0,3.0,MoS2_0.01562,32.122983180000105,0.3737999999999957
6141d26931cf3ef3d4a9ee8c,low_MoS2,2.0,1.0,3.0,MoS2_0.01562,41.460406719999995,0.3380999999999972
6141d26cbaaf234b352902b2,low_MoS2,2.0,1.0,3.0,MoS2_0.01562,17.88664977000007,1.1077999999999975
6141d26c3ac25c70a5c6c8c3,low_MoS2,3.0,0.0,3.0,MoS2_0.01562,48.805443220000065,0.16689999999999827
6141d26c9cbada84a8676909,low_MoS2,0.0,3.0,3.0,MoS2_0.01562,-0.8287158299999078,1.8097999999999956
6141d270ee0a3fd43fb47b1b,low_MoS2,1.0,2.0,3.0,MoS2_0.01562,32.1468451600001,0.3995999999999995
6141d27231cf3ef3d4a9ee8e,low_MoS2,2.0,1.0,3.0,MoS2_0.01562,40.97612023000006,0.13450000000000273
6141d2759cbada84a867690b,low_MoS2,0.0,3.0,3.0,MoS2_0.01562,-0.8313434399998982,1.8087000000000018
6141d276baaf234b352902b4,low_MoS2,2.0,1.0,3.0,MoS2_0.01562,17.816277469999925,0.9427999999999983
6141d2774e27a1844a5f014c,low_MoS2,1.0,2.0,3.0,MoS2_0.01562,8.510156459999987,1.1463999999999999
6141d279ee0a3fd43fb47b1d,low_MoS2,1.0,2.0,3.0,MoS2_0.01562,32.14538983999999,0.4002999999999943
6141d27b31cf3ef3d4a9ee90,low_MoS2,2.0,1.0,3.0,MoS2_0.01562,40.97625166999997,0.15930000000000177
6141d27f9cbada84a867690d,low_MoS2,0.0,3.0,3.0,MoS2_0.01562,-0.8313589100000058,1.8084999999999951
6141d280baaf234b352902b6,low_MoS2,2.0,1.0,3.0,MoS2_0.01562,17.866202639999976,1.1049000000000007
6141d2824e27a1844a5f014e,low_MoS2,1.0,2.0,3.0,MoS2_0.01562,8.503293880000026,1.1467000000000027
6141d2823ac25c70a5c6c8c5,low_MoS2,3.0,0.0,3.0,MoS2_0.01562,50.78989669000013,0.38819999999999766
6141d283ee0a3fd43fb47b1f,low_MoS2,1.0,2.0,3.0,MoS2_0.01562,32.14918766999993,0.39869999999999806
6141d28431cf3ef3d4a9ee92,low_MoS2,2.0,1.0,3.0,MoS2_0.01562,39.48678016999993,0.1565000000000012
6141d2889cbada84a867690f,low_MoS2,0.0,3.0,3.0,MoS2_0.01562,-0.832401280000056,1.8098000000000027
6141d28abaaf234b352902b8,low_MoS2,2.0,1.0,3.0,MoS2_0.01562,17.848732610000063,1.0835000000000008
6141d28b4e27a1844a5f0150,low_MoS2,1.0,2.0,3.0,MoS2_0.01562,8.512569190000047,1.1454999999999984
6141d28cee0a3fd43fb47b21,low_MoS2,1.0,2.0,3.0,MoS2_0.01562,32.11588643000003,0.35029999999999717
6141d28e31cf3ef3d4a9ee94,low_MoS2,2.0,1.0,3.0,MoS2_0.01562,41.48315979000013,0.4061000000000021
6141d2919cbada84a8676911,low_MoS2,0.0,3.0,3.0,MoS2_0.01562,-0.8294519200000536,1.8081000000000031
6141d294baaf234b352902ba,low_MoS2,2.0,1.0,3.0,MoS2_0.01562,17.885547770000123,1.0996000000000024
6141d2954e27a1844a5f0152,low_MoS2,1.0,2.0,3.0,MoS2_0.01562,8.514260700000047,1.1458000000000013
6141d295ee0a3fd43fb47b23,low_MoS2,1.0,2.0,3.0,MoS2_0.01562,32.147529210000116,0.40339999999999776
6141d29631cf3ef3d4a9ee96,low_MoS2,2.0,1.0,3.0,MoS2_0.01562,41.46460332000011,0.39510000000000645
6141d29a3ac25c70a5c6c8c7,low_MoS2,3.0,0.0,3.0,MoS2_0.01562,50.822441160000075,0.4264999999999972
6141d29a9cbada84a8676913,low_MoS2,0.0,3.0,3.0,MoS2_0.01562,-0.8331622200000197,1.8074999999999974
6141d29e4e27a1844a5f0154,low_MoS2,1.0,2.0,3.0,MoS2_0.01562,8.516138019999996,1.1405999999999992
6141d29fee0a3fd43fb47b25,low_MoS2,1.0,2.0,3.0,MoS2_0.01562,32.12532989999998,0.34660000000000224
6141d29fbaaf234b352902bc,low_MoS2,2.0,1.0,3.0,MoS2_0.01562,17.850398860000034,1.0401999999999987
6141d29f31cf3ef3d4a9ee98,low_MoS2,2.0,1.0,3.0,MoS2_0.01562,41.48681671000004,0.4134000000000029
6141d2a84e27a1844a5f0156,low_MoS2,1.0,2.0,3.0,MoS2_0.01562,8.541780219999989,1.1458999999999975
6141d2a931cf3ef3d4a9ee9a,low_MoS2,2.0,1.0,3.0,MoS2_0.01562,41.4535263100001,0.3883999999999972
6141d2a9baaf234b352902be,low_MoS2,2.0,1.0,3.0,MoS2_0.01562,17.88471475000005,0.9583999999999975
6141d2ac9cbada84a8676915,low_MoS2,0.0,3.0,3.0,MoS2_0.01562,-0.829133870000021,1.8081000000000031
6141d2b13ac25c70a5c6c8c9,low_MoS2,3.0,0.0,3.0,MoS2_0.01562,50.73613173999994,0.3924000000000021
6141d2b24e27a1844a5f0158,low_MoS2,1.0,2.0,3.0,MoS2_0.01562,8.524190860000115,1.1403999999999996
6141d2b331cf3ef3d4a9ee9c,low_MoS2,2.0,1.0,3.0,MoS2_0.01562,41.46245528000004,0.32689999999999486
6141d2b4baaf234b352902c0,low_MoS2,2.0,1.0,3.0,MoS2_0.01562,17.874146860000103,1.0810999999999993
6141d2b69cbada84a8676917,low_MoS2,0.0,3.0,3.0,MoS2_0.01562,-0.8318814500000258,1.8086999999999946
6141d2b9ee0a3fd43fb47b27,low_MoS2,1.0,2.0,3.0,MoS2_0.01562,32.14552812999999,0.39989999999999526
6141d2bc4e27a1844a5f015a,low_MoS2,1.0,2.0,3.0,MoS2_0.01562,8.505371100000072,1.1465999999999994
6141d2bd31cf3ef3d4a9ee9e,low_MoS2,2.0,1.0,3.0,MoS2_0.01562,41.46545303000012,0.37870000000000203
6141d2bebaaf234b352902c2,low_MoS2,2.0,1.0,3.0,MoS2_0.01562,17.929991630000124,0.6494
6141d2c5ee0a3fd43fb47b29,low_MoS2,1.0,2.0,3.0,MoS2_0.01562,32.0907858800001,0.40400000000000347
6141d2c54e27a1844a5f015c,low_MoS2,1.0,2.0,3.0,MoS2_0.01562,8.510517449999977,1.1445000000000007
6141d2c69cbada84a8676919,low_MoS2,0.0,3.0,3.0,MoS2_0.01562,-0.8309503600000312,1.8091000000000008
6141d2c83ac25c70a5c6c8cb,low_MoS2,3.0,0.0,3.0,MoS2_0.01562,50.757122610000046,0.3033000000000001
6141d2c831cf3ef3d4a9eea0,low_MoS2,2.0,1.0,3.0,MoS2_0.01562,40.96941323000006,0.15200000000000102
6141d2ceee0a3fd43fb47b2b,low_MoS2,1.0,2.0,3.0,MoS2_0.01562,32.151199899999924,0.40229999999999677
6141d2d04e27a1844a5f015e,low_MoS2,1.0,2.0,3.0,MoS2_0.01562,8.532110119999995,1.1396000000000015
6141d2d3baaf234b352902c4,low_MoS2,2.0,1.0,3.0,MoS2_0.01562,17.870548170000113,1.0793000000000035
6141d2d431cf3ef3d4a9eea2,low_MoS2,2.0,1.0,3.0,MoS2_0.01562,41.43166371999992,0.41440000000000055
6141d2d99cbada84a867691b,low_MoS2,0.0,3.0,3.0,MoS2_0.01562,-0.8317390899998713,1.809599999999996
6141d2debaaf234b352902c6,low_MoS2,2.0,1.0,3.0,MoS2_0.01562,17.898045610000047,1.1189999999999998
6141d2de31cf3ef3d4a9eea4,low_MoS2,2.0,1.0,3.0,MoS2_0.01562,41.45580857,0.38870000000000005
6141d2e1ee0a3fd43fb47b2d,low_MoS2,1.0,2.0,3.0,MoS2_0.01562,32.12270254000008,0.3860000000000028
6141d2e14e27a1844a5f0160,low_MoS2,1.0,2.0,3.0,MoS2_0.01562,8.49825065000007,1.1477000000000004
6141d2e23ac25c70a5c6c8cd,low_MoS2,3.0,0.0,3.0,MoS2_0.01562,50.76118992999992,0.3760000000000048
6141d2e39cbada84a867691d,low_MoS2,0.0,3.0,3.0,MoS2_0.01562,-0.8312840599998594,1.807700000000004
6141d2e831cf3ef3d4a9eea6,low_MoS2,2.0,1.0,3.0,MoS2_0.01562,41.296651920000116,0.27080000000000126
6141d2e8baaf234b352902c8,low_MoS2,2.0,1.0,3.0,MoS2_0.01562,17.867479389999964,1.1041000000000025
6141d2ebee0a3fd43fb47b2f,low_MoS2,1.0,2.0,3.0,MoS2_0.01562,32.14131481999992,0.40500000000000114
6141d2ec9cbada84a867691f,low_MoS2,0.0,3.0,3.0,MoS2_0.01562,-0.8212743199998727,1.8068000000000026
6141d2ef4e27a1844a5f0162,low_MoS2,1.0,2.0,3.0,MoS2_0.01562,8.490770099999988,1.1403999999999996
6141d2f231cf3ef3d4a9eea8,low_MoS2,2.0,1.0,3.0,MoS2_0.01562,41.4900175100001,0.41140000000000043
6141d2f3baaf234b352902ca,low_MoS2,2.0,1.0,3.0,MoS2_0.01562,17.863744539999963,1.1114999999999995
6141d2f5ee0a3fd43fb47b31,low_MoS2,1.0,2.0,3.0,MoS2_0.01562,32.14595665,0.4035000000000011
6141d2f94e27a1844a5f0164,low_MoS2,1.0,2.0,3.0,MoS2_0.01562,8.505733030000126,1.1478000000000037
6141d2fb3ac25c70a5c6c8cf,low_MoS2,3.0,0.0,3.0,MoS2_0.01562,50.75824369000012,0.3978000000000037
6141d2fc31cf3ef3d4a9eeaa,low_MoS2,2.0,1.0,3.0,MoS2_0.01562,39.49171150000002,0.15270000000000294
6141d2fd9cbada84a8676921,low_MoS2,0.0,3.0,3.0,MoS2_0.01562,-0.8321762499999181,1.8093000000000004
6141d2febaaf234b352902cc,low_MoS2,2.0,1.0,3.0,MoS2_0.01562,17.85682743000006,1.037700000000001
6141d3034e27a1844a5f0166,low_MoS2,1.0,2.0,3.0,MoS2_0.01562,8.505876740000101,1.1375000000000028
6141d3059cbada84a8676923,low_MoS2,0.0,3.0,3.0,MoS2_0.01562,-0.8324549900000306,1.8092000000000041
6141d306ee0a3fd43fb47b33,low_MoS2,1.0,2.0,3.0,MoS2_0.01562,32.12219507999997,0.35009999999999764
6141d30731cf3ef3d4a9eeac,low_MoS2,2.0,1.0,3.0,MoS2_0.01562,41.464704810000015,0.38940000000000197
6141d30abaaf234b352902ce,low_MoS2,2.0,1.0,3.0,MoS2_0.01562,17.851850190000043,1.0013000000000005
6141d30c4e27a1844a5f0168,low_MoS2,1.0,2.0,3.0,MoS2_0.01562,8.509288640000047,1.1454999999999984
6141d30e9cbada84a8676925,low_MoS2,0.0,3.0,3.0,MoS2_0.01562,-0.8323887599999011,1.8096999999999994
6141d310ee0a3fd43fb47b35,low_MoS2,1.0,2.0,3.0,MoS2_0.01562,32.11593046999995,0.3359999999999985
6141d31131cf3ef3d4a9eeae,low_MoS2,2.0,1.0,3.0,MoS2_0.01562,41.46623698999993,0.40390000000000015
6141d3143ac25c70a5c6c8d1,low_MoS2,3.0,0.0,3.0,MoS2_0.01562,48.848887400000116,0.14699999999999847
6141d315baaf234b352902d0,low_MoS2,2.0,1.0,3.0,MoS2_0.01562,17.87522751000005,1.0891999999999982
6141d3164e27a1844a5f016a,low_MoS2,1.0,2.0,3.0,MoS2_0.01562,8.509271120000019,1.1492000000000004
6141d31aee0a3fd43fb47b37,low_MoS2,1.0,2.0,3.0,MoS2_0.01562,32.14499535000003,0.40149999999999864
6141d31b31cf3ef3d4a9eeb0,low_MoS2,2.0,1.0,3.0,MoS2_0.01562,41.46206027000012,0.37929999999999353
6141d31e9cbada84a8676927,low_MoS2,0.0,3.0,3.0,MoS2_0.01562,-0.8326527099999907,1.8064999999999998
6141d320baaf234b352902d2,low_MoS2,2.0,1.0,3.0,MoS2_0.01562,17.868356120000037,1.0874999999999986
6141d3214e27a1844a5f016c,low_MoS2,1.0,2.0,3.0,MoS2_0.01562,8.505831190000006,1.1482000000000028
6141d324ee0a3fd43fb47b39,low_MoS2,1.0,2.0,3.0,MoS2_0.01562,32.145219040000015,0.4024000000000001
6141d32631cf3ef3d4a9eeb2,low_MoS2,2.0,1.0,3.0,MoS2_0.01562,40.97053143000012,0.15320000000000533
6141d3279cbada84a8676929,low_MoS2,0.0,3.0,3.0,MoS2_0.01562,-0.8290681600000767,1.8068999999999988
6141d32bbaaf234b352902d4,low_MoS2,2.0,1.0,3.0,MoS2_0.01562,17.868599119999992,1.1081000000000003
6141d32e3ac25c70a5c6c8d3,low_MoS2,3.0,0.0,3.0,MoS2_0.01562,50.80225160000001,0.36820000000000164
6141d32e4e27a1844a5f016e,low_MoS2,1.0,2.0,3.0,MoS2_0.01562,8.51327283000003,1.1417000000000002
6141d32eee0a3fd43fb47b3b,low_MoS2,1.0,2.0,3.0,MoS2_0.01562,32.144111399999915,0.40569999999999595
6141d33031cf3ef3d4a9eeb4,low_MoS2,2.0,1.0,3.0,MoS2_0.01562,39.496078659999924,0.1536000000000044
6141d3319cbada84a867692b,low_MoS2,0.0,3.0,3.0,MoS2_0.01562,-0.8317372700000192,1.8090000000000046
6141d336baaf234b352902d6,low_MoS2,2.0,1.0,3.0,MoS2_0.01562,17.857862020000077,1.105799999999995
6141d3384e27a1844a5f0170,low_MoS2,1.0,2.0,3.0,MoS2_0.01562,8.508879519999962,1.1355000000000004
6141d338ee0a3fd43fb47b3d,low_MoS2,1.0,2.0,3.0,MoS2_0.01562,32.13990080000006,0.40500000000000114
6141d33b9cbada84a867692d,low_MoS2,0.0,3.0,3.0,MoS2_0.01562,-0.8311146400000666,1.808399999999999
6141d342baaf234b352902d8,low_MoS2,2.0,1.0,3.0,MoS2_0.01562,17.86592777000009,1.1041999999999987
6141d34231cf3ef3d4a9eeb6,low_MoS2,2.0,1.0,3.0,MoS2_0.01562,41.471342389999975,0.41510000000000247
6141d342ee0a3fd43fb47b3f,low_MoS2,1.0,2.0,3.0,MoS2_0.01562,32.14482337999992,0.4042999999999992
6141d3434e27a1844a5f0172,low_MoS2,1.0,2.0,3.0,MoS2_0.01562,8.525631620000038,1.1400000000000006
6141d3459cbada84a867692f,low_MoS2,0.0,3.0,3.0,MoS2_0.01562,-0.8321342999999501,1.8093000000000004
6141d3473ac25c70a5c6c8d5,low_MoS2,3.0,0.0,3.0,MoS2_0.01562,50.777968510000086,0.3383000000000038
6141d34d31cf3ef3d4a9eeb8,low_MoS2,2.0,1.0,3.0,MoS2_0.01562,41.47204393000011,0.3334000000000046
6141d34e9cbada84a8676931,low_MoS2,0.0,3.0,3.0,MoS2_0.01562,-0.8323920699999121,1.8084999999999951
6141d34e4e27a1844a5f0174,low_MoS2,1.0,2.0,3.0,MoS2_0.01562,8.511450300000003,1.1454000000000022
6141d351ee0a3fd43fb47b41,low_MoS2,1.0,2.0,3.0,MoS2_0.01562,32.143844850000036,0.40520000000000067
6141d3594e27a1844a5f0176,low_MoS2,1.0,2.0,3.0,MoS2_0.01562,8.513198290000016,1.1457999999999942
6141d35abaaf234b352902da,low_MoS2,2.0,1.0,3.0,MoS2_0.01562,17.860493950000084,1.0876999999999981
6141d36031cf3ef3d4a9eeba,low_MoS2,2.0,1.0,3.0,MoS2_0.01562,41.47026836999994,0.4014000000000024
6141d3613ac25c70a5c6c8d7,low_MoS2,3.0,0.0,3.0,MoS2_0.01562,50.32797958000007,0.15800000000000125
6141d3644e27a1844a5f0178,low_MoS2,1.0,2.0,3.0,MoS2_0.01562,8.510481430000052,1.1470999999999947
6141d364ee0a3fd43fb47b43,low_MoS2,1.0,2.0,3.0,MoS2_0.01562,32.148747769999986,0.4024000000000001
6141d3659cbada84a8676933,low_MoS2,0.0,3.0,3.0,MoS2_0.01562,-0.8331574499999874,1.8064999999999998
6141d365baaf234b352902dc,low_MoS2,2.0,1.0,3.0,MoS2_0.01562,17.86064796999994,1.1022999999999996
6141d36b31cf3ef3d4a9eebc,low_MoS2,2.0,1.0,3.0,MoS2_0.01562,41.48620658,0.41380000000000194
6141d36e4e27a1844a5f017a,low_MoS2,1.0,2.0,3.0,MoS2_0.01562,8.505836360000128,1.1485999999999947
6141d36e9cbada84a8676935,low_MoS2,0.0,3.0,3.0,MoS2_0.01562,-0.833482649999894,1.807299999999998
6141d36fee0a3fd43fb47b45,low_MoS2,1.0,2.0,3.0,MoS2_0.01562,32.12481386000012,0.39920000000000044
6141d370baaf234b352902de,low_MoS2,2.0,1.0,3.0,MoS2_0.01562,17.865974139999928,1.104300000000002
6141d37531cf3ef3d4a9eebe,low_MoS2,2.0,1.0,3.0,MoS2_0.01562,39.48731997,0.14990000000000236
6141d3789cbada84a8676937,low_MoS2,0.0,3.0,3.0,MoS2_0.01562,-0.8323386100000221,1.808399999999999
6141d37b4e27a1844a5f017c,low_MoS2,1.0,2.0,3.0,MoS2_0.01562,8.491078949999999,1.1367999999999938
6141d37b3ac25c70a5c6c8d9,low_MoS2,3.0,0.0,3.0,MoS2_0.01562,50.86772676000002,0.1687999999999974
6141d37cbaaf234b352902e0,low_MoS2,2.0,1.0,3.0,MoS2_0.01562,17.87719093000009,1.0339000000000027
6141d38031cf3ef3d4a9eec0,low_MoS2,2.0,1.0,3.0,MoS2_0.01562,41.47790755000001,0.41499999999999915
6141d3819cbada84a8676939,low_MoS2,0.0,3.0,3.0,MoS2_0.01562,-0.834359529999972,1.8070999999999984
6141d383ee0a3fd43fb47b47,low_MoS2,1.0,2.0,3.0,MoS2_0.01562,32.14162011000006,0.40229999999999677
6141d3894e27a1844a5f017e,low_MoS2,1.0,2.0,3.0,MoS2_0.01562,8.498788870000023,1.151299999999999
6141d38b31cf3ef3d4a9eec2,low_MoS2,2.0,1.0,3.0,MoS2_0.01562,40.97215025999999,0.15390000000000015
6141d38b9cbada84a867693b,low_MoS2,0.0,3.0,3.0,MoS2_0.01562,-0.832499999999925,1.8093999999999966
6141d38dee0a3fd43fb47b49,low_MoS2,1.0,2.0,3.0,MoS2_0.01562,32.12481958000011,0.3475000000000037
6141d3934e27a1844a5f0180,low_MoS2,1.0,2.0,3.0,MoS2_0.01562,8.510641240000066,1.147599999999997
6141d3949cbada84a867693d,low_MoS2,0.0,3.0,3.0,MoS2_0.01562,-0.832032629999901,1.8089000000000013
6141d395baaf234b352902e2,low_MoS2,2.0,1.0,3.0,MoS2_0.01562,17.865342439999942,1.1042000000000058
6141d39631cf3ef3d4a9eec4,low_MoS2,2.0,1.0,3.0,MoS2_0.01562,41.48858136000008,0.40919999999999845
6141d3973ac25c70a5c6c8db,low_MoS2,3.0,0.0,3.0,MoS2_0.01562,50.33518380000002,0.20199999999999818
6141d398ee0a3fd43fb47b4b,low_MoS2,1.0,2.0,3.0,MoS2_0.01562,32.13989830000013,0.39270000000000493
6141d39e9cbada84a867693f,low_MoS2,0.0,3.0,3.0,MoS2_0.01562,-0.8346520499998746,1.807300000000005
6141d39e4e27a1844a5f0182,low_MoS2,1.0,2.0,3.0,MoS2_0.01562,8.510989990000123,1.1479
6141d39f31cf3ef3d4a9eec6,low_MoS2,2.0,1.0,3.0,MoS2_0.01562,41.475282329999985,0.3358000000000061
6141d3a0baaf234b352902e4,low_MoS2,2.0,1.0,3.0,MoS2_0.01562,17.856240340000106,1.1116000000000028
6141d3a3ee0a3fd43fb47b4d,low_MoS2,1.0,2.0,3.0,MoS2_0.01562,32.14800257,0.40269999999999584
6141d3a84e27a1844a5f0184,low_MoS2,1.0,2.0,3.0,MoS2_0.01562,8.518992150000056,1.1474000000000046
6141d3a931cf3ef3d4a9eec8,low_MoS2,2.0,1.0,3.0,MoS2_0.01562,41.47155717999995,0.3365000000000009
6141d3acbaaf234b352902e6,low_MoS2,2.0,1.0,3.0,MoS2_0.01562,17.849085609999968,1.0974000000000004
6141d3b23ac25c70a5c6c8dd,low_MoS2,3.0,0.0,3.0,MoS2_0.01562,50.76695099000009,0.38690000000000424
6141d3b2ee0a3fd43fb47b4f,low_MoS2,1.0,2.0,3.0,MoS2_0.01562,32.07982807000006,0.4082000000000008
6141d3b34e27a1844a5f0186,low_MoS2,1.0,2.0,3.0,MoS2_0.01562,8.51105665999992,1.1450999999999993
6141d3b431cf3ef3d4a9eeca,low_MoS2,2.0,1.0,3.0,MoS2_0.01562,40.97582174999998,0.15670000000000073
6141d3b8baaf234b352902e8,low_MoS2,2.0,1.0,3.0,MoS2_0.01562,17.815739670000077,0.9429999999999978
6141d3bdee0a3fd43fb47b51,low_MoS2,1.0,2.0,3.0,MoS2_0.01562,32.124350990000025,0.3459000000000003
6141d3be4e27a1844a5f0188,low_MoS2,1.0,2.0,3.0,MoS2_0.01562,8.512410340000113,1.1466999999999956
6141d3be31cf3ef3d4a9eecc,low_MoS2,2.0,1.0,3.0,MoS2_0.01562,41.42719120000011,0.37939999999999685
6141d3c4baaf234b352902ea,low_MoS2,2.0,1.0,3.0,MoS2_0.01562,17.86596753999992,1.1045999999999978
6141d3c49cbada84a8676941,low_MoS2,0.0,3.0,3.0,MoS2_0.01562,-0.8299844000000007,1.8083000000000027
6141d3c8ee0a3fd43fb47b53,low_MoS2,1.0,2.0,3.0,MoS2_0.01562,32.148953460000016,0.4011999999999958
6141d3c84e27a1844a5f018a,low_MoS2,1.0,2.0,3.0,MoS2_0.01562,8.514475799999925,1.1448999999999998
6141d3c931cf3ef3d4a9eece,low_MoS2,2.0,1.0,3.0,MoS2_0.01562,41.453056790000076,0.3838000000000008
6141d3ce3ac25c70a5c6c8df,low_MoS2,3.0,0.0,3.0,MoS2_0.01562,50.80565300000004,0.38980000000000103
6141d3ce9cbada84a8676943,low_MoS2,0.0,3.0,3.0,MoS2_0.01562,-0.8048848000000248,1.8083000000000027
6141d3cfbaaf234b352902ec,low_MoS2,2.0,1.0,3.0,MoS2_0.01562,17.82447539000008,0.9416999999999973
6141d3d2ee0a3fd43fb47b55,low_MoS2,1.0,2.0,3.0,MoS2_0.01562,32.14761410000004,0.40169999999999817
6141d3d34e27a1844a5f018c,low_MoS2,1.0,2.0,3.0,MoS2_0.01562,8.549959160000096,1.1776000000000053
6141d3d531cf3ef3d4a9eed0,low_MoS2,2.0,1.0,3.0,MoS2_0.01562,41.4678335600001,0.33509999999999707
6141d3d99cbada84a8676945,low_MoS2,0.0,3.0,3.0,MoS2_0.01562,-0.8338151499999071,1.8093999999999966
6141d3dbbaaf234b352902ee,low_MoS2,2.0,1.0,3.0,MoS2_0.01562,17.865526830000128,1.1041999999999987
6141d3de4e27a1844a5f018e,low_MoS2,1.0,2.0,3.0,MoS2_0.01562,8.506085669999973,1.1426999999999978
6141d3e031cf3ef3d4a9eed2,low_MoS2,2.0,1.0,3.0,MoS2_0.01562,41.38920487000014,0.29769999999999897
6141d3e0ee0a3fd43fb47b57,low_MoS2,1.0,2.0,3.0,MoS2_0.01562,31.951076060000094,0.2517000000000067
6141d3e39cbada84a8676947,low_MoS2,0.0,3.0,3.0,MoS2_0.01562,-0.8223032499999476,1.8068999999999988
6141d3e7baaf234b352902f0,low_MoS2,2.0,1.0,3.0,MoS2_0.01562,17.85747701000013,1.0960000000000036
6141d3e93ac25c70a5c6c8e1,low_MoS2,3.0,0.0,3.0,MoS2_0.01562,50.799163560000046,0.37999999999999545
6141d3e94e27a1844a5f0190,low_MoS2,1.0,2.0,3.0,MoS2_0.01562,8.502273260000063,1.1479
6141d3eb31cf3ef3d4a9eed4,low_MoS2,2.0,1.0,3.0,MoS2_0.01562,40.97145406,0.15370000000000061
6141d3ebee0a3fd43fb47b59,low_MoS2,1.0,2.0,3.0,MoS2_0.01562,32.146104879999925,0.4012999999999991
6141d3f4baaf234b352902f2,low_MoS2,2.0,1.0,3.0,MoS2_0.01562,17.930858429999937,0.6529000000000025
6141d3f54e27a1844a5f0192,low_MoS2,1.0,2.0,3.0,MoS2_0.01562,8.515607419999949,1.1433999999999997
6141d3f631cf3ef3d4a9eed6,low_MoS2,2.0,1.0,3.0,MoS2_0.01562,41.46715022999997,0.4124000000000052
6141d3f9ee0a3fd43fb47b5b,low_MoS2,1.0,2.0,3.0,MoS2_0.01562,32.12684347999992,0.3954000000000022
6141d3fd9cbada84a8676949,low_MoS2,0.0,3.0,3.0,MoS2_0.01562,-0.8274070499998629,1.8068999999999988
6141d40031cf3ef3d4a9eed8,low_MoS2,2.0,1.0,3.0,MoS2_0.01562,41.45711214000012,0.38629999999999853
6141d400baaf234b352902f4,low_MoS2,2.0,1.0,3.0,MoS2_0.01562,17.893682280000114,0.9540000000000006
6141d4014e27a1844a5f0194,low_MoS2,1.0,2.0,3.0,MoS2_0.01562,8.502783670000124,1.1468999999999951
6141d4033ac25c70a5c6c8e3,low_MoS2,3.0,0.0,3.0,MoS2_0.01562,50.74219076000001,0.3042000000000016
6141d404ee0a3fd43fb47b5d,low_MoS2,1.0,2.0,3.0,MoS2_0.01562,32.14963222999994,0.3995999999999995
6141d4089cbada84a867694b,low_MoS2,0.0,3.0,3.0,MoS2_0.01562,-0.8329665299999647,1.808799999999998
6141d40c4e27a1844a5f0196,low_MoS2,1.0,2.0,3.0,MoS2_0.01562,8.537058410000125,1.1368999999999971
6141d40c31cf3ef3d4a9eeda,low_MoS2,2.0,1.0,3.0,MoS2_0.01562,41.441858950000054,0.3913999999999973
6141d410ee0a3fd43fb47b5f,low_MoS2,1.0,2.0,3.0,MoS2_0.01562,32.14871822000008,0.4014000000000024
6141d4129cbada84a867694d,low_MoS2,0.0,3.0,3.0,MoS2_0.01562,-0.8321054299998991,1.8092000000000041
6141d415baaf234b352902f6,low_MoS2,2.0,1.0,3.0,MoS2_0.01562,17.930560530000086,0.6527999999999992
6141d4174e27a1844a5f0198,low_MoS2,1.0,2.0,3.0,MoS2_0.01562,8.510101300000112,1.1452000000000027
6141d41c9cbada84a867694f,low_MoS2,0.0,3.0,3.0,MoS2_0.01562,-0.8284676899999681,1.8093000000000004
6141d41d31cf3ef3d4a9eedc,low_MoS2,2.0,1.0,3.0,MoS2_0.01562,41.456929050000056,0.38940000000000197
6141d41e3ac25c70a5c6c8e5,low_MoS2,3.0,0.0,3.0,MoS2_0.01562,50.779630820000115,0.3948999999999998
6141d41eee0a3fd43fb47b61,low_MoS2,1.0,2.0,3.0,MoS2_0.01562,32.12631136000003,0.39630000000000365
6141d422baaf234b352902f8,low_MoS2,2.0,1.0,3.0,MoS2_0.01562,17.866836310000046,1.101300000000002
6141d4234e27a1844a5f019a,low_MoS2,1.0,2.0,3.0,MoS2_0.01562,8.5164782300001,1.1454000000000022
6141d4269cbada84a8676951,low_MoS2,0.0,3.0,3.0,MoS2_0.01562,-0.8331575300000509,1.8089999999999975
6141d42831cf3ef3d4a9eede,low_MoS2,2.0,1.0,3.0,MoS2_0.01562,41.467350139999965,0.4123000000000019
6141d42e4e27a1844a5f019c,low_MoS2,1.0,2.0,3.0,MoS2_0.01562,8.515151040000116,1.1439999999999984
6141d42ebaaf234b352902fa,low_MoS2,2.0,1.0,3.0,MoS2_0.01562,17.8619738100001,1.091699999999996
6141d42fee0a3fd43fb47b63,low_MoS2,1.0,2.0,3.0,MoS2_0.01562,32.15048683000008,0.40160000000000196
6141d43431cf3ef3d4a9eee0,low_MoS2,2.0,1.0,3.0,MoS2_0.01562,41.43549735999996,0.38049999999999784
6141d4394e27a1844a5f019e,low_MoS2,1.0,2.0,3.0,MoS2_0.01562,8.511774159999984,1.1473999999999975
6141d43a3ac25c70a5c6c8e7,low_MoS2,3.0,0.0,3.0,MoS2_0.01562,48.82951663999999,0.15370000000000061
6141d43abaaf234b352902fc,low_MoS2,2.0,1.0,3.0,MoS2_0.01562,17.85980541000003,1.1030000000000015
6141d43b9cbada84a8676953,low_MoS2,0.0,3.0,3.0,MoS2_0.01562,-0.8016867700000034,1.8068999999999988
6141d43f31cf3ef3d4a9eee2,low_MoS2,2.0,1.0,3.0,MoS2_0.01562,39.49652028999999,0.14849999999999852
6141d441ee0a3fd43fb47b65,low_MoS2,1.0,2.0,3.0,MoS2_0.01562,32.12182847999996,0.37770000000000437
6141d4454e27a1844a5f01a0,low_MoS2,1.0,2.0,3.0,MoS2_0.01562,8.511001150000109,1.1471000000000018
6141d4469cbada84a8676955,low_MoS2,0.0,3.0,3.0,MoS2_0.01562,-0.8317298900000765,1.8085999999999984
6141d447baaf234b352902fe,low_MoS2,2.0,1.0,3.0,MoS2_0.01562,17.851799020000037,1.0893000000000015
6141d44a31cf3ef3d4a9eee4,low_MoS2,2.0,1.0,3.0,MoS2_0.01562,41.42956461000013,0.37889999999999446
6141d44cee0a3fd43fb47b67,low_MoS2,1.0,2.0,3.0,MoS2_0.01562,32.12229891000014,0.3481999999999985
6141d4514e27a1844a5f01a2,low_MoS2,1.0,2.0,3.0,MoS2_0.01562,8.50984057999997,1.1443999999999974
6141d4519cbada84a8676957,low_MoS2,0.0,3.0,3.0,MoS2_0.01562,-0.8295572799999604,1.8079000000000036
6141d4533ac25c70a5c6c8e9,low_MoS2,3.0,0.0,3.0,MoS2_0.01562,50.83227137999999,0.14730000000000132
6141d45431cf3ef3d4a9eee6,low_MoS2,2.0,1.0,3.0,MoS2_0.01562,41.46653265000005,0.40750000000000597
6141d457ee0a3fd43fb47b69,low_MoS2,1.0,2.0,3.0,MoS2_0.01562,32.12226544999997,0.3504999999999967
6141d45c9cbada84a8676959,low_MoS2,0.0,3.0,3.0,MoS2_0.01562,-0.8324020199999609,1.8088999999999942
6141d45d4e27a1844a5f01a4,low_MoS2,1.0,2.0,3.0,MoS2_0.01562,8.499864169999935,1.1465000000000032
6141d45dbaaf234b35290300,low_MoS2,2.0,1.0,3.0,MoS2_0.01562,17.90817239000011,1.0993999999999957
6141d46031cf3ef3d4a9eee8,low_MoS2,2.0,1.0,3.0,MoS2_0.01562,41.38606302000012,0.29939999999999856
6141d463ee0a3fd43fb47b6b,low_MoS2,1.0,2.0,3.0,MoS2_0.01562,31.946008979999977,0.2622
6141d4689cbada84a867695b,low_MoS2,0.0,3.0,3.0,MoS2_0.01562,-0.8336894700000244,1.808799999999998
6141d4684e27a1844a5f01a6,low_MoS2,1.0,2.0,3.0,MoS2_0.01562,8.493976219999947,1.1377000000000024
6141d46abaaf234b35290302,low_MoS2,2.0,1.0,3.0,MoS2_0.01562,17.885374890000087,0.9605999999999995
6141d46b31cf3ef3d4a9eeea,low_MoS2,2.0,1.0,3.0,MoS2_0.01562,41.491779290000025,0.40910000000000224
6141d46eee0a3fd43fb47b6d,low_MoS2,1.0,2.0,3.0,MoS2_0.01562,32.12406508999992,0.34840000000000515
6141d4733ac25c70a5c6c8eb,low_MoS2,3.0,0.0,3.0,MoS2_0.01562,50.679964130000066,0.30809999999999604
6141d4739cbada84a867695d,low_MoS2,0.0,3.0,3.0,MoS2_0.01562,-0.8346808900000156,1.8081999999999994
6141d477baaf234b35290304,low_MoS2,2.0,1.0,3.0,MoS2_0.01562,17.86078029999998,1.1131000000000029
6141d47731cf3ef3d4a9eeec,low_MoS2,2.0,1.0,3.0,MoS2_0.01562,41.47488132000008,0.33149999999999835
6141d4784e27a1844a5f01a8,low_MoS2,1.0,2.0,3.0,MoS2_0.01562,8.534450110000105,1.1373999999999995
6141d479ee0a3fd43fb47b6f,low_MoS2,1.0,2.0,3.0,MoS2_0.01562,32.14381640000009,0.4035000000000011
6141d48331cf3ef3d4a9eeee,low_MoS2,2.0,1.0,3.0,MoS2_0.01562,41.457288320000046,0.4182000000000059
6141d4874e27a1844a5f01aa,low_MoS2,1.0,2.0,3.0,MoS2_0.01562,8.509491360000109,1.143800000000006
6141d4899cbada84a867695f,low_MoS2,0.0,3.0,3.0,MoS2_0.01562,-0.8332716699998741,1.8061000000000007
6141d48eee0a3fd43fb47b71,low_MoS2,1.0,2.0,3.0,MoS2_0.01562,32.14983082000002,0.40379999999999683
6141d48ebaaf234b35290306,low_MoS2,2.0,1.0,3.0,MoS2_0.01562,17.87349982,1.1093000000000046
6141d48f31cf3ef3d4a9eef0,low_MoS2,2.0,1.0,3.0,MoS2_0.01562,41.463082970000144,0.36129999999999995
6141d4934e27a1844a5f01ac,low_MoS2,1.0,2.0,3.0,MoS2_0.01562,8.502649990000034,1.1469000000000023
6141d4959cbada84a8676961,low_MoS2,0.0,3.0,3.0,MoS2_0.01562,-0.8317038299998671,1.8093000000000004
6141d499ee0a3fd43fb47b73,low_MoS2,1.0,2.0,3.0,MoS2_0.01562,32.13163307000012,0.40160000000000196
6141d49a31cf3ef3d4a9eef2,low_MoS2,2.0,1.0,3.0,MoS2_0.01562,41.485276439999964,0.4049000000000049
6141d49bbaaf234b35290308,low_MoS2,2.0,1.0,3.0,MoS2_0.01562,17.86786868000012,1.102800000000002
6141d49e4e27a1844a5f01ae,low_MoS2,1.0,2.0,3.0,MoS2_0.01562,8.529387309999972,1.1396999999999977
6141d4a03ac25c70a5c6c8ed,low_MoS2,3.0,0.0,3.0,MoS2_0.01562,48.82750845000002,0.1448999999999998
6141d4a39cbada84a8676963,low_MoS2,0.0,3.0,3.0,MoS2_0.01562,-0.8326485499998739,1.8104000000000013
6141d4a631cf3ef3d4a9eef4,low_MoS2,2.0,1.0,3.0,MoS2_0.01562,41.46937934000012,0.3352000000000004
6141d4aa4e27a1844a5f01b0,low_MoS2,1.0,2.0,3.0,MoS2_0.01562,8.531698850000137,1.1373999999999995
6141d4b0baaf234b3529030a,low_MoS2,2.0,1.0,3.0,MoS2_0.01562,17.861220490000044,1.0017999999999958
6141d4b1ee0a3fd43fb47b75,low_MoS2,1.0,2.0,3.0,MoS2_0.01562,32.139557310000086,0.4035000000000011
6141d4b331cf3ef3d4a9eef6,low_MoS2,2.0,1.0,3.0,MoS2_0.01562,41.4602454800001,0.37700000000000244
6141d4b64e27a1844a5f01b2,low_MoS2,1.0,2.0,3.0,MoS2_0.01562,8.506400660000079,1.137599999999999
6141d4b69cbada84a8676965,low_MoS2,0.0,3.0,3.0,MoS2_0.01562,-0.8316327100000649,1.8083000000000027
6141d4bb3ac25c70a5c6c8ef,low_MoS2,3.0,0.0,3.0,MoS2_0.01562,48.83351757000006,0.17130000000000223
6141d4bdee0a3fd43fb47b77,low_MoS2,1.0,2.0,3.0,MoS2_0.01562,32.14155541000012,0.4048999999999978
6141d4bdbaaf234b3529030c,low_MoS2,2.0,1.0,3.0,MoS2_0.01562,17.920038749999996,1.0011999999999972
6141d4c031cf3ef3d4a9eef8,low_MoS2,2.0,1.0,3.0,MoS2_0.01562,41.458150390000085,0.38170000000000215
6141d4c29cbada84a8676967,low_MoS2,0.0,3.0,3.0,MoS2_0.01562,-0.8309570299999791,1.8084999999999951
6141d4c24e27a1844a5f01b4,low_MoS2,1.0,2.0,3.0,MoS2_0.01562,8.512043960000053,1.1450999999999993
6141d4ccee0a3fd43fb47b79,low_MoS2,1.0,2.0,3.0,MoS2_0.01562,32.14966006000007,0.40050000000000097
6141d4cc31cf3ef3d4a9eefa,low_MoS2,2.0,1.0,3.0,MoS2_0.01562,41.46553654999998,0.3791000000000011
6141d4ccbaaf234b3529030e,low_MoS2,2.0,1.0,3.0,MoS2_0.01562,17.884070390000026,0.9602000000000004
6141d4cd9cbada84a8676969,low_MoS2,0.0,3.0,3.0,MoS2_0.01562,-0.8231955399998583,1.8059999999999974
6141d4d43ac25c70a5c6c8f1,low_MoS2,3.0,0.0,3.0,MoS2_0.01562,50.747448519999956,0.3049000000000035
6141d4d74e27a1844a5f01b6,low_MoS2,1.0,2.0,3.0,MoS2_0.01562,8.517149240000006,1.1428000000000011
6141d4d831cf3ef3d4a9eefc,low_MoS2,2.0,1.0,3.0,MoS2_0.01562,41.55547997999993,0.34150000000000347
6141d4d9baaf234b35290310,low_MoS2,2.0,1.0,3.0,MoS2_0.01562,17.898499500000064,1.1185999999999936
6141d4dfee0a3fd43fb47b7b,low_MoS2,1.0,2.0,3.0,MoS2_0.01562,31.953410399999928,0.2541999999999973
6141d4e19cbada84a867696b,low_MoS2,0.0,3.0,3.0,MoS2_0.01562,-0.8219679299999711,1.806999999999995
6141d4e34e27a1844a5f01b8,low_MoS2,1.0,2.0,3.0,MoS2_0.01562,8.494936130000067,1.1373999999999995
6141d4e431cf3ef3d4a9eefe,low_MoS2,2.0,1.0,3.0,MoS2_0.01562,41.46272992999998,0.39400000000000546
6141d4eabaaf234b35290312,low_MoS2,2.0,1.0,3.0,MoS2_0.01562,17.87675816,1.0364000000000004
6141d4ebee0a3fd43fb47b7d,low_MoS2,1.0,2.0,3.0,MoS2_0.01562,32.143183670000084,0.4043000000000063
6141d4ed9cbada84a867696d,low_MoS2,0.0,3.0,3.0,MoS2_0.01562,-0.8315360399998895,1.8081000000000031
6141d4ee3ac25c70a5c6c8f3,low_MoS2,3.0,0.0,3.0,MoS2_0.01562,48.825386710000124,0.16440000000000055
6141d4ef4e27a1844a5f01ba,low_MoS2,1.0,2.0,3.0,MoS2_0.01562,8.504482990000067,1.1458000000000013
6141d4f031cf3ef3d4a9ef00,low_MoS2,2.0,1.0,3.0,MoS2_0.01562,41.4531841,0.35890000000000555
6141d4f89cbada84a867696f,low_MoS2,0.0,3.0,3.0,MoS2_0.01562,-0.8298188900000127,1.8072000000000017
6141d4f9ee0a3fd43fb47b7f,low_MoS2,1.0,2.0,3.0,MoS2_0.01562,32.15937953000001,0.4001999999999981
6141d4fb4e27a1844a5f01bc,low_MoS2,1.0,2.0,3.0,MoS2_0.01562,8.509112010000106,1.1441999999999979
6141d4fc31cf3ef3d4a9ef02,low_MoS2,2.0,1.0,3.0,MoS2_0.01562,41.44552472000005,0.35839999999999606
6141d503baaf234b35290314,low_MoS2,2.0,1.0,3.0,MoS2_0.01562,17.823203769999957,0.9425999999999988
6141d5049cbada84a8676971,low_MoS2,0.0,3.0,3.0,MoS2_0.01562,-0.8049478400000112,1.8083000000000027
6141d505ee0a3fd43fb47b81,low_MoS2,1.0,2.0,3.0,MoS2_0.01562,32.14681620000009,0.4024000000000001
6141d50831cf3ef3d4a9ef04,low_MoS2,2.0,1.0,3.0,MoS2_0.01562,41.46333595000006,0.409399999999998
6141d50b4e27a1844a5f01be,low_MoS2,1.0,2.0,3.0,MoS2_0.01562,8.51300468000002,1.1447000000000003
6141d50f9cbada84a8676973,low_MoS2,0.0,3.0,3.0,MoS2_0.01562,-0.8338189299999499,1.8070000000000022
6141d510baaf234b35290316,low_MoS2,2.0,1.0,3.0,MoS2_0.01562,17.881836380000088,1.1019000000000005
6141d511ee0a3fd43fb47b83,low_MoS2,1.0,2.0,3.0,MoS2_0.01562,32.124595429999985,0.34949999999999903
6141d51531cf3ef3d4a9ef06,low_MoS2,2.0,1.0,3.0,MoS2_0.01562,41.42874791000004,0.41730000000000445
6141d5184e27a1844a5f01c0,low_MoS2,1.0,2.0,3.0,MoS2_0.01562,8.506855840000096,1.147199999999998
6141d51a9cbada84a8676975,low_MoS2,0.0,3.0,3.0,MoS2_0.01562,-0.805782269999952,1.809199999999997
6141d51dee0a3fd43fb47b85,low_MoS2,1.0,2.0,3.0,MoS2_0.01562,32.144053839999955,0.40400000000000347
6141d5203ac25c70a5c6c8f5,low_MoS2,3.0,0.0,3.0,MoS2_0.01562,50.7292771900001,0.31040000000000134
6141d52331cf3ef3d4a9ef08,low_MoS2,2.0,1.0,3.0,MoS2_0.01562,41.451240820000024,0.38920000000000243
6141d5254e27a1844a5f01c2,low_MoS2,1.0,2.0,3.0,MoS2_0.01562,8.532212190000134,1.1388000000000034
6141d528baaf234b35290318,low_MoS2,2.0,1.0,3.0,MoS2_0.01562,17.861513329999973,1.1120000000000019
6141d529ee0a3fd43fb47b87,low_MoS2,1.0,2.0,3.0,MoS2_0.01562,32.14319202,0.40399999999999636
6141d52a9cbada84a8676977,low_MoS2,0.0,3.0,3.0,MoS2_0.01562,-0.8338317899999197,1.807300000000005
6141d53131cf3ef3d4a9ef0a,low_MoS2,2.0,1.0,3.0,MoS2_0.01562,41.42005540999999,0.4076999999999984
6141d536ee0a3fd43fb47b89,low_MoS2,1.0,2.0,3.0,MoS2_0.01562,32.14817326000001,0.40109999999999957
6141d536baaf234b3529031a,low_MoS2,2.0,1.0,3.0,MoS2_0.01562,17.872216259999952,1.1022000000000034
6141d5379cbada84a8676979,low_MoS2,0.0,3.0,3.0,MoS2_0.01562,-0.8317454099998827,1.8092000000000041
6141d53a4e27a1844a5f01c4,low_MoS2,1.0,2.0,3.0,MoS2_0.01562,8.501922800000127,1.1443999999999974
6141d53c3ac25c70a5c6c8f7,low_MoS2,3.0,0.0,3.0,MoS2_0.01562,48.84142389000014,0.15000000000000568
6141d53e31cf3ef3d4a9ef0c,low_MoS2,2.0,1.0,3.0,MoS2_0.01562,41.43239265999996,0.3820999999999941
6141d541ee0a3fd43fb47b8b,low_MoS2,1.0,2.0,3.0,MoS2_0.01562,32.15741339000009,0.40390000000000015
6141d543baaf234b3529031c,low_MoS2,2.0,1.0,3.0,MoS2_0.01562,17.94718379999994,1.0142999999999986
6141d54b31cf3ef3d4a9ef0e,low_MoS2,2.0,1.0,3.0,MoS2_0.01562,41.45636615000008,0.35490000000000066
6141d54b4e27a1844a5f01c6,low_MoS2,1.0,2.0,3.0,MoS2_0.01562,8.506357440000127,1.1477999999999966
6141d54dee0a3fd43fb47b8d,low_MoS2,1.0,2.0,3.0,MoS2_0.01562,32.1431563200001,0.4040999999999997
6141d5509cbada84a867697b,low_MoS2,0.0,3.0,3.0,MoS2_0.01562,-0.8329639000000384,1.808799999999998
6141d551baaf234b3529031e,low_MoS2,2.0,1.0,3.0,MoS2_0.01562,17.815952200000076,0.9433000000000007
6141d5584e27a1844a5f01c8,low_MoS2,1.0,2.0,3.0,MoS2_0.01562,8.512221940000043,1.1450999999999993
6141d559ee0a3fd43fb47b8f,low_MoS2,1.0,2.0,3.0,MoS2_0.01562,32.12402940000014,0.3470000000000013
6141d5593ac25c70a5c6c8f9,low_MoS2,3.0,0.0,3.0,MoS2_0.01562,50.80304396000012,0.3890000000000029
6141d55b9cbada84a867697d,low_MoS2,0.0,3.0,3.0,MoS2_0.01562,-0.8324669400000744,1.8085999999999984
6141d55ebaaf234b35290320,low_MoS2,2.0,1.0,3.0,MoS2_0.01562,17.88636235000012,1.1081000000000003
6141d56031cf3ef3d4a9ef10,low_MoS2,2.0,1.0,3.0,MoS2_0.01562,41.46807918999998,0.33850000000000335
6141d5654e27a1844a5f01ca,low_MoS2,1.0,2.0,3.0,MoS2_0.01562,8.528125340000113,1.1396000000000015
6141d565ee0a3fd43fb47b91,low_MoS2,1.0,2.0,3.0,MoS2_0.01562,32.126526160000125,0.34899999999999665
6141d5679cbada84a867697f,low_MoS2,0.0,3.0,3.0,MoS2_0.01562,-0.8326138899998909,1.8089000000000013
6141d56cbaaf234b35290322,low_MoS2,2.0,1.0,3.0,MoS2_0.01562,17.813968359999983,0.9442999999999984
6141d5719cbada84a8676981,low_MoS2,0.0,3.0,3.0,MoS2_0.01562,-0.8289385299999026,1.8081000000000031
6141d572ee0a3fd43fb47b93,low_MoS2,1.0,2.0,3.0,MoS2_0.01562,32.14435356000011,0.40209999999999724
6141d57431cf3ef3d4a9ef12,low_MoS2,2.0,1.0,3.0,MoS2_0.01562,41.46044903000002,0.3780000000000001
6141d5773ac25c70a5c6c8fb,low_MoS2,3.0,0.0,3.0,MoS2_0.01562,50.800518509999996,0.37590000000000146
6141d57abaaf234b35290324,low_MoS2,2.0,1.0,3.0,MoS2_0.01562,17.898680389999974,1.1063000000000045
6141d57c4e27a1844a5f01cc,low_MoS2,1.0,2.0,3.0,MoS2_0.01562,8.509747910000012,1.1448999999999998
6141d57eee0a3fd43fb47b95,low_MoS2,1.0,2.0,3.0,MoS2_0.01562,32.12658265000003,0.3470000000000013
6141d57e9cbada84a8676983,low_MoS2,0.0,3.0,3.0,MoS2_0.01562,-0.8301561499999366,1.8091000000000008
6141d58131cf3ef3d4a9ef14,low_MoS2,2.0,1.0,3.0,MoS2_0.01562,41.47490001000001,0.33379999999999654
6141d588baaf234b35290326,low_MoS2,2.0,1.0,3.0,MoS2_0.01562,17.926955050000053,0.9787999999999997
6141d5884e27a1844a5f01ce,low_MoS2,1.0,2.0,3.0,MoS2_0.01562,8.505851330000066,1.142400000000002
6141d58aee0a3fd43fb47b97,low_MoS2,1.0,2.0,3.0,MoS2_0.01562,32.14688556999998,0.4040999999999997
6141d58a9cbada84a8676985,low_MoS2,0.0,3.0,3.0,MoS2_0.01562,-0.8292270799999528,1.807300000000005
6141d59431cf3ef3d4a9ef16,low_MoS2,2.0,1.0,3.0,MoS2_0.01562,41.46081818000012,0.38510000000000133
6141d5954e27a1844a5f01d0,low_MoS2,1.0,2.0,3.0,MoS2_0.01562,8.507624910000029,1.1479
6141d596ee0a3fd43fb47b99,low_MoS2,1.0,2.0,3.0,MoS2_0.01562,32.139945469999915,0.39920000000000044
6141d5963ac25c70a5c6c8fd,low_MoS2,3.0,0.0,3.0,MoS2_0.01562,50.80601743000003,0.3819999999999979
6141d59f9cbada84a8676987,low_MoS2,0.0,3.0,3.0,MoS2_0.01562,-0.8334063899998796,1.8079999999999998
6141d5a1baaf234b35290328,low_MoS2,2.0,1.0,3.0,MoS2_0.01562,17.870028609999956,1.1096999999999966
6141d5a24e27a1844a5f01d2,low_MoS2,1.0,2.0,3.0,MoS2_0.01562,8.510841240000016,1.1478000000000037
6141d5ab31cf3ef3d4a9ef18,low_MoS2,2.0,1.0,3.0,MoS2_0.01562,41.42640096999999,0.4159000000000006
6141d5ae4e27a1844a5f01d4,low_MoS2,1.0,2.0,3.0,MoS2_0.01562,8.505590190000046,1.1422999999999988
6141d5afbaaf234b3529032a,low_MoS2,2.0,1.0,3.0,MoS2_0.01562,17.872804880000096,1.1013999999999982
6141d5b19cbada84a8676989,low_MoS2,0.0,3.0,3.0,MoS2_0.01562,-0.833472239999935,1.8092000000000041
6141d5b53ac25c70a5c6c8ff,low_MoS2,3.0,0.0,3.0,MoS2_0.01562,50.78693319000005,0.3843999999999994
6141d5b931cf3ef3d4a9ef1a,low_MoS2,2.0,1.0,3.0,MoS2_0.01562,41.45192110000012,0.3768999999999991
6141d5b9ee0a3fd43fb47b9b,low_MoS2,1.0,2.0,3.0,MoS2_0.01562,32.12837742000009,0.3499999999999943
6141d5bc4e27a1844a5f01d6,low_MoS2,1.0,2.0,3.0,MoS2_0.01562,8.505664900000081,1.1492000000000004
6141d5bdbaaf234b3529032c,low_MoS2,2.0,1.0,3.0,MoS2_0.01562,17.867646030000053,1.1025999999999954
6141d5be9cbada84a867698b,low_MoS2,0.0,3.0,3.0,MoS2_0.01562,-0.8295903699999485,1.8068000000000026
6141d5c731cf3ef3d4a9ef1c,low_MoS2,2.0,1.0,3.0,MoS2_0.01562,41.48051409,0.4129999999999967
6141d5ca4e27a1844a5f01d8,low_MoS2,1.0,2.0,3.0,MoS2_0.01562,8.520181890000028,1.1402
6141d5ccbaaf234b3529032e,low_MoS2,2.0,1.0,3.0,MoS2_0.01562,17.859186220000076,1.0020999999999987
6141d5cfee0a3fd43fb47b9d,low_MoS2,1.0,2.0,3.0,MoS2_0.01562,32.13335039000002,0.39980000000000615
6141d5d431cf3ef3d4a9ef1e,low_MoS2,2.0,1.0,3.0,MoS2_0.01562,41.471087110000056,0.41559999999999775
6141d5d69cbada84a867698d,low_MoS2,0.0,3.0,3.0,MoS2_0.01562,-0.8296307099998899,1.8068999999999988
6141d5d74e27a1844a5f01da,low_MoS2,1.0,2.0,3.0,MoS2_0.01562,8.514798660000022,1.1462000000000003
6141d5da3ac25c70a5c6c901,low_MoS2,3.0,0.0,3.0,MoS2_0.01562,50.79179418999994,0.37290000000000134
6141d5dabaaf234b35290330,low_MoS2,2.0,1.0,3.0,MoS2_0.01562,17.864435420000056,1.1107000000000014
6141d5dcee0a3fd43fb47b9f,low_MoS2,1.0,2.0,3.0,MoS2_0.01562,32.15104341000004,0.39979999999999905
6141d5e131cf3ef3d4a9ef20,low_MoS2,2.0,1.0,3.0,MoS2_0.01562,41.41937449999996,0.36350000000000193
6141d5e39cbada84a867698f,low_MoS2,0.0,3.0,3.0,MoS2_0.01562,-0.8336148799998568,1.8085999999999984
6141d5e54e27a1844a5f01dc,low_MoS2,1.0,2.0,3.0,MoS2_0.01562,8.512601619999966,1.145699999999998
6141d5e8ee0a3fd43fb47ba1,low_MoS2,1.0,2.0,3.0,MoS2_0.01562,32.06879926000009,0.3593000000000046
6141d5e8baaf234b35290332,low_MoS2,2.0,1.0,3.0,MoS2_0.01562,17.853472960000083,1.0966000000000022
6141d5ef31cf3ef3d4a9ef22,low_MoS2,2.0,1.0,3.0,MoS2_0.01562,41.45916684000004,0.39399999999999835
6141d5f09cbada84a8676991,low_MoS2,0.0,3.0,3.0,MoS2_0.01562,-0.8319816600000536,1.8098000000000027
6141d5f34e27a1844a5f01de,low_MoS2,1.0,2.0,3.0,MoS2_0.01562,8.488408610000103,1.1454000000000022
6141d5f6baaf234b35290334,low_MoS2,2.0,1.0,3.0,MoS2_0.01562,17.864913580000113,1.1015000000000015
6141d5fc9cbada84a8676993,low_MoS2,0.0,3.0,3.0,MoS2_0.01562,-0.8311288599999784,1.8083000000000027
6141d5fd3ac25c70a5c6c903,low_MoS2,3.0,0.0,3.0,MoS2_0.01562,50.72015960000014,0.3114999999999952
6141d5fdee0a3fd43fb47ba3,low_MoS2,1.0,2.0,3.0,MoS2_0.01562,32.144157859999936,0.40519999999999357
6141d5fe31cf3ef3d4a9ef24,low_MoS2,2.0,1.0,3.0,MoS2_0.01562,41.46362771000004,0.3830999999999989
6141d6004e27a1844a5f01e0,low_MoS2,1.0,2.0,3.0,MoS2_0.01562,8.506294900000082,1.1450999999999993
6141d604baaf234b35290336,low_MoS2,2.0,1.0,3.0,MoS2_0.01562,17.868301490000015,1.1090000000000018
6141d6089cbada84a8676995,low_MoS2,0.0,3.0,3.0,MoS2_0.01562,-0.8289738699999702,1.8081000000000031
6141d60aee0a3fd43fb47ba5,low_MoS2,1.0,2.0,3.0,MoS2_0.01562,32.08959464999997,0.404200000000003
6141d60b31cf3ef3d4a9ef26,low_MoS2,2.0,1.0,3.0,MoS2_0.01562,41.47760102000002,0.40559999999999974
6141d6139cbada84a8676997,low_MoS2,0.0,3.0,3.0,MoS2_0.01562,-0.832176170000082,1.8081000000000031
6141d617ee0a3fd43fb47ba7,low_MoS2,1.0,2.0,3.0,MoS2_0.01562,32.125690470000094,0.34729999999999706
6141d61831cf3ef3d4a9ef28,low_MoS2,2.0,1.0,3.0,MoS2_0.01562,41.472221019999964,0.3329000000000022
6141d6183ac25c70a5c6c905,low_MoS2,3.0,0.0,3.0,MoS2_0.01562,50.81853403999995,0.352800000000002
6141d61b4e27a1844a5f01e2,low_MoS2,1.0,2.0,3.0,MoS2_0.01562,8.505974120000044,1.141999999999996
6141d6209cbada84a8676999,low_MoS2,0.0,3.0,3.0,MoS2_0.01562,-0.8339830499998584,1.8072000000000017
6141d622baaf234b35290338,low_MoS2,2.0,1.0,3.0,MoS2_0.01562,17.858412830000127,1.0393999999999934
6141d62531cf3ef3d4a9ef2a,low_MoS2,2.0,1.0,3.0,MoS2_0.01562,41.448267599999966,0.3584999999999994
6141d62bee0a3fd43fb47ba9,low_MoS2,1.0,2.0,3.0,MoS2_0.01562,32.143648810000045,0.4017999999999944
6141d62c4e27a1844a5f01e4,low_MoS2,1.0,2.0,3.0,MoS2_0.01562,8.512541699999954,1.1476000000000042
6141d62d9cbada84a867699b,low_MoS2,0.0,3.0,3.0,MoS2_0.01562,-0.8329586399999585,1.8078000000000003
6141d63331cf3ef3d4a9ef2c,low_MoS2,2.0,1.0,3.0,MoS2_0.01562,41.41421032000012,0.29699999999999704
6141d638ee0a3fd43fb47bab,low_MoS2,1.0,2.0,3.0,MoS2_0.01562,31.958243589999928,0.26010000000000133
6141d6383ac25c70a5c6c907,low_MoS2,3.0,0.0,3.0,MoS2_0.01562,50.82240326000002,0.3774000000000015
6141d6394e27a1844a5f01e6,low_MoS2,1.0,2.0,3.0,MoS2_0.01562,8.510492079999974,1.1447000000000003
6141d63a9cbada84a867699d,low_MoS2,0.0,3.0,3.0,MoS2_0.01562,-0.8293364299999553,1.8084999999999951
6141d63fbaaf234b3529033a,low_MoS2,2.0,1.0,3.0,MoS2_0.01562,17.903734089999936,1.1122999999999976
6141d64031cf3ef3d4a9ef2e,low_MoS2,2.0,1.0,3.0,MoS2_0.01562,41.44581987000011,0.359099999999998
6141d645ee0a3fd43fb47bad,low_MoS2,1.0,2.0,3.0,MoS2_0.01562,32.144851629999934,0.40100000000000335
6141d6474e27a1844a5f01e8,low_MoS2,1.0,2.0,3.0,MoS2_0.01562,8.510817540000087,1.1454999999999984
6141d6499cbada84a867699f,low_MoS2,0.0,3.0,3.0,MoS2_0.01562,-0.8313346199999501,1.8085999999999984
6141d64c31cf3ef3d4a9ef30,low_MoS2,2.0,1.0,3.0,MoS2_0.01562,41.43177409999994,0.375
6141d64ebaaf234b3529033c,low_MoS2,2.0,1.0,3.0,MoS2_0.01562,17.850552079999936,1.0830000000000055
6141d6544e27a1844a5f01ea,low_MoS2,1.0,2.0,3.0,MoS2_0.01562,8.534318530000089,1.1381000000000014
6141d656ee0a3fd43fb47baf,low_MoS2,1.0,2.0,3.0,MoS2_0.01562,32.15037985000002,0.4002999999999943
6141d6569cbada84a86769a1,low_MoS2,0.0,3.0,3.0,MoS2_0.01562,-0.8317415099999721,1.809199999999997
6141d6573ac25c70a5c6c909,low_MoS2,3.0,0.0,3.0,MoS2_0.01562,50.313463760000026,0.1488999999999976
6141d65931cf3ef3d4a9ef32,low_MoS2,2.0,1.0,3.0,MoS2_0.01562,41.455145390000055,0.3707999999999956
6141d65cbaaf234b3529033e,low_MoS2,2.0,1.0,3.0,MoS2_0.01562,17.81928431000005,0.9433999999999969
6141d6624e27a1844a5f01ec,low_MoS2,1.0,2.0,3.0,MoS2_0.01562,8.509192980000105,1.1461000000000041
6141d663ee0a3fd43fb47bb1,low_MoS2,1.0,2.0,3.0,MoS2_0.01562,32.125599709999946,0.34909999999999997
6141d66bbaaf234b35290340,low_MoS2,2.0,1.0,3.0,MoS2_0.01562,17.86310862000004,1.1052999999999997
6141d66b9cbada84a86769a3,low_MoS2,0.0,3.0,3.0,MoS2_0.01562,-0.8313814800000614,1.809199999999997
6141d66d31cf3ef3d4a9ef34,low_MoS2,2.0,1.0,3.0,MoS2_0.01562,39.45654555000006,0.13770000000000238
6141d66f4e27a1844a5f01ee,low_MoS2,1.0,2.0,3.0,MoS2_0.01562,8.518508059999956,1.1429000000000045
6141d671ee0a3fd43fb47bb3,low_MoS2,1.0,2.0,3.0,MoS2_0.01562,32.14050420000011,0.4059999999999988
6141d6773ac25c70a5c6c90b,low_MoS2,3.0,0.0,3.0,MoS2_0.01562,50.813176629999965,0.37709999999999866
6141d6789cbada84a86769a5,low_MoS2,0.0,3.0,3.0,MoS2_0.01562,-0.8310633699999812,1.8096999999999994
6141d67a31cf3ef3d4a9ef36,low_MoS2,2.0,1.0,3.0,MoS2_0.01562,41.46305502000014,0.38349999999999795
6141d67cbaaf234b35290342,low_MoS2,2.0,1.0,3.0,MoS2_0.01562,17.886557020000048,1.1045999999999978
6141d67e4e27a1844a5f01f0,low_MoS2,1.0,2.0,3.0,MoS2_0.01562,8.513856179999973,1.1468999999999951
6141d6869cbada84a86769a7,low_MoS2,0.0,3.0,3.0,MoS2_0.01562,-0.8298222400000554,1.806600000000003
6141d68731cf3ef3d4a9ef38,low_MoS2,2.0,1.0,3.0,MoS2_0.01562,41.48948177000007,0.34660000000000224
6141d689ee0a3fd43fb47bb5,low_MoS2,1.0,2.0,3.0,MoS2_0.01562,32.14662072999998,0.40090000000000003
6141d68c4e27a1844a5f01f2,low_MoS2,1.0,2.0,3.0,MoS2_0.01562,8.512748950000084,1.1448999999999998
6141d6929cbada84a86769a9,low_MoS2,0.0,3.0,3.0,MoS2_0.01562,-0.8321693699999173,1.8092000000000041
6141d692baaf234b35290344,low_MoS2,2.0,1.0,3.0,MoS2_0.01562,17.89036450999992,1.1152999999999977
6141d69431cf3ef3d4a9ef3a,low_MoS2,2.0,1.0,3.0,MoS2_0.01562,40.954802709999925,0.15040000000000475
6141d697ee0a3fd43fb47bb7,low_MoS2,1.0,2.0,3.0,MoS2_0.01562,31.952414280000074,0.24969999999999715
6141d6993ac25c70a5c6c90d,low_MoS2,3.0,0.0,3.0,MoS2_0.01562,50.81221887999997,0.3826999999999998
6141d69a4e27a1844a5f01f4,low_MoS2,1.0,2.0,3.0,MoS2_0.01562,8.511569390000002,1.1479
6141d6a1baaf234b35290346,low_MoS2,2.0,1.0,3.0,MoS2_0.01562,17.901964780000064,1.1141999999999967
6141d6a131cf3ef3d4a9ef3c,low_MoS2,2.0,1.0,3.0,MoS2_0.01562,41.48534673000013,0.40630000000000166
6141d6a4ee0a3fd43fb47bb9,low_MoS2,1.0,2.0,3.0,MoS2_0.01562,32.14545182000005,0.39979999999999905
6141d6a84e27a1844a5f01f6,low_MoS2,1.0,2.0,3.0,MoS2_0.01562,8.510928160000073,1.1480999999999995
6141d6a99cbada84a86769ab,low_MoS2,0.0,3.0,3.0,MoS2_0.01562,-0.8286421499998937,1.8076000000000008
6141d6af31cf3ef3d4a9ef3e,low_MoS2,2.0,1.0,3.0,MoS2_0.01562,41.405146960000096,0.3673000000000002
6141d6b0baaf234b35290348,low_MoS2,2.0,1.0,3.0,MoS2_0.01562,17.872170450000105,1.1000999999999976
6141d6b63ac25c70a5c6c90f,low_MoS2,3.0,0.0,3.0,MoS2_0.01562,50.33050368000014,0.15700000000000358
6141d6b64e27a1844a5f01f8,low_MoS2,1.0,2.0,3.0,MoS2_0.01562,8.651095089999924,1.1638999999999982
6141d6bb9cbada84a86769ad,low_MoS2,0.0,3.0,3.0,MoS2_0.01562,-0.8311793499998998,1.808800000000005
6141d6bd31cf3ef3d4a9ef40,low_MoS2,2.0,1.0,3.0,MoS2_0.01562,41.41367071000009,0.4170000000000016
6141d6bfbaaf234b3529034a,low_MoS2,2.0,1.0,3.0,MoS2_0.01562,17.89208200999996,1.0762
6141d6bfee0a3fd43fb47bbb,low_MoS2,1.0,2.0,3.0,MoS2_0.01562,32.12712157999998,0.3515000000000015
6141d6c34e27a1844a5f01fa,low_MoS2,1.0,2.0,3.0,MoS2_0.01562,8.517857820000042,1.1424999999999983
6141d6c89cbada84a86769af,low_MoS2,0.0,3.0,3.0,MoS2_0.01562,-0.829682499999933,1.807699999999997
6141d6cb31cf3ef3d4a9ef42,low_MoS2,2.0,1.0,3.0,MoS2_0.01562,41.46190081999994,0.38220000000000454
6141d6ccee0a3fd43fb47bbd,low_MoS2,1.0,2.0,3.0,MoS2_0.01562,32.146525549999964,0.4018999999999977
6141d6cdbaaf234b3529034c,low_MoS2,2.0,1.0,3.0,MoS2_0.01562,17.976955739999987,0.7034999999999982
6141d6d04e27a1844a5f01fc,low_MoS2,1.0,2.0,3.0,MoS2_0.01562,8.515169309999944,1.1480999999999995
6141d6d43ac25c70a5c6c911,low_MoS2,3.0,0.0,3.0,MoS2_0.01562,50.75929173000001,0.38920000000000243
6141d6d69cbada84a86769b1,low_MoS2,0.0,3.0,3.0,MoS2_0.01562,-0.8325135399999795,1.8094999999999999
6141d6dcbaaf234b3529034e,low_MoS2,2.0,1.0,3.0,MoS2_0.01562,17.859366169999923,1.1060000000000016
6141d6dd4e27a1844a5f01fe,low_MoS2,1.0,2.0,3.0,MoS2_0.01562,8.529677150000023,1.136800000000001
6141d6e431cf3ef3d4a9ef44,low_MoS2,2.0,1.0,3.0,MoS2_0.01562,39.496219790000126,0.14629999999999654
6141d6e6ee0a3fd43fb47bbf,low_MoS2,1.0,2.0,3.0,MoS2_0.01562,32.150415069999994,0.4035000000000011
6141d6ec4e27a1844a5f0200,low_MoS2,1.0,2.0,3.0,MoS2_0.01562,8.504773169999932,1.1484999999999985
6141d6edbaaf234b35290350,low_MoS2,2.0,1.0,3.0,MoS2_0.01562,17.85827822999999,1.037700000000001
6141d6ef9cbada84a86769b3,low_MoS2,0.0,3.0,3.0,MoS2_0.01562,-0.8294044500000268,1.8079999999999998
6141d6f13ac25c70a5c6c913,low_MoS2,3.0,0.0,3.0,MoS2_0.01562,50.798126970000034,0.3860000000000028
6141d6f231cf3ef3d4a9ef46,low_MoS2,2.0,1.0,3.0,MoS2_0.01562,41.45438665000002,0.37049999999999983
6141d6f3ee0a3fd43fb47bc1,low_MoS2,1.0,2.0,3.0,MoS2_0.01562,31.954640039999948,0.26429999999999865
6141d6fb4e27a1844a5f0202,low_MoS2,1.0,2.0,3.0,MoS2_0.01562,8.513566200000039,1.1458000000000013
6141d6fcbaaf234b35290352,low_MoS2,2.0,1.0,3.0,MoS2_0.01562,17.88615258999993,1.1058000000000021
6141d701ee0a3fd43fb47bc3,low_MoS2,1.0,2.0,3.0,MoS2_0.01562,32.11276874000008,0.35320000000000107
6141d70a31cf3ef3d4a9ef48,low_MoS2,2.0,1.0,3.0,MoS2_0.01562,39.496964339999934,0.14470000000000027
6141d70cbaaf234b35290354,low_MoS2,2.0,1.0,3.0,MoS2_0.01562,17.866648559999923,1.1090000000000018
6141d70c9cbada84a86769b5,low_MoS2,0.0,3.0,3.0,MoS2_0.01562,-0.832412409999904,1.8094000000000037
6141d70f3ac25c70a5c6c915,low_MoS2,3.0,0.0,3.0,MoS2_0.01562,50.83500538000013,0.3930999999999969
6141d713ee0a3fd43fb47bc5,low_MoS2,1.0,2.0,3.0,MoS2_0.01562,32.08619352999993,0.4065999999999974
6141d7174e27a1844a5f0204,low_MoS2,1.0,2.0,3.0,MoS2_0.01562,8.509044189999965,1.1437999999999988
6141d71831cf3ef3d4a9ef4a,low_MoS2,2.0,1.0,3.0,MoS2_0.01562,41.4737903100001,0.4146000000000001
6141d71a9cbada84a86769b7,low_MoS2,0.0,3.0,3.0,MoS2_0.01562,-0.8318876000000159,1.8089000000000013
6141d71cbaaf234b35290356,low_MoS2,2.0,1.0,3.0,MoS2_0.01562,17.815799070000132,0.9435000000000002
6141d72731cf3ef3d4a9ef4c,low_MoS2,2.0,1.0,3.0,MoS2_0.01562,41.441619700000004,0.36820000000000164
6141d7274e27a1844a5f0206,low_MoS2,1.0,2.0,3.0,MoS2_0.01562,8.511951780000143,1.1469000000000023
6141d7289cbada84a86769b9,low_MoS2,0.0,3.0,3.0,MoS2_0.01562,-0.8302837999999042,1.8093999999999966
6141d72e3ac25c70a5c6c917,low_MoS2,3.0,0.0,3.0,MoS2_0.01562,48.84295901000011,0.15409999999999968
6141d734ee0a3fd43fb47bc7,low_MoS2,1.0,2.0,3.0,MoS2_0.01562,32.15139837000014,0.39929999999999666
6141d7349cbada84a86769bb,low_MoS2,0.0,3.0,3.0,MoS2_0.01562,-0.8315655700000093,1.8091000000000008
6141d7354e27a1844a5f0208,low_MoS2,1.0,2.0,3.0,MoS2_0.01562,8.510551849999981,1.1341000000000037
6141d73731cf3ef3d4a9ef4e,low_MoS2,2.0,1.0,3.0,MoS2_0.01562,41.480403799999934,0.4135999999999953
6141d73ebaaf234b35290358,low_MoS2,2.0,1.0,3.0,MoS2_0.01562,17.858571360000035,1.1126000000000005
6141d741ee0a3fd43fb47bc9,low_MoS2,1.0,2.0,3.0,MoS2_0.01562,32.14708104000009,0.4005999999999972
6141d7429cbada84a86769bd,low_MoS2,0.0,3.0,3.0,MoS2_0.01562,-0.8320062099998609,1.808399999999999
6141d7454e27a1844a5f020a,low_MoS2,1.0,2.0,3.0,MoS2_0.01562,8.503786580000021,1.1477999999999966
6141d74531cf3ef3d4a9ef50,low_MoS2,2.0,1.0,3.0,MoS2_0.01562,41.464118790000114,0.398299999999999
6141d74ebaaf234b3529035a,low_MoS2,2.0,1.0,3.0,MoS2_0.01562,17.854317750000057,1.0934000000000026
6141d7503ac25c70a5c6c919,low_MoS2,3.0,0.0,3.0,MoS2_0.01562,50.31831599000012,0.15339999999999776
6141d7519cbada84a86769bf,low_MoS2,0.0,3.0,3.0,MoS2_0.01562,-0.8322854200000052,1.8094999999999999
6141d75431cf3ef3d4a9ef52,low_MoS2,2.0,1.0,3.0,MoS2_0.01562,41.46661388999992,0.33559999999999945
6141d7544e27a1844a5f020c,low_MoS2,1.0,2.0,3.0,MoS2_0.01562,8.544889280000032,1.1785999999999959
6141d75dee0a3fd43fb47bcb,low_MoS2,1.0,2.0,3.0,MoS2_0.01562,32.14422349999994,0.40160000000000196
6141d75f9cbada84a86769c1,low_MoS2,0.0,3.0,3.0,MoS2_0.01562,-0.8338504600000647,1.8071000000000055
6141d7604e27a1844a5f020e,low_MoS2,1.0,2.0,3.0,MoS2_0.01562,8.507498819999935,1.147200000000005
6141d76231cf3ef3d4a9ef54,low_MoS2,2.0,1.0,3.0,MoS2_0.01562,41.370613360000064,0.29980000000000473
6141d76bee0a3fd43fb47bcd,low_MoS2,1.0,2.0,3.0,MoS2_0.01562,32.127992530000014,0.3725999999999985
6141d76dbaaf234b3529035c,low_MoS2,2.0,1.0,3.0,MoS2_0.01562,17.861014730000072,1.1105000000000018
6141d76f31cf3ef3d4a9ef56,low_MoS2,2.0,1.0,3.0,MoS2_0.01562,41.45569622000012,0.36939999999999884
6141d76f3ac25c70a5c6c91b,low_MoS2,3.0,0.0,3.0,MoS2_0.01562,48.83516350999995,0.1617999999999995
6141d7789cbada84a86769c3,low_MoS2,0.0,3.0,3.0,MoS2_0.01562,-0.8316125900000202,1.809199999999997
6141d77cbaaf234b3529035e,low_MoS2,2.0,1.0,3.0,MoS2_0.01562,17.86399169000014,1.1026000000000025
6141d77d31cf3ef3d4a9ef58,low_MoS2,2.0,1.0,3.0,MoS2_0.01562,41.48043473000003,0.41209999999999525
6141d77d4e27a1844a5f0210,low_MoS2,1.0,2.0,3.0,MoS2_0.01562,8.502570359999961,1.1469999999999985
6141d782ee0a3fd43fb47bcf,low_MoS2,1.0,2.0,3.0,MoS2_0.01562,32.08557526999992,0.406099999999995
6141d7879cbada84a86769c5,low_MoS2,0.0,3.0,3.0,MoS2_0.01562,-0.8302088800000433,1.809199999999997
6141d78b31cf3ef3d4a9ef5a,low_MoS2,2.0,1.0,3.0,MoS2_0.01562,40.97392177000002,0.15509999999999735
6141d78cbaaf234b35290360,low_MoS2,2.0,1.0,3.0,MoS2_0.01562,17.853078549999957,1.0823999999999998
6141d790ee0a3fd43fb47bd1,low_MoS2,1.0,2.0,3.0,MoS2_0.01562,31.95856786000012,0.2640999999999991
6141d7903ac25c70a5c6c91d,low_MoS2,3.0,0.0,3.0,MoS2_0.01562,50.77513766000008,0.3853999999999971
6141d7944e27a1844a5f0212,low_MoS2,1.0,2.0,3.0,MoS2_0.01562,8.503811370000019,1.1509999999999962
6141d7959cbada84a86769c7,low_MoS2,0.0,3.0,3.0,MoS2_0.01562,-0.8306789699999513,1.8078000000000003
6141d79a31cf3ef3d4a9ef5c,low_MoS2,2.0,1.0,3.0,MoS2_0.01562,40.975268639999925,0.15739999999999554
6141d79dbaaf234b35290362,low_MoS2,2.0,1.0,3.0,MoS2_0.01562,17.9292546900001,0.6533000000000015
6141d79dee0a3fd43fb47bd3,low_MoS2,1.0,2.0,3.0,MoS2_0.01562,32.12178184999992,0.3760000000000048
6141d7a24e27a1844a5f0214,low_MoS2,1.0,2.0,3.0,MoS2_0.01562,8.514702940000031,1.1447000000000003
6141d7a99cbada84a86769c9,low_MoS2,0.0,3.0,3.0,MoS2_0.01562,-0.8328616499999839,1.8063999999999965
6141d7abee0a3fd43fb47bd5,low_MoS2,1.0,2.0,3.0,MoS2_0.01562,32.14601493000008,0.40270000000000294
6141d7adbaaf234b35290364,low_MoS2,2.0,1.0,3.0,MoS2_0.01562,17.85806630000001,1.038800000000002
6141d7af4e27a1844a5f0216,low_MoS2,1.0,2.0,3.0,MoS2_0.01562,8.547308570000066,1.1306000000000012
6141d7af3ac25c70a5c6c91f,low_MoS2,3.0,0.0,3.0,MoS2_0.01562,50.76991353000009,0.38400000000000034
6141d7b79cbada84a86769cb,low_MoS2,0.0,3.0,3.0,MoS2_0.01562,-0.8312470999998709,1.8088999999999942
6141d7b731cf3ef3d4a9ef5e,low_MoS2,2.0,1.0,3.0,MoS2_0.01562,41.42235498999999,0.3826000000000036
6141d7bdbaaf234b35290366,low_MoS2,2.0,1.0,3.0,MoS2_0.01562,17.863664480000118,1.1060999999999979
6141d7c0ee0a3fd43fb47bd7,low_MoS2,1.0,2.0,3.0,MoS2_0.01562,32.147248230000045,0.403100000000002
6141d7c59cbada84a86769cd,low_MoS2,0.0,3.0,3.0,MoS2_0.01562,-0.8332510699999034,1.8079999999999998
6141d7c54e27a1844a5f0218,low_MoS2,1.0,2.0,3.0,MoS2_0.01562,8.513189889999946,1.1474000000000046
6141d7c631cf3ef3d4a9ef60,low_MoS2,2.0,1.0,3.0,MoS2_0.01562,40.97265918000012,0.1559999999999988
6141d7cdbaaf234b35290368,low_MoS2,2.0,1.0,3.0,MoS2_0.01562,17.88553984999998,1.1006
6141d7ceee0a3fd43fb47bd9,low_MoS2,1.0,2.0,3.0,MoS2_0.01562,32.14244525999992,0.4014000000000024
6141d7d24e27a1844a5f021a,low_MoS2,1.0,2.0,3.0,MoS2_0.01562,8.535343980000132,1.1372
6141d7d49cbada84a86769cf,low_MoS2,0.0,3.0,3.0,MoS2_0.01562,-0.833709160000069,1.808099999999996
6141d7d531cf3ef3d4a9ef62,low_MoS2,2.0,1.0,3.0,MoS2_0.01562,41.45190176000001,0.37349999999999994
6141d7dcee0a3fd43fb47bdb,low_MoS2,1.0,2.0,3.0,MoS2_0.01562,32.125900290000104,0.3504000000000005
6141d7ddbaaf234b3529036a,low_MoS2,2.0,1.0,3.0,MoS2_0.01562,17.853248659999956,1.0947999999999993
6141d7de3ac25c70a5c6c921,low_MoS2,3.0,0.0,3.0,MoS2_0.01562,50.83289505000008,0.42379999999999995
6141d7e04e27a1844a5f021c,low_MoS2,1.0,2.0,3.0,MoS2_0.01562,8.512953510000013,1.1444999999999936
6141d7e431cf3ef3d4a9ef64,low_MoS2,2.0,1.0,3.0,MoS2_0.01562,39.494857390000064,0.1524000000000001
6141d7eaee0a3fd43fb47bdd,low_MoS2,1.0,2.0,3.0,MoS2_0.01562,32.14534238000009,0.40390000000000015
6141d7ed4e27a1844a5f021e,low_MoS2,1.0,2.0,3.0,MoS2_0.01562,8.531646610000077,1.147199999999998
6141d7edbaaf234b3529036c,low_MoS2,2.0,1.0,3.0,MoS2_0.01562,17.88484532000006,0.9592999999999989
6141d7f29cbada84a86769d1,low_MoS2,0.0,3.0,3.0,MoS2_0.01562,-0.8327374899999427,1.8094999999999999
6141d7fa4e27a1844a5f0220,low_MoS2,1.0,2.0,3.0,MoS2_0.01562,8.509446419999929,1.1465999999999994
6141d7fa31cf3ef3d4a9ef66,low_MoS2,2.0,1.0,3.0,MoS2_0.01562,39.49858917000002,0.15159999999999485
6141d8009cbada84a86769d3,low_MoS2,0.0,3.0,3.0,MoS2_0.01562,-0.832380179999916,1.8093000000000004
6141d8084e27a1844a5f0222,low_MoS2,1.0,2.0,3.0,MoS2_0.01562,8.50284800000011,1.1469999999999985
6141d80831cf3ef3d4a9ef68,low_MoS2,2.0,1.0,3.0,MoS2_0.01562,41.48455082999995,0.4119000000000028
6141d809baaf234b3529036e,low_MoS2,2.0,1.0,3.0,MoS2_0.01562,17.861544130000077,1.1062000000000012
6141d809ee0a3fd43fb47bdf,low_MoS2,1.0,2.0,3.0,MoS2_0.01562,31.95027627000012,0.2629000000000019
6141d80a3ac25c70a5c6c923,low_MoS2,3.0,0.0,3.0,MoS2_0.01562,50.821706350000035,0.41629999999999967
6141d818ee0a3fd43fb47be1,low_MoS2,1.0,2.0,3.0,MoS2_0.01562,32.12523064000014,0.37529999999999575
6141d819baaf234b35290370,low_MoS2,2.0,1.0,3.0,MoS2_0.01562,17.870862310000113,1.100200000000001
6141d81931cf3ef3d4a9ef6a,low_MoS2,2.0,1.0,3.0,MoS2_0.01562,40.97818279999997,0.15349999999999397
6141d81a9cbada84a86769d5,low_MoS2,0.0,3.0,3.0,MoS2_0.01562,-0.8296870300000023,1.8091000000000008
6141d8224e27a1844a5f0224,low_MoS2,1.0,2.0,3.0,MoS2_0.01562,8.503433509999947,1.145699999999998
6141d829baaf234b35290372,low_MoS2,2.0,1.0,3.0,MoS2_0.01562,17.86458951000008,1.1056999999999988
6141d8299cbada84a86769d7,low_MoS2,0.0,3.0,3.0,MoS2_0.01562,-0.8298081600000273,1.808399999999999
6141d82eee0a3fd43fb47be3,low_MoS2,1.0,2.0,3.0,MoS2_0.01562,32.11698417000001,0.38400000000000034
6141d82f4e27a1844a5f0226,low_MoS2,1.0,2.0,3.0,MoS2_0.01562,8.513056369999983,1.1477000000000004
6141d8303ac25c70a5c6c925,low_MoS2,3.0,0.0,3.0,MoS2_0.01562,48.795421599999976,0.18079999999999785
6141d83331cf3ef3d4a9ef6c,low_MoS2,2.0,1.0,3.0,MoS2_0.01562,41.42713918,0.3791000000000011
6141d8369cbada84a86769d9,low_MoS2,0.0,3.0,3.0,MoS2_0.01562,-0.8287506399998961,1.8085999999999984
6141d83cee0a3fd43fb47be5,low_MoS2,1.0,2.0,3.0,MoS2_0.01562,32.12613798000005,0.3500000000000014
6141d83c4e27a1844a5f0228,low_MoS2,1.0,2.0,3.0,MoS2_0.01562,8.532114290000006,1.1381999999999977
6141d84231cf3ef3d4a9ef6e,low_MoS2,2.0,1.0,3.0,MoS2_0.01562,41.488721319999925,0.4100000000000037
6141d8439cbada84a86769db,low_MoS2,0.0,3.0,3.0,MoS2_0.01562,-0.8323160599999824,1.8100999999999985
6141d84a4e27a1844a5f022a,low_MoS2,1.0,2.0,3.0,MoS2_0.01562,8.501402430000123,1.1492999999999967
6141d85131cf3ef3d4a9ef70,low_MoS2,2.0,1.0,3.0,MoS2_0.01562,41.467934350000135,0.3365000000000009
6141d853ee0a3fd43fb47be7,low_MoS2,1.0,2.0,3.0,MoS2_0.01562,32.08731942000007,0.4040999999999997
6141d854baaf234b35290374,low_MoS2,2.0,1.0,3.0,MoS2_0.01562,17.90458095999997,1.1163000000000025
6141d8563ac25c70a5c6c927,low_MoS2,3.0,0.0,3.0,MoS2_0.01562,50.300151199999995,0.14789999999999992
6141d8584e27a1844a5f022c,low_MoS2,1.0,2.0,3.0,MoS2_0.01562,8.524670049999965,1.1417000000000002
6141d85b9cbada84a86769dd,low_MoS2,0.0,3.0,3.0,MoS2_0.01562,-0.8054383599998687,1.8070000000000022
6141d86131cf3ef3d4a9ef72,low_MoS2,2.0,1.0,3.0,MoS2_0.01562,41.45931517999993,0.37049999999999983
6141d864baaf234b35290376,low_MoS2,2.0,1.0,3.0,MoS2_0.01562,17.896204590000018,1.1270999999999987
6141d8654e27a1844a5f022e,low_MoS2,1.0,2.0,3.0,MoS2_0.01562,8.507169640000054,1.143500000000003
6141d86eee0a3fd43fb47be9,low_MoS2,1.0,2.0,3.0,MoS2_0.01562,32.09046398000008,0.40449999999999875
6141d87031cf3ef3d4a9ef74,low_MoS2,2.0,1.0,3.0,MoS2_0.01562,41.48591518000008,0.40500000000000114
6141d8724e27a1844a5f0230,low_MoS2,1.0,2.0,3.0,MoS2_0.01562,8.494129230000024,1.1377999999999986
6141d879baaf234b35290378,low_MoS2,2.0,1.0,3.0,MoS2_0.01562,17.85881276999998,1.1073000000000022
6141d87c9cbada84a86769df,low_MoS2,0.0,3.0,3.0,MoS2_0.01562,-0.8294482099999527,1.8081000000000031
6141d87d3ac25c70a5c6c929,low_MoS2,3.0,0.0,3.0,MoS2_0.01562,50.837597650000056,0.3410999999999973
6141d88031cf3ef3d4a9ef76,low_MoS2,2.0,1.0,3.0,MoS2_0.01562,40.92520424000004,0.13539999999999708
6141d8804e27a1844a5f0232,low_MoS2,1.0,2.0,3.0,MoS2_0.01562,8.504635459999943,1.1475000000000009
6141d889baaf234b3529037a,low_MoS2,2.0,1.0,3.0,MoS2_0.01562,17.887400690000042,0.9596000000000018
6141d88b9cbada84a86769e1,low_MoS2,0.0,3.0,3.0,MoS2_0.01562,-0.8323251599999253,1.809199999999997
6141d88bee0a3fd43fb47beb,low_MoS2,1.0,2.0,3.0,MoS2_0.01562,32.12881753000009,0.4049000000000049
6141d88d4e27a1844a5f0234,low_MoS2,1.0,2.0,3.0,MoS2_0.01562,8.510118129999935,1.1439999999999984
6141d88f31cf3ef3d4a9ef78,low_MoS2,2.0,1.0,3.0,MoS2_0.01562,41.456457879999974,0.3772999999999982
6141d89aee0a3fd43fb47bed,low_MoS2,1.0,2.0,3.0,MoS2_0.01562,32.145346300000014,0.4048000000000016
6141d89d31cf3ef3d4a9ef7a,low_MoS2,2.0,1.0,3.0,MoS2_0.01562,41.431483479999955,0.38649999999999807
6141d8a44e27a1844a5f0236,low_MoS2,1.0,2.0,3.0,MoS2_0.01562,8.513467179999932,1.1477999999999966
6141d8a59cbada84a86769e3,low_MoS2,0.0,3.0,3.0,MoS2_0.01562,-0.83242829999989,1.809899999999999
6141d8ab31cf3ef3d4a9ef7c,low_MoS2,2.0,1.0,3.0,MoS2_0.01562,41.47651923000008,0.4012999999999991
6141d8b24e27a1844a5f0238,low_MoS2,1.0,2.0,3.0,MoS2_0.01562,8.51092650000012,1.145699999999998
6141d8b5baaf234b3529037c,low_MoS2,2.0,1.0,3.0,MoS2_0.01562,17.871264690000082,1.107999999999997
6141d8ba31cf3ef3d4a9ef7e,low_MoS2,2.0,1.0,3.0,MoS2_0.01562,41.46599142999999,0.41620000000000346
6141d8beee0a3fd43fb47bef,low_MoS2,1.0,2.0,3.0,MoS2_0.01562,32.148213919999975,0.3999999999999986
6141d8c34e27a1844a5f023a,low_MoS2,1.0,2.0,3.0,MoS2_0.01562,8.512486760000026,1.146499999999996
6141d8c39cbada84a86769e5,low_MoS2,0.0,3.0,3.0,MoS2_0.01562,-0.8324182499999893,1.809199999999997
6141d8c43ac25c70a5c6c92b,low_MoS2,3.0,0.0,3.0,MoS2_0.01562,50.31922124999998,0.15720000000000312
6141d8c5baaf234b3529037e,low_MoS2,2.0,1.0,3.0,MoS2_0.01562,17.865560149999958,1.104300000000002
6141d8ca31cf3ef3d4a9ef80,low_MoS2,2.0,1.0,3.0,MoS2_0.01562,41.461996370000136,0.37000000000000455
6141d8cdee0a3fd43fb47bf1,low_MoS2,1.0,2.0,3.0,MoS2_0.01562,31.956392250000125,0.2622
6141d8d14e27a1844a5f023c,low_MoS2,1.0,2.0,3.0,MoS2_0.01562,8.505339569999958,1.1426999999999978
6141d8d39cbada84a86769e7,low_MoS2,0.0,3.0,3.0,MoS2_0.01562,-0.8325845500000355,1.8091000000000008
6141d8d6baaf234b35290380,low_MoS2,2.0,1.0,3.0,MoS2_0.01562,17.895047620000007,1.1156000000000006
6141d8da31cf3ef3d4a9ef82,low_MoS2,2.0,1.0,3.0,MoS2_0.01562,41.48754651999998,0.41140000000000043
6141d8dcee0a3fd43fb47bf3,low_MoS2,1.0,2.0,3.0,MoS2_0.01562,32.15154583000002,0.402000000000001
6141d8e04e27a1844a5f023e,low_MoS2,1.0,2.0,3.0,MoS2_0.01562,8.510010050000144,1.1437000000000026
6141d8e29cbada84a86769e9,low_MoS2,0.0,3.0,3.0,MoS2_0.01562,-0.8228937799999017,1.8057000000000016
6141d8e63ac25c70a5c6c92d,low_MoS2,3.0,0.0,3.0,MoS2_0.01562,50.80789023999993,0.3421999999999983
6141d8ea31cf3ef3d4a9ef84,low_MoS2,2.0,1.0,3.0,MoS2_0.01562,41.461460259999924,0.35539999999999594
6141d8ed4e27a1844a5f0240,low_MoS2,1.0,2.0,3.0,MoS2_0.01562,8.533670560000044,1.1369000000000042
6141d8f59cbada84a86769eb,low_MoS2,0.0,3.0,3.0,MoS2_0.01562,-0.8323153799998977,1.8093000000000004
6141d8f9ee0a3fd43fb47bf5,low_MoS2,1.0,2.0,3.0,MoS2_0.01562,32.09071876000006,0.40390000000000015
6141d8fa31cf3ef3d4a9ef86,low_MoS2,2.0,1.0,3.0,MoS2_0.01562,41.47327553999999,0.3930000000000007
6141d8fbbaaf234b35290382,low_MoS2,2.0,1.0,3.0,MoS2_0.01562,17.863647240000084,1.1122000000000014
6141d9059cbada84a86769ed,low_MoS2,0.0,3.0,3.0,MoS2_0.01562,-0.8289051099999938,1.8075000000000045
6141d9073ac25c70a5c6c92f,low_MoS2,3.0,0.0,3.0,MoS2_0.01562,50.858893340000044,0.17949999999999733
6141d908ee0a3fd43fb47bf7,low_MoS2,1.0,2.0,3.0,MoS2_0.01562,32.12268923000009,0.3486000000000047
6141d90cbaaf234b35290384,low_MoS2,2.0,1.0,3.0,MoS2_0.01562,17.885348929999957,1.0996000000000024
6141d9124e27a1844a5f0242,low_MoS2,1.0,2.0,3.0,MoS2_0.01562,8.534336380000038,1.1366999999999976
6141d9169cbada84a86769ef,low_MoS2,0.0,3.0,3.0,MoS2_0.01562,-0.8314813700000627,1.8089000000000013
6141d917ee0a3fd43fb47bf9,low_MoS2,1.0,2.0,3.0,MoS2_0.01562,32.149657420000025,0.3995999999999995
6141d91ebaaf234b35290386,low_MoS2,2.0,1.0,3.0,MoS2_0.01562,17.858978669999935,1.092400000000005
6141d9204e27a1844a5f0244,low_MoS2,1.0,2.0,3.0,MoS2_0.01562,8.512848350000038,1.1463000000000036
6141d92131cf3ef3d4a9ef88,low_MoS2,2.0,1.0,3.0,MoS2_0.01562,41.483830399999945,0.4106999999999985
6141d9259cbada84a86769f1,low_MoS2,0.0,3.0,3.0,MoS2_0.01562,-0.8223515300000486,1.8063999999999965
6141d92a3ac25c70a5c6c931,low_MoS2,3.0,0.0,3.0,MoS2_0.01562,50.814266109999984,0.3382999999999967
6141d92fbaaf234b35290388,low_MoS2,2.0,1.0,3.0,MoS2_0.01562,17.873029480000007,1.101300000000002
6141d92fee0a3fd43fb47bfb,low_MoS2,1.0,2.0,3.0,MoS2_0.01562,32.13662721000013,0.4013999999999953
6141d93131cf3ef3d4a9ef8a,low_MoS2,2.0,1.0,3.0,MoS2_0.01562,41.4568626100001,0.38300000000000267
6141d9369cbada84a86769f3,low_MoS2,0.0,3.0,3.0,MoS2_0.01562,-0.83266486999986,1.810299999999998
6141d93eee0a3fd43fb47bfd,low_MoS2,1.0,2.0,3.0,MoS2_0.01562,32.139222199999935,0.40379999999999683
6141d93f31cf3ef3d4a9ef8c,low_MoS2,2.0,1.0,3.0,MoS2_0.01562,41.45756845000001,0.38640000000000185
6141d940baaf234b3529038a,low_MoS2,2.0,1.0,3.0,MoS2_0.01562,17.856759369999956,1.0015999999999963
6141d9474e27a1844a5f0246,low_MoS2,1.0,2.0,3.0,MoS2_0.01562,8.504497769999968,1.1489000000000047
6141d94c3ac25c70a5c6c933,low_MoS2,3.0,0.0,3.0,MoS2_0.01562,50.78781091000011,0.4200000000000017
6141d94dee0a3fd43fb47bff,low_MoS2,1.0,2.0,3.0,MoS2_0.01562,31.966937760000054,0.2668999999999997
6141d951baaf234b3529038c,low_MoS2,2.0,1.0,3.0,MoS2_0.01562,17.86470408000013,1.1058999999999983
6141d9569cbada84a86769f5,low_MoS2,0.0,3.0,3.0,MoS2_0.01562,-0.8330934499999216,1.809899999999999
6141d9564e27a1844a5f0248,low_MoS2,1.0,2.0,3.0,MoS2_0.01562,8.509423360000053,1.1454000000000022
6141d95d31cf3ef3d4a9ef8e,low_MoS2,2.0,1.0,3.0,MoS2_0.01562,41.460649179999976,0.35600000000000165
6141d962baaf234b3529038e,low_MoS2,2.0,1.0,3.0,MoS2_0.01562,17.84992729000009,1.0837000000000003
6141d9649cbada84a86769f7,low_MoS2,0.0,3.0,3.0,MoS2_0.01562,-0.8040794299999448,1.8079999999999998
6141d9654e27a1844a5f024a,low_MoS2,1.0,2.0,3.0,MoS2_0.01562,8.514541280000028,1.1461000000000041
6141d966ee0a3fd43fb47c01,low_MoS2,1.0,2.0,3.0,MoS2_0.01562,32.08462862000009,0.4054999999999964
6141d96d31cf3ef3d4a9ef90,low_MoS2,2.0,1.0,3.0,MoS2_0.01562,41.46118296999994,0.38400000000000034
6141d96e3ac25c70a5c6c935,low_MoS2,3.0,0.0,3.0,MoS2_0.01562,50.793634239999996,0.3604000000000056
6141d9744e27a1844a5f024c,low_MoS2,1.0,2.0,3.0,MoS2_0.01562,8.503247820000094,1.1471000000000018
6141d9749cbada84a86769f9,low_MoS2,0.0,3.0,3.0,MoS2_0.01562,-0.8342261899999244,1.807300000000005
6141d97dbaaf234b35290390,low_MoS2,2.0,1.0,3.0,MoS2_0.01562,17.859294800000036,1.1062000000000012
6141d97d31cf3ef3d4a9ef92,low_MoS2,2.0,1.0,3.0,MoS2_0.01562,41.28236219000014,0.2710000000000008
6141d9839cbada84a86769fb,low_MoS2,0.0,3.0,3.0,MoS2_0.01562,-0.8058278999998834,1.8068999999999988
6141d9874e27a1844a5f024e,low_MoS2,1.0,2.0,3.0,MoS2_0.01562,8.504147549999995,1.1480000000000032
6141d98c31cf3ef3d4a9ef94,low_MoS2,2.0,1.0,3.0,MoS2_0.01562,41.44581299000011,0.35669999999999646
6141d98ebaaf234b35290392,low_MoS2,2.0,1.0,3.0,MoS2_0.01562,17.851128310000142,1.0948999999999955
6141d9939cbada84a86769fd,low_MoS2,0.0,3.0,3.0,MoS2_0.01562,-0.8300808099999699,1.8074000000000012
6141d994ee0a3fd43fb47c03,low_MoS2,1.0,2.0,3.0,MoS2_0.01562,32.150895160000104,0.39869999999999806
6141d9954e27a1844a5f0250,low_MoS2,1.0,2.0,3.0,MoS2_0.01562,8.504511570000002,1.1461000000000041
6141d99d31cf3ef3d4a9ef96,low_MoS2,2.0,1.0,3.0,MoS2_0.01562,41.46105793000011,0.32379999999999853
6141d99fbaaf234b35290394,low_MoS2,2.0,1.0,3.0,MoS2_0.01562,17.845938890000063,1.0835000000000008
6141d9a39cbada84a86769ff,low_MoS2,0.0,3.0,3.0,MoS2_0.01562,-0.8342303999999672,1.8074000000000012
6141d9a3ee0a3fd43fb47c05,low_MoS2,1.0,2.0,3.0,MoS2_0.01562,32.090313560000126,0.4042999999999992
6141d9a34e27a1844a5f0252,low_MoS2,1.0,2.0,3.0,MoS2_0.01562,8.507075440000133,1.147599999999997
6141d9ab3ac25c70a5c6c937,low_MoS2,3.0,0.0,3.0,MoS2_0.01562,50.77338223999997,0.39809999999999945
6141d9ad31cf3ef3d4a9ef98,low_MoS2,2.0,1.0,3.0,MoS2_0.01562,41.418518630000065,0.4166000000000025
6141d9b1baaf234b35290396,low_MoS2,2.0,1.0,3.0,MoS2_0.01562,17.86573264999992,1.1113
6141d9b14e27a1844a5f0254,low_MoS2,1.0,2.0,3.0,MoS2_0.01562,8.53133453000012,1.1388999999999996
6141d9b3ee0a3fd43fb47c07,low_MoS2,1.0,2.0,3.0,MoS2_0.01562,32.157667509999996,0.40400000000000347
6141d9c04e27a1844a5f0256,low_MoS2,1.0,2.0,3.0,MoS2_0.01562,8.511319819999951,1.1460000000000008
6141d9c2ee0a3fd43fb47c09,low_MoS2,1.0,2.0,3.0,MoS2_0.01562,32.14580281000006,0.40270000000000294
6141d9c9baaf234b35290398,low_MoS2,2.0,1.0,3.0,MoS2_0.01562,17.87402091000012,0.960799999999999
6141d9ca9cbada84a8676a01,low_MoS2,0.0,3.0,3.0,MoS2_0.01562,-0.8327015799999913,1.8100999999999985
6141d9ce4e27a1844a5f0258,low_MoS2,1.0,2.0,3.0,MoS2_0.01562,8.528887369999918,1.1387
6141d9d1ee0a3fd43fb47c0b,low_MoS2,1.0,2.0,3.0,MoS2_0.01562,32.12209258000006,0.368700000000004
6141d9d33ac25c70a5c6c939,low_MoS2,3.0,0.0,3.0,MoS2_0.01562,50.90282214999994,0.16929999999999978
6141d9da31cf3ef3d4a9ef9a,low_MoS2,2.0,1.0,3.0,MoS2_0.01562,41.296482059999974,0.2646000000000015
6141d9dabaaf234b3529039a,low_MoS2,2.0,1.0,3.0,MoS2_0.01562,17.84954134000008,1.001100000000001
6141d9da9cbada84a8676a03,low_MoS2,0.0,3.0,3.0,MoS2_0.01562,-0.8313185300000328,1.8084999999999951
6141d9dc4e27a1844a5f025a,low_MoS2,1.0,2.0,3.0,MoS2_0.01562,8.518735939999967,1.1448000000000036
6141d9e1ee0a3fd43fb47c0d,low_MoS2,1.0,2.0,3.0,MoS2_0.01562,32.151456519999996,0.40569999999999595
6141d9eb31cf3ef3d4a9ef9c,low_MoS2,2.0,1.0,3.0,MoS2_0.01562,41.46844483000014,0.32379999999999853
6141d9ebbaaf234b3529039c,low_MoS2,2.0,1.0,3.0,MoS2_0.01562,17.867092760000098,1.1113999999999962
6141d9f1ee0a3fd43fb47c0f,low_MoS2,1.0,2.0,3.0,MoS2_0.01562,32.14288692000012,0.4029000000000025
6141d9f64e27a1844a5f025c,low_MoS2,1.0,2.0,3.0,MoS2_0.01562,8.510147120000081,1.1456000000000017
6141d9fa9cbada84a8676a05,low_MoS2,0.0,3.0,3.0,MoS2_0.01562,-0.8325791899998762,1.8100000000000023
6141d9fc3ac25c70a5c6c93b,low_MoS2,3.0,0.0,3.0,MoS2_0.01562,48.81568794000001,0.20690000000000452
6141d9fd31cf3ef3d4a9ef9e,low_MoS2,2.0,1.0,3.0,MoS2_0.01562,41.44474381999994,0.3826999999999998
6141d9fdbaaf234b3529039e,low_MoS2,2.0,1.0,3.0,MoS2_0.01562,17.900070550000002,1.1200000000000045
6141da00ee0a3fd43fb47c11,low_MoS2,1.0,2.0,3.0,MoS2_0.01562,32.125900920000035,0.3494000000000028
6141da044e27a1844a5f025e,low_MoS2,1.0,2.0,3.0,MoS2_0.01562,8.516593240000045,1.1433999999999997
6141da0e31cf3ef3d4a9efa0,low_MoS2,2.0,1.0,3.0,MoS2_0.01562,41.45754720000009,0.38170000000000215
6141da0fbaaf234b352903a0,low_MoS2,2.0,1.0,3.0,MoS2_0.01562,17.89816758999995,1.118300000000005
6141da119cbada84a8676a07,low_MoS2,0.0,3.0,3.0,MoS2_0.01562,-0.8314953599999058,1.808799999999998
6141da134e27a1844a5f0260,low_MoS2,1.0,2.0,3.0,MoS2_0.01562,8.533028360000142,1.1400000000000006
6141da1aee0a3fd43fb47c13,low_MoS2,1.0,2.0,3.0,MoS2_0.01562,32.147418080000065,0.4011999999999958
6141da1f31cf3ef3d4a9efa2,low_MoS2,2.0,1.0,3.0,MoS2_0.01562,41.45331056999994,0.3966999999999956
6141da209cbada84a8676a09,low_MoS2,0.0,3.0,3.0,MoS2_0.01562,-0.8320049599998924,1.8091000000000008
6141da20baaf234b352903a2,low_MoS2,2.0,1.0,3.0,MoS2_0.01562,17.86793510000006,0.997399999999999
6141da203ac25c70a5c6c93d,low_MoS2,3.0,0.0,3.0,MoS2_0.01562,50.82327137000008,0.38469999999999516
6141da224e27a1844a5f0262,low_MoS2,1.0,2.0,3.0,MoS2_0.01562,8.506291740000076,1.1480999999999995
6141da2f31cf3ef3d4a9efa4,low_MoS2,2.0,1.0,3.0,MoS2_0.01562,41.47896834000012,0.41499999999999915
6141da2f9cbada84a8676a0b,low_MoS2,0.0,3.0,3.0,MoS2_0.01562,-0.8046466600000599,1.8079999999999998
6141da30ee0a3fd43fb47c15,low_MoS2,1.0,2.0,3.0,MoS2_0.01562,32.154291199999975,0.403100000000002
6141da304e27a1844a5f0264,low_MoS2,1.0,2.0,3.0,MoS2_0.01562,8.510668809999995,1.1469999999999985
6141da32baaf234b352903a4,low_MoS2,2.0,1.0,3.0,MoS2_0.01562,17.869002910000056,1.109499999999997
6141da3f4e27a1844a5f0266,low_MoS2,1.0,2.0,3.0,MoS2_0.01562,8.547918290000123,1.1773000000000025
6141da3fee0a3fd43fb47c17,low_MoS2,1.0,2.0,3.0,MoS2_0.01562,32.09143575999995,0.40450000000000585
6141da4031cf3ef3d4a9efa6,low_MoS2,2.0,1.0,3.0,MoS2_0.01562,41.46306610999996,0.36419999999999675
6141da4e4e27a1844a5f0268,low_MoS2,1.0,2.0,3.0,MoS2_0.01562,8.505414020000014,1.1458999999999975
6141da4e31cf3ef3d4a9efa8,low_MoS2,2.0,1.0,3.0,MoS2_0.01562,41.46173930000005,0.36430000000000007
6141da4f3ac25c70a5c6c93f,low_MoS2,3.0,0.0,3.0,MoS2_0.01562,50.70598353000006,0.42729999999999535
6141da51ee0a3fd43fb47c19,low_MoS2,1.0,2.0,3.0,MoS2_0.01562,32.121591260000045,0.35360000000000014
6141da52baaf234b352903a6,low_MoS2,2.0,1.0,3.0,MoS2_0.01562,17.860355850000126,1.0829000000000022
6141da559cbada84a8676a0d,low_MoS2,0.0,3.0,3.0,MoS2_0.01562,-0.8337450799999147,1.8074000000000012
6141da5d4e27a1844a5f026a,low_MoS2,1.0,2.0,3.0,MoS2_0.01562,8.50609975,1.1460000000000008
6141da5f31cf3ef3d4a9efaa,low_MoS2,2.0,1.0,3.0,MoS2_0.01562,41.456776619999985,0.40269999999999584
6141da61ee0a3fd43fb47c1b,low_MoS2,1.0,2.0,3.0,MoS2_0.01562,32.123174520000006,0.3521000000000001
6141da63baaf234b352903a8,low_MoS2,2.0,1.0,3.0,MoS2_0.01562,17.85158840999997,1.0837999999999965
6141da659cbada84a8676a0f,low_MoS2,0.0,3.0,3.0,MoS2_0.01562,-0.8294871800000578,1.808399999999999
6141da6c4e27a1844a5f026c,low_MoS2,1.0,2.0,3.0,MoS2_0.01562,8.51471990000007,1.145300000000006
6141da7031cf3ef3d4a9efac,low_MoS2,2.0,1.0,3.0,MoS2_0.01562,41.447181060000005,0.3579000000000008
6141da71ee0a3fd43fb47c1d,low_MoS2,1.0,2.0,3.0,MoS2_0.01562,32.115896649999954,0.33449999999999847
6141da759cbada84a8676a11,low_MoS2,0.0,3.0,3.0,MoS2_0.01562,-0.8312519000000407,1.8097999999999956
6141da75baaf234b352903aa,low_MoS2,2.0,1.0,3.0,MoS2_0.01562,17.870662629999963,1.1086000000000027
6141da753ac25c70a5c6c941,low_MoS2,3.0,0.0,3.0,MoS2_0.01562,50.803557659999946,0.3485999999999976
6141da82ee0a3fd43fb47c1f,low_MoS2,1.0,2.0,3.0,MoS2_0.01562,32.12320636999992,0.35079999999999956
6141da894e27a1844a5f026e,low_MoS2,1.0,2.0,3.0,MoS2_0.01562,8.506056780000133,1.142400000000002
6141da8a31cf3ef3d4a9efae,low_MoS2,2.0,1.0,3.0,MoS2_0.01562,41.48444815000012,0.4057999999999993
6141da93ee0a3fd43fb47c21,low_MoS2,1.0,2.0,3.0,MoS2_0.01562,32.07669792,0.35769999999999413
6141da95baaf234b352903ac,low_MoS2,2.0,1.0,3.0,MoS2_0.01562,17.855720310000144,1.0943999999999932
6141da984e27a1844a5f0270,low_MoS2,1.0,2.0,3.0,MoS2_0.01562,8.513761019999972,1.1458000000000013
6141da9931cf3ef3d4a9efb0,low_MoS2,2.0,1.0,3.0,MoS2_0.01562,41.42533805000012,0.3813000000000031
6141da9e9cbada84a8676a13,low_MoS2,0.0,3.0,3.0,MoS2_0.01562,-0.8327401700000223,1.8076000000000008
6141daa64e27a1844a5f0272,low_MoS2,1.0,2.0,3.0,MoS2_0.01562,8.514574710000058,1.1445000000000007
6141daa7baaf234b352903ae,low_MoS2,2.0,1.0,3.0,MoS2_0.01562,17.90043448000005,1.1147999999999954
6141daa9ee0a3fd43fb47c23,low_MoS2,1.0,2.0,3.0,MoS2_0.01562,32.04264938999994,0.4040999999999997
6141daaa31cf3ef3d4a9efb2,low_MoS2,2.0,1.0,3.0,MoS2_0.01562,41.46113473999999,0.3836000000000013
6141daae9cbada84a8676a15,low_MoS2,0.0,3.0,3.0,MoS2_0.01562,-0.8342025900000749,1.8076000000000008
6141dab54e27a1844a5f0274,low_MoS2,1.0,2.0,3.0,MoS2_0.01562,8.505256570000054,1.1430000000000007
6141dab9ee0a3fd43fb47c25,low_MoS2,1.0,2.0,3.0,MoS2_0.01562,31.87044734999994,0.25019999999999953
6141dab9baaf234b352903b0,low_MoS2,2.0,1.0,3.0,MoS2_0.01562,17.865983659999976,1.1043999999999983
6141dabb3ac25c70a5c6c943,low_MoS2,3.0,0.0,3.0,MoS2_0.01562,50.81023180000003,0.34199999999999875
6141dabb31cf3ef3d4a9efb4,low_MoS2,2.0,1.0,3.0,MoS2_0.01562,41.46203692000013,0.39339999999999975
6141dabe9cbada84a8676a17,low_MoS2,0.0,3.0,3.0,MoS2_0.01562,-0.8308017799999448,1.8070999999999984
6141dac54e27a1844a5f0276,low_MoS2,1.0,2.0,3.0,MoS2_0.01562,8.506254229999993,1.1454999999999984
6141dac9ee0a3fd43fb47c27,low_MoS2,1.0,2.0,3.0,MoS2_0.01562,32.151326280000134,0.40559999999999974
6141dacbbaaf234b352903b2,low_MoS2,2.0,1.0,3.0,MoS2_0.01562,17.875767680000074,1.0915999999999997
6141dacc31cf3ef3d4a9efb6,low_MoS2,2.0,1.0,3.0,MoS2_0.01562,40.90575393000013,0.15820000000000078
6141dad44e27a1844a5f0278,low_MoS2,1.0,2.0,3.0,MoS2_0.01562,8.536671229999936,1.1407999999999987
6141dad59cbada84a8676a19,low_MoS2,0.0,3.0,3.0,MoS2_0.01562,-0.8317561999999157,1.806600000000003
6141dad9ee0a3fd43fb47c29,low_MoS2,1.0,2.0,3.0,MoS2_0.01562,32.1314100500001,0.39800000000000324
6141dadc31cf3ef3d4a9efb8,low_MoS2,2.0,1.0,3.0,MoS2_0.01562,41.46290921000009,0.41729999999999734
6141dae13ac25c70a5c6c945,low_MoS2,3.0,0.0,3.0,MoS2_0.01562,50.404644240000074,0.25390000000000157
6141dae59cbada84a8676a1b,low_MoS2,0.0,3.0,3.0,MoS2_0.01562,-0.8325860100000568,1.8094000000000037
6141dae9ee0a3fd43fb47c2b,low_MoS2,1.0,2.0,3.0,MoS2_0.01562,32.14261320000013,0.4054000000000002
6141daed31cf3ef3d4a9efba,low_MoS2,2.0,1.0,3.0,MoS2_0.01562,41.39698738000011,0.3883999999999972
6141daf59cbada84a8676a1d,low_MoS2,0.0,3.0,3.0,MoS2_0.01562,-0.833298769999999,1.8066999999999993
6141dafaee0a3fd43fb47c2d,low_MoS2,1.0,2.0,3.0,MoS2_0.01562,32.130305410000105,0.4005999999999972
6141dafb4e27a1844a5f027a,low_MoS2,1.0,2.0,3.0,MoS2_0.01562,8.513899419999941,1.1465999999999994
6141dafe31cf3ef3d4a9efbc,low_MoS2,2.0,1.0,3.0,MoS2_0.01562,41.45284325000007,0.4124000000000052
6141db069cbada84a8676a1f,low_MoS2,0.0,3.0,3.0,MoS2_0.01562,-0.8316976599998611,1.8091000000000008
6141db0aee0a3fd43fb47c2f,low_MoS2,1.0,2.0,3.0,MoS2_0.01562,32.146275560000035,0.4012999999999991
6141db0a4e27a1844a5f027c,low_MoS2,1.0,2.0,3.0,MoS2_0.01562,8.509870750000143,1.146099999999997
6141db1031cf3ef3d4a9efbe,low_MoS2,2.0,1.0,3.0,MoS2_0.01562,41.42804773999997,0.375
6141db179cbada84a8676a21,low_MoS2,0.0,3.0,3.0,MoS2_0.01562,-0.8311757499999999,1.809899999999999
6141db17baaf234b352903b4,low_MoS2,2.0,1.0,3.0,MoS2_0.01562,17.85877614000014,1.0955000000000013
6141db1a4e27a1844a5f027e,low_MoS2,1.0,2.0,3.0,MoS2_0.01562,8.50198333999995,1.1501999999999981
6141db2131cf3ef3d4a9efc0,low_MoS2,2.0,1.0,3.0,MoS2_0.01562,40.9734976700001,0.15400000000000347
6141db279cbada84a8676a23,low_MoS2,0.0,3.0,3.0,MoS2_0.01562,-0.8326781600000572,1.8070999999999984
6141db294e27a1844a5f0280,low_MoS2,1.0,2.0,3.0,MoS2_0.01562,8.553218309999945,1.1738
6141db2c3ac25c70a5c6c947,low_MoS2,3.0,0.0,3.0,MoS2_0.01562,50.70331281999999,0.31929999999999836
6141db2cbaaf234b352903b6,low_MoS2,2.0,1.0,3.0,MoS2_0.01562,17.859595450000135,1.1114000000000033
6141db3231cf3ef3d4a9efc2,low_MoS2,2.0,1.0,3.0,MoS2_0.01562,39.49771875000006,0.15059999999999718
6141db33ee0a3fd43fb47c31,low_MoS2,1.0,2.0,3.0,MoS2_0.01562,32.14573515000005,0.4007999999999967
6141db384e27a1844a5f0282,low_MoS2,1.0,2.0,3.0,MoS2_0.01562,8.494327189999947,1.1377000000000024
6141db3fbaaf234b352903b8,low_MoS2,2.0,1.0,3.0,MoS2_0.01562,17.8902324600001,0.9588999999999999
6141db474e27a1844a5f0284,low_MoS2,1.0,2.0,3.0,MoS2_0.01562,8.494171210000129,1.137599999999999
6141db4831cf3ef3d4a9efc4,low_MoS2,2.0,1.0,3.0,MoS2_0.01562,41.456766799999926,0.3913999999999973
6141db489cbada84a8676a25,low_MoS2,0.0,3.0,3.0,MoS2_0.01562,-0.8340917200000035,1.807300000000005
6141db54ee0a3fd43fb47c33,low_MoS2,1.0,2.0,3.0,MoS2_0.01562,32.14267844000004,0.4037000000000006
6141db574e27a1844a5f0286,low_MoS2,1.0,2.0,3.0,MoS2_0.01562,8.532893370000036,1.1385000000000005
6141db573ac25c70a5c6c949,low_MoS2,3.0,0.0,3.0,MoS2_0.01562,50.83699158999995,0.34660000000000224
6141db5ebaaf234b352903ba,low_MoS2,2.0,1.0,3.0,MoS2_0.01562,17.867988109999935,1.1089999999999947
6141db669cbada84a8676a27,low_MoS2,0.0,3.0,3.0,MoS2_0.01562,-0.8343423399998642,1.8064999999999998
6141db674e27a1844a5f0288,low_MoS2,1.0,2.0,3.0,MoS2_0.01562,8.510642420000092,1.1450000000000031
6141db6731cf3ef3d4a9efc6,low_MoS2,2.0,1.0,3.0,MoS2_0.01562,41.437379509999985,0.4106999999999985
6141db6fee0a3fd43fb47c35,low_MoS2,1.0,2.0,3.0,MoS2_0.01562,32.142423369999946,0.4018000000000015
6141db70baaf234b352903bc,low_MoS2,2.0,1.0,3.0,MoS2_0.01562,17.89982437999992,1.1177000000000064
6141db7831cf3ef3d4a9efc8,low_MoS2,2.0,1.0,3.0,MoS2_0.01562,41.47515826000013,0.33370000000000033
6141db7d9cbada84a8676a29,low_MoS2,0.0,3.0,3.0,MoS2_0.01562,-0.822831800000074,1.806199999999997
6141db7fee0a3fd43fb47c37,low_MoS2,1.0,2.0,3.0,MoS2_0.01562,32.145814749999985,0.4019999999999939
6141db823ac25c70a5c6c94b,low_MoS2,3.0,0.0,3.0,MoS2_0.01562,50.69507091999996,0.307699999999997
6141db82baaf234b352903be,low_MoS2,2.0,1.0,3.0,MoS2_0.01562,17.873814570000143,1.0019999999999953
6141db854e27a1844a5f028a,low_MoS2,1.0,2.0,3.0,MoS2_0.01562,8.509918640000048,1.1450000000000031
6141db8831cf3ef3d4a9efca,low_MoS2,2.0,1.0,3.0,MoS2_0.01562,40.97569478999999,0.15610000000000213
6141db8e9cbada84a8676a2b,low_MoS2,0.0,3.0,3.0,MoS2_0.01562,-0.8321648299999538,1.8099999999999952
6141db90ee0a3fd43fb47c39,low_MoS2,1.0,2.0,3.0,MoS2_0.01562,32.14471388000014,0.4037000000000006
6141db964e27a1844a5f028c,low_MoS2,1.0,2.0,3.0,MoS2_0.01562,8.497625440000117,1.1479
6141db9a31cf3ef3d4a9efcc,low_MoS2,2.0,1.0,3.0,MoS2_0.01562,41.450410040000136,0.3825000000000003
6141db9f9cbada84a8676a2d,low_MoS2,0.0,3.0,3.0,MoS2_0.01562,-0.8317747000000395,1.8084999999999951
6141dba0baaf234b352903c0,low_MoS2,2.0,1.0,3.0,MoS2_0.01562,17.857355770000133,1.1113999999999962
6141dba0ee0a3fd43fb47c3b,low_MoS2,1.0,2.0,3.0,MoS2_0.01562,32.08968539999999,0.4041999999999959
6141dba64e27a1844a5f028e,low_MoS2,1.0,2.0,3.0,MoS2_0.01562,8.510161220000125,1.144600000000004
6141dbab31cf3ef3d4a9efce,low_MoS2,2.0,1.0,3.0,MoS2_0.01562,41.470999809999924,0.33660000000000423
6141dbb1ee0a3fd43fb47c3d,low_MoS2,1.0,2.0,3.0,MoS2_0.01562,32.150994220000015,0.40519999999999357
6141dbbd31cf3ef3d4a9efd0,low_MoS2,2.0,1.0,3.0,MoS2_0.01562,41.43816867000005,0.4089000000000027
6141dbc14e27a1844a5f0290,low_MoS2,1.0,2.0,3.0,MoS2_0.01562,8.500581759999957,1.1462000000000003
6141dbc2ee0a3fd43fb47c3f,low_MoS2,1.0,2.0,3.0,MoS2_0.01562,32.12575046999994,0.3500000000000014
6141dbc7baaf234b352903c2,low_MoS2,2.0,1.0,3.0,MoS2_0.01562,17.86466485999994,1.083599999999997
6141dbcf31cf3ef3d4a9efd2,low_MoS2,2.0,1.0,3.0,MoS2_0.01562,41.423923960000096,0.38109999999999644
6141dbd14e27a1844a5f0292,low_MoS2,1.0,2.0,3.0,MoS2_0.01562,8.51818559999995,1.1426000000000016
6141dbd23ac25c70a5c6c94d,low_MoS2,3.0,0.0,3.0,MoS2_0.01562,50.81658426000005,0.3971000000000018
6141dbd3ee0a3fd43fb47c41,low_MoS2,1.0,2.0,3.0,MoS2_0.01562,32.14518971999995,0.4025999999999996
6141dbdc9cbada84a8676a2f,low_MoS2,0.0,3.0,3.0,MoS2_0.01562,-0.8292839099999014,1.808799999999998
6141dbe031cf3ef3d4a9efd4,low_MoS2,2.0,1.0,3.0,MoS2_0.01562,41.43618188000001,0.41259999999999764
6141dbe4ee0a3fd43fb47c43,low_MoS2,1.0,2.0,3.0,MoS2_0.01562,31.95547572999998,0.26089999999999947
6141dbe6baaf234b352903c4,low_MoS2,2.0,1.0,3.0,MoS2_0.01562,17.867041800000145,1.109099999999998
6141dbed9cbada84a8676a31,low_MoS2,0.0,3.0,3.0,MoS2_0.01562,-0.8041310899999985,1.808399999999999
6141dbf14e27a1844a5f0294,low_MoS2,1.0,2.0,3.0,MoS2_0.01562,8.531894180000133,1.1383999999999972
6141dbf231cf3ef3d4a9efd6,low_MoS2,2.0,1.0,3.0,MoS2_0.01562,41.42738615999993,0.38299999999999557
6141dbf5ee0a3fd43fb47c45,low_MoS2,1.0,2.0,3.0,MoS2_0.01562,32.14574652000009,0.40209999999999724
6141dbfe9cbada84a8676a33,low_MoS2,0.0,3.0,3.0,MoS2_0.01562,-0.8218672299998957,1.8059999999999974
6141dc004e27a1844a5f0296,low_MoS2,1.0,2.0,3.0,MoS2_0.01562,8.514867670000083,1.1417999999999964
6141dc0431cf3ef3d4a9efd8,low_MoS2,2.0,1.0,3.0,MoS2_0.01562,41.442625800000044,0.39289999999999736
6141dc08ee0a3fd43fb47c47,low_MoS2,1.0,2.0,3.0,MoS2_0.01562,32.15370370999993,0.3973000000000013
6141dc109cbada84a8676a35,low_MoS2,0.0,3.0,3.0,MoS2_0.01562,-0.8332176900000263,1.8063999999999965
6141dc104e27a1844a5f0298,low_MoS2,1.0,2.0,3.0,MoS2_0.01562,8.509075859999964,1.1454999999999984
6141dc1631cf3ef3d4a9efda,low_MoS2,2.0,1.0,3.0,MoS2_0.01562,41.47771869000003,0.4136000000000024
6141dc204e27a1844a5f029a,low_MoS2,1.0,2.0,3.0,MoS2_0.01562,8.510370579999996,1.1462000000000003
6141dc229cbada84a8676a37,low_MoS2,0.0,3.0,3.0,MoS2_0.01562,-0.8339606900000831,1.806599999999996
6141dc22ee0a3fd43fb47c49,low_MoS2,1.0,2.0,3.0,MoS2_0.01562,32.11682438000001,0.33139999999999503
6141dc2831cf3ef3d4a9efdc,low_MoS2,2.0,1.0,3.0,MoS2_0.01562,41.482959469999926,0.41259999999999764
6141dc2a3ac25c70a5c6c94f,low_MoS2,3.0,0.0,3.0,MoS2_0.01562,50.804448459999925,0.3774999999999977
6141dc2f4e27a1844a5f029c,low_MoS2,1.0,2.0,3.0,MoS2_0.01562,8.515990189999936,1.1443999999999974
6141dc339cbada84a8676a39,low_MoS2,0.0,3.0,3.0,MoS2_0.01562,-0.8318739499999879,1.8084999999999951
6141dc33ee0a3fd43fb47c4b,low_MoS2,1.0,2.0,3.0,MoS2_0.01562,32.139633779999926,0.40340000000000487
6141dc3bbaaf234b352903c6,low_MoS2,2.0,1.0,3.0,MoS2_0.01562,17.86534380000011,1.1098999999999961
6141dc3f4e27a1844a5f029e,low_MoS2,1.0,2.0,3.0,MoS2_0.01562,8.506933059999962,1.137900000000002
6141dc4331cf3ef3d4a9efde,low_MoS2,2.0,1.0,3.0,MoS2_0.01562,41.48979503999995,0.4135999999999953
6141dc45ee0a3fd43fb47c4d,low_MoS2,1.0,2.0,3.0,MoS2_0.01562,32.12303322000001,0.3492999999999995
6141dc459cbada84a8676a3b,low_MoS2,0.0,3.0,3.0,MoS2_0.01562,-0.832229600000062,1.808799999999998
6141dc4f4e27a1844a5f02a0,low_MoS2,1.0,2.0,3.0,MoS2_0.01562,8.518482780000138,1.147199999999998
6141dc513ac25c70a5c6c951,low_MoS2,3.0,0.0,3.0,MoS2_0.01562,50.716250600000116,0.31269999999999953
6141dc5331cf3ef3d4a9efe0,low_MoS2,2.0,1.0,3.0,MoS2_0.01562,41.25948805000003,0.2820000000000036
6141dc5cee0a3fd43fb47c4f,low_MoS2,1.0,2.0,3.0,MoS2_0.01562,31.94341604000009,0.25910000000000366
6141dc5f4e27a1844a5f02a2,low_MoS2,1.0,2.0,3.0,MoS2_0.01562,8.513902820000137,1.1458000000000013
6141dc629cbada84a8676a3d,low_MoS2,0.0,3.0,3.0,MoS2_0.01562,-0.8052972600000317,1.807299999999998
6141dc6531cf3ef3d4a9efe2,low_MoS2,2.0,1.0,3.0,MoS2_0.01562,41.41886820000009,0.3808999999999969
6141dc6abaaf234b352903c8,low_MoS2,2.0,1.0,3.0,MoS2_0.01562,17.87373567000008,1.1000000000000014
6141dc6dee0a3fd43fb47c51,low_MoS2,1.0,2.0,3.0,MoS2_0.01562,32.09122541999999,0.4037000000000006
6141dc6f4e27a1844a5f02a4,low_MoS2,1.0,2.0,3.0,MoS2_0.01562,8.510209360000115,1.1448999999999998
6141dc749cbada84a8676a3f,low_MoS2,0.0,3.0,3.0,MoS2_0.01562,-0.8294745499999294,1.8074999999999974
6141dc773ac25c70a5c6c953,low_MoS2,3.0,0.0,3.0,MoS2_0.01562,50.75835633000012,0.388300000000001
6141dc7731cf3ef3d4a9efe4,low_MoS2,2.0,1.0,3.0,MoS2_0.01562,41.402614569999926,0.39520000000000266
6141dc7dbaaf234b352903ca,low_MoS2,2.0,1.0,3.0,MoS2_0.01562,17.86467177000008,1.1098
6141dc7fee0a3fd43fb47c53,low_MoS2,1.0,2.0,3.0,MoS2_0.01562,31.94718794000004,0.26440000000000197
6141dc804e27a1844a5f02a6,low_MoS2,1.0,2.0,3.0,MoS2_0.01562,8.511934249999992,1.1447000000000003
6141dc879cbada84a8676a41,low_MoS2,0.0,3.0,3.0,MoS2_0.01562,-0.8316206100000159,1.808399999999999
6141dc8931cf3ef3d4a9efe6,low_MoS2,2.0,1.0,3.0,MoS2_0.01562,41.46129414000002,0.381299999999996
6141dc91baaf234b352903cc,low_MoS2,2.0,1.0,3.0,MoS2_0.01562,17.871545270000063,1.1011999999999986
6141dc91ee0a3fd43fb47c55,low_MoS2,1.0,2.0,3.0,MoS2_0.01562,32.124922230000024,0.39280000000000115
6141dc914e27a1844a5f02a8,low_MoS2,1.0,2.0,3.0,MoS2_0.01562,8.515188699999978,1.1475000000000009
6141dc9a9cbada84a8676a43,low_MoS2,0.0,3.0,3.0,MoS2_0.01562,-0.8321311199999286,1.809899999999999
6141dc9f3ac25c70a5c6c955,low_MoS2,3.0,0.0,3.0,MoS2_0.01562,50.80203838999993,0.3826999999999998
6141dca24e27a1844a5f02aa,low_MoS2,1.0,2.0,3.0,MoS2_0.01562,8.517970959999982,1.142400000000002
6141dca3ee0a3fd43fb47c57,low_MoS2,1.0,2.0,3.0,MoS2_0.01562,32.141015149999916,0.40220000000000056
6141dca431cf3ef3d4a9efe8,low_MoS2,2.0,1.0,3.0,MoS2_0.01562,41.46373630000012,0.33440000000000225
6141dca6baaf234b352903ce,low_MoS2,2.0,1.0,3.0,MoS2_0.01562,17.851395440000026,1.0947000000000031
6141dcb24e27a1844a5f02ac,low_MoS2,1.0,2.0,3.0,MoS2_0.01562,8.511178629999929,1.1476000000000042
6141dcb4ee0a3fd43fb47c59,low_MoS2,1.0,2.0,3.0,MoS2_0.01562,32.087857480000125,0.40559999999999974
6141dcb59cbada84a8676a45,low_MoS2,0.0,3.0,3.0,MoS2_0.01562,-0.8325903599999833,1.8100999999999985
6141dcc24e27a1844a5f02ae,low_MoS2,1.0,2.0,3.0,MoS2_0.01562,8.514088039999958,1.1443999999999974
6141dcc5ee0a3fd43fb47c5b,low_MoS2,1.0,2.0,3.0,MoS2_0.01562,32.082742609999954,0.35889999999999844
6141dcc63ac25c70a5c6c957,low_MoS2,3.0,0.0,3.0,MoS2_0.01562,50.32223016000004,0.15440000000000254
6141dcd24e27a1844a5f02b0,low_MoS2,1.0,2.0,3.0,MoS2_0.01562,8.490522910000006,1.1376999999999953
6141dcd931cf3ef3d4a9efea,low_MoS2,2.0,1.0,3.0,MoS2_0.01562,41.463341730000096,0.3617000000000061
6141dcdbbaaf234b352903d0,low_MoS2,2.0,1.0,3.0,MoS2_0.01562,17.85769365999999,1.1118999999999986
6141dcdc9cbada84a8676a47,low_MoS2,0.0,3.0,3.0,MoS2_0.01562,-0.8314191199999073,1.808399999999999
6141dcddee0a3fd43fb47c5d,low_MoS2,1.0,2.0,3.0,MoS2_0.01562,32.14059732000008,0.406099999999995
6141dce94e27a1844a5f02b2,low_MoS2,1.0,2.0,3.0,MoS2_0.01562,8.600744030000012,1.1302999999999983
6141dcec31cf3ef3d4a9efec,low_MoS2,2.0,1.0,3.0,MoS2_0.01562,41.47996787999996,0.4067000000000007
6141dcee3ac25c70a5c6c959,low_MoS2,3.0,0.0,3.0,MoS2_0.01562,50.8185947000001,0.3421999999999983
6141dceebaaf234b352903d2,low_MoS2,2.0,1.0,3.0,MoS2_0.01562,17.86848308999992,1.1026000000000025
6141dcf8ee0a3fd43fb47c5f,low_MoS2,1.0,2.0,3.0,MoS2_0.01562,32.14853486000014,0.39920000000000044
6141dcf94e27a1844a5f02b4,low_MoS2,1.0,2.0,3.0,MoS2_0.01562,8.508617960000063,1.1485000000000056
6141dcfb9cbada84a8676a49,low_MoS2,0.0,3.0,3.0,MoS2_0.01562,-0.832557839999879,1.8089999999999975
6141dcfe31cf3ef3d4a9efee,low_MoS2,2.0,1.0,3.0,MoS2_0.01562,41.37103107000003,0.30460000000000065
6141dd09ee0a3fd43fb47c61,low_MoS2,1.0,2.0,3.0,MoS2_0.01562,31.9599497900001,0.263300000000001
6141dd0a4e27a1844a5f02b6,low_MoS2,1.0,2.0,3.0,MoS2_0.01562,8.529846400000022,1.141300000000001
6141dd0d9cbada84a8676a4b,low_MoS2,0.0,3.0,3.0,MoS2_0.01562,-0.8320154600000365,1.8079999999999998
6141dd1131cf3ef3d4a9eff0,low_MoS2,2.0,1.0,3.0,MoS2_0.01562,40.9608793500001,0.15909999999999513
6141dd1a3ac25c70a5c6c95b,low_MoS2,3.0,0.0,3.0,MoS2_0.01562,50.817956819999985,0.34089999999999776
6141dd1bee0a3fd43fb47c63,low_MoS2,1.0,2.0,3.0,MoS2_0.01562,32.14997579999998,0.40039999999999765
6141dd209cbada84a8676a4d,low_MoS2,0.0,3.0,3.0,MoS2_0.01562,-0.8320825299999228,1.8098000000000027
6141dd254e27a1844a5f02b8,low_MoS2,1.0,2.0,3.0,MoS2_0.01562,8.53632375000009,1.1404999999999959
6141dd32ee0a3fd43fb47c65,low_MoS2,1.0,2.0,3.0,MoS2_0.01562,32.14746852000006,0.4012999999999991
6141dd32baaf234b352903d4,low_MoS2,2.0,1.0,3.0,MoS2_0.01562,17.862414250000022,1.1039999999999992
6141dd329cbada84a8676a4f,low_MoS2,0.0,3.0,3.0,MoS2_0.01562,-0.8335026599999651,1.8078999999999965
6141dd3531cf3ef3d4a9eff2,low_MoS2,2.0,1.0,3.0,MoS2_0.01562,41.4710484700001,0.41270000000000095
6141dd364e27a1844a5f02ba,low_MoS2,1.0,2.0,3.0,MoS2_0.01562,8.522439970000075,1.1402999999999963
6141dd43ee0a3fd43fb47c67,low_MoS2,1.0,2.0,3.0,MoS2_0.01562,31.954348409999955,0.26310000000000144
6141dd449cbada84a8676a51,low_MoS2,0.0,3.0,3.0,MoS2_0.01562,-0.82939626000001,1.808099999999996
6141dd4531cf3ef3d4a9eff4,low_MoS2,2.0,1.0,3.0,MoS2_0.01562,41.455824780000015,0.3697999999999979
6141dd46baaf234b352903d6,low_MoS2,2.0,1.0,3.0,MoS2_0.01562,17.864820290000118,1.1060999999999979
6141dd474e27a1844a5f02bc,low_MoS2,1.0,2.0,3.0,MoS2_0.01562,8.522462460000067,1.1450999999999993
6141dd55ee0a3fd43fb47c69,low_MoS2,1.0,2.0,3.0,MoS2_0.01562,32.14166219000002,0.40380000000000393
6141dd584e27a1844a5f02be,low_MoS2,1.0,2.0,3.0,MoS2_0.01562,8.547686350000074,1.1321000000000012
6141dd59baaf234b352903d8,low_MoS2,2.0,1.0,3.0,MoS2_0.01562,17.857206910000052,1.1088000000000022
6141dd6731cf3ef3d4a9eff6,low_MoS2,2.0,1.0,3.0,MoS2_0.01562,40.89917977,0.18120000000000402
6141dd673ac25c70a5c6c95d,low_MoS2,3.0,0.0,3.0,MoS2_0.01562,50.84062228999998,0.1811000000000007
6141dd684e27a1844a5f02c0,low_MoS2,1.0,2.0,3.0,MoS2_0.01562,8.498518000000129,1.1439999999999984
6141dd6d9cbada84a8676a53,low_MoS2,0.0,3.0,3.0,MoS2_0.01562,-0.8037717500000667,1.8076000000000008
6141dd6dbaaf234b352903da,low_MoS2,2.0,1.0,3.0,MoS2_0.01562,17.857133790000027,1.0379999999999967
6141dd7931cf3ef3d4a9eff8,low_MoS2,2.0,1.0,3.0,MoS2_0.01562,41.48235568000014,0.4130000000000038
6141dd794e27a1844a5f02c2,low_MoS2,1.0,2.0,3.0,MoS2_0.01562,8.507676109999945,1.1443000000000012
6141dd7eee0a3fd43fb47c6b,low_MoS2,1.0,2.0,3.0,MoS2_0.01562,32.152215660000124,0.4013999999999953
6141dd849cbada84a8676a55,low_MoS2,0.0,3.0,3.0,MoS2_0.01562,-0.8323197399999458,1.808799999999998
6141dd8b4e27a1844a5f02c4,low_MoS2,1.0,2.0,3.0,MoS2_0.01562,8.507961820000016,1.1479
6141dd8c31cf3ef3d4a9effa,low_MoS2,2.0,1.0,3.0,MoS2_0.01562,41.44480251,0.3831999999999951
6141dd90ee0a3fd43fb47c6d,low_MoS2,1.0,2.0,3.0,MoS2_0.01562,32.12643974000001,0.34909999999999997
6141dd913ac25c70a5c6c95f,low_MoS2,3.0,0.0,3.0,MoS2_0.01562,50.73755939000004,0.3084999999999951
6141dd969cbada84a8676a57,low_MoS2,0.0,3.0,3.0,MoS2_0.01562,-0.8320934299999294,1.8097999999999956
6141dd98baaf234b352903dc,low_MoS2,2.0,1.0,3.0,MoS2_0.01562,17.84845315000006,1.0959999999999965
6141dd9c4e27a1844a5f02c6,low_MoS2,1.0,2.0,3.0,MoS2_0.01562,8.516654110000015,1.1447999999999965
6141dd9f31cf3ef3d4a9effc,low_MoS2,2.0,1.0,3.0,MoS2_0.01562,41.47145145000009,0.3340000000000032
6141dda3ee0a3fd43fb47c6f,low_MoS2,1.0,2.0,3.0,MoS2_0.01562,32.14752085999997,0.40030000000000143
6141ddab9cbada84a8676a59,low_MoS2,0.0,3.0,3.0,MoS2_0.01562,-0.8230613000000062,1.8059999999999974
6141ddad4e27a1844a5f02c8,low_MoS2,1.0,2.0,3.0,MoS2_0.01562,8.50949424000012,1.1473999999999975
6141ddb231cf3ef3d4a9effe,low_MoS2,2.0,1.0,3.0,MoS2_0.01562,41.38911515000014,0.3847999999999985
6141ddb5ee0a3fd43fb47c71,low_MoS2,1.0,2.0,3.0,MoS2_0.01562,32.14956307999999,0.4007999999999967
6141ddba3ac25c70a5c6c961,low_MoS2,3.0,0.0,3.0,MoS2_0.01562,50.349714639999924,0.20589999999999975
6141ddbd9cbada84a8676a5b,low_MoS2,0.0,3.0,3.0,MoS2_0.01562,-0.8320985199999882,1.808799999999998
6141ddbe4e27a1844a5f02ca,low_MoS2,1.0,2.0,3.0,MoS2_0.01562,8.519175910000083,1.1480999999999995
6141ddbfbaaf234b352903de,low_MoS2,2.0,1.0,3.0,MoS2_0.01562,17.85974260000011,1.1129000000000033
6141ddc531cf3ef3d4a9f000,low_MoS2,2.0,1.0,3.0,MoS2_0.01562,41.47688392000005,0.4136000000000024
6141ddd3baaf234b352903e0,low_MoS2,2.0,1.0,3.0,MoS2_0.01562,17.81011936999993,0.943400000000004
6141ddd39cbada84a8676a5d,low_MoS2,0.0,3.0,3.0,MoS2_0.01562,-0.8323928199999386,1.808399999999999
6141ddd84e27a1844a5f02cc,low_MoS2,1.0,2.0,3.0,MoS2_0.01562,8.517961219999986,1.1475000000000009
6141dddaee0a3fd43fb47c73,low_MoS2,1.0,2.0,3.0,MoS2_0.01562,32.1375276000001,0.4047999999999945
6141dde23ac25c70a5c6c963,low_MoS2,3.0,0.0,3.0,MoS2_0.01562,50.814721529999964,0.34250000000000114
6141dde7baaf234b352903e2,low_MoS2,2.0,1.0,3.0,MoS2_0.01562,17.865016220000136,1.0882000000000005
6141dde931cf3ef3d4a9f002,low_MoS2,2.0,1.0,3.0,MoS2_0.01562,41.477828799999955,0.4136000000000024
6141dde94e27a1844a5f02ce,low_MoS2,1.0,2.0,3.0,MoS2_0.01562,8.506420060000007,1.1488000000000014
6141ddf59cbada84a8676a5f,low_MoS2,0.0,3.0,3.0,MoS2_0.01562,-0.8316058699999189,1.8085999999999984
6141ddf7ee0a3fd43fb47c75,low_MoS2,1.0,2.0,3.0,MoS2_0.01562,32.14404618000002,0.40400000000000347
6141ddfb4e27a1844a5f02d0,low_MoS2,1.0,2.0,3.0,MoS2_0.01562,8.511876060000102,1.1447000000000003
6141ddfbbaaf234b352903e4,low_MoS2,2.0,1.0,3.0,MoS2_0.01562,17.89987435000011,0.9535000000000053
6141de0631cf3ef3d4a9f004,low_MoS2,2.0,1.0,3.0,MoS2_0.01562,41.28598751,0.27200000000000557
6141de079cbada84a8676a61,low_MoS2,0.0,3.0,3.0,MoS2_0.01562,-0.8318297699999562,1.8094999999999999
6141de09ee0a3fd43fb47c77,low_MoS2,1.0,2.0,3.0,MoS2_0.01562,32.14413504000002,0.40229999999999677
6141de0b3ac25c70a5c6c965,low_MoS2,3.0,0.0,3.0,MoS2_0.01562,50.152691059999974,0.1647999999999996
6141de0c4e27a1844a5f02d2,low_MoS2,1.0,2.0,3.0,MoS2_0.01562,8.51394282999993,1.1459000000000046
6141de1931cf3ef3d4a9f006,low_MoS2,2.0,1.0,3.0,MoS2_0.01562,41.45722266999992,0.3872
6141de1a9cbada84a8676a63,low_MoS2,0.0,3.0,3.0,MoS2_0.01562,-0.8335893799998644,1.8064000000000036
6141de1cee0a3fd43fb47c79,low_MoS2,1.0,2.0,3.0,MoS2_0.01562,32.12341706000005,0.3423000000000016
6141de1d4e27a1844a5f02d4,low_MoS2,1.0,2.0,3.0,MoS2_0.01562,8.533762900000081,1.1503000000000014
6141de1ebaaf234b352903e6,low_MoS2,2.0,1.0,3.0,MoS2_0.01562,17.883253910000114,1.0904999999999987
6141de2b31cf3ef3d4a9f008,low_MoS2,2.0,1.0,3.0,MoS2_0.01562,40.98441876000011,0.15840000000000032
6141de2eee0a3fd43fb47c7b,low_MoS2,1.0,2.0,3.0,MoS2_0.01562,32.149999400000056,0.4025000000000034
6141de344e27a1844a5f02d6,low_MoS2,1.0,2.0,3.0,MoS2_0.01562,8.504000659999999,1.148699999999998
6141de393ac25c70a5c6c967,low_MoS2,3.0,0.0,3.0,MoS2_0.01562,50.78807908000014,0.38060000000000116
6141de3c9cbada84a8676a65,low_MoS2,0.0,3.0,3.0,MoS2_0.01562,-0.8325771199999394,1.8096999999999994
6141de3f31cf3ef3d4a9f00a,low_MoS2,2.0,1.0,3.0,MoS2_0.01562,41.45152821999996,0.3779000000000039
6141de41baaf234b352903e8,low_MoS2,2.0,1.0,3.0,MoS2_0.01562,17.882041820000033,1.1056999999999988
6141de4e9cbada84a8676a67,low_MoS2,0.0,3.0,3.0,MoS2_0.01562,-0.8318613399998753,1.8085999999999984
6141de5231cf3ef3d4a9f00c,low_MoS2,2.0,1.0,3.0,MoS2_0.01562,41.47421404999996,0.4171000000000049
6141de524e27a1844a5f02d8,low_MoS2,1.0,2.0,3.0,MoS2_0.01562,8.513214009999981,1.142000000000003
6141de55baaf234b352903ea,low_MoS2,2.0,1.0,3.0,MoS2_0.01562,17.86696524000012,1.1045000000000016
6141de57ee0a3fd43fb47c7d,low_MoS2,1.0,2.0,3.0,MoS2_0.01562,32.14359845000011,0.4042999999999992
6141de619cbada84a8676a69,low_MoS2,0.0,3.0,3.0,MoS2_0.01562,-0.8337729699998704,1.8070999999999984
6141de644e27a1844a5f02da,low_MoS2,1.0,2.0,3.0,MoS2_0.01562,8.517419980000138,1.1480999999999995
6141de6531cf3ef3d4a9f00e,low_MoS2,2.0,1.0,3.0,MoS2_0.01562,41.47390418000005,0.39739999999999753
6141de69baaf234b352903ec,low_MoS2,2.0,1.0,3.0,MoS2_0.01562,17.859311560000144,1.1070000000000064
6141de733ac25c70a5c6c969,low_MoS2,3.0,0.0,3.0,MoS2_0.01562,50.8501263100001,0.33680000000000376
6141de754e27a1844a5f02dc,low_MoS2,1.0,2.0,3.0,MoS2_0.01562,8.503471900000047,1.146499999999996
6141de7931cf3ef3d4a9f010,low_MoS2,2.0,1.0,3.0,MoS2_0.01562,40.96822644000004,0.15109999999999957
6141de7c9cbada84a8676a6b,low_MoS2,0.0,3.0,3.0,MoS2_0.01562,-0.8339832300000012,1.8081000000000031
6141de7dbaaf234b352903ee,low_MoS2,2.0,1.0,3.0,MoS2_0.01562,17.85775699000009,1.1129999999999995
6141de81ee0a3fd43fb47c7f,low_MoS2,1.0,2.0,3.0,MoS2_0.01562,32.14538713,0.39980000000000615
6141de874e27a1844a5f02de,low_MoS2,1.0,2.0,3.0,MoS2_0.01562,8.516971759999958,1.1430000000000007
6141de8e31cf3ef3d4a9f012,low_MoS2,2.0,1.0,3.0,MoS2_0.01562,41.45769547999994,0.3819000000000017
6141de909cbada84a8676a6d,low_MoS2,0.0,3.0,3.0,MoS2_0.01562,-0.8324699399999531,1.8087000000000018
6141de994e27a1844a5f02e0,low_MoS2,1.0,2.0,3.0,MoS2_0.01562,8.512546910000108,1.1450000000000031
6141de9c3ac25c70a5c6c96b,low_MoS2,3.0,0.0,3.0,MoS2_0.01562,50.803662050000106,0.33619999999999806
6141dea49cbada84a8676a6f,low_MoS2,0.0,3.0,3.0,MoS2_0.01562,-0.8315487199999438,1.8092000000000041
6141dea5baaf234b352903f0,low_MoS2,2.0,1.0,3.0,MoS2_0.01562,17.872871819999993,1.1081000000000003
6141dea6ee0a3fd43fb47c81,low_MoS2,1.0,2.0,3.0,MoS2_0.01562,32.14843439000013,0.4000999999999948
6141deab4e27a1844a5f02e2,low_MoS2,1.0,2.0,3.0,MoS2_0.01562,8.507561059999968,1.144600000000004
6141deaf31cf3ef3d4a9f014,low_MoS2,2.0,1.0,3.0,MoS2_0.01562,41.48431109000008,0.410499999999999
6141deb79cbada84a8676a71,low_MoS2,0.0,3.0,3.0,MoS2_0.01562,-0.8331514500000026,1.806200000000004
6141debd4e27a1844a5f02e4,low_MoS2,1.0,2.0,3.0,MoS2_0.01562,8.512535340000138,1.145399999999995
6141dec131cf3ef3d4a9f016,low_MoS2,2.0,1.0,3.0,MoS2_0.01562,41.46290953000012,0.33320000000000505
6141dec4baaf234b352903f2,low_MoS2,2.0,1.0,3.0,MoS2_0.01562,17.88742006000006,1.105400000000003
6141dec63ac25c70a5c6c96d,low_MoS2,3.0,0.0,3.0,MoS2_0.01562,50.32207364000002,0.15859999999999985
6141dece4e27a1844a5f02e6,low_MoS2,1.0,2.0,3.0,MoS2_0.01562,8.5130155300001,1.1450999999999993
6141ded231cf3ef3d4a9f018,low_MoS2,2.0,1.0,3.0,MoS2_0.01562,41.47693388000012,0.41270000000000095
6141ded4ee0a3fd43fb47c83,low_MoS2,1.0,2.0,3.0,MoS2_0.01562,32.14488052,0.4018000000000015
6141ded9baaf234b352903f4,low_MoS2,2.0,1.0,3.0,MoS2_0.01562,17.82694577000006,0.9414000000000016
6141dedf9cbada84a8676a73,low_MoS2,0.0,3.0,3.0,MoS2_0.01562,-0.8336002600000825,1.8066999999999993
6141dee04e27a1844a5f02e8,low_MoS2,1.0,2.0,3.0,MoS2_0.01562,8.511667990000003,1.1495000000000033
6141deecee0a3fd43fb47c85,low_MoS2,1.0,2.0,3.0,MoS2_0.01562,32.14630080999994,0.4025999999999996
6141deed31cf3ef3d4a9f01a,low_MoS2,2.0,1.0,3.0,MoS2_0.01562,41.48390532999993,0.33550000000000324
6141def2baaf234b352903f6,low_MoS2,2.0,1.0,3.0,MoS2_0.01562,17.852791420000123,1.0930000000000035
6141def24e27a1844a5f02ea,low_MoS2,1.0,2.0,3.0,MoS2_0.01562,8.505752840000039,1.137900000000002
6141def39cbada84a8676a75,low_MoS2,0.0,3.0,3.0,MoS2_0.01562,-0.8295884799999271,1.8087000000000018
6141defeee0a3fd43fb47c87,low_MoS2,1.0,2.0,3.0,MoS2_0.01562,32.133257469999975,0.3990999999999971
6141df06baaf234b352903f8,low_MoS2,2.0,1.0,3.0,MoS2_0.01562,17.932838550000035,0.6524000000000001
6141df0d4e27a1844a5f02ec,low_MoS2,1.0,2.0,3.0,MoS2_0.01562,8.51119778,1.1467000000000027
6141df123ac25c70a5c6c96f,low_MoS2,3.0,0.0,3.0,MoS2_0.01562,50.321752470000014,0.15899999999999892
6141df1231cf3ef3d4a9f01c,low_MoS2,2.0,1.0,3.0,MoS2_0.01562,41.42974347000013,0.3813000000000031
6141df1bbaaf234b352903fa,low_MoS2,2.0,1.0,3.0,MoS2_0.01562,17.848346890000123,1.0845000000000056
6141df1c9cbada84a8676a77,low_MoS2,0.0,3.0,3.0,MoS2_0.01562,-0.8297713799999542,1.8076000000000008
6141df2d9cbada84a8676a79,low_MoS2,0.0,3.0,3.0,MoS2_0.01562,-0.8287963699999068,1.8083000000000027
6141df324e27a1844a5f02ee,low_MoS2,1.0,2.0,3.0,MoS2_0.01562,8.504319809999995,1.1510000000000034
6141df3431cf3ef3d4a9f01e,low_MoS2,2.0,1.0,3.0,MoS2_0.01562,41.42986919000005,0.41089999999999804
6141df3d3ac25c70a5c6c971,low_MoS2,3.0,0.0,3.0,MoS2_0.01562,50.77204773000009,0.39229999999999876
6141df434e27a1844a5f02f0,low_MoS2,1.0,2.0,3.0,MoS2_0.01562,8.510354739999936,1.1444000000000045
6141df4931cf3ef3d4a9f020,low_MoS2,2.0,1.0,3.0,MoS2_0.01562,41.4509686200001,0.3847999999999985
6141df554e27a1844a5f02f2,low_MoS2,1.0,2.0,3.0,MoS2_0.01562,8.534400450000046,1.1368999999999971
6141df569cbada84a8676a7b,low_MoS2,0.0,3.0,3.0,MoS2_0.01562,-0.8319093899999075,1.809899999999999
6141df5aee0a3fd43fb47c89,low_MoS2,1.0,2.0,3.0,MoS2_0.01562,32.12915442000006,0.3988000000000014
6141df5fbaaf234b352903fc,low_MoS2,2.0,1.0,3.0,MoS2_0.01562,17.852706110000092,1.0944000000000003
6141df6431cf3ef3d4a9f022,low_MoS2,2.0,1.0,3.0,MoS2_0.01562,41.45897802999998,0.3995000000000033
6141df674e27a1844a5f02f4,low_MoS2,1.0,2.0,3.0,MoS2_0.01562,8.518708360000144,1.1475000000000009
6141df683ac25c70a5c6c973,low_MoS2,3.0,0.0,3.0,MoS2_0.01562,50.74620027000007,0.15319999999999823
6141df699cbada84a8676a7d,low_MoS2,0.0,3.0,3.0,MoS2_0.01562,-0.8236080799999286,1.8068000000000026
6141df6dee0a3fd43fb47c8b,low_MoS2,1.0,2.0,3.0,MoS2_0.01562,31.94977284000014,0.2505999999999986
6141df74baaf234b352903fe,low_MoS2,2.0,1.0,3.0,MoS2_0.01562,17.88577881000014,1.1074000000000055
6141df794e27a1844a5f02f6,low_MoS2,1.0,2.0,3.0,MoS2_0.01562,8.506664629999957,1.148299999999999
6141df8631cf3ef3d4a9f024,low_MoS2,2.0,1.0,3.0,MoS2_0.01562,41.433511249999995,0.37460000000000093
6141df8b4e27a1844a5f02f8,low_MoS2,1.0,2.0,3.0,MoS2_0.01562,8.51334255999998,1.1457999999999942
6141df90baaf234b35290400,low_MoS2,2.0,1.0,3.0,MoS2_0.01562,17.906199190000045,1.0534000000000034
6141df979cbada84a8676a7f,low_MoS2,0.0,3.0,3.0,MoS2_0.01562,-0.8311625000000618,1.8087000000000018
6141df9f31cf3ef3d4a9f026,low_MoS2,2.0,1.0,3.0,MoS2_0.01562,41.4233322300001,0.37829999999999586
6141dfa4baaf234b35290402,low_MoS2,2.0,1.0,3.0,MoS2_0.01562,17.863235069999966,1.0846000000000018
6141dfa54e27a1844a5f02fa,low_MoS2,1.0,2.0,3.0,MoS2_0.01562,8.494168749999996,1.1372
6141dfb331cf3ef3d4a9f028,low_MoS2,2.0,1.0,3.0,MoS2_0.01562,40.96815701999999,0.15289999999999537
6141dfb5ee0a3fd43fb47c8d,low_MoS2,1.0,2.0,3.0,MoS2_0.01562,32.13848047000009,0.4040999999999997
6141dfb74e27a1844a5f02fc,low_MoS2,1.0,2.0,3.0,MoS2_0.01562,8.50564317000001,1.1379999999999981
6141dfb73ac25c70a5c6c975,low_MoS2,3.0,0.0,3.0,MoS2_0.01562,50.88465475000013,0.1880000000000024
6141dfc731cf3ef3d4a9f02a,low_MoS2,2.0,1.0,3.0,MoS2_0.01562,41.481767619999985,0.41550000000000153
6141dfc9ee0a3fd43fb47c8f,low_MoS2,1.0,2.0,3.0,MoS2_0.01562,32.12602142000013,0.3778999999999968
6141dfc94e27a1844a5f02fe,low_MoS2,1.0,2.0,3.0,MoS2_0.01562,8.512271170000101,1.1448999999999998
6141dfd79cbada84a8676a81,low_MoS2,0.0,3.0,3.0,MoS2_0.01562,-0.8285415400000034,1.8083000000000027
6141dfdbbaaf234b35290404,low_MoS2,2.0,1.0,3.0,MoS2_0.01562,17.86512005000008,1.1126000000000005
6141dfdbee0a3fd43fb47c91,low_MoS2,1.0,2.0,3.0,MoS2_0.01562,32.147309760000084,0.4025999999999996
6141dfdb31cf3ef3d4a9f02c,low_MoS2,2.0,1.0,3.0,MoS2_0.01562,41.46052273000005,0.3674999999999997
6141dfdd4e27a1844a5f0300,low_MoS2,1.0,2.0,3.0,MoS2_0.01562,8.517938340000025,1.1424999999999983
6141dfe23ac25c70a5c6c977,low_MoS2,3.0,0.0,3.0,MoS2_0.01562,50.29665586999992,0.14529999999999887
6141dff031cf3ef3d4a9f02e,low_MoS2,2.0,1.0,3.0,MoS2_0.01562,41.47971946999992,0.4067000000000007
6141dff0baaf234b35290406,low_MoS2,2.0,1.0,3.0,MoS2_0.01562,17.88407615000005,0.9598999999999975
6141dff04e27a1844a5f0302,low_MoS2,1.0,2.0,3.0,MoS2_0.01562,8.51236115999998,1.1439000000000021
6141dffcee0a3fd43fb47c93,low_MoS2,1.0,2.0,3.0,MoS2_0.01562,32.147217250000026,0.40040000000000475
6141e0034e27a1844a5f0304,low_MoS2,1.0,2.0,3.0,MoS2_0.01562,8.505232819999971,1.1465000000000032
6141e005baaf234b35290408,low_MoS2,2.0,1.0,3.0,MoS2_0.01562,17.86844573000007,1.1049999999999969
6141e0079cbada84a8676a83,low_MoS2,0.0,3.0,3.0,MoS2_0.01562,-0.8226549200000477,1.8059999999999974
6141e00831cf3ef3d4a9f030,low_MoS2,2.0,1.0,3.0,MoS2_0.01562,41.37532211999992,0.4111999999999938
6141e00e3ac25c70a5c6c979,low_MoS2,3.0,0.0,3.0,MoS2_0.01562,50.31846166000006,0.15820000000000078
6141e0164e27a1844a5f0306,low_MoS2,1.0,2.0,3.0,MoS2_0.01562,8.507144510000014,1.1454999999999984
6141e01b9cbada84a8676a85,low_MoS2,0.0,3.0,3.0,MoS2_0.01562,-0.8346074499999645,1.807300000000005
6141e01c31cf3ef3d4a9f032,low_MoS2,2.0,1.0,3.0,MoS2_0.01562,41.48711829000008,0.4125000000000014
6141e021baaf234b3529040a,low_MoS2,2.0,1.0,3.0,MoS2_0.01562,17.902299780000014,1.1195999999999984
6141e02bee0a3fd43fb47c95,low_MoS2,1.0,2.0,3.0,MoS2_0.01562,31.95611862999998,0.2616000000000014
6141e02e9cbada84a8676a87,low_MoS2,0.0,3.0,3.0,MoS2_0.01562,-0.8308033200000295,1.8089999999999975
6141e03031cf3ef3d4a9f034,low_MoS2,2.0,1.0,3.0,MoS2_0.01562,41.466088099999936,0.39569999999999794
6141e037baaf234b3529040c,low_MoS2,2.0,1.0,3.0,MoS2_0.01562,17.92597989,0.6501000000000019
6141e0374e27a1844a5f0308,low_MoS2,1.0,2.0,3.0,MoS2_0.01562,8.514113140000088,1.1415999999999968
6141e03b3ac25c70a5c6c97b,low_MoS2,3.0,0.0,3.0,MoS2_0.01562,50.78063263999994,0.4180999999999955
6141e04531cf3ef3d4a9f036,low_MoS2,2.0,1.0,3.0,MoS2_0.01562,41.28306237000011,0.26149999999999807
6141e04b4e27a1844a5f030a,low_MoS2,1.0,2.0,3.0,MoS2_0.01562,8.506133189999925,1.1439999999999984
6141e04cee0a3fd43fb47c97,low_MoS2,1.0,2.0,3.0,MoS2_0.01562,32.11962383000012,0.3480999999999952
6141e0569cbada84a8676a89,low_MoS2,0.0,3.0,3.0,MoS2_0.01562,-0.8341181999998639,1.8070000000000022
6141e05a31cf3ef3d4a9f038,low_MoS2,2.0,1.0,3.0,MoS2_0.01562,41.462697079999955,0.3377000000000052
6141e05d4e27a1844a5f030c,low_MoS2,1.0,2.0,3.0,MoS2_0.01562,8.504014710000117,1.1484000000000023
6141e05fee0a3fd43fb47c99,low_MoS2,1.0,2.0,3.0,MoS2_0.01562,31.958694149999918,0.26490000000000435
6141e0683ac25c70a5c6c97d,low_MoS2,3.0,0.0,3.0,MoS2_0.01562,50.812889640000016,0.3429000000000002
6141e06f31cf3ef3d4a9f03a,low_MoS2,2.0,1.0,3.0,MoS2_0.01562,41.42809030000008,0.37889999999999446
6141e072ee0a3fd43fb47c9b,low_MoS2,1.0,2.0,3.0,MoS2_0.01562,32.147154519999944,0.40160000000000196
6141e0739cbada84a8676a8b,low_MoS2,0.0,3.0,3.0,MoS2_0.01562,-0.8233463599999027,1.8059000000000012
6141e07bbaaf234b3529040e,low_MoS2,2.0,1.0,3.0,MoS2_0.01562,17.86887917000012,1.1036999999999964
6141e08431cf3ef3d4a9f03c,low_MoS2,2.0,1.0,3.0,MoS2_0.01562,41.47341847999992,0.3768999999999991
6141e0854e27a1844a5f030e,low_MoS2,1.0,2.0,3.0,MoS2_0.01562,8.509424269999979,1.1452000000000027
6141e0869cbada84a8676a8d,low_MoS2,0.0,3.0,3.0,MoS2_0.01562,-0.831605369999977,1.8097999999999956
6141e0963ac25c70a5c6c97f,low_MoS2,3.0,0.0,3.0,MoS2_0.01562,50.801538920000134,0.3719999999999999
6141e0984e27a1844a5f0310,low_MoS2,1.0,2.0,3.0,MoS2_0.01562,8.512886960000085,1.1458000000000013
6141e098ee0a3fd43fb47c9d,low_MoS2,1.0,2.0,3.0,MoS2_0.01562,32.148824880000106,0.3984999999999985
6141e09931cf3ef3d4a9f03e,low_MoS2,2.0,1.0,3.0,MoS2_0.01562,41.38105603999993,0.41319999999999624
6141e09a9cbada84a8676a8f,low_MoS2,0.0,3.0,3.0,MoS2_0.01562,-0.8319811000000641,1.8096999999999994
6141e0ac9cbada84a8676a91,low_MoS2,0.0,3.0,3.0,MoS2_0.01562,-0.8297971900000789,1.8078999999999965
6141e0ad31cf3ef3d4a9f040,low_MoS2,2.0,1.0,3.0,MoS2_0.01562,40.97292161000014,0.15810000000000457
6141e0b8ee0a3fd43fb47c9f,low_MoS2,1.0,2.0,3.0,MoS2_0.01562,32.088683780000096,0.4042999999999992
6141e0ba4e27a1844a5f0312,low_MoS2,1.0,2.0,3.0,MoS2_0.01562,8.505523699999937,1.149000000000001
6141e0c231cf3ef3d4a9f042,low_MoS2,2.0,1.0,3.0,MoS2_0.01562,41.474675119999986,0.40630000000000166
6141e0c49cbada84a8676a93,low_MoS2,0.0,3.0,3.0,MoS2_0.01562,-0.8287325299999679,1.809599999999996
6141e0c7baaf234b35290410,low_MoS2,2.0,1.0,3.0,MoS2_0.01562,17.87373184000011,1.093999999999994
6141e0d34e27a1844a5f0314,low_MoS2,1.0,2.0,3.0,MoS2_0.01562,8.522960199999968,1.141300000000001
6141e0d831cf3ef3d4a9f044,low_MoS2,2.0,1.0,3.0,MoS2_0.01562,39.493259230000106,0.1507000000000005
6141e0d89cbada84a8676a95,low_MoS2,0.0,3.0,3.0,MoS2_0.01562,-0.8261554400000364,1.8068999999999988
6141e0dcbaaf234b35290412,low_MoS2,2.0,1.0,3.0,MoS2_0.01562,17.865796060000086,1.084700000000005
6141e0dcee0a3fd43fb47ca1,low_MoS2,1.0,2.0,3.0,MoS2_0.01562,32.148831920000006,0.3995999999999995
6141e0ec9cbada84a8676a97,low_MoS2,0.0,3.0,3.0,MoS2_0.01562,-0.8226868099999933,1.807700000000004
6141e0ed4e27a1844a5f0316,low_MoS2,1.0,2.0,3.0,MoS2_0.01562,8.524176729999933,1.1445000000000007
6141e0ee3ac25c70a5c6c981,low_MoS2,3.0,0.0,3.0,MoS2_0.01562,50.32589586999999,0.15619999999999834
6141e0f0ee0a3fd43fb47ca3,low_MoS2,1.0,2.0,3.0,MoS2_0.01562,32.144704110000006,0.40090000000000003
6141e0f2baaf234b35290414,low_MoS2,2.0,1.0,3.0,MoS2_0.01562,17.857816360000008,1.0959999999999965
6141e0f231cf3ef3d4a9f046,low_MoS2,2.0,1.0,3.0,MoS2_0.01562,41.46827733000005,0.3399000000000001
6141e1014e27a1844a5f0318,low_MoS2,1.0,2.0,3.0,MoS2_0.01562,8.493672520000043,1.1376999999999953
6141e1029cbada84a8676a99,low_MoS2,0.0,3.0,3.0,MoS2_0.01562,-0.7659404899999913,1.806600000000003
6141e10731cf3ef3d4a9f048,low_MoS2,2.0,1.0,3.0,MoS2_0.01562,39.496638369999985,0.15509999999999735
6141e112ee0a3fd43fb47ca5,low_MoS2,1.0,2.0,3.0,MoS2_0.01562,32.14407144000005,0.4037000000000006
6141e1154e27a1844a5f031a,low_MoS2,1.0,2.0,3.0,MoS2_0.01562,8.510642149999992,1.1437999999999988
6141e1169cbada84a8676a9b,low_MoS2,0.0,3.0,3.0,MoS2_0.01562,-0.8327439199999276,1.810299999999998
6141e11d31cf3ef3d4a9f04a,low_MoS2,2.0,1.0,3.0,MoS2_0.01562,41.282272390000074,0.2680000000000007
6141e125ee0a3fd43fb47ca7,low_MoS2,1.0,2.0,3.0,MoS2_0.01562,32.145072170000034,0.404200000000003
6141e12c3ac25c70a5c6c983,low_MoS2,3.0,0.0,3.0,MoS2_0.01562,48.83929053000012,0.15169999999999817
6141e12fbaaf234b35290416,low_MoS2,2.0,1.0,3.0,MoS2_0.01562,17.85889853999992,1.002600000000001
6141e1329cbada84a8676a9d,low_MoS2,0.0,3.0,3.0,MoS2_0.01562,-0.8317290699998807,1.8094999999999999
6141e13231cf3ef3d4a9f04c,low_MoS2,2.0,1.0,3.0,MoS2_0.01562,41.38087715000002,0.29939999999999856
6141e145baaf234b35290418,low_MoS2,2.0,1.0,3.0,MoS2_0.01562,17.864291419999965,1.1099000000000032
6141e146ee0a3fd43fb47ca9,low_MoS2,1.0,2.0,3.0,MoS2_0.01562,31.742477989999987,0.1483999999999952
6141e1474e27a1844a5f031c,low_MoS2,1.0,2.0,3.0,MoS2_0.01562,8.505505470000141,1.1479
6141e14831cf3ef3d4a9f04e,low_MoS2,2.0,1.0,3.0,MoS2_0.01562,41.45920300000007,0.3611000000000004
6141e15a4e27a1844a5f031e,low_MoS2,1.0,2.0,3.0,MoS2_0.01562,8.51091863000013,1.1443000000000012
6141e15f31cf3ef3d4a9f050,low_MoS2,2.0,1.0,3.0,MoS2_0.01562,41.2433195600001,0.2481999999999971
6141e15f3ac25c70a5c6c985,low_MoS2,3.0,0.0,3.0,MoS2_0.01562,50.78151121000011,0.3487000000000009
6141e161ee0a3fd43fb47cab,low_MoS2,1.0,2.0,3.0,MoS2_0.01562,32.147362659999985,0.4012999999999991
6141e1649cbada84a8676a9f,low_MoS2,0.0,3.0,3.0,MoS2_0.01562,-0.8322612500000446,1.810299999999998
6141e165baaf234b3529041a,low_MoS2,2.0,1.0,3.0,MoS2_0.01562,17.88728506000006,1.1069999999999993
6141e16c4e27a1844a5f0320,low_MoS2,1.0,2.0,3.0,MoS2_0.01562,8.510338459999982,1.1447000000000003
6141e17531cf3ef3d4a9f052,low_MoS2,2.0,1.0,3.0,MoS2_0.01562,41.467953719999926,0.4134999999999991
6141e1799cbada84a8676aa1,low_MoS2,0.0,3.0,3.0,MoS2_0.01562,-0.8312653800000476,1.8082999999999956
6141e1804e27a1844a5f0322,low_MoS2,1.0,2.0,3.0,MoS2_0.01562,8.542791860000104,1.1435999999999993
6141e184ee0a3fd43fb47cad,low_MoS2,1.0,2.0,3.0,MoS2_0.01562,32.14806586999997,0.403499999999994
6141e188baaf234b3529041c,low_MoS2,2.0,1.0,3.0,MoS2_0.01562,17.873017450000127,1.0999000000000052
6141e18b9cbada84a8676aa3,low_MoS2,0.0,3.0,3.0,MoS2_0.01562,-0.8327287899998623,1.8093000000000004
6141e1964e27a1844a5f0324,low_MoS2,1.0,2.0,3.0,MoS2_0.01562,8.512451249999938,1.144599999999997
6141e198ee0a3fd43fb47caf,low_MoS2,1.0,2.0,3.0,MoS2_0.01562,32.14642703000003,0.40209999999999724
6141e19d31cf3ef3d4a9f054,low_MoS2,2.0,1.0,3.0,MoS2_0.01562,41.45314313000013,0.3797999999999959
6141e1ab9cbada84a8676aa5,low_MoS2,0.0,3.0,3.0,MoS2_0.01562,-0.8298616999999808,1.8071999999999946
6141e1abbaaf234b3529041e,low_MoS2,2.0,1.0,3.0,MoS2_0.01562,17.866145630000112,1.1047999999999973
6141e1acee0a3fd43fb47cb1,low_MoS2,1.0,2.0,3.0,MoS2_0.01562,32.152234540000094,0.40040000000000475
6141e1b04e27a1844a5f0326,low_MoS2,1.0,2.0,3.0,MoS2_0.01562,8.50999823000009,1.146799999999999
6141e1b231cf3ef3d4a9f056,low_MoS2,2.0,1.0,3.0,MoS2_0.01562,40.96135176999992,0.14710000000000178
6141e1c1baaf234b35290420,low_MoS2,2.0,1.0,3.0,MoS2_0.01562,17.870488199999947,1.1007999999999996
6141e1c3ee0a3fd43fb47cb3,low_MoS2,1.0,2.0,3.0,MoS2_0.01562,32.146899999999945,0.4040999999999997
6141e1c44e27a1844a5f0328,low_MoS2,1.0,2.0,3.0,MoS2_0.01562,8.502259699999993,1.1391999999999953
6141e1cc9cbada84a8676aa7,low_MoS2,0.0,3.0,3.0,MoS2_0.01562,-0.8315644700000462,1.8098000000000027
6141e1d7baaf234b35290422,low_MoS2,2.0,1.0,3.0,MoS2_0.01562,17.92894533999992,0.653100000000002
6141e1d7ee0a3fd43fb47cb5,low_MoS2,1.0,2.0,3.0,MoS2_0.01562,32.14774030000011,0.4028999999999954
6141e1d831cf3ef3d4a9f058,low_MoS2,2.0,1.0,3.0,MoS2_0.01562,41.47101223,0.4160000000000039
6141e1dd3ac25c70a5c6c987,low_MoS2,3.0,0.0,3.0,MoS2_0.01562,50.79013288000002,0.4005999999999972
6141e1e34e27a1844a5f032a,low_MoS2,1.0,2.0,3.0,MoS2_0.01562,8.516861020000103,1.1426000000000016
6141e1edbaaf234b35290424,low_MoS2,2.0,1.0,3.0,MoS2_0.01562,17.877383810000076,1.0878000000000014
6141e1f64e27a1844a5f032c,low_MoS2,1.0,2.0,3.0,MoS2_0.01562,8.501642810000046,1.1483999999999952
6141e1fc31cf3ef3d4a9f05a,low_MoS2,2.0,1.0,3.0,MoS2_0.01562,41.40049986999993,0.3008999999999986
6141e1fdee0a3fd43fb47cb7,low_MoS2,1.0,2.0,3.0,MoS2_0.01562,32.13487441000005,0.3984000000000023
6141e202baaf234b35290426,low_MoS2,2.0,1.0,3.0,MoS2_0.01562,17.88540521999993,1.1079000000000008
6141e2049cbada84a8676aa9,low_MoS2,0.0,3.0,3.0,MoS2_0.01562,-0.830758000000003,1.8092000000000041
6141e20a4e27a1844a5f032e,low_MoS2,1.0,2.0,3.0,MoS2_0.01562,8.512266579999984,1.1452999999999989
6141e20c3ac25c70a5c6c989,low_MoS2,3.0,0.0,3.0,MoS2_0.01562,50.18530791000004,0.13219999999999743
6141e21131cf3ef3d4a9f05c,low_MoS2,2.0,1.0,3.0,MoS2_0.01562,41.44894319999999,0.40909999999999513
6141e218baaf234b35290428,low_MoS2,2.0,1.0,3.0,MoS2_0.01562,17.86675667000008,1.1109000000000009
6141e2189cbada84a8676aab,low_MoS2,0.0,3.0,3.0,MoS2_0.01562,-0.8311055999999439,1.8081999999999994
6141e21d4e27a1844a5f0330,low_MoS2,1.0,2.0,3.0,MoS2_0.01562,8.50967171999994,1.1466999999999956
6141e21eee0a3fd43fb47cb9,low_MoS2,1.0,2.0,3.0,MoS2_0.01562,32.12825530999997,0.3780000000000001
6141e22731cf3ef3d4a9f05e,low_MoS2,2.0,1.0,3.0,MoS2_0.01562,41.42649087000014,0.39750000000000085
6141e22e9cbada84a8676aad,low_MoS2,0.0,3.0,3.0,MoS2_0.01562,-0.8317900500000519,1.8098000000000027
6141e2304e27a1844a5f0332,low_MoS2,1.0,2.0,3.0,MoS2_0.01562,8.512970199999952,1.1469000000000023
6141e23c31cf3ef3d4a9f060,low_MoS2,2.0,1.0,3.0,MoS2_0.01562,41.46180281999996,0.4112000000000009
6141e23cee0a3fd43fb47cbb,low_MoS2,1.0,2.0,3.0,MoS2_0.01562,32.1426038500001,0.40519999999999357
6141e2444e27a1844a5f0334,low_MoS2,1.0,2.0,3.0,MoS2_0.01562,8.504186019999931,1.1484999999999985
6141e249baaf234b3529042a,low_MoS2,2.0,1.0,3.0,MoS2_0.01562,17.86173737000012,1.1041999999999987
6141e24d9cbada84a8676aaf,low_MoS2,0.0,3.0,3.0,MoS2_0.01562,-0.8324124499999357,1.8087000000000018
6141e251ee0a3fd43fb47cbd,low_MoS2,1.0,2.0,3.0,MoS2_0.01562,32.08789524999996,0.4052999999999969
6141e25131cf3ef3d4a9f062,low_MoS2,2.0,1.0,3.0,MoS2_0.01562,41.465685090000036,0.3668000000000049
6141e2543ac25c70a5c6c98b,low_MoS2,3.0,0.0,3.0,MoS2_0.01562,50.72930007000006,0.381299999999996
6141e2574e27a1844a5f0336,low_MoS2,1.0,2.0,3.0,MoS2_0.01562,8.515358440000025,1.144599999999997
6141e2609cbada84a8676ab1,low_MoS2,0.0,3.0,3.0,MoS2_0.01562,-0.8314325099999564,1.8097999999999956
6141e26431cf3ef3d4a9f064,low_MoS2,2.0,1.0,3.0,MoS2_0.01562,41.46731216999997,0.4134999999999991
6141e265ee0a3fd43fb47cbf,low_MoS2,1.0,2.0,3.0,MoS2_0.01562,32.14044478000004,0.4055000000000035
6141e26abaaf234b3529042c,low_MoS2,2.0,1.0,3.0,MoS2_0.01562,17.85511738000013,1.1013999999999982
6141e26b4e27a1844a5f0338,low_MoS2,1.0,2.0,3.0,MoS2_0.01562,8.506070339999976,1.1421999999999954
6141e27831cf3ef3d4a9f066,low_MoS2,2.0,1.0,3.0,MoS2_0.01562,41.48792524000005,0.41159999999999997
6141e27e4e27a1844a5f033a,low_MoS2,1.0,2.0,3.0,MoS2_0.01562,8.516841560000127,1.1447000000000003
6141e280baaf234b3529042e,low_MoS2,2.0,1.0,3.0,MoS2_0.01562,17.857296160000026,1.0035000000000025
6141e2893ac25c70a5c6c98d,low_MoS2,3.0,0.0,3.0,MoS2_0.01562,50.79930073999996,0.38230000000000075
6141e28b31cf3ef3d4a9f068,low_MoS2,2.0,1.0,3.0,MoS2_0.01562,41.43373274999995,0.37650000000000006
6141e28c9cbada84a8676ab3,low_MoS2,0.0,3.0,3.0,MoS2_0.01562,-0.8336521699999935,1.8070999999999984
6141e290ee0a3fd43fb47cc1,low_MoS2,1.0,2.0,3.0,MoS2_0.01562,32.12229318000003,0.34850000000000136
6141e297baaf234b35290430,low_MoS2,2.0,1.0,3.0,MoS2_0.01562,17.85859279999999,1.088000000000001
6141e29c4e27a1844a5f033c,low_MoS2,1.0,2.0,3.0,MoS2_0.01562,8.515529219999987,1.1448000000000036
6141e2a031cf3ef3d4a9f06a,low_MoS2,2.0,1.0,3.0,MoS2_0.01562,41.469303909999965,0.3352000000000004
6141e2a19cbada84a8676ab5,low_MoS2,0.0,3.0,3.0,MoS2_0.01562,-0.8345521900000108,1.8079999999999998
6141e2a5ee0a3fd43fb47cc3,low_MoS2,1.0,2.0,3.0,MoS2_0.01562,32.14463528999998,0.4047999999999945
6141e2adbaaf234b35290432,low_MoS2,2.0,1.0,3.0,MoS2_0.01562,17.852284020000063,1.081700000000005
6141e2af4e27a1844a5f033e,low_MoS2,1.0,2.0,3.0,MoS2_0.01562,8.502141270000063,1.147199999999998
6141e2bd3ac25c70a5c6c98f,low_MoS2,3.0,0.0,3.0,MoS2_0.01562,50.75845270999995,0.3836000000000013
6141e2c4baaf234b35290434,low_MoS2,2.0,1.0,3.0,MoS2_0.01562,17.86552722999999,1.0016000000000034
6141e2ce4e27a1844a5f0340,low_MoS2,1.0,2.0,3.0,MoS2_0.01562,8.493427260000114,1.1381000000000014
6141e2d4ee0a3fd43fb47cc5,low_MoS2,1.0,2.0,3.0,MoS2_0.01562,32.148562150000075,0.39990000000000236
6141e2d931cf3ef3d4a9f06c,low_MoS2,2.0,1.0,3.0,MoS2_0.01562,41.4684956600001,0.37190000000000367
6141e2e14e27a1844a5f0342,low_MoS2,1.0,2.0,3.0,MoS2_0.01562,8.511551860000079,1.1437999999999988
6141e2eb9cbada84a8676ab7,low_MoS2,0.0,3.0,3.0,MoS2_0.01562,-0.8321141199998578,1.8092000000000041
6141e2ed3ac25c70a5c6c991,low_MoS2,3.0,0.0,3.0,MoS2_0.01562,48.484527369999945,0.2213999999999956
6141e2ef31cf3ef3d4a9f06e,low_MoS2,2.0,1.0,3.0,MoS2_0.01562,41.46112187000013,0.37869999999999493
6141e2f0ee0a3fd43fb47cc7,low_MoS2,1.0,2.0,3.0,MoS2_0.01562,32.12916549000009,0.40030000000000143
6141e2f64e27a1844a5f0344,low_MoS2,1.0,2.0,3.0,MoS2_0.01562,8.496079139999917,1.1368999999999971
6141e3009cbada84a8676ab9,low_MoS2,0.0,3.0,3.0,MoS2_0.01562,-0.8315285799998833,1.8085999999999984
6141e301baaf234b35290436,low_MoS2,2.0,1.0,3.0,MoS2_0.01562,17.82722325000008,0.9413999999999945
6141e30931cf3ef3d4a9f070,low_MoS2,2.0,1.0,3.0,MoS2_0.01562,40.96477636999994,0.1512999999999991
6141e3149cbada84a8676abb,low_MoS2,0.0,3.0,3.0,MoS2_0.01562,-0.823113630000023,1.8061000000000007
6141e31a4e27a1844a5f0346,low_MoS2,1.0,2.0,3.0,MoS2_0.01562,8.51469060000002,1.1463000000000036
6141e31c3ac25c70a5c6c993,low_MoS2,3.0,0.0,3.0,MoS2_0.01562,50.83036593000012,0.339500000000001
6141e31f31cf3ef3d4a9f072,low_MoS2,2.0,1.0,3.0,MoS2_0.01562,41.39443385,0.30100000000000193
6141e321ee0a3fd43fb47cc9,low_MoS2,1.0,2.0,3.0,MoS2_0.01562,32.14611708000005,0.4007999999999967
6141e3299cbada84a8676abd,low_MoS2,0.0,3.0,3.0,MoS2_0.01562,-0.833369879999907,1.8064000000000036
6141e33531cf3ef3d4a9f074,low_MoS2,2.0,1.0,3.0,MoS2_0.01562,41.47683529000001,0.3353999999999999
6141e336baaf234b35290438,low_MoS2,2.0,1.0,3.0,MoS2_0.01562,17.84410348000005,1.0855999999999995
6141e33c9cbada84a8676abf,low_MoS2,0.0,3.0,3.0,MoS2_0.01562,-0.8315671099998667,1.8084999999999951
6141e33d4e27a1844a5f0348,low_MoS2,1.0,2.0,3.0,MoS2_0.01562,8.50403540999994,1.1465999999999994
6141e348ee0a3fd43fb47ccb,low_MoS2,1.0,2.0,3.0,MoS2_0.01562,32.12204805000009,0.3510000000000062
6141e34b31cf3ef3d4a9f076,low_MoS2,2.0,1.0,3.0,MoS2_0.01562,41.439319790000084,0.3703999999999965
6141e34d3ac25c70a5c6c995,low_MoS2,3.0,0.0,3.0,MoS2_0.01562,49.83640404999998,0.16570000000000107
6141e34dbaaf234b3529043a,low_MoS2,2.0,1.0,3.0,MoS2_0.01562,17.88766721000001,1.0991
6141e3514e27a1844a5f034a,low_MoS2,1.0,2.0,3.0,MoS2_0.01562,8.532531739999992,1.1362000000000023
6141e35cee0a3fd43fb47ccd,low_MoS2,1.0,2.0,3.0,MoS2_0.01562,32.1239893700001,0.39509999999999934
6141e36031cf3ef3d4a9f078,low_MoS2,2.0,1.0,3.0,MoS2_0.01562,41.4385197000001,0.410499999999999
6141e372baaf234b3529043c,low_MoS2,2.0,1.0,3.0,MoS2_0.01562,17.858639280000027,1.0021000000000058
6141e3729cbada84a8676ac1,low_MoS2,0.0,3.0,3.0,MoS2_0.01562,-0.8321059699998727,1.8089000000000013
6141e3734e27a1844a5f034c,low_MoS2,1.0,2.0,3.0,MoS2_0.01562,8.530296039999964,1.1386000000000038
6141e37731cf3ef3d4a9f07a,low_MoS2,2.0,1.0,3.0,MoS2_0.01562,41.45919466000005,0.38349999999999795
6141e3869cbada84a8676ac3,low_MoS2,0.0,3.0,3.0,MoS2_0.01562,-0.8288460200000713,1.8083000000000027
6141e3874e27a1844a5f034e,low_MoS2,1.0,2.0,3.0,MoS2_0.01562,8.50548215000006,1.1499000000000024
6141e38b31cf3ef3d4a9f07c,low_MoS2,2.0,1.0,3.0,MoS2_0.01562,41.48248862999999,0.4125000000000014
6141e3903ac25c70a5c6c997,low_MoS2,3.0,0.0,3.0,MoS2_0.01562,50.321388369999944,0.1559000000000026
6141e392ee0a3fd43fb47ccf,low_MoS2,1.0,2.0,3.0,MoS2_0.01562,32.12024154999993,0.3504000000000005
6141e39b4e27a1844a5f0350,low_MoS2,1.0,2.0,3.0,MoS2_0.01562,8.50698854000009,1.1437999999999988
6141e39b9cbada84a8676ac5,low_MoS2,0.0,3.0,3.0,MoS2_0.01562,-0.8326061899999218,1.8099999999999952
6141e3a6ee0a3fd43fb47cd1,low_MoS2,1.0,2.0,3.0,MoS2_0.01562,32.12637238000001,0.3815000000000026
6141e3a7baaf234b3529043e,low_MoS2,2.0,1.0,3.0,MoS2_0.01562,17.877176870000078,1.0848000000000013
6141e3ae9cbada84a8676ac7,low_MoS2,0.0,3.0,3.0,MoS2_0.01562,-0.8346670999998764,1.8078999999999965
6141e3af4e27a1844a5f0352,low_MoS2,1.0,2.0,3.0,MoS2_0.01562,8.516503840000066,1.1445000000000007
6141e3c03ac25c70a5c6c999,low_MoS2,3.0,0.0,3.0,MoS2_0.01562,50.79472083000011,0.3855999999999966
6141e3c431cf3ef3d4a9f07e,low_MoS2,2.0,1.0,3.0,MoS2_0.01562,41.489383830000136,0.40970000000000084
6141e3c49cbada84a8676ac9,low_MoS2,0.0,3.0,3.0,MoS2_0.01562,-0.8334635799998864,1.8085000000000022
6141e3ceee0a3fd43fb47cd3,low_MoS2,1.0,2.0,3.0,MoS2_0.01562,32.120726150000095,0.3843000000000032
6141e3d34e27a1844a5f0354,low_MoS2,1.0,2.0,3.0,MoS2_0.01562,8.515363989999994,1.1454000000000022
6141e3da31cf3ef3d4a9f080,low_MoS2,2.0,1.0,3.0,MoS2_0.01562,41.42987581000007,0.3830999999999989
6141e3dfbaaf234b35290440,low_MoS2,2.0,1.0,3.0,MoS2_0.01562,17.89897111000004,1.1236999999999995
6141e3e29cbada84a8676acb,low_MoS2,0.0,3.0,3.0,MoS2_0.01562,-0.8017260299999975,1.8070000000000022
6141e3e3ee0a3fd43fb47cd5,low_MoS2,1.0,2.0,3.0,MoS2_0.01562,32.132145969999996,0.3995999999999995
6141e3e84e27a1844a5f0356,low_MoS2,1.0,2.0,3.0,MoS2_0.01562,8.515045760000046,1.147199999999998
6141e3f23ac25c70a5c6c99b,low_MoS2,3.0,0.0,3.0,MoS2_0.01562,50.825627710000084,0.42379999999999995
6141e3f6baaf234b35290442,low_MoS2,2.0,1.0,3.0,MoS2_0.01562,17.86962452000011,1.1039999999999992
6141e3fdee0a3fd43fb47cd7,low_MoS2,1.0,2.0,3.0,MoS2_0.01562,32.14511962999994,0.4030999999999949
6141e3fd4e27a1844a5f0358,low_MoS2,1.0,2.0,3.0,MoS2_0.01562,8.514562900000126,1.1452000000000027
6141e40731cf3ef3d4a9f082,low_MoS2,2.0,1.0,3.0,MoS2_0.01562,40.96320123000005,0.1606999999999985
6141e40dbaaf234b35290444,low_MoS2,2.0,1.0,3.0,MoS2_0.01562,17.87048477000007,1.1079000000000008
6141e411ee0a3fd43fb47cd9,low_MoS2,1.0,2.0,3.0,MoS2_0.01562,32.14711177000002,0.4037000000000006
6141e4174e27a1844a5f035a,low_MoS2,1.0,2.0,3.0,MoS2_0.01562,8.527760960000048,1.1396000000000015
6141e41e31cf3ef3d4a9f084,low_MoS2,2.0,1.0,3.0,MoS2_0.01562,41.46464987999998,0.33429999999999893
6141e426ee0a3fd43fb47cdb,low_MoS2,1.0,2.0,3.0,MoS2_0.01562,32.08921940000003,0.4046999999999983
6141e4299cbada84a8676acd,low_MoS2,0.0,3.0,3.0,MoS2_0.01562,-0.8332002500000613,1.8100999999999985
6141e42d3ac25c70a5c6c99d,low_MoS2,3.0,0.0,3.0,MoS2_0.01562,50.73222174999993,0.383899999999997
6141e432baaf234b35290446,low_MoS2,2.0,1.0,3.0,MoS2_0.01562,17.849886669999925,1.093200000000003
6141e43e4e27a1844a5f035c,low_MoS2,1.0,2.0,3.0,MoS2_0.01562,8.511266179999918,1.1448999999999998
6141e44531cf3ef3d4a9f086,low_MoS2,2.0,1.0,3.0,MoS2_0.01562,41.24170496999996,0.244800000000005
6141e449baaf234b35290448,low_MoS2,2.0,1.0,3.0,MoS2_0.01562,17.89106415000014,1.0285999999999973
6141e44b9cbada84a8676acf,low_MoS2,0.0,3.0,3.0,MoS2_0.01562,-0.8301001599999722,1.8079999999999998
6141e4534e27a1844a5f035e,low_MoS2,1.0,2.0,3.0,MoS2_0.01562,8.514037220000116,1.1426000000000016
6141e45bee0a3fd43fb47cdd,low_MoS2,1.0,2.0,3.0,MoS2_0.01562,32.123248620000126,0.3609999999999971
6141e45b31cf3ef3d4a9f088,low_MoS2,2.0,1.0,3.0,MoS2_0.01562,41.452051220000115,0.35430000000000206
6141e45f3ac25c70a5c6c99f,low_MoS2,3.0,0.0,3.0,MoS2_0.01562,50.82567695000004,0.375
6141e4674e27a1844a5f0360,low_MoS2,1.0,2.0,3.0,MoS2_0.01562,8.513836079999944,1.1417999999999964
6141e470ee0a3fd43fb47cdf,low_MoS2,1.0,2.0,3.0,MoS2_0.01562,32.122029809999944,0.35659999999999314
6141e471baaf234b3529044a,low_MoS2,2.0,1.0,3.0,MoS2_0.01562,17.85925921000011,1.1111000000000004
6141e47131cf3ef3d4a9f08a,low_MoS2,2.0,1.0,3.0,MoS2_0.01562,41.48732543000001,0.4117000000000033
6141e4759cbada84a8676ad1,low_MoS2,0.0,3.0,3.0,MoS2_0.01562,-0.832658600000002,1.8098000000000027
6141e4854e27a1844a5f0362,low_MoS2,1.0,2.0,3.0,MoS2_0.01562,8.52738905999993,1.1461000000000041
6141e49b4e27a1844a5f0364,low_MoS2,1.0,2.0,3.0,MoS2_0.01562,8.51194375999992,1.1441999999999979
6141e49cbaaf234b3529044c,low_MoS2,2.0,1.0,3.0,MoS2_0.01562,17.85210467000001,1.0947000000000031
6141e49d3ac25c70a5c6c9a1,low_MoS2,3.0,0.0,3.0,MoS2_0.01562,50.829944969999964,0.3742999999999981
6141e4a0ee0a3fd43fb47ce1,low_MoS2,1.0,2.0,3.0,MoS2_0.01562,32.14394370000012,0.4018000000000015
6141e4a09cbada84a8676ad3,low_MoS2,0.0,3.0,3.0,MoS2_0.01562,-0.831854539999938,1.8085999999999984
6141e4a031cf3ef3d4a9f08c,low_MoS2,2.0,1.0,3.0,MoS2_0.01562,41.44166387000014,0.36840000000000117
6141e4b24e27a1844a5f0366,low_MoS2,1.0,2.0,3.0,MoS2_0.01562,8.51744592999992,1.1426999999999978
6141e4bd9cbada84a8676ad5,low_MoS2,0.0,3.0,3.0,MoS2_0.01562,-0.8334580400000391,1.8093999999999966
6141e4c331cf3ef3d4a9f08e,low_MoS2,2.0,1.0,3.0,MoS2_0.01562,41.49178245000003,0.40739999999999554
6141e4c64e27a1844a5f0368,low_MoS2,1.0,2.0,3.0,MoS2_0.01562,8.484412080000109,1.1439000000000021
6141e4cfee0a3fd43fb47ce3,low_MoS2,1.0,2.0,3.0,MoS2_0.01562,31.954424170000028,0.2640000000000029
6141e4d39cbada84a8676ad7,low_MoS2,0.0,3.0,3.0,MoS2_0.01562,-0.8322328799999354,1.8091000000000008
6141e4d4baaf234b3529044e,low_MoS2,2.0,1.0,3.0,MoS2_0.01562,17.86830591000011,1.1101000000000028
6141e4d53ac25c70a5c6c9a3,low_MoS2,3.0,0.0,3.0,MoS2_0.01562,50.8208815300001,0.3441000000000045
6141e4e04e27a1844a5f036a,low_MoS2,1.0,2.0,3.0,MoS2_0.01562,8.516295659999994,1.1460000000000008
6141e4e3ee0a3fd43fb47ce5,low_MoS2,1.0,2.0,3.0,MoS2_0.01562,32.146304549999954,0.40109999999999957
6141e4e89cbada84a8676ad9,low_MoS2,0.0,3.0,3.0,MoS2_0.01562,-0.8049781999999936,1.807700000000004
6141e4f54e27a1844a5f036c,low_MoS2,1.0,2.0,3.0,MoS2_0.01562,8.493640689999918,1.1376999999999953
6141e4fb31cf3ef3d4a9f090,low_MoS2,2.0,1.0,3.0,MoS2_0.01562,41.46424229000009,0.3894999999999982
6141e4ff9cbada84a8676adb,low_MoS2,0.0,3.0,3.0,MoS2_0.01562,-0.8313586199998895,1.8099999999999952
6141e50c3ac25c70a5c6c9a5,low_MoS2,3.0,0.0,3.0,MoS2_0.01562,50.89066022000012,0.18760000000000332
6141e5159cbada84a8676add,low_MoS2,0.0,3.0,3.0,MoS2_0.01562,-0.8326674399999661,1.8100999999999985
6141e51e4e27a1844a5f036e,low_MoS2,1.0,2.0,3.0,MoS2_0.01562,8.509772789999968,1.144600000000004
6141e51fbaaf234b35290450,low_MoS2,2.0,1.0,3.0,MoS2_0.01562,17.867220940000145,1.1030000000000015
6141e52b9cbada84a8676adf,low_MoS2,0.0,3.0,3.0,MoS2_0.01562,-0.829839649999883,1.8068999999999988
6141e5324e27a1844a5f0370,low_MoS2,1.0,2.0,3.0,MoS2_0.01562,8.513918720000017,1.1458000000000013
6141e5413ac25c70a5c6c9a7,low_MoS2,3.0,0.0,3.0,MoS2_0.01562,50.76469031000003,0.32730000000000103
6141e54431cf3ef3d4a9f092,low_MoS2,2.0,1.0,3.0,MoS2_0.01562,41.48088272000014,0.4063999999999979
6141e54bbaaf234b35290452,low_MoS2,2.0,1.0,3.0,MoS2_0.01562,17.86233431999994,1.109499999999997
6141e54d4e27a1844a5f0372,low_MoS2,1.0,2.0,3.0,MoS2_0.01562,8.511040370000071,1.1435999999999993
6141e5599cbada84a8676ae1,low_MoS2,0.0,3.0,3.0,MoS2_0.01562,-0.8285574799999154,1.8085999999999984
6141e562baaf234b35290454,low_MoS2,2.0,1.0,3.0,MoS2_0.01562,17.863961069999952,1.1096000000000004
6141e5644e27a1844a5f0374,low_MoS2,1.0,2.0,3.0,MoS2_0.01562,8.501597530000051,1.1495000000000033
6141e565ee0a3fd43fb47ce7,low_MoS2,1.0,2.0,3.0,MoS2_0.01562,31.959547560000136,0.26490000000000435
6141e56f9cbada84a8676ae3,low_MoS2,0.0,3.0,3.0,MoS2_0.01562,-0.832915299999911,1.8100000000000023
6141e5743ac25c70a5c6c9a9,low_MoS2,3.0,0.0,3.0,MoS2_0.01562,48.847323740000014,0.1448999999999998
6141e57abaaf234b35290456,low_MoS2,2.0,1.0,3.0,MoS2_0.01562,17.866249919999966,1.1114000000000033
6141e57aee0a3fd43fb47ce9,low_MoS2,1.0,2.0,3.0,MoS2_0.01562,32.121808690000066,0.35029999999999717
6141e57f4e27a1844a5f0376,low_MoS2,1.0,2.0,3.0,MoS2_0.01562,8.506118190000077,1.1457999999999942
6141e58031cf3ef3d4a9f094,low_MoS2,2.0,1.0,3.0,MoS2_0.01562,41.472259580000085,0.41490000000000293
6141e58b9cbada84a8676ae5,low_MoS2,0.0,3.0,3.0,MoS2_0.01562,-0.8313127199998576,1.8093000000000004
6141e592baaf234b35290458,low_MoS2,2.0,1.0,3.0,MoS2_0.01562,17.863199789999946,1.1041999999999987
6141e59731cf3ef3d4a9f096,low_MoS2,2.0,1.0,3.0,MoS2_0.01562,41.24488278999998,0.25900000000000034
6141e5994e27a1844a5f0378,low_MoS2,1.0,2.0,3.0,MoS2_0.01562,8.508277019999948,1.146099999999997
6141e5a63ac25c70a5c6c9ab,low_MoS2,3.0,0.0,3.0,MoS2_0.01562,50.82215587000011,0.4240999999999957
6141e5aabaaf234b3529045a,low_MoS2,2.0,1.0,3.0,MoS2_0.01562,17.867947319999978,1.0876999999999981
6141e5ae31cf3ef3d4a9f098,low_MoS2,2.0,1.0,3.0,MoS2_0.01562,41.28721418999994,0.26720000000000255
6141e5ae4e27a1844a5f037a,low_MoS2,1.0,2.0,3.0,MoS2_0.01562,8.502489040000025,1.1469000000000023
6141e5bc9cbada84a8676ae7,low_MoS2,0.0,3.0,3.0,MoS2_0.01562,-0.8330800200000681,1.8093000000000004
6141e5c2baaf234b3529045c,low_MoS2,2.0,1.0,3.0,MoS2_0.01562,17.850647070000143,1.0009000000000015
6141e5c34e27a1844a5f037c,low_MoS2,1.0,2.0,3.0,MoS2_0.01562,8.497111810000003,1.134999999999998
6141e5c5ee0a3fd43fb47ceb,low_MoS2,1.0,2.0,3.0,MoS2_0.01562,32.150711819999955,0.4037000000000006
6141e5c531cf3ef3d4a9f09a,low_MoS2,2.0,1.0,3.0,MoS2_0.01562,40.971440190000024,0.15230000000000388
6141e5d94e27a1844a5f037e,low_MoS2,1.0,2.0,3.0,MoS2_0.01562,8.543711990000045,1.1803999999999988
6141e5daee0a3fd43fb47ced,low_MoS2,1.0,2.0,3.0,MoS2_0.01562,32.142932550000054,0.4028999999999954
6141e5dabaaf234b3529045e,low_MoS2,2.0,1.0,3.0,MoS2_0.01562,17.86194203000013,1.1063000000000045
6141e5dc3ac25c70a5c6c9ad,low_MoS2,3.0,0.0,3.0,MoS2_0.01562,50.75124462,0.30160000000000053
6141e5e79cbada84a8676ae9,low_MoS2,0.0,3.0,3.0,MoS2_0.01562,-0.8318442399999526,1.8094999999999999
6141e5ee4e27a1844a5f0380,low_MoS2,1.0,2.0,3.0,MoS2_0.01562,8.547759040000098,1.1807999999999979
6141e5f031cf3ef3d4a9f09c,low_MoS2,2.0,1.0,3.0,MoS2_0.01562,41.49201433000003,0.41379999999999484
6141e5f2baaf234b35290460,low_MoS2,2.0,1.0,3.0,MoS2_0.01562,17.857642140000046,1.0352000000000032
6141e603ee0a3fd43fb47cef,low_MoS2,1.0,2.0,3.0,MoS2_0.01562,31.947941560000107,0.25
6141e6044e27a1844a5f0382,low_MoS2,1.0,2.0,3.0,MoS2_0.01562,8.505114119999941,1.1433999999999997
6141e60731cf3ef3d4a9f09e,low_MoS2,2.0,1.0,3.0,MoS2_0.01562,41.476768380000024,0.33509999999999707
6141e6099cbada84a8676aeb,low_MoS2,0.0,3.0,3.0,MoS2_0.01562,-0.8319023799999172,1.8079999999999998
6141e60abaaf234b35290462,low_MoS2,2.0,1.0,3.0,MoS2_0.01562,17.88855914000009,1.1094000000000008
6141e6123ac25c70a5c6c9af,low_MoS2,3.0,0.0,3.0,MoS2_0.01562,48.83687305999994,0.1558999999999955
6141e6194e27a1844a5f0384,low_MoS2,1.0,2.0,3.0,MoS2_0.01562,8.53675690999992,1.1463999999999999
6141e62131cf3ef3d4a9f0a0,low_MoS2,2.0,1.0,3.0,MoS2_0.01562,41.47100515000007,0.41689999999999827
6141e622baaf234b35290464,low_MoS2,2.0,1.0,3.0,MoS2_0.01562,17.86170558999992,1.1136999999999944
6141e627ee0a3fd43fb47cf1,low_MoS2,1.0,2.0,3.0,MoS2_0.01562,32.12129492000007,0.35600000000000165
6141e62f4e27a1844a5f0386,low_MoS2,1.0,2.0,3.0,MoS2_0.01562,8.513239390000106,1.1454000000000022
6141e6309cbada84a8676aed,low_MoS2,0.0,3.0,3.0,MoS2_0.01562,-0.8038690000000202,1.809599999999996
6141e63731cf3ef3d4a9f0a2,low_MoS2,2.0,1.0,3.0,MoS2_0.01562,41.41697941999992,0.3643999999999963
6141e63abaaf234b35290466,low_MoS2,2.0,1.0,3.0,MoS2_0.01562,17.825804530000134,1.136800000000001
6141e644ee0a3fd43fb47cf3,low_MoS2,1.0,2.0,3.0,MoS2_0.01562,32.136337560000115,0.40090000000000003
6141e6453ac25c70a5c6c9b1,low_MoS2,3.0,0.0,3.0,MoS2_0.01562,50.78258036999993,0.3778000000000006
6141e6464e27a1844a5f0388,low_MoS2,1.0,2.0,3.0,MoS2_0.01562,8.537700209999937,1.1448000000000036
6141e64d31cf3ef3d4a9f0a4,low_MoS2,2.0,1.0,3.0,MoS2_0.01562,41.451676309999996,0.37830000000000297
6141e6599cbada84a8676aef,low_MoS2,0.0,3.0,3.0,MoS2_0.01562,-0.8319011699999805,1.8093000000000004
6141e65e4e27a1844a5f038a,low_MoS2,1.0,2.0,3.0,MoS2_0.01562,8.505917980000074,1.1492000000000004
6141e660baaf234b35290468,low_MoS2,2.0,1.0,3.0,MoS2_0.01562,17.85872420000009,1.0955000000000013
6141e66431cf3ef3d4a9f0a6,low_MoS2,2.0,1.0,3.0,MoS2_0.01562,41.49262659999995,0.34490000000000265
6141e66f9cbada84a8676af1,low_MoS2,0.0,3.0,3.0,MoS2_0.01562,-0.8286849799998777,1.8078999999999965
6141e6744e27a1844a5f038c,low_MoS2,1.0,2.0,3.0,MoS2_0.01562,8.510580540000117,1.1437999999999988
6141e67c31cf3ef3d4a9f0a8,low_MoS2,2.0,1.0,3.0,MoS2_0.01562,41.49167830000006,0.4088999999999956
6141e682ee0a3fd43fb47cf5,low_MoS2,1.0,2.0,3.0,MoS2_0.01562,32.14838699999994,0.39979999999999905
6141e6859cbada84a8676af3,low_MoS2,0.0,3.0,3.0,MoS2_0.01562,-0.8286682499999074,1.807300000000005
6141e68a4e27a1844a5f038e,low_MoS2,1.0,2.0,3.0,MoS2_0.01562,8.529073250000035,1.1957999999999984
6141e69331cf3ef3d4a9f0aa,low_MoS2,2.0,1.0,3.0,MoS2_0.01562,41.44728613000002,0.37830000000000297
6141e698ee0a3fd43fb47cf7,low_MoS2,1.0,2.0,3.0,MoS2_0.01562,32.12406329000008,0.35730000000000217
6141e69b9cbada84a8676af5,low_MoS2,0.0,3.0,3.0,MoS2_0.01562,-0.8229968899999562,1.8074999999999974
6141e69cbaaf234b3529046a,low_MoS2,2.0,1.0,3.0,MoS2_0.01562,17.888989880000047,0.9587000000000003
6141e6a14e27a1844a5f0390,low_MoS2,1.0,2.0,3.0,MoS2_0.01562,8.509555500000058,1.1448999999999998
6141e6b4baaf234b3529046c,low_MoS2,2.0,1.0,3.0,MoS2_0.01562,17.888902390000105,0.9581999999999979
6141e6bf4e27a1844a5f0392,low_MoS2,1.0,2.0,3.0,MoS2_0.01562,8.547619700000066,1.1807999999999979
6141e6bf3ac25c70a5c6c9b3,low_MoS2,3.0,0.0,3.0,MoS2_0.01562,50.78882921000005,0.36599999999999966
6141e6bf31cf3ef3d4a9f0ac,low_MoS2,2.0,1.0,3.0,MoS2_0.01562,41.46557371000013,0.3888999999999996
6141e6c9ee0a3fd43fb47cf9,low_MoS2,1.0,2.0,3.0,MoS2_0.01562,32.1234013600001,0.37700000000000244
6141e6d54e27a1844a5f0394,low_MoS2,1.0,2.0,3.0,MoS2_0.01562,8.51536418000003,1.1448000000000036
6141e6dcbaaf234b3529046e,low_MoS2,2.0,1.0,3.0,MoS2_0.01562,17.86254331999998,1.1116000000000028
6141e6dd31cf3ef3d4a9f0ae,low_MoS2,2.0,1.0,3.0,MoS2_0.01562,41.40753080999998,0.3766000000000034
6141e6de9cbada84a8676af7,low_MoS2,0.0,3.0,3.0,MoS2_0.01562,-0.831649799999866,1.8085999999999984
6141e6dfee0a3fd43fb47cfb,low_MoS2,1.0,2.0,3.0,MoS2_0.01562,32.145531860000105,0.40149999999999864
6141e6ef4e27a1844a5f0396,low_MoS2,1.0,2.0,3.0,MoS2_0.01562,8.526979539999981,1.1379999999999981
6141e6f231cf3ef3d4a9f0b0,low_MoS2,2.0,1.0,3.0,MoS2_0.01562,41.443434910000136,0.36129999999999995
6141e6f4ee0a3fd43fb47cfd,low_MoS2,1.0,2.0,3.0,MoS2_0.01562,32.12620467000009,0.39409999999999457
6141e6f5baaf234b35290470,low_MoS2,2.0,1.0,3.0,MoS2_0.01562,17.8685614200001,1.0876999999999981
6141e6f83ac25c70a5c6c9b5,low_MoS2,3.0,0.0,3.0,MoS2_0.01562,50.712326819999966,0.308400000000006
6141e7064e27a1844a5f0398,low_MoS2,1.0,2.0,3.0,MoS2_0.01562,8.510204449999971,1.148299999999999
6141e70931cf3ef3d4a9f0b2,low_MoS2,2.0,1.0,3.0,MoS2_0.01562,41.481857619999985,0.4048000000000016
6141e70aee0a3fd43fb47cff,low_MoS2,1.0,2.0,3.0,MoS2_0.01562,31.96383824999997,0.2646000000000015
6141e70ebaaf234b35290472,low_MoS2,2.0,1.0,3.0,MoS2_0.01562,17.948608180000058,0.6512000000000029
6141e7199cbada84a8676af9,low_MoS2,0.0,3.0,3.0,MoS2_0.01562,-0.8066137200000298,1.8064999999999998
6141e71c4e27a1844a5f039a,low_MoS2,1.0,2.0,3.0,MoS2_0.01562,8.512202440000035,1.145699999999998
6141e720ee0a3fd43fb47d01,low_MoS2,1.0,2.0,3.0,MoS2_0.01562,32.13926091000006,0.40330000000000155
6141e726baaf234b35290474,low_MoS2,2.0,1.0,3.0,MoS2_0.01562,17.903888210000098,1.117599999999996
6141e72c3ac25c70a5c6c9b7,low_MoS2,3.0,0.0,3.0,MoS2_0.01562,50.782639290000056,0.3977000000000004
6141e7324e27a1844a5f039c,low_MoS2,1.0,2.0,3.0,MoS2_0.01562,8.50856004999994,1.1439999999999984
6141e735ee0a3fd43fb47d03,low_MoS2,1.0,2.0,3.0,MoS2_0.01562,32.14566076000004,0.40460000000000207
6141e73c31cf3ef3d4a9f0b4,low_MoS2,2.0,1.0,3.0,MoS2_0.01562,41.49159172999994,0.40970000000000084
6141e73fbaaf234b35290476,low_MoS2,2.0,1.0,3.0,MoS2_0.01562,17.891305860000095,1.0836000000000041
6141e7484e27a1844a5f039e,low_MoS2,1.0,2.0,3.0,MoS2_0.01562,8.505306360000102,1.1424999999999983
6141e74bee0a3fd43fb47d05,low_MoS2,1.0,2.0,3.0,MoS2_0.01562,32.126514049999955,0.35089999999999577
6141e75431cf3ef3d4a9f0b6,low_MoS2,2.0,1.0,3.0,MoS2_0.01562,41.285707520000145,0.26910000000000167
6141e75bbaaf234b35290478,low_MoS2,2.0,1.0,3.0,MoS2_0.01562,17.8706691100001,1.109099999999998
6141e75e9cbada84a8676afb,low_MoS2,0.0,3.0,3.0,MoS2_0.01562,-0.8314344499999038,1.8088999999999942
6141e7613ac25c70a5c6c9b9,low_MoS2,3.0,0.0,3.0,MoS2_0.01562,50.70110637999998,0.30449999999999733
6141e7654e27a1844a5f03a0,low_MoS2,1.0,2.0,3.0,MoS2_0.01562,8.510860809999965,1.1476000000000042
6141e766ee0a3fd43fb47d07,low_MoS2,1.0,2.0,3.0,MoS2_0.01562,32.12855387000012,0.3486999999999938
6141e76c31cf3ef3d4a9f0b8,low_MoS2,2.0,1.0,3.0,MoS2_0.01562,41.435318450000025,0.4119000000000028
6141e774baaf234b3529047a,low_MoS2,2.0,1.0,3.0,MoS2_0.01562,17.862622959999946,1.1098
6141e7759cbada84a8676afd,low_MoS2,0.0,3.0,3.0,MoS2_0.01562,-0.8319050299998594,1.8093000000000004
6141e77cee0a3fd43fb47d09,low_MoS2,1.0,2.0,3.0,MoS2_0.01562,32.146593960000004,0.4024000000000001
6141e77c4e27a1844a5f03a2,low_MoS2,1.0,2.0,3.0,MoS2_0.01562,8.517728670000022,1.1479999999999961
6141e78631cf3ef3d4a9f0ba,low_MoS2,2.0,1.0,3.0,MoS2_0.01562,41.47420395000013,0.41389999999999816
6141e78c9cbada84a8676aff,low_MoS2,0.0,3.0,3.0,MoS2_0.01562,-0.8322274500000617,1.8083000000000027
6141e792ee0a3fd43fb47d0b,low_MoS2,1.0,2.0,3.0,MoS2_0.01562,32.144540669999955,0.4024000000000001
6141e7953ac25c70a5c6c9bb,low_MoS2,3.0,0.0,3.0,MoS2_0.01562,50.80877060999993,0.3843000000000032
6141e799baaf234b3529047c,low_MoS2,2.0,1.0,3.0,MoS2_0.01562,17.866835980000126,1.0889999999999986
6141e79b4e27a1844a5f03a4,low_MoS2,1.0,2.0,3.0,MoS2_0.01562,8.515415829999963,1.1462999999999965
6141e79e31cf3ef3d4a9f0bc,low_MoS2,2.0,1.0,3.0,MoS2_0.01562,41.462546010000054,0.38589999999999947
6141e7b24e27a1844a5f03a6,low_MoS2,1.0,2.0,3.0,MoS2_0.01562,8.565775020000071,1.1700000000000017
6141e7bcbaaf234b3529047e,low_MoS2,2.0,1.0,3.0,MoS2_0.01562,17.86493231000008,1.1098999999999961
6141e7c531cf3ef3d4a9f0be,low_MoS2,2.0,1.0,3.0,MoS2_0.01562,41.485646230000114,0.41490000000000293
6141e7c84e27a1844a5f03a8,low_MoS2,1.0,2.0,3.0,MoS2_0.01562,8.515651740000092,1.1437000000000026
6141e7c8ee0a3fd43fb47d0d,low_MoS2,1.0,2.0,3.0,MoS2_0.01562,32.14372530000013,0.40149999999999864
6141e7d19cbada84a8676b01,low_MoS2,0.0,3.0,3.0,MoS2_0.01562,-0.832591519999994,1.8106000000000009
6141e7de4e27a1844a5f03aa,low_MoS2,1.0,2.0,3.0,MoS2_0.01562,8.52497745999997,1.1381000000000014
6141e7dfee0a3fd43fb47d0f,low_MoS2,1.0,2.0,3.0,MoS2_0.01562,32.08580339000012,0.4063999999999979
6141e7e89cbada84a8676b03,low_MoS2,0.0,3.0,3.0,MoS2_0.01562,-0.804189679999979,1.8076000000000008
6141e7f64e27a1844a5f03ac,low_MoS2,1.0,2.0,3.0,MoS2_0.01562,8.545216860000007,1.1791000000000054
6141e7f73ac25c70a5c6c9bd,low_MoS2,3.0,0.0,3.0,MoS2_0.01562,50.89523311999998,0.16020000000000323
6141e7f931cf3ef3d4a9f0c0,low_MoS2,2.0,1.0,3.0,MoS2_0.01562,41.285158600000116,0.2674000000000021
6141e7fabaaf234b35290480,low_MoS2,2.0,1.0,3.0,MoS2_0.01562,17.8541886800001,1.0043000000000006
6141e8009cbada84a8676b05,low_MoS2,0.0,3.0,3.0,MoS2_0.01562,-0.8286606599999118,1.8089000000000013
6141e80bee0a3fd43fb47d11,low_MoS2,1.0,2.0,3.0,MoS2_0.01562,32.1458688,0.4014000000000024
6141e80d4e27a1844a5f03ae,low_MoS2,1.0,2.0,3.0,MoS2_0.01562,8.498989819999931,1.1499000000000024
6141e81031cf3ef3d4a9f0c2,low_MoS2,2.0,1.0,3.0,MoS2_0.01562,41.488354380000104,0.41219999999999857
6141e813baaf234b35290482,low_MoS2,2.0,1.0,3.0,MoS2_0.01562,17.86649355000008,1.1114999999999995
6141e81d9cbada84a8676b07,low_MoS2,0.0,3.0,3.0,MoS2_0.01562,-0.8038535299999126,1.8082999999999956
6141e821ee0a3fd43fb47d13,low_MoS2,1.0,2.0,3.0,MoS2_0.01562,32.149960250000035,0.403100000000002
6141e8254e27a1844a5f03b0,low_MoS2,1.0,2.0,3.0,MoS2_0.01562,8.564122669999986,1.1357
6141e82931cf3ef3d4a9f0c4,low_MoS2,2.0,1.0,3.0,MoS2_0.01562,41.46289066000004,0.40090000000000003
6141e82c3ac25c70a5c6c9bf,low_MoS2,3.0,0.0,3.0,MoS2_0.01562,50.822224290000044,0.3421999999999983
6141e834baaf234b35290484,low_MoS2,2.0,1.0,3.0,MoS2_0.01562,17.821360489999954,1.1062999999999974
6141e838ee0a3fd43fb47d15,low_MoS2,1.0,2.0,3.0,MoS2_0.01562,32.12288181999996,0.34900000000000375
6141e84dbaaf234b35290486,low_MoS2,2.0,1.0,3.0,MoS2_0.01562,17.94536893000008,0.6535999999999973
6141e84d4e27a1844a5f03b2,low_MoS2,1.0,2.0,3.0,MoS2_0.01562,8.507572790000065,1.1473000000000013
6141e84fee0a3fd43fb47d17,low_MoS2,1.0,2.0,3.0,MoS2_0.01562,32.146337849999995,0.4017999999999944
6141e85a31cf3ef3d4a9f0c6,low_MoS2,2.0,1.0,3.0,MoS2_0.01562,39.48821719000007,0.1518000000000015
6141e8643ac25c70a5c6c9c1,low_MoS2,3.0,0.0,3.0,MoS2_0.01562,48.82948318999994,0.1583000000000041
6141e8644e27a1844a5f03b4,low_MoS2,1.0,2.0,3.0,MoS2_0.01562,8.511220829999981,1.1433000000000035
6141e866baaf234b35290488,low_MoS2,2.0,1.0,3.0,MoS2_0.01562,17.854061040000026,1.1118000000000023
6141e87331cf3ef3d4a9f0c8,low_MoS2,2.0,1.0,3.0,MoS2_0.01562,41.475163270000124,0.33319999999999794
6141e8749cbada84a8676b09,low_MoS2,0.0,3.0,3.0,MoS2_0.01562,-0.8318015199999422,1.809899999999999
6141e87fbaaf234b3529048a,low_MoS2,2.0,1.0,3.0,MoS2_0.01562,17.887283230000087,0.9583000000000013
6141e882ee0a3fd43fb47d19,low_MoS2,1.0,2.0,3.0,MoS2_0.01562,32.029793339999955,0.4159999999999968
6141e88b9cbada84a8676b0b,low_MoS2,0.0,3.0,3.0,MoS2_0.01562,-0.8316321399999538,1.808399999999999
6141e88b31cf3ef3d4a9f0ca,low_MoS2,2.0,1.0,3.0,MoS2_0.01562,41.43677270000008,0.41040000000000276
6141e899baaf234b3529048c,low_MoS2,2.0,1.0,3.0,MoS2_0.01562,17.864294160000092,1.1114999999999995
6141e8aa31cf3ef3d4a9f0cc,low_MoS2,2.0,1.0,3.0,MoS2_0.01562,41.45626151000006,0.38800000000000523
6141e8aaee0a3fd43fb47d1b,low_MoS2,1.0,2.0,3.0,MoS2_0.01562,32.14431319999993,0.4059999999999988
6141e8b19cbada84a8676b0d,low_MoS2,0.0,3.0,3.0,MoS2_0.01562,-0.8039168499998937,1.808799999999998
6141e8b23ac25c70a5c6c9c3,low_MoS2,3.0,0.0,3.0,MoS2_0.01562,50.819196620000106,0.3393999999999977
6141e8b54e27a1844a5f03b6,low_MoS2,1.0,2.0,3.0,MoS2_0.01562,8.515437219999992,1.1452999999999989
6141e8bbbaaf234b3529048e,low_MoS2,2.0,1.0,3.0,MoS2_0.01562,17.86948370000004,1.1077999999999975
6141e8c331cf3ef3d4a9f0ce,low_MoS2,2.0,1.0,3.0,MoS2_0.01562,41.28887215999994,0.2535999999999987
6141e8c89cbada84a8676b0f,low_MoS2,0.0,3.0,3.0,MoS2_0.01562,-0.8314788800000201,1.809199999999997
6141e8cc4e27a1844a5f03b8,low_MoS2,1.0,2.0,3.0,MoS2_0.01562,8.510109840000066,1.1489000000000047
6141e8d5baaf234b35290490,low_MoS2,2.0,1.0,3.0,MoS2_0.01562,17.893132749999943,1.0779999999999959
6141e8d5ee0a3fd43fb47d1d,low_MoS2,1.0,2.0,3.0,MoS2_0.01562,31.957126440000128,0.26209999999999667
6141e8e09cbada84a8676b11,low_MoS2,0.0,3.0,3.0,MoS2_0.01562,-0.8305400199998871,1.8091000000000008
6141e8e34e27a1844a5f03ba,low_MoS2,1.0,2.0,3.0,MoS2_0.01562,8.511316820000072,1.1435999999999993
6141e8e83ac25c70a5c6c9c5,low_MoS2,3.0,0.0,3.0,MoS2_0.01562,50.771868210000015,0.37930000000000064
6141e8efbaaf234b35290492,low_MoS2,2.0,1.0,3.0,MoS2_0.01562,17.870247159999955,1.1081999999999965
6141e8f131cf3ef3d4a9f0d0,low_MoS2,2.0,1.0,3.0,MoS2_0.01562,41.460046300000116,0.3826999999999998
6141e901ee0a3fd43fb47d1f,low_MoS2,1.0,2.0,3.0,MoS2_0.01562,31.96061110000004,0.2670999999999992
6141e90a31cf3ef3d4a9f0d2,low_MoS2,2.0,1.0,3.0,MoS2_0.01562,41.46384804999998,0.33160000000000167
6141e9104e27a1844a5f03bc,low_MoS2,1.0,2.0,3.0,MoS2_0.01562,8.517284730000053,1.1452000000000027
6141e918ee0a3fd43fb47d21,low_MoS2,1.0,2.0,3.0,MoS2_0.01562,32.146440980000065,0.40090000000000003
6141e91abaaf234b35290494,low_MoS2,2.0,1.0,3.0,MoS2_0.01562,17.886998319999968,1.0981000000000023
6141e91e3ac25c70a5c6c9c7,low_MoS2,3.0,0.0,3.0,MoS2_0.01562,50.901417709999954,0.17629999999999768
6141e92431cf3ef3d4a9f0d4,low_MoS2,2.0,1.0,3.0,MoS2_0.01562,41.44219420000009,0.4093000000000018
6141e92a9cbada84a8676b13,low_MoS2,0.0,3.0,3.0,MoS2_0.01562,-0.8316747999999166,1.8089000000000013
6141e934ee0a3fd43fb47d23,low_MoS2,1.0,2.0,3.0,MoS2_0.01562,32.14454554999996,0.4024000000000001
6141e9374e27a1844a5f03be,low_MoS2,1.0,2.0,3.0,MoS2_0.01562,8.509034060000001,1.145699999999998
6141e949baaf234b35290496,low_MoS2,2.0,1.0,3.0,MoS2_0.01562,17.857839259999984,1.0395000000000039
6141e94bee0a3fd43fb47d25,low_MoS2,1.0,2.0,3.0,MoS2_0.01562,32.08872487999996,0.40510000000000446
6141e94f9cbada84a8676b15,low_MoS2,0.0,3.0,3.0,MoS2_0.01562,-0.8322973100000013,1.809199999999997
6141e9504e27a1844a5f03c0,low_MoS2,1.0,2.0,3.0,MoS2_0.01562,8.504973569999972,1.147200000000005
6141e95831cf3ef3d4a9f0d6,low_MoS2,2.0,1.0,3.0,MoS2_0.01562,41.45835525999992,0.36780000000000257
6141e963baaf234b35290498,low_MoS2,2.0,1.0,3.0,MoS2_0.01562,17.876473400000116,1.0917999999999992
6141e9679cbada84a8676b17,low_MoS2,0.0,3.0,3.0,MoS2_0.01562,-0.8289490999999884,1.8078000000000003
6141e9674e27a1844a5f03c2,low_MoS2,1.0,2.0,3.0,MoS2_0.01562,8.495965359999925,1.1501999999999981
6141e96dee0a3fd43fb47d27,low_MoS2,1.0,2.0,3.0,MoS2_0.01562,32.14474882000012,0.40559999999999974
6141e97131cf3ef3d4a9f0d8,low_MoS2,2.0,1.0,3.0,MoS2_0.01562,41.44607644999992,0.3586999999999989
6141e97dbaaf234b3529049a,low_MoS2,2.0,1.0,3.0,MoS2_0.01562,17.901097709999924,1.1263999999999967
6141e97e9cbada84a8676b19,low_MoS2,0.0,3.0,3.0,MoS2_0.01562,-0.8309831599999029,1.8086999999999946
6141e9834e27a1844a5f03c4,low_MoS2,1.0,2.0,3.0,MoS2_0.01562,8.508748570000105,1.1462000000000003
6141e988ee0a3fd43fb47d29,low_MoS2,1.0,2.0,3.0,MoS2_0.01562,31.947615600000052,0.24309999999999832
6141e98b31cf3ef3d4a9f0da,low_MoS2,2.0,1.0,3.0,MoS2_0.01562,41.41906994999995,0.4176000000000002
6141e9969cbada84a8676b1b,low_MoS2,0.0,3.0,3.0,MoS2_0.01562,-0.8318881299998679,1.8082999999999956
6141e99b4e27a1844a5f03c6,low_MoS2,1.0,2.0,3.0,MoS2_0.01562,8.516237439999966,1.1445000000000007
6141e9a5ee0a3fd43fb47d2b,low_MoS2,1.0,2.0,3.0,MoS2_0.01562,32.123149450000014,0.3522000000000034
6141e9ae9cbada84a8676b1d,low_MoS2,0.0,3.0,3.0,MoS2_0.01562,-0.8311716400000364,1.808799999999998
6141e9b03ac25c70a5c6c9c9,low_MoS2,3.0,0.0,3.0,MoS2_0.01562,50.74556133999992,0.37539999999999907
6141e9b34e27a1844a5f03c8,low_MoS2,1.0,2.0,3.0,MoS2_0.01562,8.529557390000061,1.137599999999999
6141e9b6baaf234b3529049c,low_MoS2,2.0,1.0,3.0,MoS2_0.01562,17.86978498000007,1.110199999999999
6141e9b831cf3ef3d4a9f0dc,low_MoS2,2.0,1.0,3.0,MoS2_0.01562,41.472972870000106,0.4146999999999963
6141e9d0baaf234b3529049e,low_MoS2,2.0,1.0,3.0,MoS2_0.01562,17.930728519999995,0.6529999999999987
6141e9d34e27a1844a5f03ca,low_MoS2,1.0,2.0,3.0,MoS2_0.01562,8.513667989999956,1.1466999999999956
6141e9d59cbada84a8676b1f,low_MoS2,0.0,3.0,3.0,MoS2_0.01562,-0.8312277899999003,1.8088999999999942
6141e9e131cf3ef3d4a9f0de,low_MoS2,2.0,1.0,3.0,MoS2_0.01562,41.47859874000001,0.41550000000000153
6141e9e6ee0a3fd43fb47d2d,low_MoS2,1.0,2.0,3.0,MoS2_0.01562,32.12539258000014,0.34949999999999903
6141e9e99cbada84a8676b21,low_MoS2,0.0,3.0,3.0,MoS2_0.01562,-0.8325735000000236,1.8087000000000018
6141e9eabaaf234b352904a0,low_MoS2,2.0,1.0,3.0,MoS2_0.01562,17.866219640000047,1.1036999999999964
6141e9eb3ac25c70a5c6c9cb,low_MoS2,3.0,0.0,3.0,MoS2_0.01562,50.83014975000007,0.4253
6141e9fa31cf3ef3d4a9f0e0,low_MoS2,2.0,1.0,3.0,MoS2_0.01562,41.46172621000001,0.38760000000000616
6141e9fdee0a3fd43fb47d2f,low_MoS2,1.0,2.0,3.0,MoS2_0.01562,32.13177067000014,0.39809999999999945
6141ea024e27a1844a5f03cc,low_MoS2,1.0,2.0,3.0,MoS2_0.01562,8.516191879999976,1.1443000000000012
6141ea079cbada84a8676b23,low_MoS2,0.0,3.0,3.0,MoS2_0.01562,-0.8326794599999516,1.8098000000000027
6141ea11baaf234b352904a2,low_MoS2,2.0,1.0,3.0,MoS2_0.01562,17.88841545000013,1.1060000000000016
6141ea1331cf3ef3d4a9f0e2,low_MoS2,2.0,1.0,3.0,MoS2_0.01562,41.467902240000015,0.39620000000000033
6141ea15ee0a3fd43fb47d31,low_MoS2,1.0,2.0,3.0,MoS2_0.01562,32.14561939999997,0.402000000000001
6141ea263ac25c70a5c6c9cd,low_MoS2,3.0,0.0,3.0,MoS2_0.01562,50.804396720000035,0.3726999999999947
6141ea2bbaaf234b352904a4,low_MoS2,2.0,1.0,3.0,MoS2_0.01562,17.878608980000074,1.1012999999999948
6141ea2c31cf3ef3d4a9f0e4,low_MoS2,2.0,1.0,3.0,MoS2_0.01562,41.482279410000004,0.4083000000000041
6141ea2f4e27a1844a5f03ce,low_MoS2,1.0,2.0,3.0,MoS2_0.01562,8.528634690000015,1.1402999999999963
6141ea464e27a1844a5f03d0,low_MoS2,1.0,2.0,3.0,MoS2_0.01562,8.50962430999996,1.145700000000005
6141ea5e31cf3ef3d4a9f0e6,low_MoS2,2.0,1.0,3.0,MoS2_0.01562,41.466427759999945,0.3389000000000024
6141ea5ebaaf234b352904a6,low_MoS2,2.0,1.0,3.0,MoS2_0.01562,17.90487034000011,1.116100000000003
6141ea619cbada84a8676b25,low_MoS2,0.0,3.0,3.0,MoS2_0.01562,-0.8042218299999035,1.808399999999999
6141ea65ee0a3fd43fb47d33,low_MoS2,1.0,2.0,3.0,MoS2_0.01562,32.12569439000002,0.34949999999999903
6141ea6d4e27a1844a5f03d2,low_MoS2,1.0,2.0,3.0,MoS2_0.01562,8.512406419999959,1.147599999999997
6141ea78baaf234b352904a8,low_MoS2,2.0,1.0,3.0,MoS2_0.01562,17.882021890000026,1.0976
6141ea7f31cf3ef3d4a9f0e8,low_MoS2,2.0,1.0,3.0,MoS2_0.01562,41.47755327,0.4076999999999984
6141ea81ee0a3fd43fb47d35,low_MoS2,1.0,2.0,3.0,MoS2_0.01562,32.12624404000006,0.37890000000000157
6141ea854e27a1844a5f03d4,low_MoS2,1.0,2.0,3.0,MoS2_0.01562,8.514714930000107,1.1410999999999945
6141ea9d31cf3ef3d4a9f0ea,low_MoS2,2.0,1.0,3.0,MoS2_0.01562,41.49029373999993,0.4095000000000013
6141eaa3baaf234b352904aa,low_MoS2,2.0,1.0,3.0,MoS2_0.01562,17.86596506,1.1038999999999959
6141eaac4e27a1844a5f03d6,low_MoS2,1.0,2.0,3.0,MoS2_0.01562,8.538277970000106,1.1807999999999979
6141eaadee0a3fd43fb47d37,low_MoS2,1.0,2.0,3.0,MoS2_0.01562,32.1482608000001,0.39860000000000184
6141eaae9cbada84a8676b27,low_MoS2,0.0,3.0,3.0,MoS2_0.01562,-0.8310182699999018,1.8094999999999999
6141eac5ee0a3fd43fb47d39,low_MoS2,1.0,2.0,3.0,MoS2_0.01562,32.14554597999994,0.402000000000001
6141eac53ac25c70a5c6c9cf,low_MoS2,3.0,0.0,3.0,MoS2_0.01562,50.775994870000126,0.3830999999999989
6141eacc31cf3ef3d4a9f0ec,low_MoS2,2.0,1.0,3.0,MoS2_0.01562,41.481709430000095,0.4151999999999987
6141ead94e27a1844a5f03d8,low_MoS2,1.0,2.0,3.0,MoS2_0.01562,8.517512560000139,1.1480999999999995
6141eadcee0a3fd43fb47d3b,low_MoS2,1.0,2.0,3.0,MoS2_0.01562,32.12981172000012,0.3982000000000028
6141eae2baaf234b352904ac,low_MoS2,2.0,1.0,3.0,MoS2_0.01562,17.858940130000057,1.111699999999999
6141eae831cf3ef3d4a9f0ee,low_MoS2,2.0,1.0,3.0,MoS2_0.01562,41.49291776000014,0.4031999999999982
6141eaf14e27a1844a5f03da,low_MoS2,1.0,2.0,3.0,MoS2_0.01562,8.513839170000008,1.145699999999998
6141eaf5ee0a3fd43fb47d3d,low_MoS2,1.0,2.0,3.0,MoS2_0.01562,32.14877021000005,0.402000000000001
6141eafcbaaf234b352904ae,low_MoS2,2.0,1.0,3.0,MoS2_0.01562,17.905858699999946,1.123199999999997
6141eafe9cbada84a8676b29,low_MoS2,0.0,3.0,3.0,MoS2_0.01562,-0.8018309599999043,1.8070000000000022
6141eb0231cf3ef3d4a9f0f0,low_MoS2,2.0,1.0,3.0,MoS2_0.01562,41.47941460000011,0.4135999999999953
6141eb033ac25c70a5c6c9d1,low_MoS2,3.0,0.0,3.0,MoS2_0.01562,50.76961137999994,0.4078000000000017
6141eb094e27a1844a5f03dc,low_MoS2,1.0,2.0,3.0,MoS2_0.01562,8.533042029999958,1.1387999999999963
6141eb13ee0a3fd43fb47d3f,low_MoS2,1.0,2.0,3.0,MoS2_0.01562,32.15185137000002,0.40439999999999543
6141eb16baaf234b352904b0,low_MoS2,2.0,1.0,3.0,MoS2_0.01562,17.853564949999956,1.0879000000000048
6141eb1b31cf3ef3d4a9f0f2,low_MoS2,2.0,1.0,3.0,MoS2_0.01562,41.4409915400001,0.37190000000000367
6141eb2aee0a3fd43fb47d41,low_MoS2,1.0,2.0,3.0,MoS2_0.01562,32.149204380000114,0.39930000000000376
6141eb2d9cbada84a8676b2b,low_MoS2,0.0,3.0,3.0,MoS2_0.01562,-0.8319854000000646,1.8088999999999942
6141eb31baaf234b352904b2,low_MoS2,2.0,1.0,3.0,MoS2_0.01562,17.88163796999992,0.9598000000000013
6141eb334e27a1844a5f03de,low_MoS2,1.0,2.0,3.0,MoS2_0.01562,8.513904670000127,1.1460000000000008
6141eb3531cf3ef3d4a9f0f4,low_MoS2,2.0,1.0,3.0,MoS2_0.01562,41.42965253000007,0.3767999999999958
6141eb43ee0a3fd43fb47d43,low_MoS2,1.0,2.0,3.0,MoS2_0.01562,32.15783488999999,0.40509999999999735
6141eb4e4e27a1844a5f03e0,low_MoS2,1.0,2.0,3.0,MoS2_0.01562,8.537953040000072,1.1794999999999973
6141eb5a9cbada84a8676b2d,low_MoS2,0.0,3.0,3.0,MoS2_0.01562,-0.8299346700000001,1.8085000000000022
6141eb60ee0a3fd43fb47d45,low_MoS2,1.0,2.0,3.0,MoS2_0.01562,32.13981690000013,0.40459999999999496
6141eb613ac25c70a5c6c9d3,low_MoS2,3.0,0.0,3.0,MoS2_0.01562,50.812933739999984,0.33720000000000283
6141eb6131cf3ef3d4a9f0f6,low_MoS2,2.0,1.0,3.0,MoS2_0.01562,41.45322011000003,0.37690000000000623
6141eb6fbaaf234b352904b4,low_MoS2,2.0,1.0,3.0,MoS2_0.01562,17.82494259999998,0.9412999999999982
6141eb719cbada84a8676b2f,low_MoS2,0.0,3.0,3.0,MoS2_0.01562,-0.8219066900000485,1.806199999999997
6141eb78ee0a3fd43fb47d47,low_MoS2,1.0,2.0,3.0,MoS2_0.01562,32.14433172999996,0.4049000000000049
6141eb7a31cf3ef3d4a9f0f8,low_MoS2,2.0,1.0,3.0,MoS2_0.01562,41.42405690999995,0.3796000000000035
6141eb834e27a1844a5f03e2,low_MoS2,1.0,2.0,3.0,MoS2_0.01562,8.538464850000107,1.1818999999999988
6141eb89baaf234b352904b6,low_MoS2,2.0,1.0,3.0,MoS2_0.01562,17.87243349000004,1.0374000000000052
6141eb9431cf3ef3d4a9f0fa,low_MoS2,2.0,1.0,3.0,MoS2_0.01562,41.48721876000009,0.4117000000000033
6141eb9b3ac25c70a5c6c9d5,low_MoS2,3.0,0.0,3.0,MoS2_0.01562,50.82067984000006,0.4096000000000046
6141eba4baaf234b352904b8,low_MoS2,2.0,1.0,3.0,MoS2_0.01562,17.888115790000022,1.104300000000002
6141eba8ee0a3fd43fb47d49,low_MoS2,1.0,2.0,3.0,MoS2_0.01562,32.125348560000006,0.34850000000000136
6141eba99cbada84a8676b31,low_MoS2,0.0,3.0,3.0,MoS2_0.01562,-0.7782013600000823,1.8061000000000007
6141ebb54e27a1844a5f03e4,low_MoS2,1.0,2.0,3.0,MoS2_0.01562,8.505703139999948,1.1441000000000017
6141ebc7baaf234b352904ba,low_MoS2,2.0,1.0,3.0,MoS2_0.01562,17.814397240000055,0.9433000000000007
6141ebce31cf3ef3d4a9f0fc,low_MoS2,2.0,1.0,3.0,MoS2_0.01562,41.47335188000007,0.41219999999999857
6141ebce4e27a1844a5f03e6,low_MoS2,1.0,2.0,3.0,MoS2_0.01562,8.505067520000036,1.1463000000000036
6141ebde3ac25c70a5c6c9d7,low_MoS2,3.0,0.0,3.0,MoS2_0.01562,50.81450467999995,0.3423999999999978
6141ebe2baaf234b352904bc,low_MoS2,2.0,1.0,3.0,MoS2_0.01562,17.8589914900001,1.1058999999999983
6141ebf19cbada84a8676b33,low_MoS2,0.0,3.0,3.0,MoS2_0.01562,-0.803900609999971,1.8094999999999999
6141ebfb4e27a1844a5f03e8,low_MoS2,1.0,2.0,3.0,MoS2_0.01562,8.513847389999935,1.1459999999999937
6141ebfcee0a3fd43fb47d4b,low_MoS2,1.0,2.0,3.0,MoS2_0.01562,32.08768005,0.405300000000004
6141ec0431cf3ef3d4a9f0fe,low_MoS2,2.0,1.0,3.0,MoS2_0.01562,41.49063382000004,0.40849999999999653
6141ec14ee0a3fd43fb47d4d,low_MoS2,1.0,2.0,3.0,MoS2_0.01562,31.954752750000115,0.26310000000000144
6141ec16baaf234b352904be,low_MoS2,2.0,1.0,3.0,MoS2_0.01562,17.85763926999993,1.0906999999999982
6141ec179cbada84a8676b35,low_MoS2,0.0,3.0,3.0,MoS2_0.01562,-0.8289482299998667,1.8074000000000012
6141ec1b3ac25c70a5c6c9d9,low_MoS2,3.0,0.0,3.0,MoS2_0.01562,50.79667132000001,0.41380000000000194
6141ec214e27a1844a5f03ea,low_MoS2,1.0,2.0,3.0,MoS2_0.01562,8.510613599999967,1.142799999999994
6141ec3931cf3ef3d4a9f100,low_MoS2,2.0,1.0,3.0,MoS2_0.01562,41.3682685400001,0.29809999999999803
6141ec43ee0a3fd43fb47d4f,low_MoS2,1.0,2.0,3.0,MoS2_0.01562,32.090144830000085,0.404200000000003
6141ec499cbada84a8676b37,low_MoS2,0.0,3.0,3.0,MoS2_0.01562,-0.8315721299999836,1.8086999999999946
6141ec5331cf3ef3d4a9f102,low_MoS2,2.0,1.0,3.0,MoS2_0.01562,41.48711296000006,0.4063999999999979
6141ec564e27a1844a5f03ec,low_MoS2,1.0,2.0,3.0,MoS2_0.01562,8.517312669999935,1.1430000000000007
6141ec563ac25c70a5c6c9db,low_MoS2,3.0,0.0,3.0,MoS2_0.01562,50.67729701,0.296599999999998
6141ec609cbada84a8676b39,low_MoS2,0.0,3.0,3.0,MoS2_0.01562,-0.8332313499999486,1.8074999999999974
6141ec61baaf234b352904c0,low_MoS2,2.0,1.0,3.0,MoS2_0.01562,17.866051480000117,1.0846000000000018
6141ec6bee0a3fd43fb47d51,low_MoS2,1.0,2.0,3.0,MoS2_0.01562,32.12821738000001,0.38009999999999877
6141ec6d31cf3ef3d4a9f104,low_MoS2,2.0,1.0,3.0,MoS2_0.01562,41.41738062000009,0.37940000000000396
6141ec6e4e27a1844a5f03ee,low_MoS2,1.0,2.0,3.0,MoS2_0.01562,8.528502140000025,1.1401000000000039
6141ec82baaf234b352904c2,low_MoS2,2.0,1.0,3.0,MoS2_0.01562,17.897554399999983,1.0962999999999994
6141ec864e27a1844a5f03f0,low_MoS2,1.0,2.0,3.0,MoS2_0.01562,8.510783740000104,1.1482000000000028
6141ec8731cf3ef3d4a9f106,low_MoS2,2.0,1.0,3.0,MoS2_0.01562,41.45419261000002,0.3766999999999996
6141ec923ac25c70a5c6c9dd,low_MoS2,3.0,0.0,3.0,MoS2_0.01562,50.774154470000134,0.379800000000003
6141ec97ee0a3fd43fb47d53,low_MoS2,1.0,2.0,3.0,MoS2_0.01562,32.15170420999992,0.39869999999999806
6141ec9f9cbada84a8676b3b,low_MoS2,0.0,3.0,3.0,MoS2_0.01562,-0.8235559799999805,1.8061000000000007
6141eca131cf3ef3d4a9f108,low_MoS2,2.0,1.0,3.0,MoS2_0.01562,41.46493883000012,0.4042999999999992
6141ecaf4e27a1844a5f03f2,low_MoS2,1.0,2.0,3.0,MoS2_0.01562,8.50865300000012,1.1488000000000014
6141ecb0ee0a3fd43fb47d55,low_MoS2,1.0,2.0,3.0,MoS2_0.01562,32.145959140000045,0.4012999999999991
6141ecb0baaf234b352904c4,low_MoS2,2.0,1.0,3.0,MoS2_0.01562,17.876610600000042,1.0851000000000042
6141ecba31cf3ef3d4a9f10a,low_MoS2,2.0,1.0,3.0,MoS2_0.01562,41.474603340000115,0.332800000000006
6141eccb9cbada84a8676b3d,low_MoS2,0.0,3.0,3.0,MoS2_0.01562,-0.8329385300000354,1.8085999999999984
6141ecd04e27a1844a5f03f4,low_MoS2,1.0,2.0,3.0,MoS2_0.01562,8.515145370000052,1.144600000000004
6141ecddbaaf234b352904c6,low_MoS2,2.0,1.0,3.0,MoS2_0.01562,17.84355163999998,1.092800000000004
6141ecdf31cf3ef3d4a9f10c,low_MoS2,2.0,1.0,3.0,MoS2_0.01562,41.46096800000005,0.37249999999999517
6141ece2ee0a3fd43fb47d57,low_MoS2,1.0,2.0,3.0,MoS2_0.01562,32.15112636000002,0.38700000000000045
6141ece94e27a1844a5f03f6,low_MoS2,1.0,2.0,3.0,MoS2_0.01562,8.505432279999948,1.149799999999999
6141ecf03ac25c70a5c6c9df,low_MoS2,3.0,0.0,3.0,MoS2_0.01562,50.7865167900001,0.3859999999999957
6141ed024e27a1844a5f03f8,low_MoS2,1.0,2.0,3.0,MoS2_0.01562,8.509784549999974,1.1468999999999951
6141ed1abaaf234b352904c8,low_MoS2,2.0,1.0,3.0,MoS2_0.01562,17.88442989999998,1.1066000000000003
6141ed1a4e27a1844a5f03fa,low_MoS2,1.0,2.0,3.0,MoS2_0.01562,8.531127669999957,1.1377999999999986
6141ed1a9cbada84a8676b3f,low_MoS2,0.0,3.0,3.0,MoS2_0.01562,-0.8326962699999854,1.8082999999999956
6141ed27ee0a3fd43fb47d59,low_MoS2,1.0,2.0,3.0,MoS2_0.01562,32.148627290000135,0.39920000000000044
6141ed2e3ac25c70a5c6c9e1,low_MoS2,3.0,0.0,3.0,MoS2_0.01562,50.79544284,0.40390000000000015
6141ed339cbada84a8676b41,low_MoS2,0.0,3.0,3.0,MoS2_0.01562,-0.8293443699998875,1.8087000000000018
6141ed36baaf234b352904ca,low_MoS2,2.0,1.0,3.0,MoS2_0.01562,17.896395920000025,1.1047000000000011
6141ed3e4e27a1844a5f03fc,low_MoS2,1.0,2.0,3.0,MoS2_0.01562,8.516522659999989,1.141600000000004
6141ed4f31cf3ef3d4a9f10e,low_MoS2,2.0,1.0,3.0,MoS2_0.01562,41.471304099999955,0.3376999999999981
6141ed574e27a1844a5f03fe,low_MoS2,1.0,2.0,3.0,MoS2_0.01562,8.530200590000074,1.1370000000000005
6141ed66baaf234b352904cc,low_MoS2,2.0,1.0,3.0,MoS2_0.01562,17.86548061000007,1.1060999999999979
6141ed6931cf3ef3d4a9f110,low_MoS2,2.0,1.0,3.0,MoS2_0.01562,41.483579350000085,0.41150000000000375
6141ed6b3ac25c70a5c6c9e3,low_MoS2,3.0,0.0,3.0,MoS2_0.01562,50.817057030000036,0.38569999999999993
6141ed704e27a1844a5f0400,low_MoS2,1.0,2.0,3.0,MoS2_0.01562,8.508379050000055,1.145699999999998
6141ed78ee0a3fd43fb47d5b,low_MoS2,1.0,2.0,3.0,MoS2_0.01562,32.134203289999945,0.40160000000000196
6141ed82baaf234b352904ce,low_MoS2,2.0,1.0,3.0,MoS2_0.01562,17.85281581000003,1.0947999999999993
6141ed849cbada84a8676b43,low_MoS2,0.0,3.0,3.0,MoS2_0.01562,-0.8317326099999605,1.8078999999999965
6141ed894e27a1844a5f0402,low_MoS2,1.0,2.0,3.0,MoS2_0.01562,8.511720140000104,1.1456000000000017
6141ed9a31cf3ef3d4a9f112,low_MoS2,2.0,1.0,3.0,MoS2_0.01562,40.93527614,0.1816000000000031
6141ed9d9cbada84a8676b45,low_MoS2,0.0,3.0,3.0,MoS2_0.01562,-0.8287115400000289,1.8079000000000036
6141eda24e27a1844a5f0404,low_MoS2,1.0,2.0,3.0,MoS2_0.01562,8.493766419999954,1.137900000000002
6141edacbaaf234b352904d0,low_MoS2,2.0,1.0,3.0,MoS2_0.01562,17.859957760000036,1.0840000000000032
6141edb831cf3ef3d4a9f114,low_MoS2,2.0,1.0,3.0,MoS2_0.01562,41.27708023999999,0.25780000000000314
6141edbb4e27a1844a5f0406,low_MoS2,1.0,2.0,3.0,MoS2_0.01562,8.511975390000114,1.143500000000003
6141edbe9cbada84a8676b47,low_MoS2,0.0,3.0,3.0,MoS2_0.01562,-0.8301493700000151,1.8074000000000012
6141edc8baaf234b352904d2,low_MoS2,2.0,1.0,3.0,MoS2_0.01562,17.868937729999963,1.0888999999999953
6141edceee0a3fd43fb47d5d,low_MoS2,1.0,2.0,3.0,MoS2_0.01562,32.122277960000005,0.3500000000000014
6141edd44e27a1844a5f0408,low_MoS2,1.0,2.0,3.0,MoS2_0.01562,8.495771180000045,1.1402
6141edd931cf3ef3d4a9f116,low_MoS2,2.0,1.0,3.0,MoS2_0.01562,41.44175194999998,0.3873000000000033
6141ede4baaf234b352904d4,low_MoS2,2.0,1.0,3.0,MoS2_0.01562,17.88707130000011,1.1077000000000012
6141ede7ee0a3fd43fb47d5f,low_MoS2,1.0,2.0,3.0,MoS2_0.01562,32.11651849999997,0.38640000000000185
6141edea3ac25c70a5c6c9e5,low_MoS2,3.0,0.0,3.0,MoS2_0.01562,50.82645304000008,0.3423999999999978
6141eded4e27a1844a5f040a,low_MoS2,1.0,2.0,3.0,MoS2_0.01562,8.50726467999996,1.1448999999999998
6141ee00baaf234b352904d6,low_MoS2,2.0,1.0,3.0,MoS2_0.01562,17.82203941000011,1.1073000000000022
6141ee0631cf3ef3d4a9f118,low_MoS2,2.0,1.0,3.0,MoS2_0.01562,41.460124330000056,0.3888999999999996
6141ee064e27a1844a5f040c,low_MoS2,1.0,2.0,3.0,MoS2_0.01562,8.510170649999989,1.1462000000000003
6141ee1bbaaf234b352904d8,low_MoS2,2.0,1.0,3.0,MoS2_0.01562,17.859541179999944,1.0904999999999987
6141ee204e27a1844a5f040e,low_MoS2,1.0,2.0,3.0,MoS2_0.01562,8.512618440000121,1.1351999999999975
6141ee229cbada84a8676b49,low_MoS2,0.0,3.0,3.0,MoS2_0.01562,-0.8318026199999053,1.808399999999999
6141ee24ee0a3fd43fb47d61,low_MoS2,1.0,2.0,3.0,MoS2_0.01562,32.13683321999996,0.39680000000000604
6141ee35baaf234b352904da,low_MoS2,2.0,1.0,3.0,MoS2_0.01562,17.850449790000077,1.0947999999999993
6141ee3b9cbada84a8676b4b,low_MoS2,0.0,3.0,3.0,MoS2_0.01562,-0.8319867399999907,1.8091000000000008
6141ee3b31cf3ef3d4a9f11a,low_MoS2,2.0,1.0,3.0,MoS2_0.01562,40.97107230000002,0.1524000000000001
6141ee3c3ac25c70a5c6c9e7,low_MoS2,3.0,0.0,3.0,MoS2_0.01562,50.79109482999994,0.36950000000000216
6141ee4d4e27a1844a5f0410,low_MoS2,1.0,2.0,3.0,MoS2_0.01562,8.49766253999999,1.1398999999999972
6141ee53ee0a3fd43fb47d63,low_MoS2,1.0,2.0,3.0,MoS2_0.01562,32.12248098999997,0.38459999999999894
6141ee549cbada84a8676b4d,low_MoS2,0.0,3.0,3.0,MoS2_0.01562,-0.831509659999881,1.8091000000000008
6141ee5731cf3ef3d4a9f11c,low_MoS2,2.0,1.0,3.0,MoS2_0.01562,41.45504918000002,0.38230000000000075
6141ee66baaf234b352904dc,low_MoS2,2.0,1.0,3.0,MoS2_0.01562,17.888599320000132,1.1171000000000006
6141ee674e27a1844a5f0412,low_MoS2,1.0,2.0,3.0,MoS2_0.01562,8.514068190000014,1.147199999999998
6141ee6d9cbada84a8676b4f,low_MoS2,0.0,3.0,3.0,MoS2_0.01562,-0.8317756999999233,1.8091000000000008
6141ee7931cf3ef3d4a9f11e,low_MoS2,2.0,1.0,3.0,MoS2_0.01562,41.46602357000002,0.4174999999999969
6141ee7a3ac25c70a5c6c9e9,low_MoS2,3.0,0.0,3.0,MoS2_0.01562,50.77075114000005,0.42029999999999745
6141ee814e27a1844a5f0414,low_MoS2,1.0,2.0,3.0,MoS2_0.01562,8.513494500000004,1.1468999999999951
6141ee84ee0a3fd43fb47d65,low_MoS2,1.0,2.0,3.0,MoS2_0.01562,32.148269669999976,0.40400000000000347
6141ee84baaf234b352904de,low_MoS2,2.0,1.0,3.0,MoS2_0.01562,17.872534910000006,1.1071000000000026
6141ee869cbada84a8676b51,low_MoS2,0.0,3.0,3.0,MoS2_0.01562,-0.8332764799999381,1.809599999999996
6141ee9431cf3ef3d4a9f120,low_MoS2,2.0,1.0,3.0,MoS2_0.01562,41.42898264000014,0.38239999999999696
6141ee9cee0a3fd43fb47d67,low_MoS2,1.0,2.0,3.0,MoS2_0.01562,32.1474563900001,0.403100000000002
6141ee9f9cbada84a8676b53,low_MoS2,0.0,3.0,3.0,MoS2_0.01562,-0.8340840899999762,1.8072000000000017
6141eea04e27a1844a5f0416,low_MoS2,1.0,2.0,3.0,MoS2_0.01562,8.530292559999932,1.1396000000000015
6141eeaf31cf3ef3d4a9f122,low_MoS2,2.0,1.0,3.0,MoS2_0.01562,41.431421720000074,0.3778000000000006
6141eeba4e27a1844a5f0418,low_MoS2,1.0,2.0,3.0,MoS2_0.01562,8.513296870000001,1.1454000000000022
6141eebcbaaf234b352904e0,low_MoS2,2.0,1.0,3.0,MoS2_0.01562,17.85276776,1.039900000000003
6141eec831cf3ef3d4a9f124,low_MoS2,2.0,1.0,3.0,MoS2_0.01562,41.47327936999996,0.3318000000000012
6141eecb9cbada84a8676b55,low_MoS2,0.0,3.0,3.0,MoS2_0.01562,-0.8319170399999507,1.8096999999999994
6141eed54e27a1844a5f041a,low_MoS2,1.0,2.0,3.0,MoS2_0.01562,8.511452859999988,1.1473999999999975
6141eed53ac25c70a5c6c9eb,low_MoS2,3.0,0.0,3.0,MoS2_0.01562,50.733621490000054,0.3132000000000019
6141eed9baaf234b352904e2,low_MoS2,2.0,1.0,3.0,MoS2_0.01562,17.868980409999942,1.0874000000000024
6141eedbee0a3fd43fb47d69,low_MoS2,1.0,2.0,3.0,MoS2_0.01562,32.14719833999992,0.4024999999999963
6141eee331cf3ef3d4a9f126,low_MoS2,2.0,1.0,3.0,MoS2_0.01562,41.48103265999994,0.41080000000000183
6141eee49cbada84a8676b57,low_MoS2,0.0,3.0,3.0,MoS2_0.01562,-0.8291284500000415,1.807700000000004
6141eef04e27a1844a5f041c,low_MoS2,1.0,2.0,3.0,MoS2_0.01562,8.51517360000005,1.144999999999996
6141eef5baaf234b352904e4,low_MoS2,2.0,1.0,3.0,MoS2_0.01562,17.861905969999945,1.1114999999999995
6141eefe31cf3ef3d4a9f128,low_MoS2,2.0,1.0,3.0,MoS2_0.01562,41.46858399999992,0.4093000000000018
6141ef03ee0a3fd43fb47d6b,low_MoS2,1.0,2.0,3.0,MoS2_0.01562,32.1248814800001,0.39290000000000447
6141ef059cbada84a8676b59,low_MoS2,0.0,3.0,3.0,MoS2_0.01562,-0.8294725899999662,1.8084999999999951
6141ef0a4e27a1844a5f041e,low_MoS2,1.0,2.0,3.0,MoS2_0.01562,8.514054830000102,1.1452000000000027
6141ef143ac25c70a5c6c9ed,low_MoS2,3.0,0.0,3.0,MoS2_0.01562,48.831989039999975,0.16499999999999915
6141ef1931cf3ef3d4a9f12a,low_MoS2,2.0,1.0,3.0,MoS2_0.01562,41.45646712000003,0.3363000000000014
6141ef1cee0a3fd43fb47d6d,low_MoS2,1.0,2.0,3.0,MoS2_0.01562,32.14966593999996,0.3990999999999971
6141ef1fbaaf234b352904e6,low_MoS2,2.0,1.0,3.0,MoS2_0.01562,17.870034349999962,1.1002999999999972
6141ef349cbada84a8676b5b,low_MoS2,0.0,3.0,3.0,MoS2_0.01562,-0.8326379299998621,1.8101999999999947
6141ef3a4e27a1844a5f0420,low_MoS2,1.0,2.0,3.0,MoS2_0.01562,8.503289340000062,1.148299999999999
6141ef3cbaaf234b352904e8,low_MoS2,2.0,1.0,3.0,MoS2_0.01562,17.856312820000078,1.095800000000004
6141ef44ee0a3fd43fb47d6f,low_MoS2,1.0,2.0,3.0,MoS2_0.01562,32.125730839999946,0.3505000000000038
6141ef4e9cbada84a8676b5d,low_MoS2,0.0,3.0,3.0,MoS2_0.01562,-0.8341113199998631,1.8066999999999993
6141ef513ac25c70a5c6c9ef,low_MoS2,3.0,0.0,3.0,MoS2_0.01562,50.31554928999996,0.16020000000000323
6141ef544e27a1844a5f0422,low_MoS2,1.0,2.0,3.0,MoS2_0.01562,8.594321739999966,1.1304000000000016
6141ef58baaf234b352904ea,low_MoS2,2.0,1.0,3.0,MoS2_0.01562,17.854128200000098,1.0974000000000004
6141ef6e4e27a1844a5f0424,low_MoS2,1.0,2.0,3.0,MoS2_0.01562,8.509502420000015,1.1461000000000041
6141ef77ee0a3fd43fb47d71,low_MoS2,1.0,2.0,3.0,MoS2_0.01562,32.149061609999976,0.3994
6141ef879cbada84a8676b5f,low_MoS2,0.0,3.0,3.0,MoS2_0.01562,-0.8314116399998852,1.8092000000000041
6141ef90ee0a3fd43fb47d73,low_MoS2,1.0,2.0,3.0,MoS2_0.01562,32.14646470000001,0.4012999999999991
6141ef943ac25c70a5c6c9f1,low_MoS2,3.0,0.0,3.0,MoS2_0.01562,50.76982056000012,0.39740000000000464
6141ef9a4e27a1844a5f0426,low_MoS2,1.0,2.0,3.0,MoS2_0.01562,8.515695609999991,1.1450999999999993
6141ef9f31cf3ef3d4a9f12c,low_MoS2,2.0,1.0,3.0,MoS2_0.01562,41.43324107000008,0.3826000000000036
6141efa9ee0a3fd43fb47d75,low_MoS2,1.0,2.0,3.0,MoS2_0.01562,31.95877758000005,0.2652000000000001
6141efb64e27a1844a5f0428,low_MoS2,1.0,2.0,3.0,MoS2_0.01562,8.51126449999995,1.1448000000000036
6141efb931cf3ef3d4a9f12e,low_MoS2,2.0,1.0,3.0,MoS2_0.01562,41.44976999000001,0.39269999999999783
6141efc5baaf234b352904ec,low_MoS2,2.0,1.0,3.0,MoS2_0.01562,17.865951109999962,1.104300000000002
6141efd0ee0a3fd43fb47d77,low_MoS2,1.0,2.0,3.0,MoS2_0.01562,32.122440900000115,0.34830000000000183
6141efd09cbada84a8676b61,low_MoS2,0.0,3.0,3.0,MoS2_0.01562,-0.8315796700000533,1.8094000000000037
6141efd14e27a1844a5f042a,low_MoS2,1.0,2.0,3.0,MoS2_0.01562,8.504005600000053,1.146099999999997
6141efd33ac25c70a5c6c9f3,low_MoS2,3.0,0.0,3.0,MoS2_0.01562,50.77214924000001,0.39869999999999806
6141efd431cf3ef3d4a9f130,low_MoS2,2.0,1.0,3.0,MoS2_0.01562,41.47403301000004,0.41390000000000526
6141efe2baaf234b352904ee,low_MoS2,2.0,1.0,3.0,MoS2_0.01562,17.876616310000138,1.1060999999999979
6141efe8ee0a3fd43fb47d79,low_MoS2,1.0,2.0,3.0,MoS2_0.01562,32.14888878000009,0.40209999999999724
6141efea4e27a1844a5f042c,low_MoS2,1.0,2.0,3.0,MoS2_0.01562,8.50792578999997,1.1470999999999947
6141efec9cbada84a8676b63,low_MoS2,0.0,3.0,3.0,MoS2_0.01562,-0.8055965499999616,1.8078999999999965
6141eff031cf3ef3d4a9f132,low_MoS2,2.0,1.0,3.0,MoS2_0.01562,41.4288559000001,0.3825999999999965
6141f0044e27a1844a5f042e,low_MoS2,1.0,2.0,3.0,MoS2_0.01562,8.514015380000071,1.1417000000000002
6141f00b31cf3ef3d4a9f134,low_MoS2,2.0,1.0,3.0,MoS2_0.01562,41.482813690000015,0.4065999999999974
6141f011ee0a3fd43fb47d7b,low_MoS2,1.0,2.0,3.0,MoS2_0.01562,32.149729299999976,0.40100000000000335
6141f0199cbada84a8676b65,low_MoS2,0.0,3.0,3.0,MoS2_0.01562,-0.8320169000000419,1.809199999999997
6141f01e4e27a1844a5f0430,low_MoS2,1.0,2.0,3.0,MoS2_0.01562,8.51368370999992,1.1471000000000018
6141f02aee0a3fd43fb47d7d,low_MoS2,1.0,2.0,3.0,MoS2_0.01562,32.15658078,0.4029999999999987
6141f0384e27a1844a5f0432,low_MoS2,1.0,2.0,3.0,MoS2_0.01562,8.507041450000113,1.1441000000000017
6141f03e3ac25c70a5c6c9f5,low_MoS2,3.0,0.0,3.0,MoS2_0.01562,50.81988210000001,0.4112000000000009
6141f04531cf3ef3d4a9f136,low_MoS2,2.0,1.0,3.0,MoS2_0.01562,41.428402940000026,0.3872
6141f0534e27a1844a5f0434,low_MoS2,1.0,2.0,3.0,MoS2_0.01562,8.512009940000123,1.1441999999999979
6141f05abaaf234b352904f0,low_MoS2,2.0,1.0,3.0,MoS2_0.01562,17.886281580000052,1.1259999999999977
6141f06031cf3ef3d4a9f138,low_MoS2,2.0,1.0,3.0,MoS2_0.01562,41.523744430000036,0.4084000000000003
6141f06bee0a3fd43fb47d7f,low_MoS2,1.0,2.0,3.0,MoS2_0.01562,32.141197070000075,0.40509999999999735
6141f06f9cbada84a8676b67,low_MoS2,0.0,3.0,3.0,MoS2_0.01562,-0.8325450199999409,1.8088999999999942
6141f077baaf234b352904f2,low_MoS2,2.0,1.0,3.0,MoS2_0.01562,17.883665560000047,1.1073000000000022
6141f07931cf3ef3d4a9f13a,low_MoS2,2.0,1.0,3.0,MoS2_0.01562,41.433734930000085,0.38340000000000174
6141f07f4e27a1844a5f0436,low_MoS2,1.0,2.0,3.0,MoS2_0.01562,8.512522539999988,1.144999999999996
6141f084ee0a3fd43fb47d81,low_MoS2,1.0,2.0,3.0,MoS2_0.01562,32.120936530000094,0.3773000000000053
6141f093baaf234b352904f4,low_MoS2,2.0,1.0,3.0,MoS2_0.01562,17.859744760000005,1.1107000000000014
6141f09531cf3ef3d4a9f13c,low_MoS2,2.0,1.0,3.0,MoS2_0.01562,41.45218904999997,0.39329999999999643
6141f0989cbada84a8676b69,low_MoS2,0.0,3.0,3.0,MoS2_0.01562,-0.8315534999998704,1.8096000000000032
6141f09a4e27a1844a5f0438,low_MoS2,1.0,2.0,3.0,MoS2_0.01562,8.529383750000104,1.138300000000001
6141f0a33ac25c70a5c6c9f7,low_MoS2,3.0,0.0,3.0,MoS2_0.01562,50.83350273000011,0.41509999999999536
6141f0a9ee0a3fd43fb47d83,low_MoS2,1.0,2.0,3.0,MoS2_0.01562,32.14813974000002,0.398299999999999
6141f0af31cf3ef3d4a9f13e,low_MoS2,2.0,1.0,3.0,MoS2_0.01562,41.471000650000136,0.4059999999999988
6141f0b29cbada84a8676b6b,low_MoS2,0.0,3.0,3.0,MoS2_0.01562,-0.8289760199999705,1.8074000000000012
6141f0c14e27a1844a5f043a,low_MoS2,1.0,2.0,3.0,MoS2_0.01562,8.60350283000005,1.129800000000003
6141f0c2ee0a3fd43fb47d85,low_MoS2,1.0,2.0,3.0,MoS2_0.01562,31.955222820000007,0.26259999999999906
6141f0c4baaf234b352904f6,low_MoS2,2.0,1.0,3.0,MoS2_0.01562,17.862548889999964,1.1088000000000022
6141f0cd9cbada84a8676b6d,low_MoS2,0.0,3.0,3.0,MoS2_0.01562,-0.8331057899999337,1.8094999999999999
6141f0d331cf3ef3d4a9f140,low_MoS2,2.0,1.0,3.0,MoS2_0.01562,41.48148523999994,0.41629999999999967
6141f0df4e27a1844a5f043c,low_MoS2,1.0,2.0,3.0,MoS2_0.01562,8.51349393000012,1.1447000000000003
6141f0e23ac25c70a5c6c9f9,low_MoS2,3.0,0.0,3.0,MoS2_0.01562,50.81634182000008,0.41679999999999495
6141f0f031cf3ef3d4a9f142,low_MoS2,2.0,1.0,3.0,MoS2_0.01562,41.45787458000014,0.3725999999999985
6141f0ff4e27a1844a5f043e,low_MoS2,1.0,2.0,3.0,MoS2_0.01562,8.517100580000058,1.1424999999999983
6141f10e31cf3ef3d4a9f144,low_MoS2,2.0,1.0,3.0,MoS2_0.01562,41.430972909999994,0.38239999999999696
6141f1149cbada84a8676b6f,low_MoS2,0.0,3.0,3.0,MoS2_0.01562,-0.8341763099999184,1.8068000000000026
6141f11f3ac25c70a5c6c9fb,low_MoS2,3.0,0.0,3.0,MoS2_0.01562,50.81815186000009,0.3429000000000002
6141f1354e27a1844a5f0440,low_MoS2,1.0,2.0,3.0,MoS2_0.01562,8.510468279999966,1.1450000000000031
6141f13bbaaf234b352904f8,low_MoS2,2.0,1.0,3.0,MoS2_0.01562,17.892861739999937,1.1025999999999954
6141f13c31cf3ef3d4a9f146,low_MoS2,2.0,1.0,3.0,MoS2_0.01562,41.49197393999994,0.4095999999999975
6141f142ee0a3fd43fb47d87,low_MoS2,1.0,2.0,3.0,MoS2_0.01562,32.128478470000104,0.35029999999999717
6141f15831cf3ef3d4a9f148,low_MoS2,2.0,1.0,3.0,MoS2_0.01562,41.278484039999924,0.24520000000000408
6141f15a4e27a1844a5f0442,low_MoS2,1.0,2.0,3.0,MoS2_0.01562,8.514861420000013,1.1435999999999993
6141f15bee0a3fd43fb47d89,low_MoS2,1.0,2.0,3.0,MoS2_0.01562,32.14613398999994,0.40210000000000434
6141f1623ac25c70a5c6c9fd,low_MoS2,3.0,0.0,3.0,MoS2_0.01562,50.82474588999995,0.3826000000000036
6141f171baaf234b352904fa,low_MoS2,2.0,1.0,3.0,MoS2_0.01562,17.887417260000113,1.1070999999999955
6141f17231cf3ef3d4a9f14a,low_MoS2,2.0,1.0,3.0,MoS2_0.01562,41.398125829999984,0.383899999999997
6141f18a4e27a1844a5f0444,low_MoS2,1.0,2.0,3.0,MoS2_0.01562,8.513325410000132,1.146099999999997
6141f18ebaaf234b352904fc,low_MoS2,2.0,1.0,3.0,MoS2_0.01562,17.85691986999995,1.003300000000003
6141f19c31cf3ef3d4a9f14c,low_MoS2,2.0,1.0,3.0,MoS2_0.01562,41.44328824999998,0.36079999999999757
6141f19eee0a3fd43fb47d8b,low_MoS2,1.0,2.0,3.0,MoS2_0.01562,32.14389770000001,0.4029000000000025
6141f1a03ac25c70a5c6c9ff,low_MoS2,3.0,0.0,3.0,MoS2_0.01562,50.782749590000016,0.435299999999998
6141f1acbaaf234b352904fe,low_MoS2,2.0,1.0,3.0,MoS2_0.01562,17.864070300000087,1.110199999999999
6141f1b09cbada84a8676b71,low_MoS2,0.0,3.0,3.0,MoS2_0.01562,-0.8292730299999107,1.8074999999999974
6141f1b731cf3ef3d4a9f14e,low_MoS2,2.0,1.0,3.0,MoS2_0.01562,41.45610637,0.37129999999999797
6141f1b9ee0a3fd43fb47d8d,low_MoS2,1.0,2.0,3.0,MoS2_0.01562,32.14381311999999,0.4048999999999978
6141f1c9baaf234b35290500,low_MoS2,2.0,1.0,3.0,MoS2_0.01562,17.871820510000127,1.0982999999999947
6141f1ca9cbada84a8676b73,low_MoS2,0.0,3.0,3.0,MoS2_0.01562,-0.7918980599999372,1.8059999999999974
6141f1cb4e27a1844a5f0446,low_MoS2,1.0,2.0,3.0,MoS2_0.01562,8.514786299999994,1.1465999999999994
6141f1d431cf3ef3d4a9f150,low_MoS2,2.0,1.0,3.0,MoS2_0.01562,41.285231629999956,0.2687000000000026
6141f1df3ac25c70a5c6ca01,low_MoS2,3.0,0.0,3.0,MoS2_0.01562,48.81777092999997,0.17089999999999606
6141f1dfee0a3fd43fb47d8f,low_MoS2,1.0,2.0,3.0,MoS2_0.01562,32.140615580000016,0.4048000000000016
6141f1e64e27a1844a5f0448,low_MoS2,1.0,2.0,3.0,MoS2_0.01562,8.538909420000007,1.1776999999999944
6141f1f031cf3ef3d4a9f152,low_MoS2,2.0,1.0,3.0,MoS2_0.01562,41.549070129999976,0.37460000000000093
6141f2004e27a1844a5f044a,low_MoS2,1.0,2.0,3.0,MoS2_0.01562,8.510786809999924,1.146099999999997
6141f20c31cf3ef3d4a9f154,low_MoS2,2.0,1.0,3.0,MoS2_0.01562,41.43655430000008,0.386099999999999
6141f21b4e27a1844a5f044c,low_MoS2,1.0,2.0,3.0,MoS2_0.01562,8.504854730000059,1.1465999999999994
6141f21d3ac25c70a5c6ca03,low_MoS2,3.0,0.0,3.0,MoS2_0.01562,50.87040354000002,0.17490000000000094
6141f224baaf234b35290502,low_MoS2,2.0,1.0,3.0,MoS2_0.01562,17.86759226000003,1.0996999999999986
6141f22c9cbada84a8676b75,low_MoS2,0.0,3.0,3.0,MoS2_0.01562,-0.8283486400000015,1.808799999999998
6141f22dee0a3fd43fb47d91,low_MoS2,1.0,2.0,3.0,MoS2_0.01562,32.090989080000085,0.4054999999999964
6141f2354e27a1844a5f044e,low_MoS2,1.0,2.0,3.0,MoS2_0.01562,8.527999700000034,1.1390999999999991
6141f23f31cf3ef3d4a9f156,low_MoS2,2.0,1.0,3.0,MoS2_0.01562,41.44798618,0.3645000000000067
6141f247ee0a3fd43fb47d93,low_MoS2,1.0,2.0,3.0,MoS2_0.01562,32.13428900999996,0.39689999999999515
6141f2514e27a1844a5f0450,low_MoS2,1.0,2.0,3.0,MoS2_0.01562,8.503955709999925,1.1482000000000028
6141f25b31cf3ef3d4a9f158,low_MoS2,2.0,1.0,3.0,MoS2_0.01562,41.29178917000009,0.26080000000000325
6141f25b3ac25c70a5c6ca05,low_MoS2,3.0,0.0,3.0,MoS2_0.01562,50.80552686000002,0.37469999999999715
6141f2639cbada84a8676b77,low_MoS2,0.0,3.0,3.0,MoS2_0.01562,-0.8300619099999835,1.808399999999999
6141f27731cf3ef3d4a9f15a,low_MoS2,2.0,1.0,3.0,MoS2_0.01562,41.49302800000005,0.41319999999999624
6141f27a4e27a1844a5f0452,low_MoS2,1.0,2.0,3.0,MoS2_0.01562,8.515583580000136,1.1467000000000027
6141f27cee0a3fd43fb47d95,low_MoS2,1.0,2.0,3.0,MoS2_0.01562,32.145331460000065,0.40449999999999875
6141f2819cbada84a8676b79,low_MoS2,0.0,3.0,3.0,MoS2_0.01562,-0.8283426800000484,1.8074999999999974
6141f29331cf3ef3d4a9f15c,low_MoS2,2.0,1.0,3.0,MoS2_0.01562,41.43722339000006,0.4106999999999985
6141f2984e27a1844a5f0454,low_MoS2,1.0,2.0,3.0,MoS2_0.01562,8.505338340000005,1.1441000000000017
6141f29a3ac25c70a5c6ca07,low_MoS2,3.0,0.0,3.0,MoS2_0.01562,50.76497596000005,0.3907999999999987
6141f29abaaf234b35290504,low_MoS2,2.0,1.0,3.0,MoS2_0.01562,17.86432764000005,1.1116000000000028
6141f29b9cbada84a8676b7b,low_MoS2,0.0,3.0,3.0,MoS2_0.01562,-0.8343431800000758,1.8076000000000008
6141f2a5ee0a3fd43fb47d97,low_MoS2,1.0,2.0,3.0,MoS2_0.01562,31.95614784999997,0.2652000000000001
6141f2af31cf3ef3d4a9f15e,low_MoS2,2.0,1.0,3.0,MoS2_0.01562,41.39510966999997,0.3582000000000036
6141f2b54e27a1844a5f0456,low_MoS2,1.0,2.0,3.0,MoS2_0.01562,8.51602342999993,1.1439999999999984
6141f2b69cbada84a8676b7d,low_MoS2,0.0,3.0,3.0,MoS2_0.01562,-0.8292806199999063,1.808799999999998
6141f2c0ee0a3fd43fb47d99,low_MoS2,1.0,2.0,3.0,MoS2_0.01562,32.14525559000002,0.4025000000000034
6141f2cc31cf3ef3d4a9f160,low_MoS2,2.0,1.0,3.0,MoS2_0.01562,41.44940300000003,0.36020000000000607
6141f2cf4e27a1844a5f0458,low_MoS2,1.0,2.0,3.0,MoS2_0.01562,8.50614455000007,1.1421999999999954
6141f2d4baaf234b35290506,low_MoS2,2.0,1.0,3.0,MoS2_0.01562,17.854613689999944,1.0820000000000007
6141f2dbee0a3fd43fb47d9b,low_MoS2,1.0,2.0,3.0,MoS2_0.01562,32.09115029000007,0.40449999999999875
6141f2de3ac25c70a5c6ca09,low_MoS2,3.0,0.0,3.0,MoS2_0.01562,50.76446260000004,0.3634999999999948
6141f2e831cf3ef3d4a9f162,low_MoS2,2.0,1.0,3.0,MoS2_0.01562,41.47474727999993,0.4148999999999958
6141f2eb4e27a1844a5f045a,low_MoS2,1.0,2.0,3.0,MoS2_0.01562,8.51540316000003,1.1448000000000036
6141f2fbbaaf234b35290508,low_MoS2,2.0,1.0,3.0,MoS2_0.01562,17.86310918000003,1.1047000000000011
6141f30431cf3ef3d4a9f164,low_MoS2,2.0,1.0,3.0,MoS2_0.01562,41.47072599999997,0.4116999999999962
6141f3064e27a1844a5f045c,low_MoS2,1.0,2.0,3.0,MoS2_0.01562,8.51674935000008,1.1469999999999985
6141f309ee0a3fd43fb47d9d,low_MoS2,1.0,2.0,3.0,MoS2_0.01562,32.14324321999992,0.40220000000000056
6141f3203ac25c70a5c6ca0b,low_MoS2,3.0,0.0,3.0,MoS2_0.01562,50.79035370000012,0.38750000000000284
6141f323ee0a3fd43fb47d9f,low_MoS2,1.0,2.0,3.0,MoS2_0.01562,32.140513369999994,0.4046999999999983
6141f32731cf3ef3d4a9f166,low_MoS2,2.0,1.0,3.0,MoS2_0.01562,41.48250851000007,0.4157999999999973
6141f327baaf234b3529050a,low_MoS2,2.0,1.0,3.0,MoS2_0.01562,17.861946910000135,1.1039999999999992
6141f3299cbada84a8676b7f,low_MoS2,0.0,3.0,3.0,MoS2_0.01562,-0.8331923000000074,1.8093000000000004
6141f33b4e27a1844a5f045e,low_MoS2,1.0,2.0,3.0,MoS2_0.01562,8.543839920000007,1.1777000000000015
6141f345baaf234b3529050c,low_MoS2,2.0,1.0,3.0,MoS2_0.01562,17.921836879999994,0.653100000000002
6141f35e4e27a1844a5f0460,low_MoS2,1.0,2.0,3.0,MoS2_0.01562,8.50520435000001,1.1494
6141f3649cbada84a8676b81,low_MoS2,0.0,3.0,3.0,MoS2_0.01562,-0.8314398199999573,1.8083000000000027
6141f3663ac25c70a5c6ca0d,low_MoS2,3.0,0.0,3.0,MoS2_0.01562,50.75895748999998,0.3849000000000018
6141f36731cf3ef3d4a9f168,low_MoS2,2.0,1.0,3.0,MoS2_0.01562,41.44991883000007,0.3528999999999982
6141f377baaf234b3529050e,low_MoS2,2.0,1.0,3.0,MoS2_0.01562,17.854561430000096,1.0881000000000043
6141f38431cf3ef3d4a9f16a,low_MoS2,2.0,1.0,3.0,MoS2_0.01562,41.47345177000007,0.3330000000000055
6141f3849cbada84a8676b83,low_MoS2,0.0,3.0,3.0,MoS2_0.01562,-0.8229134899999622,1.8070000000000022
6141f394ee0a3fd43fb47da1,low_MoS2,1.0,2.0,3.0,MoS2_0.01562,31.953251520000084,0.2545999999999964
6141f394baaf234b35290510,low_MoS2,2.0,1.0,3.0,MoS2_0.01562,17.932660800000114,0.6481999999999957
6141f39c9cbada84a8676b85,low_MoS2,0.0,3.0,3.0,MoS2_0.01562,-0.8337039699999309,1.8081999999999994
6141f3a14e27a1844a5f0462,low_MoS2,1.0,2.0,3.0,MoS2_0.01562,8.549865499999921,1.1389999999999958
6141f3aeee0a3fd43fb47da3,low_MoS2,1.0,2.0,3.0,MoS2_0.01562,32.126365889999974,0.37809999999999633
6141f3ae3ac25c70a5c6ca0f,low_MoS2,3.0,0.0,3.0,MoS2_0.01562,50.821991749999974,0.4245999999999981
6141f3b131cf3ef3d4a9f16c,low_MoS2,2.0,1.0,3.0,MoS2_0.01562,41.430028019999966,0.37590000000000146
6141f3b2baaf234b35290512,low_MoS2,2.0,1.0,3.0,MoS2_0.01562,17.86538558000006,1.1094000000000008
6141f3b39cbada84a8676b87,low_MoS2,0.0,3.0,3.0,MoS2_0.01562,-0.8326216499999077,1.8089999999999975
6141f3bd4e27a1844a5f0464,low_MoS2,1.0,2.0,3.0,MoS2_0.01562,8.513427410000102,1.1426000000000016
6141f3cfbaaf234b35290514,low_MoS2,2.0,1.0,3.0,MoS2_0.01562,17.85671501000001,1.0904999999999987
6141f3d84e27a1844a5f0466,low_MoS2,1.0,2.0,3.0,MoS2_0.01562,8.530920319999975,1.1377999999999986
6141f3dc9cbada84a8676b89,low_MoS2,0.0,3.0,3.0,MoS2_0.01562,-0.8301153300000692,1.807700000000004
6141f3deee0a3fd43fb47da5,low_MoS2,1.0,2.0,3.0,MoS2_0.01562,32.137973650000035,0.4035999999999973
6141f3e631cf3ef3d4a9f16e,low_MoS2,2.0,1.0,3.0,MoS2_0.01562,41.43391244000004,0.38050000000000495
6141f3edbaaf234b35290516,low_MoS2,2.0,1.0,3.0,MoS2_0.01562,17.86738368999999,1.1086000000000027
6141f3f34e27a1844a5f0468,low_MoS2,1.0,2.0,3.0,MoS2_0.01562,8.506494949999958,1.1478000000000037
6141f3f63ac25c70a5c6ca11,low_MoS2,3.0,0.0,3.0,MoS2_0.01562,48.37463878000009,0.3053999999999988
6141f40331cf3ef3d4a9f170,low_MoS2,2.0,1.0,3.0,MoS2_0.01562,41.480100090000136,0.40729999999999933
6141f4069cbada84a8676b8b,low_MoS2,0.0,3.0,3.0,MoS2_0.01562,-0.831598910000082,1.8091000000000008
6141f41a4e27a1844a5f046a,low_MoS2,1.0,2.0,3.0,MoS2_0.01562,8.508097879999948,1.1406999999999954
6141f42031cf3ef3d4a9f172,low_MoS2,2.0,1.0,3.0,MoS2_0.01562,41.46241077000009,0.3708000000000027
6141f4319cbada84a8676b8d,low_MoS2,0.0,3.0,3.0,MoS2_0.01562,-0.8332442999998761,1.8061000000000007
6141f4354e27a1844a5f046c,low_MoS2,1.0,2.0,3.0,MoS2_0.01562,8.518405690000034,1.1477000000000004
6141f4383ac25c70a5c6ca13,low_MoS2,3.0,0.0,3.0,MoS2_0.01562,50.833737809999924,0.42090000000000316
6141f43dee0a3fd43fb47da7,low_MoS2,1.0,2.0,3.0,MoS2_0.01562,32.1224066300001,0.3763000000000005
6141f43d31cf3ef3d4a9f174,low_MoS2,2.0,1.0,3.0,MoS2_0.01562,41.460706250000115,0.3604999999999947
6141f4504e27a1844a5f046e,low_MoS2,1.0,2.0,3.0,MoS2_0.01562,8.512304959999963,1.1455000000000055
6141f458ee0a3fd43fb47da9,low_MoS2,1.0,2.0,3.0,MoS2_0.01562,32.145574150000115,0.39980000000000615
6141f45c9cbada84a8676b8f,low_MoS2,0.0,3.0,3.0,MoS2_0.01562,-0.8317028499999992,1.8097999999999956
6141f46b31cf3ef3d4a9f176,low_MoS2,2.0,1.0,3.0,MoS2_0.01562,41.47003014000002,0.4142999999999972
6141f471baaf234b35290518,low_MoS2,2.0,1.0,3.0,MoS2_0.01562,17.885509109999923,1.1007999999999996
6141f477ee0a3fd43fb47dab,low_MoS2,1.0,2.0,3.0,MoS2_0.01562,32.06699112,0.36780000000000257
6141f47a4e27a1844a5f0470,low_MoS2,1.0,2.0,3.0,MoS2_0.01562,8.513550440000042,1.1413999999999973
6141f47b3ac25c70a5c6ca15,low_MoS2,3.0,0.0,3.0,MoS2_0.01562,50.734494210000015,0.3622999999999976
6141f4964e27a1844a5f0472,low_MoS2,1.0,2.0,3.0,MoS2_0.01562,8.511193119999941,1.1433999999999997
6141f49bee0a3fd43fb47dad,low_MoS2,1.0,2.0,3.0,MoS2_0.01562,32.14515172999994,0.4024000000000001
6141f4a131cf3ef3d4a9f178,low_MoS2,2.0,1.0,3.0,MoS2_0.01562,41.488009460000015,0.41029999999999944
6141f4b54e27a1844a5f0474,low_MoS2,1.0,2.0,3.0,MoS2_0.01562,8.518324110000119,1.142399999999995
6141f4be31cf3ef3d4a9f17a,low_MoS2,2.0,1.0,3.0,MoS2_0.01562,41.39721797000011,0.29939999999999856
6141f4c33ac25c70a5c6ca17,low_MoS2,3.0,0.0,3.0,MoS2_0.01562,50.74855279,0.30470000000000397
6141f4d2ee0a3fd43fb47daf,low_MoS2,1.0,2.0,3.0,MoS2_0.01562,32.14611506000004,0.40390000000000015
6141f4da4e27a1844a5f0476,low_MoS2,1.0,2.0,3.0,MoS2_0.01562,8.528671759999977,1.1383999999999972
6141f4f29cbada84a8676b91,low_MoS2,0.0,3.0,3.0,MoS2_0.01562,-0.8326311899999723,1.808799999999998
6141f4f64e27a1844a5f0478,low_MoS2,1.0,2.0,3.0,MoS2_0.01562,8.541024370000084,1.1455000000000055
6141f50731cf3ef3d4a9f17c,low_MoS2,2.0,1.0,3.0,MoS2_0.01562,41.46792051000007,0.3789999999999978
6141f52331cf3ef3d4a9f17e,low_MoS2,2.0,1.0,3.0,MoS2_0.01562,41.472475290000105,0.41380000000000194
6141f52abaaf234b3529051a,low_MoS2,2.0,1.0,3.0,MoS2_0.01562,17.930792560000093,0.6527999999999992
6141f5329cbada84a8676b93,low_MoS2,0.0,3.0,3.0,MoS2_0.01562,-0.8284313500000167,1.8084999999999951
6141f53d4e27a1844a5f047a,low_MoS2,1.0,2.0,3.0,MoS2_0.01562,8.504353410000046,1.1489999999999938
6141f54031cf3ef3d4a9f180,low_MoS2,2.0,1.0,3.0,MoS2_0.01562,41.47042286999995,0.41430000000000433
6141f547ee0a3fd43fb47db1,low_MoS2,1.0,2.0,3.0,MoS2_0.01562,32.12837482999997,0.40749999999999886
6141f54a3ac25c70a5c6ca19,low_MoS2,3.0,0.0,3.0,MoS2_0.01562,50.3136149000001,0.15329999999999444
6141f55a4e27a1844a5f047c,low_MoS2,1.0,2.0,3.0,MoS2_0.01562,8.531971359999968,1.1380000000000052
6141f55d31cf3ef3d4a9f182,low_MoS2,2.0,1.0,3.0,MoS2_0.01562,41.46016155999992,0.3697000000000017
6141f561ee0a3fd43fb47db3,low_MoS2,1.0,2.0,3.0,MoS2_0.01562,32.149250899999956,0.3996999999999957
6141f561baaf234b3529051c,low_MoS2,2.0,1.0,3.0,MoS2_0.01562,17.864470100000055,1.0837999999999965
6141f5774e27a1844a5f047e,low_MoS2,1.0,2.0,3.0,MoS2_0.01562,8.50465080000006,1.1479
6141f57b31cf3ef3d4a9f184,low_MoS2,2.0,1.0,3.0,MoS2_0.01562,41.46919492000002,0.394200000000005
6141f57cee0a3fd43fb47db5,low_MoS2,1.0,2.0,3.0,MoS2_0.01562,32.15248091000011,0.40449999999999875
6141f580baaf234b3529051e,low_MoS2,2.0,1.0,3.0,MoS2_0.01562,17.87578501999996,0.9626999999999981
6141f58c9cbada84a8676b95,low_MoS2,0.0,3.0,3.0,MoS2_0.01562,-0.8313850100000195,1.8089000000000013
6141f5913ac25c70a5c6ca1b,low_MoS2,3.0,0.0,3.0,MoS2_0.01562,50.803102170000024,0.3388999999999953
6141f5944e27a1844a5f0480,low_MoS2,1.0,2.0,3.0,MoS2_0.01562,8.514735850000104,1.1477000000000004
6141f597ee0a3fd43fb47db7,low_MoS2,1.0,2.0,3.0,MoS2_0.01562,32.139892270000004,0.40400000000000347
6141f59931cf3ef3d4a9f186,low_MoS2,2.0,1.0,3.0,MoS2_0.01562,41.46137745999995,0.38409999999999656
6141f5a99cbada84a8676b97,low_MoS2,0.0,3.0,3.0,MoS2_0.01562,-0.8334318500000677,1.8093999999999966
6141f5bdbaaf234b35290520,low_MoS2,2.0,1.0,3.0,MoS2_0.01562,17.818434360000076,0.9431000000000012
6141f5c0ee0a3fd43fb47db9,low_MoS2,1.0,2.0,3.0,MoS2_0.01562,32.15236548000006,0.3984999999999985
6141f5c54e27a1844a5f0482,low_MoS2,1.0,2.0,3.0,MoS2_0.01562,8.549025150000059,1.1758000000000024
6141f5e34e27a1844a5f0484,low_MoS2,1.0,2.0,3.0,MoS2_0.01562,8.505051639999945,1.1480999999999995
6141f5ea31cf3ef3d4a9f188,low_MoS2,2.0,1.0,3.0,MoS2_0.01562,41.47141043999996,0.4187000000000012
6141f5f7baaf234b35290522,low_MoS2,2.0,1.0,3.0,MoS2_0.01562,17.867865899999963,1.0877999999999943
6141f6004e27a1844a5f0486,low_MoS2,1.0,2.0,3.0,MoS2_0.01562,8.513286050000058,1.1422999999999988
6141f604ee0a3fd43fb47dbb,low_MoS2,1.0,2.0,3.0,MoS2_0.01562,32.148728229999946,0.4005999999999972
6141f6053ac25c70a5c6ca1d,low_MoS2,3.0,0.0,3.0,MoS2_0.01562,50.811478510000065,0.4239000000000033
6141f615baaf234b35290524,low_MoS2,2.0,1.0,3.0,MoS2_0.01562,17.857675729999976,1.0381999999999962
6141f61d4e27a1844a5f0488,low_MoS2,1.0,2.0,3.0,MoS2_0.01562,8.509110669999952,1.1454999999999984
6141f62e31cf3ef3d4a9f18a,low_MoS2,2.0,1.0,3.0,MoS2_0.01562,41.45830380999992,0.3644000000000034
6141f63a4e27a1844a5f048a,low_MoS2,1.0,2.0,3.0,MoS2_0.01562,8.509558100000074,1.1465999999999994
6141f6439cbada84a8676b99,low_MoS2,0.0,3.0,3.0,MoS2_0.01562,-0.8325261599999862,1.8091000000000008
6141f64d31cf3ef3d4a9f18c,low_MoS2,2.0,1.0,3.0,MoS2_0.01562,41.45752424000007,0.3604000000000056
6141f652baaf234b35290526,low_MoS2,2.0,1.0,3.0,MoS2_0.01562,17.8560996000001,1.0386999999999986
6141f6584e27a1844a5f048c,low_MoS2,1.0,2.0,3.0,MoS2_0.01562,8.502650319999955,1.146799999999999
6141f66b31cf3ef3d4a9f18e,low_MoS2,2.0,1.0,3.0,MoS2_0.01562,41.45536639999996,0.38109999999999644
6141f67fee0a3fd43fb47dbd,low_MoS2,1.0,2.0,3.0,MoS2_0.01562,31.955803649999996,0.2621000000000038
6141f6824e27a1844a5f048e,low_MoS2,1.0,2.0,3.0,MoS2_0.01562,8.510191789999933,1.1452999999999989
6141f6859cbada84a8676b9b,low_MoS2,0.0,3.0,3.0,MoS2_0.01562,-0.834402979999993,1.8066999999999993
6141f6893ac25c70a5c6ca1f,low_MoS2,3.0,0.0,3.0,MoS2_0.01562,48.845678960000136,0.14739999999999753
6141f68cbaaf234b35290528,low_MoS2,2.0,1.0,3.0,MoS2_0.01562,17.867342150000006,1.0882999999999967
6141f69bee0a3fd43fb47dbf,low_MoS2,1.0,2.0,3.0,MoS2_0.01562,32.11545862000001,0.3563999999999936
6141f69f4e27a1844a5f0490,low_MoS2,1.0,2.0,3.0,MoS2_0.01562,8.505424780000137,1.1490999999999971
6141f6aabaaf234b3529052a,low_MoS2,2.0,1.0,3.0,MoS2_0.01562,17.888614060000002,1.1047999999999973
6141f6b89cbada84a8676b9d,low_MoS2,0.0,3.0,3.0,MoS2_0.01562,-0.8296293999998738,1.8093000000000004
6141f6b831cf3ef3d4a9f190,low_MoS2,2.0,1.0,3.0,MoS2_0.01562,41.46545325000007,0.3363999999999976
6141f6bb4e27a1844a5f0492,low_MoS2,1.0,2.0,3.0,MoS2_0.01562,8.510432699999935,1.1480999999999995
6141f6d39cbada84a8676b9f,low_MoS2,0.0,3.0,3.0,MoS2_0.01562,-0.8224186399999667,1.8074999999999974
6141f6d84e27a1844a5f0494,low_MoS2,1.0,2.0,3.0,MoS2_0.01562,8.531242190000082,1.1388999999999996
6141f6e031cf3ef3d4a9f192,low_MoS2,2.0,1.0,3.0,MoS2_0.01562,41.42834046000003,0.4159000000000006
6141f6f3ee0a3fd43fb47dc1,low_MoS2,1.0,2.0,3.0,MoS2_0.01562,32.14891338000005,0.3988000000000014
6141f6fe31cf3ef3d4a9f194,low_MoS2,2.0,1.0,3.0,MoS2_0.01562,41.47238216000001,0.3369
6141f705baaf234b3529052c,low_MoS2,2.0,1.0,3.0,MoS2_0.01562,17.86487796000005,1.104600000000005
6141f70eee0a3fd43fb47dc3,low_MoS2,1.0,2.0,3.0,MoS2_0.01562,32.14882938000004,0.3988999999999976
6141f7104e27a1844a5f0496,low_MoS2,1.0,2.0,3.0,MoS2_0.01562,8.50611058999996,1.1488999999999976
6141f7143ac25c70a5c6ca21,low_MoS2,3.0,0.0,3.0,MoS2_0.01562,50.739388410000096,0.41259999999999764
6141f7159cbada84a8676ba1,low_MoS2,0.0,3.0,3.0,MoS2_0.01562,-0.8295471299999804,1.8076000000000008
6141f72dbaaf234b3529052e,low_MoS2,2.0,1.0,3.0,MoS2_0.01562,17.872855549999933,1.1010999999999953
6141f732ee0a3fd43fb47dc5,low_MoS2,1.0,2.0,3.0,MoS2_0.01562,32.087993529999935,0.4048000000000016
6141f73b31cf3ef3d4a9f196,low_MoS2,2.0,1.0,3.0,MoS2_0.01562,40.97081963000001,0.15570000000000306
6141f74eee0a3fd43fb47dc7,low_MoS2,1.0,2.0,3.0,MoS2_0.01562,32.13057692999995,0.396099999999997
6141f75c4e27a1844a5f0498,low_MoS2,1.0,2.0,3.0,MoS2_0.01562,8.51539926000012,1.1448000000000036
6141f7603ac25c70a5c6ca23,low_MoS2,3.0,0.0,3.0,MoS2_0.01562,49.81848991999997,0.08089999999999975
6141f77031cf3ef3d4a9f198,low_MoS2,2.0,1.0,3.0,MoS2_0.01562,41.48556092999998,0.4136000000000024
6141f77bbaaf234b35290530,low_MoS2,2.0,1.0,3.0,MoS2_0.01562,17.88258567000002,0.9600999999999971
6141f785ee0a3fd43fb47dc9,low_MoS2,1.0,2.0,3.0,MoS2_0.01562,32.14507997000008,0.4014000000000024
6141f78c4e27a1844a5f049a,low_MoS2,1.0,2.0,3.0,MoS2_0.01562,8.5093295500001,1.145300000000006
6141f7a131cf3ef3d4a9f19a,low_MoS2,2.0,1.0,3.0,MoS2_0.01562,41.45811578999992,0.3604000000000056
6141f7a49cbada84a8676ba3,low_MoS2,0.0,3.0,3.0,MoS2_0.01562,-0.8324112099998615,1.810299999999998
6141f7aa3ac25c70a5c6ca25,low_MoS2,3.0,0.0,3.0,MoS2_0.01562,48.84015315999992,0.1554000000000002
6141f7acee0a3fd43fb47dcb,low_MoS2,1.0,2.0,3.0,MoS2_0.01562,32.14942405000009,0.3990999999999971
6141f7b34e27a1844a5f049c,low_MoS2,1.0,2.0,3.0,MoS2_0.01562,8.495197949999945,1.1407999999999987
6141f7c8ee0a3fd43fb47dcd,low_MoS2,1.0,2.0,3.0,MoS2_0.01562,32.11999945000001,0.3485999999999976
6141f7cc31cf3ef3d4a9f19c,low_MoS2,2.0,1.0,3.0,MoS2_0.01562,40.97611163999996,0.15569999999999595
6141f7d04e27a1844a5f049e,low_MoS2,1.0,2.0,3.0,MoS2_0.01562,8.511384209999985,1.1465000000000032
6141f7e4ee0a3fd43fb47dcf,low_MoS2,1.0,2.0,3.0,MoS2_0.01562,32.15745059999993,0.40149999999999864
6141f7ea31cf3ef3d4a9f19e,low_MoS2,2.0,1.0,3.0,MoS2_0.01562,41.39259699000009,0.29999999999999716
6141f7eb9cbada84a8676ba5,low_MoS2,0.0,3.0,3.0,MoS2_0.01562,-0.8314859599999522,1.8094999999999999
6141f7ef4e27a1844a5f04a0,low_MoS2,1.0,2.0,3.0,MoS2_0.01562,8.508299059999924,1.145699999999998
6141f8089cbada84a8676ba7,low_MoS2,0.0,3.0,3.0,MoS2_0.01562,-0.8329334300000824,1.807299999999998
6141f80831cf3ef3d4a9f1a0,low_MoS2,2.0,1.0,3.0,MoS2_0.01562,40.99752387000008,0.17079999999999984
6141f80e4e27a1844a5f04a2,low_MoS2,1.0,2.0,3.0,MoS2_0.01562,8.511587819999956,1.1479999999999961
6141f8113ac25c70a5c6ca27,low_MoS2,3.0,0.0,3.0,MoS2_0.01562,50.803506010000014,0.42490000000000094
6141f813ee0a3fd43fb47dd1,low_MoS2,1.0,2.0,3.0,MoS2_0.01562,32.13962220000006,0.4048999999999978
6141f82831cf3ef3d4a9f1a2,low_MoS2,2.0,1.0,3.0,MoS2_0.01562,41.40189058999995,0.2972000000000037
6141f82c4e27a1844a5f04a4,low_MoS2,1.0,2.0,3.0,MoS2_0.01562,8.508593240000007,1.1482000000000028
6141f8309cbada84a8676ba9,low_MoS2,0.0,3.0,3.0,MoS2_0.01562,-0.8310971000000222,1.8094000000000037
6141f84631cf3ef3d4a9f1a4,low_MoS2,2.0,1.0,3.0,MoS2_0.01562,41.48088221999997,0.4117999999999995
6141f856baaf234b35290532,low_MoS2,2.0,1.0,3.0,MoS2_0.01562,17.854444009999945,1.0885999999999996
6141f85a3ac25c70a5c6ca29,low_MoS2,3.0,0.0,3.0,MoS2_0.01562,50.739310399999944,0.30110000000000525
6141f8654e27a1844a5f04a6,low_MoS2,1.0,2.0,3.0,MoS2_0.01562,8.512616649999952,1.1462000000000003
6141f86631cf3ef3d4a9f1a6,low_MoS2,2.0,1.0,3.0,MoS2_0.01562,40.980007210000124,0.15820000000000078
6141f8669cbada84a8676bab,low_MoS2,0.0,3.0,3.0,MoS2_0.01562,-0.8349199599999224,1.8081999999999994
6141f87fee0a3fd43fb47dd3,low_MoS2,1.0,2.0,3.0,MoS2_0.01562,32.13947615000005,0.40330000000000155
6141f8819cbada84a8676bad,low_MoS2,0.0,3.0,3.0,MoS2_0.01562,-0.8328414699998916,1.808399999999999
6141f88431cf3ef3d4a9f1a8,low_MoS2,2.0,1.0,3.0,MoS2_0.01562,41.436727989999966,0.40979999999999706
6141f8914e27a1844a5f04a8,low_MoS2,1.0,2.0,3.0,MoS2_0.01562,8.513625350000009,1.146099999999997
6141f893baaf234b35290534,low_MoS2,2.0,1.0,3.0,MoS2_0.01562,17.86818539,1.110199999999999
6141f89cee0a3fd43fb47dd5,low_MoS2,1.0,2.0,3.0,MoS2_0.01562,32.086873530000034,0.4058999999999955
6141f8a53ac25c70a5c6ca2b,low_MoS2,3.0,0.0,3.0,MoS2_0.01562,50.78613733000012,0.3778000000000006
6141f8ae4e27a1844a5f04aa,low_MoS2,1.0,2.0,3.0,MoS2_0.01562,8.517136100000041,1.1428999999999974
6141f8b79cbada84a8676baf,low_MoS2,0.0,3.0,3.0,MoS2_0.01562,-0.831882769999936,1.8094999999999999
6141f8b9ee0a3fd43fb47dd7,low_MoS2,1.0,2.0,3.0,MoS2_0.01562,32.08895198000003,0.40569999999999595
6141f8cd4e27a1844a5f04ac,low_MoS2,1.0,2.0,3.0,MoS2_0.01562,8.594810880000093,1.1280000000000001
6141f8cebaaf234b35290536,low_MoS2,2.0,1.0,3.0,MoS2_0.01562,17.842359890000118,1.0868000000000038
6141f8d39cbada84a8676bb1,low_MoS2,0.0,3.0,3.0,MoS2_0.01562,-0.8319185600000196,1.808799999999998
6141f8d7ee0a3fd43fb47dd9,low_MoS2,1.0,2.0,3.0,MoS2_0.01562,32.12936336999995,0.3967000000000027
6141f8dd31cf3ef3d4a9f1aa,low_MoS2,2.0,1.0,3.0,MoS2_0.01562,41.46063648000013,0.3768999999999991
6141f8eb4e27a1844a5f04ae,low_MoS2,1.0,2.0,3.0,MoS2_0.01562,8.510672789999969,1.1455999999999946
6141f8f03ac25c70a5c6ca2d,low_MoS2,3.0,0.0,3.0,MoS2_0.01562,49.87384319999993,0.16460000000000008
6141f8f89cbada84a8676bb3,low_MoS2,0.0,3.0,3.0,MoS2_0.01562,-0.831165869999893,1.8079999999999998
6141f8fd31cf3ef3d4a9f1ac,low_MoS2,2.0,1.0,3.0,MoS2_0.01562,41.27510969999999,0.23930000000000007
6141f9094e27a1844a5f04b0,low_MoS2,1.0,2.0,3.0,MoS2_0.01562,8.537026550000089,1.1392000000000024
6141f90dee0a3fd43fb47ddb,low_MoS2,1.0,2.0,3.0,MoS2_0.01562,32.14485261000003,0.40209999999999724
6141f910baaf234b35290538,low_MoS2,2.0,1.0,3.0,MoS2_0.01562,17.84994303000007,1.0838999999999999
6141f9159cbada84a8676bb5,low_MoS2,0.0,3.0,3.0,MoS2_0.01562,-0.7676819899999714,1.8057999999999979
6141f91d31cf3ef3d4a9f1ae,low_MoS2,2.0,1.0,3.0,MoS2_0.01562,41.46182586000005,0.367999999999995
6141f9284e27a1844a5f04b2,low_MoS2,1.0,2.0,3.0,MoS2_0.01562,8.50629002999997,1.142000000000003
6141f92fbaaf234b3529053a,low_MoS2,2.0,1.0,3.0,MoS2_0.01562,17.85987016000012,1.1121999999999943
6141f9359cbada84a8676bb7,low_MoS2,0.0,3.0,3.0,MoS2_0.01562,-0.8025373600000307,1.8072000000000017
6141f9393ac25c70a5c6ca2f,low_MoS2,3.0,0.0,3.0,MoS2_0.01562,50.75844835000013,0.37110000000000554
6141f93c31cf3ef3d4a9f1b0,low_MoS2,2.0,1.0,3.0,MoS2_0.01562,41.42857442999998,0.38109999999999644
6141f94f9cbada84a8676bb9,low_MoS2,0.0,3.0,3.0,MoS2_0.01562,-0.8336425199999553,1.8076000000000008
6141f9544e27a1844a5f04b4,low_MoS2,1.0,2.0,3.0,MoS2_0.01562,8.54144208000005,1.1479
6141f95bbaaf234b3529053c,low_MoS2,2.0,1.0,3.0,MoS2_0.01562,17.86056099000006,1.1113999999999962
6141f96931cf3ef3d4a9f1b2,low_MoS2,2.0,1.0,3.0,MoS2_0.01562,41.45968140000009,0.3982000000000028
6141f96cee0a3fd43fb47ddd,low_MoS2,1.0,2.0,3.0,MoS2_0.01562,32.14665504999992,0.40329999999999444
6141f9744e27a1844a5f04b6,low_MoS2,1.0,2.0,3.0,MoS2_0.01562,8.511304160000034,1.144999999999996
6141f9823ac25c70a5c6ca31,low_MoS2,3.0,0.0,3.0,MoS2_0.01562,50.74711341000003,0.29640000000000555
6141f9869cbada84a8676bbb,low_MoS2,0.0,3.0,3.0,MoS2_0.01562,-0.8321902699998986,1.8096000000000032
6141f98831cf3ef3d4a9f1b4,low_MoS2,2.0,1.0,3.0,MoS2_0.01562,41.448893930000125,0.3785000000000025
6141f989ee0a3fd43fb47ddf,low_MoS2,1.0,2.0,3.0,MoS2_0.01562,32.14941909000002,0.4001000000000019
6141f9944e27a1844a5f04b8,low_MoS2,1.0,2.0,3.0,MoS2_0.01562,8.539074929999995,1.1798000000000002
6141f9a731cf3ef3d4a9f1b6,low_MoS2,2.0,1.0,3.0,MoS2_0.01562,40.974898200000055,0.15729999999999933
6141f9b54e27a1844a5f04ba,low_MoS2,1.0,2.0,3.0,MoS2_0.01562,8.504135290000047,1.1477000000000004
6141f9c39cbada84a8676bbd,low_MoS2,0.0,3.0,3.0,MoS2_0.01562,-0.8312457599999448,1.8093000000000004
6141f9c731cf3ef3d4a9f1b8,low_MoS2,2.0,1.0,3.0,MoS2_0.01562,41.45289545999999,0.3726999999999947
6141f9c73ac25c70a5c6ca33,low_MoS2,3.0,0.0,3.0,MoS2_0.01562,50.30762981000013,0.15499999999999403
6141f9d54e27a1844a5f04bc,low_MoS2,1.0,2.0,3.0,MoS2_0.01562,8.536463059999985,1.1343000000000032
6141f9e631cf3ef3d4a9f1ba,low_MoS2,2.0,1.0,3.0,MoS2_0.01562,41.028420730000065,0.1518999999999977
6141f9efbaaf234b3529053e,low_MoS2,2.0,1.0,3.0,MoS2_0.01562,17.858140049999967,1.0896999999999935
6141f9f24e27a1844a5f04be,low_MoS2,1.0,2.0,3.0,MoS2_0.01562,8.546048090000138,1.1743999999999986
6141f9f39cbada84a8676bbf,low_MoS2,0.0,3.0,3.0,MoS2_0.01562,-0.8322003800000743,1.8085999999999984
6141f9fbee0a3fd43fb47de1,low_MoS2,1.0,2.0,3.0,MoS2_0.01562,32.14046105999999,0.4014000000000024
6141fa0631cf3ef3d4a9f1bc,low_MoS2,2.0,1.0,3.0,MoS2_0.01562,41.43621384000012,0.38700000000000045
6141fa10baaf234b35290540,low_MoS2,2.0,1.0,3.0,MoS2_0.01562,17.905229920000004,1.1154999999999973
6141fa119cbada84a8676bc1,low_MoS2,0.0,3.0,3.0,MoS2_0.01562,-0.8216428899999642,1.806599999999996
6141fa173ac25c70a5c6ca35,low_MoS2,3.0,0.0,3.0,MoS2_0.01562,48.83297632000009,0.1559999999999988
6141fa19ee0a3fd43fb47de3,low_MoS2,1.0,2.0,3.0,MoS2_0.01562,32.14289841999992,0.40260000000000673
6141fa2631cf3ef3d4a9f1be,low_MoS2,2.0,1.0,3.0,MoS2_0.01562,41.407245450000076,0.3766999999999996
6141fa2f4e27a1844a5f04c0,low_MoS2,1.0,2.0,3.0,MoS2_0.01562,8.510926090000137,1.1483999999999952
6141fa30baaf234b35290542,low_MoS2,2.0,1.0,3.0,MoS2_0.01562,17.880003550000076,1.0922999999999945
6141fa35ee0a3fd43fb47de5,low_MoS2,1.0,2.0,3.0,MoS2_0.01562,32.12253542999996,0.3504000000000005
6141fa4ebaaf234b35290544,low_MoS2,2.0,1.0,3.0,MoS2_0.01562,17.86768148999999,1.1103999999999985
6141fa504e27a1844a5f04c2,low_MoS2,1.0,2.0,3.0,MoS2_0.01562,8.506600790000018,1.1504999999999939
6141fa5e31cf3ef3d4a9f1c0,low_MoS2,2.0,1.0,3.0,MoS2_0.01562,41.46084334999996,0.3890999999999991
6141fa6e4e27a1844a5f04c4,low_MoS2,1.0,2.0,3.0,MoS2_0.01562,8.514103730000013,1.146799999999999
6141fa76ee0a3fd43fb47de7,low_MoS2,1.0,2.0,3.0,MoS2_0.01562,32.14212465000013,0.404200000000003
6141fa84baaf234b35290546,low_MoS2,2.0,1.0,3.0,MoS2_0.01562,17.860737210000018,1.1113
6141fa964e27a1844a5f04c6,low_MoS2,1.0,2.0,3.0,MoS2_0.01562,8.524849910000082,1.1392999999999986
6141fa993ac25c70a5c6ca37,low_MoS2,3.0,0.0,3.0,MoS2_0.01562,50.81280596000003,0.3924999999999983
6141fab231cf3ef3d4a9f1c2,low_MoS2,2.0,1.0,3.0,MoS2_0.01562,41.45028986999996,0.37639999999999674
6141fab64e27a1844a5f04c8,low_MoS2,1.0,2.0,3.0,MoS2_0.01562,8.506152409999938,1.1420999999999992
6141fac3baaf234b35290548,low_MoS2,2.0,1.0,3.0,MoS2_0.01562,17.84979507000002,1.0829999999999984
6141fad131cf3ef3d4a9f1c4,low_MoS2,2.0,1.0,3.0,MoS2_0.01562,41.47171073,0.33729999999999905
6141fad84e27a1844a5f04ca,low_MoS2,1.0,2.0,3.0,MoS2_0.01562,8.513026020000122,1.1426000000000016
6141faed3ac25c70a5c6ca39,low_MoS2,3.0,0.0,3.0,MoS2_0.01562,50.788559580000005,0.40500000000000114
6141faf031cf3ef3d4a9f1c6,low_MoS2,2.0,1.0,3.0,MoS2_0.01562,41.44980899000002,0.36199999999999477
6141faf94e27a1844a5f04cc,low_MoS2,1.0,2.0,3.0,MoS2_0.01562,8.51079297999993,1.145699999999998
6141fafa9cbada84a8676bc3,low_MoS2,0.0,3.0,3.0,MoS2_0.01562,-0.831183949999911,1.8086999999999946
6141fb0f31cf3ef3d4a9f1c8,low_MoS2,2.0,1.0,3.0,MoS2_0.01562,41.37768847999992,0.392000000000003
6141fb159cbada84a8676bc5,low_MoS2,0.0,3.0,3.0,MoS2_0.01562,-0.8313129400000321,1.8096999999999994
6141fb214e27a1844a5f04ce,low_MoS2,1.0,2.0,3.0,MoS2_0.01562,8.511145230000036,1.1441999999999979
6141fb2fee0a3fd43fb47de9,low_MoS2,1.0,2.0,3.0,MoS2_0.01562,32.13438059000008,0.4024000000000001
6141fb329cbada84a8676bc7,low_MoS2,0.0,3.0,3.0,MoS2_0.01562,-0.8321139100000323,1.8093000000000004
6141fb3f3ac25c70a5c6ca3b,low_MoS2,3.0,0.0,3.0,MoS2_0.01562,50.72399373,0.3049000000000035
6141fb414e27a1844a5f04d0,low_MoS2,1.0,2.0,3.0,MoS2_0.01562,8.517333680000117,1.1423000000000059
6141fb4831cf3ef3d4a9f1ca,low_MoS2,2.0,1.0,3.0,MoS2_0.01562,41.43265643000014,0.38179999999999836
6141fb4bee0a3fd43fb47deb,low_MoS2,1.0,2.0,3.0,MoS2_0.01562,31.95478804000003,0.26440000000000197
6141fb604e27a1844a5f04d2,low_MoS2,1.0,2.0,3.0,MoS2_0.01562,8.513682139999926,1.143100000000004
6141fb68ee0a3fd43fb47ded,low_MoS2,1.0,2.0,3.0,MoS2_0.01562,32.125030290000026,0.34890000000000043
6141fb6abaaf234b3529054a,low_MoS2,2.0,1.0,3.0,MoS2_0.01562,17.89326546000006,1.091700000000003
6141fb7031cf3ef3d4a9f1cc,low_MoS2,2.0,1.0,3.0,MoS2_0.01562,40.972361320000076,0.15800000000000125
6141fb739cbada84a8676bc9,low_MoS2,0.0,3.0,3.0,MoS2_0.01562,-0.8310496199998738,1.8083000000000027
6141fb86ee0a3fd43fb47def,low_MoS2,1.0,2.0,3.0,MoS2_0.01562,32.13161358000001,0.40209999999999724
6141fb883ac25c70a5c6ca3d,low_MoS2,3.0,0.0,3.0,MoS2_0.01562,50.301612189999936,0.15739999999999554
6141fb8e31cf3ef3d4a9f1ce,low_MoS2,2.0,1.0,3.0,MoS2_0.01562,41.373628510000074,0.29809999999999803
6141fb904e27a1844a5f04d4,low_MoS2,1.0,2.0,3.0,MoS2_0.01562,8.493570390000084,1.1379999999999981
6141fb9fbaaf234b3529054c,low_MoS2,2.0,1.0,3.0,MoS2_0.01562,17.870324790000033,1.1093000000000046
6141fba3ee0a3fd43fb47df1,low_MoS2,1.0,2.0,3.0,MoS2_0.01562,32.1451488,0.40209999999999724
6141fba89cbada84a8676bcb,low_MoS2,0.0,3.0,3.0,MoS2_0.01562,-0.8320021799999608,1.8093000000000004
6141fbaf4e27a1844a5f04d6,low_MoS2,1.0,2.0,3.0,MoS2_0.01562,8.514373629999934,1.1443999999999974
6141fbbfee0a3fd43fb47df3,low_MoS2,1.0,2.0,3.0,MoS2_0.01562,32.12983557999995,0.37590000000000146
6141fbc89cbada84a8676bcd,low_MoS2,0.0,3.0,3.0,MoS2_0.01562,-0.8300822900000071,1.8081000000000031
6141fbce4e27a1844a5f04d8,low_MoS2,1.0,2.0,3.0,MoS2_0.01562,8.511421640000005,1.1479999999999961
6141fbd13ac25c70a5c6ca3f,low_MoS2,3.0,0.0,3.0,MoS2_0.01562,50.82137086999993,0.42389999999999617
6141fbdbbaaf234b3529054e,low_MoS2,2.0,1.0,3.0,MoS2_0.01562,17.887549609999944,1.0990000000000038
6141fbe531cf3ef3d4a9f1d0,low_MoS2,2.0,1.0,3.0,MoS2_0.01562,41.42805276999998,0.41159999999999997
6141fbed4e27a1844a5f04da,low_MoS2,1.0,2.0,3.0,MoS2_0.01562,8.51635480000007,1.1448999999999998
6141fbefee0a3fd43fb47df5,low_MoS2,1.0,2.0,3.0,MoS2_0.01562,32.120205630000086,0.34660000000000224
6141fbfcbaaf234b35290550,low_MoS2,2.0,1.0,3.0,MoS2_0.01562,17.85858167000014,1.039200000000001
6141fc154e27a1844a5f04dc,low_MoS2,1.0,2.0,3.0,MoS2_0.01562,8.529505620000034,1.1371000000000038
6141fc203ac25c70a5c6ca41,low_MoS2,3.0,0.0,3.0,MoS2_0.01562,50.75964897000009,0.3802999999999983
6141fc349cbada84a8676bcf,low_MoS2,0.0,3.0,3.0,MoS2_0.01562,-0.8332098600000677,1.8061000000000007
6141fc36baaf234b35290552,low_MoS2,2.0,1.0,3.0,MoS2_0.01562,17.851565330000078,1.083599999999997
6141fc3a4e27a1844a5f04de,low_MoS2,1.0,2.0,3.0,MoS2_0.01562,8.543361320000056,1.1443999999999974
6141fc509cbada84a8676bd1,low_MoS2,0.0,3.0,3.0,MoS2_0.01562,-0.8327202499999089,1.8093999999999966
6141fc584e27a1844a5f04e0,low_MoS2,1.0,2.0,3.0,MoS2_0.01562,8.50812423999994,1.146800000000006
6141fc5eee0a3fd43fb47df7,low_MoS2,1.0,2.0,3.0,MoS2_0.01562,32.14866082000002,0.3995000000000033
6141fc6631cf3ef3d4a9f1d2,low_MoS2,2.0,1.0,3.0,MoS2_0.01562,40.97233139999999,0.15629999999999455
6141fc6c9cbada84a8676bd3,low_MoS2,0.0,3.0,3.0,MoS2_0.01562,-0.8322900699999423,1.8082999999999956
6141fc764e27a1844a5f04e2,low_MoS2,1.0,2.0,3.0,MoS2_0.01562,8.51811318999992,1.1425000000000054
6141fc8531cf3ef3d4a9f1d4,low_MoS2,2.0,1.0,3.0,MoS2_0.01562,41.429946950000115,0.3849000000000018
6141fc9f3ac25c70a5c6ca43,low_MoS2,3.0,0.0,3.0,MoS2_0.01562,50.82830858999993,0.42190000000000083
6141fca531cf3ef3d4a9f1d6,low_MoS2,2.0,1.0,3.0,MoS2_0.01562,41.36524797000011,0.40800000000000125
6141fcdb4e27a1844a5f04e4,low_MoS2,1.0,2.0,3.0,MoS2_0.01562,8.511274170000004,1.1458000000000013
6141fce93ac25c70a5c6ca45,low_MoS2,3.0,0.0,3.0,MoS2_0.01562,50.82055264000011,0.4270999999999958
6141fcf29cbada84a8676bd5,low_MoS2,0.0,3.0,3.0,MoS2_0.01562,-0.8324409399999126,1.8089000000000013
6141fcf631cf3ef3d4a9f1d8,low_MoS2,2.0,1.0,3.0,MoS2_0.01562,41.460759150000015,0.3768000000000029
6141fd02ee0a3fd43fb47df9,low_MoS2,1.0,2.0,3.0,MoS2_0.01562,32.12272417000007,0.36079999999999757
6141fd104e27a1844a5f04e6,low_MoS2,1.0,2.0,3.0,MoS2_0.01562,8.50489494000001,1.1474999999999937
6141fd14baaf234b35290554,low_MoS2,2.0,1.0,3.0,MoS2_0.01562,17.858730489999964,1.0865999999999971
6141fd1531cf3ef3d4a9f1da,low_MoS2,2.0,1.0,3.0,MoS2_0.01562,39.49383660000008,0.15140000000000242
6141fd1d9cbada84a8676bd7,low_MoS2,0.0,3.0,3.0,MoS2_0.01562,-0.8287970499999915,1.8081999999999994
6141fd2f4e27a1844a5f04e8,low_MoS2,1.0,2.0,3.0,MoS2_0.01562,8.513289550000106,1.1463000000000036
6141fd34baaf234b35290556,low_MoS2,2.0,1.0,3.0,MoS2_0.01562,17.87157021999996,1.1000000000000014
6141fd3bee0a3fd43fb47dfb,low_MoS2,1.0,2.0,3.0,MoS2_0.01562,32.145591140000064,0.4025000000000034
6141fd54baaf234b35290558,low_MoS2,2.0,1.0,3.0,MoS2_0.01562,17.884525299999943,1.1020000000000039
6141fd58ee0a3fd43fb47dfd,low_MoS2,1.0,2.0,3.0,MoS2_0.01562,32.14458562000003,0.40509999999999735
6141fd6a31cf3ef3d4a9f1dc,low_MoS2,2.0,1.0,3.0,MoS2_0.01562,41.44121298,0.3796999999999997
6141fd6b4e27a1844a5f04ea,low_MoS2,1.0,2.0,3.0,MoS2_0.01562,8.511723780000036,1.1452000000000027
6141fd7ebaaf234b3529055a,low_MoS2,2.0,1.0,3.0,MoS2_0.01562,17.86485597,1.1060000000000016
6141fd803ac25c70a5c6ca47,low_MoS2,3.0,0.0,3.0,MoS2_0.01562,50.77488882999993,0.3819999999999979
6141fd8931cf3ef3d4a9f1de,low_MoS2,2.0,1.0,3.0,MoS2_0.01562,41.42791155000005,0.4089999999999989
6141fd89ee0a3fd43fb47dff,low_MoS2,1.0,2.0,3.0,MoS2_0.01562,32.154089679999956,0.3984999999999985
6141fd8b4e27a1844a5f04ec,low_MoS2,1.0,2.0,3.0,MoS2_0.01562,8.517953049999985,1.1422000000000025
6141fd9fbaaf234b3529055c,low_MoS2,2.0,1.0,3.0,MoS2_0.01562,17.852415020000073,1.0925999999999974
6141fdab4e27a1844a5f04ee,low_MoS2,1.0,2.0,3.0,MoS2_0.01562,8.514013040000034,1.1479999999999961
6141fdb59cbada84a8676bd9,low_MoS2,0.0,3.0,3.0,MoS2_0.01562,-0.8322488700000008,1.8098000000000027
6141fdbaee0a3fd43fb47e01,low_MoS2,1.0,2.0,3.0,MoS2_0.01562,32.14564212999993,0.4024000000000001
6141fdc531cf3ef3d4a9f1e0,low_MoS2,2.0,1.0,3.0,MoS2_0.01562,41.45970529000006,0.37930000000000064
6141fdcb4e27a1844a5f04f0,low_MoS2,1.0,2.0,3.0,MoS2_0.01562,8.506359510000063,1.1370999999999967
6141fdcd3ac25c70a5c6ca49,low_MoS2,3.0,0.0,3.0,MoS2_0.01562,50.82485388000001,0.42430000000000234
6141fdd29cbada84a8676bdb,low_MoS2,0.0,3.0,3.0,MoS2_0.01562,-0.8269344400000023,1.8064999999999998
6141fde531cf3ef3d4a9f1e2,low_MoS2,2.0,1.0,3.0,MoS2_0.01562,41.48978480000001,0.41320000000000334
6141fded4e27a1844a5f04f2,low_MoS2,1.0,2.0,3.0,MoS2_0.01562,8.514515990000088,1.144599999999997
6141fdf7baaf234b3529055e,low_MoS2,2.0,1.0,3.0,MoS2_0.01562,17.81408342000008,0.9416000000000011
6141fe0dee0a3fd43fb47e03,low_MoS2,1.0,2.0,3.0,MoS2_0.01562,32.139581540000094,0.4040999999999997
6141fe0f4e27a1844a5f04f4,low_MoS2,1.0,2.0,3.0,MoS2_0.01562,8.51092939999992,1.1437999999999988
6141fe173ac25c70a5c6ca4b,low_MoS2,3.0,0.0,3.0,MoS2_0.01562,50.71786837999995,0.2997999999999976
6141fe1c31cf3ef3d4a9f1e4,low_MoS2,2.0,1.0,3.0,MoS2_0.01562,41.45895706000006,0.3732000000000042
6141fe299cbada84a8676bdd,low_MoS2,0.0,3.0,3.0,MoS2_0.01562,-0.8297577600000636,1.808099999999996
6141fe2bee0a3fd43fb47e05,low_MoS2,1.0,2.0,3.0,MoS2_0.01562,32.147827470000024,0.3984999999999985
6141fe3f31cf3ef3d4a9f1e6,low_MoS2,2.0,1.0,3.0,MoS2_0.01562,41.45925081000014,0.3680000000000021
6141fe43baaf234b35290560,low_MoS2,2.0,1.0,3.0,MoS2_0.01562,17.930692769999943,0.6529000000000025
6141fe49ee0a3fd43fb47e07,low_MoS2,1.0,2.0,3.0,MoS2_0.01562,32.14512448999993,0.40509999999999735
6141fe4f4e27a1844a5f04f6,low_MoS2,1.0,2.0,3.0,MoS2_0.01562,8.505856479999945,1.1462000000000003
6141fe5f31cf3ef3d4a9f1e8,low_MoS2,2.0,1.0,3.0,MoS2_0.01562,41.478413010000125,0.4061000000000021
6141fe64baaf234b35290562,low_MoS2,2.0,1.0,3.0,MoS2_0.01562,17.88608324999995,1.0818000000000012
6141fe673ac25c70a5c6ca4d,low_MoS2,3.0,0.0,3.0,MoS2_0.01562,50.77212010000009,0.3731000000000009
6141fe7f31cf3ef3d4a9f1ea,low_MoS2,2.0,1.0,3.0,MoS2_0.01562,41.46080935999994,0.36199999999999477
6141fe849cbada84a8676bdf,low_MoS2,0.0,3.0,3.0,MoS2_0.01562,-0.8322827999999731,1.8096000000000032
6141fe86baaf234b35290564,low_MoS2,2.0,1.0,3.0,MoS2_0.01562,17.850812220000073,1.0016000000000034
6141fe864e27a1844a5f04f8,low_MoS2,1.0,2.0,3.0,MoS2_0.01562,8.517653019999923,1.1428000000000011
6141fea0ee0a3fd43fb47e09,low_MoS2,1.0,2.0,3.0,MoS2_0.01562,32.09016390000009,0.4059999999999988
6141fea131cf3ef3d4a9f1ec,low_MoS2,2.0,1.0,3.0,MoS2_0.01562,41.46801344000001,0.3327999999999989
6141fea54e27a1844a5f04fa,low_MoS2,1.0,2.0,3.0,MoS2_0.01562,8.508338740000024,1.1463999999999999
6141fea6baaf234b35290566,low_MoS2,2.0,1.0,3.0,MoS2_0.01562,17.826906870000123,0.941599999999994
6141feb33ac25c70a5c6ca4f,low_MoS2,3.0,0.0,3.0,MoS2_0.01562,50.32872807000005,0.17210000000000036
6141feba9cbada84a8676be1,low_MoS2,0.0,3.0,3.0,MoS2_0.01562,-0.8328104399999461,1.8100000000000023
6141febeee0a3fd43fb47e0b,low_MoS2,1.0,2.0,3.0,MoS2_0.01562,32.13051803000006,0.3586999999999989
6141fec231cf3ef3d4a9f1ee,low_MoS2,2.0,1.0,3.0,MoS2_0.01562,41.47669607999997,0.33919999999999817
6141fec54e27a1844a5f04fc,low_MoS2,1.0,2.0,3.0,MoS2_0.01562,8.50234430000003,1.1469000000000023
6141fec7baaf234b35290568,low_MoS2,2.0,1.0,3.0,MoS2_0.01562,17.86468235000006,1.1109000000000009
6141fed79cbada84a8676be3,low_MoS2,0.0,3.0,3.0,MoS2_0.01562,-0.8319699699999887,1.8094999999999999
6141feeaee0a3fd43fb47e0d,low_MoS2,1.0,2.0,3.0,MoS2_0.01562,32.14209927,0.4018999999999977
6141fef04e27a1844a5f04fe,low_MoS2,1.0,2.0,3.0,MoS2_0.01562,8.547706990000076,1.1795999999999935
6141fef59cbada84a8676be5,low_MoS2,0.0,3.0,3.0,MoS2_0.01562,-0.8230665200000544,1.8059999999999974
6141fefd31cf3ef3d4a9f1f0,low_MoS2,2.0,1.0,3.0,MoS2_0.01562,41.456042499999924,0.3920999999999992
6141ff0bee0a3fd43fb47e0f,low_MoS2,1.0,2.0,3.0,MoS2_0.01562,32.08971104999999,0.40390000000000015
6141ff104e27a1844a5f0500,low_MoS2,1.0,2.0,3.0,MoS2_0.01562,8.513333469999932,1.1451999999999956
6141ff143ac25c70a5c6ca51,low_MoS2,3.0,0.0,3.0,MoS2_0.01562,50.82594441999996,0.4140000000000015
6141ff1d31cf3ef3d4a9f1f2,low_MoS2,2.0,1.0,3.0,MoS2_0.01562,41.474221650000075,0.31680000000000064
6141ff304e27a1844a5f0502,low_MoS2,1.0,2.0,3.0,MoS2_0.01562,8.506408519999948,1.1475000000000009
6141ff34ee0a3fd43fb47e11,low_MoS2,1.0,2.0,3.0,MoS2_0.01562,32.122425920000055,0.34479999999999933
6141ff3f31cf3ef3d4a9f1f4,low_MoS2,2.0,1.0,3.0,MoS2_0.01562,41.45963271000001,0.38860000000000383
6141ff4ebaaf234b3529056a,low_MoS2,2.0,1.0,3.0,MoS2_0.01562,17.870817750000008,1.0874999999999986
6141ff504e27a1844a5f0504,low_MoS2,1.0,2.0,3.0,MoS2_0.01562,8.498356600000104,1.152000000000001
6141ff6031cf3ef3d4a9f1f6,low_MoS2,2.0,1.0,3.0,MoS2_0.01562,41.3959833200001,0.3001000000000005
6141ff643ac25c70a5c6ca53,low_MoS2,3.0,0.0,3.0,MoS2_0.01562,50.31240365,0.15489999999999782
6141ff704e27a1844a5f0506,low_MoS2,1.0,2.0,3.0,MoS2_0.01562,8.50159579999993,1.1459000000000046
6141ff719cbada84a8676be7,low_MoS2,0.0,3.0,3.0,MoS2_0.01562,-0.8315596899998923,1.8089000000000013
6141ff7fbaaf234b3529056c,low_MoS2,2.0,1.0,3.0,MoS2_0.01562,17.962735739999964,0.6454999999999984
6141ff8031cf3ef3d4a9f1f8,low_MoS2,2.0,1.0,3.0,MoS2_0.01562,39.49370418000008,0.1454999999999984
6141ffa131cf3ef3d4a9f1fa,low_MoS2,2.0,1.0,3.0,MoS2_0.01562,40.97556759000004,0.1554000000000002
6141ffa44e27a1844a5f0508,low_MoS2,1.0,2.0,3.0,MoS2_0.01562,8.510490209999968,1.148299999999999
6141ffa59cbada84a8676be9,low_MoS2,0.0,3.0,3.0,MoS2_0.01562,-0.8316198399999735,1.8096999999999994
6141ffb13ac25c70a5c6ca55,low_MoS2,3.0,0.0,3.0,MoS2_0.01562,50.812911590000034,0.4198999999999984
6141ffbeee0a3fd43fb47e13,low_MoS2,1.0,2.0,3.0,MoS2_0.01562,32.14505589000008,0.4037000000000006
6141ffc34e27a1844a5f050a,low_MoS2,1.0,2.0,3.0,MoS2_0.01562,8.493419800000108,1.1384000000000043
6141ffc4baaf234b3529056e,low_MoS2,2.0,1.0,3.0,MoS2_0.01562,17.81571828000005,0.9433000000000007
6141ffc49cbada84a8676beb,low_MoS2,0.0,3.0,3.0,MoS2_0.01562,-0.8309960500000102,1.8085999999999984
6141ffc531cf3ef3d4a9f1fc,low_MoS2,2.0,1.0,3.0,MoS2_0.01562,41.44987527999997,0.361699999999999
6141ffdcee0a3fd43fb47e15,low_MoS2,1.0,2.0,3.0,MoS2_0.01562,32.14324312999996,0.40209999999999724
6141ffe29cbada84a8676bed,low_MoS2,0.0,3.0,3.0,MoS2_0.01562,-0.83293711999994,1.8094999999999999
6141fff94e27a1844a5f050c,low_MoS2,1.0,2.0,3.0,MoS2_0.01562,8.510101730000112,1.144599999999997
614200009cbada84a8676bef,low_MoS2,0.0,3.0,3.0,MoS2_0.01562,-0.8322617700000023,1.8094999999999999
61420003baaf234b35290570,low_MoS2,2.0,1.0,3.0,MoS2_0.01562,17.85577854999996,1.0377999999999972
6142000bee0a3fd43fb47e17,low_MoS2,1.0,2.0,3.0,MoS2_0.01562,32.092691600000066,0.40440000000000254
6142001731cf3ef3d4a9f1fe,low_MoS2,2.0,1.0,3.0,MoS2_0.01562,41.447354309999994,0.3614999999999995
614200184e27a1844a5f050e,low_MoS2,1.0,2.0,3.0,MoS2_0.01562,8.517123330000029,1.1426999999999978
61420025baaf234b35290572,low_MoS2,2.0,1.0,3.0,MoS2_0.01562,17.92863160000001,0.6526999999999958
61420032ee0a3fd43fb47e19,low_MoS2,1.0,2.0,3.0,MoS2_0.01562,32.12172867999992,0.37930000000000064
6142003731cf3ef3d4a9f200,low_MoS2,2.0,1.0,3.0,MoS2_0.01562,41.44900647999994,0.359099999999998
6142003c4e27a1844a5f0510,low_MoS2,1.0,2.0,3.0,MoS2_0.01562,8.51190545000011,1.1447000000000003
614200513ac25c70a5c6ca57,low_MoS2,3.0,0.0,3.0,MoS2_0.01562,48.83651129000001,0.16680000000000206
6142006fbaaf234b35290574,low_MoS2,2.0,1.0,3.0,MoS2_0.01562,17.87354316999994,1.110199999999999
614200734e27a1844a5f0512,low_MoS2,1.0,2.0,3.0,MoS2_0.01562,8.494185450000057,1.1376999999999953
6142008731cf3ef3d4a9f202,low_MoS2,2.0,1.0,3.0,MoS2_0.01562,41.42026494000011,0.38569999999999993
6142008e9cbada84a8676bf1,low_MoS2,0.0,3.0,3.0,MoS2_0.01562,-0.8324351699999966,1.8085999999999984
614200944e27a1844a5f0514,low_MoS2,1.0,2.0,3.0,MoS2_0.01562,8.51231375,1.1445000000000007
614200a0ee0a3fd43fb47e1b,low_MoS2,1.0,2.0,3.0,MoS2_0.01562,32.12063966999993,0.34890000000000043
614200b531cf3ef3d4a9f204,low_MoS2,2.0,1.0,3.0,MoS2_0.01562,41.44623872999996,0.37590000000000146
614200babaaf234b35290576,low_MoS2,2.0,1.0,3.0,MoS2_0.01562,17.887383499999935,0.9581999999999979
614200be9cbada84a8676bf3,low_MoS2,0.0,3.0,3.0,MoS2_0.01562,-0.8328555200000096,1.8086999999999946
614200dbbaaf234b35290578,low_MoS2,2.0,1.0,3.0,MoS2_0.01562,17.878050570000134,1.091699999999996
614200e69cbada84a8676bf5,low_MoS2,0.0,3.0,3.0,MoS2_0.01562,-0.8313402499999825,1.806200000000004
614200eb3ac25c70a5c6ca59,low_MoS2,3.0,0.0,3.0,MoS2_0.01562,50.792017590000036,0.3973000000000013
614200f631cf3ef3d4a9f206,low_MoS2,2.0,1.0,3.0,MoS2_0.01562,41.4697899100001,0.4112999999999971
614201039cbada84a8676bf7,low_MoS2,0.0,3.0,3.0,MoS2_0.01562,-0.8232673699998827,1.8061000000000007
6142010dbaaf234b3529057a,low_MoS2,2.0,1.0,3.0,MoS2_0.01562,17.898989810000096,1.1265999999999963
6142011731cf3ef3d4a9f208,low_MoS2,2.0,1.0,3.0,MoS2_0.01562,41.47650551000011,0.33559999999999945
6142013731cf3ef3d4a9f20a,low_MoS2,2.0,1.0,3.0,MoS2_0.01562,41.450577300000035,0.39160000000000394
614201384e27a1844a5f0516,low_MoS2,1.0,2.0,3.0,MoS2_0.01562,8.512640660000013,1.1462000000000003
6142013d9cbada84a8676bf9,low_MoS2,0.0,3.0,3.0,MoS2_0.01562,-0.8332612900000527,1.8064999999999998
61420140ee0a3fd43fb47e1d,low_MoS2,1.0,2.0,3.0,MoS2_0.01562,32.13018056999998,0.39689999999999515
614201423ac25c70a5c6ca5b,low_MoS2,3.0,0.0,3.0,MoS2_0.01562,50.77307323000006,0.40330000000000155
614201584e27a1844a5f0518,low_MoS2,1.0,2.0,3.0,MoS2_0.01562,8.499889350000128,1.1480999999999995
6142015831cf3ef3d4a9f20c,low_MoS2,2.0,1.0,3.0,MoS2_0.01562,40.99844757000001,0.16749999999999687
61420159baaf234b3529057c,low_MoS2,2.0,1.0,3.0,MoS2_0.01562,17.864233129999995,1.083199999999998
614201784e27a1844a5f051a,low_MoS2,1.0,2.0,3.0,MoS2_0.01562,8.50980172999996,1.1468999999999951
6142018c9cbada84a8676bfb,low_MoS2,0.0,3.0,3.0,MoS2_0.01562,-0.8296308900000327,1.8075000000000045
6142018fbaaf234b3529057e,low_MoS2,2.0,1.0,3.0,MoS2_0.01562,17.869513979999958,1.1098
614201973ac25c70a5c6ca5d,low_MoS2,3.0,0.0,3.0,MoS2_0.01562,50.78668699000006,0.38050000000000495
6142019b31cf3ef3d4a9f20e,low_MoS2,2.0,1.0,3.0,MoS2_0.01562,40.80618724999995,0.18149999999999977
614201c0baaf234b35290580,low_MoS2,2.0,1.0,3.0,MoS2_0.01562,17.86573238999994,1.110199999999999
614201c54e27a1844a5f051c,low_MoS2,1.0,2.0,3.0,MoS2_0.01562,8.532152710000016,1.137900000000002
614201cf9cbada84a8676bfd,low_MoS2,0.0,3.0,3.0,MoS2_0.01562,-0.8311883099999591,1.8098000000000027
614201d7ee0a3fd43fb47e1f,low_MoS2,1.0,2.0,3.0,MoS2_0.01562,32.09204896000004,0.40209999999999724
614201e131cf3ef3d4a9f210,low_MoS2,2.0,1.0,3.0,MoS2_0.01562,41.468643099999966,0.31909999999999883
614201e1baaf234b35290582,low_MoS2,2.0,1.0,3.0,MoS2_0.01562,17.85416467000004,1.0949000000000026
614201e54e27a1844a5f051e,low_MoS2,1.0,2.0,3.0,MoS2_0.01562,8.533077490000121,1.1370000000000005
614201e53ac25c70a5c6ca5f,low_MoS2,3.0,0.0,3.0,MoS2_0.01562,50.79808248999999,0.3767999999999958
614201ed9cbada84a8676bff,low_MoS2,0.0,3.0,3.0,MoS2_0.01562,-0.8286211100000287,1.8085999999999984
614202289cbada84a8676c01,low_MoS2,0.0,3.0,3.0,MoS2_0.01562,-0.8324702699998738,1.8096999999999994
6142022931cf3ef3d4a9f212,low_MoS2,2.0,1.0,3.0,MoS2_0.01562,41.47375510000002,0.3329999999999984
614202353ac25c70a5c6ca61,low_MoS2,3.0,0.0,3.0,MoS2_0.01562,50.77496723000005,0.4247000000000014
614202494e27a1844a5f0520,low_MoS2,1.0,2.0,3.0,MoS2_0.01562,8.517216570000098,1.1418999999999997
6142024dee0a3fd43fb47e21,low_MoS2,1.0,2.0,3.0,MoS2_0.01562,32.14455685000006,0.40509999999999735
6142025c9cbada84a8676c03,low_MoS2,0.0,3.0,3.0,MoS2_0.01562,-0.8293492800000308,1.8074000000000012
61420264baaf234b35290584,low_MoS2,2.0,1.0,3.0,MoS2_0.01562,17.896586370000016,0.9570000000000007
6142026b4e27a1844a5f0522,low_MoS2,1.0,2.0,3.0,MoS2_0.01562,8.509904970000004,1.1476000000000042
6142028831cf3ef3d4a9f214,low_MoS2,2.0,1.0,3.0,MoS2_0.01562,41.464398120000126,0.3404999999999987
6142029e9cbada84a8676c05,low_MoS2,0.0,3.0,3.0,MoS2_0.01562,-0.8333629399998586,1.8093999999999966
614202a44e27a1844a5f0524,low_MoS2,1.0,2.0,3.0,MoS2_0.01562,8.507127580000112,1.1499999999999986
614202a931cf3ef3d4a9f216,low_MoS2,2.0,1.0,3.0,MoS2_0.01562,41.4573974500001,0.3715999999999937
614202bc3ac25c70a5c6ca63,low_MoS2,3.0,0.0,3.0,MoS2_0.01562,50.794216789999986,0.4094000000000051
614202c44e27a1844a5f0526,low_MoS2,1.0,2.0,3.0,MoS2_0.01562,8.515381340000001,1.1445000000000007
614202ca31cf3ef3d4a9f218,low_MoS2,2.0,1.0,3.0,MoS2_0.01562,41.40676372999992,0.3072000000000017
614202cc9cbada84a8676c07,low_MoS2,0.0,3.0,3.0,MoS2_0.01562,-0.8313142399999265,1.8090000000000046
614202e34e27a1844a5f0528,low_MoS2,1.0,2.0,3.0,MoS2_0.01562,8.540913099999923,1.182299999999998
614202ea9cbada84a8676c09,low_MoS2,0.0,3.0,3.0,MoS2_0.01562,-0.8319820199998844,1.8078000000000003
614202eb31cf3ef3d4a9f21a,low_MoS2,2.0,1.0,3.0,MoS2_0.01562,41.45905798000008,0.38870000000000005
614203024e27a1844a5f052a,low_MoS2,1.0,2.0,3.0,MoS2_0.01562,8.50829776000003,1.1462000000000003
6142031a31cf3ef3d4a9f21c,low_MoS2,2.0,1.0,3.0,MoS2_0.01562,41.45093771000002,0.3733000000000004
6142031bee0a3fd43fb47e23,low_MoS2,1.0,2.0,3.0,MoS2_0.01562,31.957338070000095,0.26259999999999906
6142031d9cbada84a8676c0b,low_MoS2,0.0,3.0,3.0,MoS2_0.01562,-0.8307595699999979,1.808399999999999
61420329baaf234b35290586,low_MoS2,2.0,1.0,3.0,MoS2_0.01562,17.857898890000108,1.039200000000001
614203364e27a1844a5f052c,low_MoS2,1.0,2.0,3.0,MoS2_0.01562,8.513117969999964,1.1468999999999951
6142033931cf3ef3d4a9f21e,low_MoS2,2.0,1.0,3.0,MoS2_0.01562,41.44306657000011,0.38219999999999743
6142033c9cbada84a8676c0d,low_MoS2,0.0,3.0,3.0,MoS2_0.01562,-0.8200934000000757,1.8057000000000016
6142034bbaaf234b35290588,low_MoS2,2.0,1.0,3.0,MoS2_0.01562,17.850902959999978,1.094699999999996
6142035a31cf3ef3d4a9f220,low_MoS2,2.0,1.0,3.0,MoS2_0.01562,41.388265199999935,0.29879999999999995
6142035f3ac25c70a5c6ca65,low_MoS2,3.0,0.0,3.0,MoS2_0.01562,50.82079319999995,0.34600000000000364
6142039c31cf3ef3d4a9f222,low_MoS2,2.0,1.0,3.0,MoS2_0.01562,40.971121949999954,0.1565999999999974
614203b29cbada84a8676c0f,low_MoS2,0.0,3.0,3.0,MoS2_0.01562,-0.8305474499999832,1.8078000000000003
614203b43ac25c70a5c6ca67,low_MoS2,3.0,0.0,3.0,MoS2_0.01562,50.77064346000012,0.3891999999999953
614203b6baaf234b3529058a,low_MoS2,2.0,1.0,3.0,MoS2_0.01562,17.85215809999999,1.082100000000004
614203baee0a3fd43fb47e25,low_MoS2,1.0,2.0,3.0,MoS2_0.01562,32.12563470999997,0.34950000000000614
614203d64e27a1844a5f052e,low_MoS2,1.0,2.0,3.0,MoS2_0.01562,8.506092809999952,1.1373999999999995
614203da9cbada84a8676c11,low_MoS2,0.0,3.0,3.0,MoS2_0.01562,-0.8316819900000496,1.8078000000000003
614203f1ee0a3fd43fb47e27,low_MoS2,1.0,2.0,3.0,MoS2_0.01562,32.15925007999998,0.397199999999998
614203f74e27a1844a5f0530,low_MoS2,1.0,2.0,3.0,MoS2_0.01562,8.505918289999979,1.137599999999999
614204053ac25c70a5c6ca69,low_MoS2,3.0,0.0,3.0,MoS2_0.01562,48.82207452999993,0.1599999999999966
6142040bbaaf234b3529058c,low_MoS2,2.0,1.0,3.0,MoS2_0.01562,17.868797090000037,1.0815000000000055
61420420ee0a3fd43fb47e29,low_MoS2,1.0,2.0,3.0,MoS2_0.01562,32.13090538999994,0.3960000000000008
6142042231cf3ef3d4a9f224,low_MoS2,2.0,1.0,3.0,MoS2_0.01562,41.42503453000013,0.37939999999999685
614204349cbada84a8676c13,low_MoS2,0.0,3.0,3.0,MoS2_0.01562,-0.8330217499998867,1.8094999999999999
614204414e27a1844a5f0532,low_MoS2,1.0,2.0,3.0,MoS2_0.01562,8.503048220000007,1.1383999999999972
6142044331cf3ef3d4a9f226,low_MoS2,2.0,1.0,3.0,MoS2_0.01562,41.46109152999993,0.37639999999999674
614204529cbada84a8676c15,low_MoS2,0.0,3.0,3.0,MoS2_0.01562,-0.8315447699998799,1.809599999999996
614204604e27a1844a5f0534,low_MoS2,1.0,2.0,3.0,MoS2_0.01562,8.539735379999936,1.1397000000000048
6142046431cf3ef3d4a9f228,low_MoS2,2.0,1.0,3.0,MoS2_0.01562,41.46045548000002,0.37529999999999575
614204804e27a1844a5f0536,low_MoS2,1.0,2.0,3.0,MoS2_0.01562,8.50557331000007,1.1430000000000007
614204803ac25c70a5c6ca6b,low_MoS2,3.0,0.0,3.0,MoS2_0.01562,50.799133829999995,0.3772999999999982
6142048631cf3ef3d4a9f22a,low_MoS2,2.0,1.0,3.0,MoS2_0.01562,41.45765157000001,0.37049999999999983
614204909cbada84a8676c17,low_MoS2,0.0,3.0,3.0,MoS2_0.01562,-0.7950499400000695,1.806200000000004
614204a531cf3ef3d4a9f22c,low_MoS2,2.0,1.0,3.0,MoS2_0.01562,41.46101001999996,0.36990000000000123
614204abbaaf234b3529058e,low_MoS2,2.0,1.0,3.0,MoS2_0.01562,17.85357118000001,1.0396
614204c731cf3ef3d4a9f22e,low_MoS2,2.0,1.0,3.0,MoS2_0.01562,39.44694332000013,0.12659999999999627
614204ca4e27a1844a5f0538,low_MoS2,1.0,2.0,3.0,MoS2_0.01562,8.505443479999965,1.142400000000002
614204d8baaf234b35290590,low_MoS2,2.0,1.0,3.0,MoS2_0.01562,17.867875619999943,1.1094000000000008
614204e931cf3ef3d4a9f230,low_MoS2,2.0,1.0,3.0,MoS2_0.01562,40.976681520000014,0.15520000000000067
614204fcbaaf234b35290592,low_MoS2,2.0,1.0,3.0,MoS2_0.01562,17.86737336999999,1.109499999999997
614205024e27a1844a5f053a,low_MoS2,1.0,2.0,3.0,MoS2_0.01562,8.516445539999975,1.1444000000000045
6142050c31cf3ef3d4a9f232,low_MoS2,2.0,1.0,3.0,MoS2_0.01562,41.413802810000064,0.3755999999999986
614205214e27a1844a5f053c,low_MoS2,1.0,2.0,3.0,MoS2_0.01562,8.516202580000051,1.1451999999999956
614205219cbada84a8676c19,low_MoS2,0.0,3.0,3.0,MoS2_0.01562,-0.8317048099999624,1.8081000000000031
6142052aee0a3fd43fb47e2b,low_MoS2,1.0,2.0,3.0,MoS2_0.01562,32.126141590000074,0.3757000000000019
6142052e31cf3ef3d4a9f234,low_MoS2,2.0,1.0,3.0,MoS2_0.01562,41.460511700000055,0.3778999999999968
6142053cbaaf234b35290594,low_MoS2,2.0,1.0,3.0,MoS2_0.01562,17.857458989999934,1.1129999999999995
614205404e27a1844a5f053e,low_MoS2,1.0,2.0,3.0,MoS2_0.01562,8.526617580000018,1.1400000000000006
6142055131cf3ef3d4a9f236,low_MoS2,2.0,1.0,3.0,MoS2_0.01562,41.48716694000014,0.40500000000000114
614205579cbada84a8676c1b,low_MoS2,0.0,3.0,3.0,MoS2_0.01562,-0.8308297299999481,1.8081000000000031
61420558ee0a3fd43fb47e2d,low_MoS2,1.0,2.0,3.0,MoS2_0.01562,32.13059996000014,0.3954999999999984
614205604e27a1844a5f0540,low_MoS2,1.0,2.0,3.0,MoS2_0.01562,8.553228239999978,1.1411000000000016
6142057331cf3ef3d4a9f238,low_MoS2,2.0,1.0,3.0,MoS2_0.01562,41.459167129999926,0.3710000000000022
614205749cbada84a8676c1d,low_MoS2,0.0,3.0,3.0,MoS2_0.01562,-0.8317157900000325,1.8097999999999956
61420577ee0a3fd43fb47e2f,low_MoS2,1.0,2.0,3.0,MoS2_0.01562,31.948568510000076,0.24629999999999797
61420586baaf234b35290596,low_MoS2,2.0,1.0,3.0,MoS2_0.01562,17.858757340000004,1.089499999999994
614205a93ac25c70a5c6ca6d,low_MoS2,3.0,0.0,3.0,MoS2_0.01562,50.77778322999999,0.3329000000000022
614205bf9cbada84a8676c1f,low_MoS2,0.0,3.0,3.0,MoS2_0.01562,-0.8313093799999365,1.809199999999997
614205c54e27a1844a5f0542,low_MoS2,1.0,2.0,3.0,MoS2_0.01562,8.534476210000118,1.136499999999998
614205c7baaf234b35290598,low_MoS2,2.0,1.0,3.0,MoS2_0.01562,17.867321390000136,1.0886999999999958
614205d931cf3ef3d4a9f23a,low_MoS2,2.0,1.0,3.0,MoS2_0.01562,41.47852398999994,0.4106999999999985
614205dc9cbada84a8676c21,low_MoS2,0.0,3.0,3.0,MoS2_0.01562,-0.8286694499999498,1.8083000000000027
614205e54e27a1844a5f0544,low_MoS2,1.0,2.0,3.0,MoS2_0.01562,8.505469640000026,1.1420999999999992
614205f3baaf234b3529059a,low_MoS2,2.0,1.0,3.0,MoS2_0.01562,17.849500100000107,1.0908000000000015
614205f93ac25c70a5c6ca6f,low_MoS2,3.0,0.0,3.0,MoS2_0.01562,50.30550619000011,0.13009999999999877
614206099cbada84a8676c23,low_MoS2,0.0,3.0,3.0,MoS2_0.01562,-0.8317007200000148,1.8097999999999956
6142062631cf3ef3d4a9f23c,low_MoS2,2.0,1.0,3.0,MoS2_0.01562,39.38574560000002,0.6026999999999987
6142062cee0a3fd43fb47e31,low_MoS2,1.0,2.0,3.0,MoS2_0.01562,32.13552995999997,0.40050000000000097
61420633baaf234b3529059c,low_MoS2,2.0,1.0,3.0,MoS2_0.01562,17.86471075000008,1.1098
614206493ac25c70a5c6ca71,low_MoS2,3.0,0.0,3.0,MoS2_0.01562,50.81077173000009,0.3440000000000012
6142064a4e27a1844a5f0546,low_MoS2,1.0,2.0,3.0,MoS2_0.01562,8.512480350000057,1.1448999999999998
6142065d31cf3ef3d4a9f23e,low_MoS2,2.0,1.0,3.0,MoS2_0.01562,41.48072870999995,0.4106000000000023
61420670ee0a3fd43fb47e33,low_MoS2,1.0,2.0,3.0,MoS2_0.01562,32.09023509999996,0.4054000000000002
6142067f31cf3ef3d4a9f240,low_MoS2,2.0,1.0,3.0,MoS2_0.01562,40.96936053000009,0.15469999999999828
6142068bbaaf234b3529059e,low_MoS2,2.0,1.0,3.0,MoS2_0.01562,17.868001410000026,1.0864000000000047
614206924e27a1844a5f0548,low_MoS2,1.0,2.0,3.0,MoS2_0.01562,8.51339553000005,1.146799999999999
6142069c3ac25c70a5c6ca73,low_MoS2,3.0,0.0,3.0,MoS2_0.01562,50.733377480000094,0.38870000000000005
6142069d9cbada84a8676c25,low_MoS2,0.0,3.0,3.0,MoS2_0.01562,-0.8321612799999798,1.809899999999999
614206a131cf3ef3d4a9f242,low_MoS2,2.0,1.0,3.0,MoS2_0.01562,41.49030925999996,0.4107000000000056
614206adbaaf234b352905a0,low_MoS2,2.0,1.0,3.0,MoS2_0.01562,17.864537809999995,1.1059999999999945
614206b24e27a1844a5f054a,low_MoS2,1.0,2.0,3.0,MoS2_0.01562,8.509750960000044,1.1492000000000004
614206c331cf3ef3d4a9f244,low_MoS2,2.0,1.0,3.0,MoS2_0.01562,41.42054543000013,0.37049999999999983
614206d69cbada84a8676c27,low_MoS2,0.0,3.0,3.0,MoS2_0.01562,-0.8329725000000394,1.8096000000000032
614206dc4e27a1844a5f054c,low_MoS2,1.0,2.0,3.0,MoS2_0.01562,8.546453220000128,1.1430000000000007
614206ec3ac25c70a5c6ca75,low_MoS2,3.0,0.0,3.0,MoS2_0.01562,50.78218091,0.38579999999999615
614206f8baaf234b352905a2,low_MoS2,2.0,1.0,3.0,MoS2_0.01562,17.868069740000003,1.1106000000000051
614206fd4e27a1844a5f054e,low_MoS2,1.0,2.0,3.0,MoS2_0.01562,8.514855650000097,1.1445000000000007
614207099cbada84a8676c29,low_MoS2,0.0,3.0,3.0,MoS2_0.01562,-0.8304985999999985,1.8091000000000008
6142070fee0a3fd43fb47e35,low_MoS2,1.0,2.0,3.0,MoS2_0.01562,32.144554559999946,0.40440000000000254
6142071831cf3ef3d4a9f246,low_MoS2,2.0,1.0,3.0,MoS2_0.01562,41.470622790000064,0.4147000000000034
6142071d4e27a1844a5f0550,low_MoS2,1.0,2.0,3.0,MoS2_0.01562,8.537523620000027,1.1792999999999978
614207359cbada84a8676c2b,low_MoS2,0.0,3.0,3.0,MoS2_0.01562,-0.8050038099999597,1.8081999999999994
6142073b31cf3ef3d4a9f248,low_MoS2,2.0,1.0,3.0,MoS2_0.01562,41.45414890000002,0.39750000000000085
6142073d4e27a1844a5f0552,low_MoS2,1.0,2.0,3.0,MoS2_0.01562,8.512497610000107,1.1456000000000017
6142074aee0a3fd43fb47e37,low_MoS2,1.0,2.0,3.0,MoS2_0.01562,32.08196788000008,0.3971000000000018
6142075d31cf3ef3d4a9f24a,low_MoS2,2.0,1.0,3.0,MoS2_0.01562,41.47250986000013,0.41620000000000346
61420760baaf234b352905a4,low_MoS2,2.0,1.0,3.0,MoS2_0.01562,17.883437579999956,0.9594999999999985
6142076d9cbada84a8676c2d,low_MoS2,0.0,3.0,3.0,MoS2_0.01562,-0.8315874899998903,1.8094000000000037
614207753ac25c70a5c6ca77,low_MoS2,3.0,0.0,3.0,MoS2_0.01562,48.797580000000075,0.1646999999999963
6142077f31cf3ef3d4a9f24c,low_MoS2,2.0,1.0,3.0,MoS2_0.01562,41.551341940000114,0.3833000000000055
6142078c4e27a1844a5f0554,low_MoS2,1.0,2.0,3.0,MoS2_0.01562,8.494109730000016,1.1377000000000024
6142078c9cbada84a8676c2f,low_MoS2,0.0,3.0,3.0,MoS2_0.01562,-0.7990657800000349,1.806199999999997
6142079cee0a3fd43fb47e39,low_MoS2,1.0,2.0,3.0,MoS2_0.01562,32.14665637999995,0.4014000000000024
614207a231cf3ef3d4a9f24e,low_MoS2,2.0,1.0,3.0,MoS2_0.01562,41.29978227000011,0.23620000000000374
614207b1baaf234b352905a6,low_MoS2,2.0,1.0,3.0,MoS2_0.01562,17.875557260000043,1.0854
614207c631cf3ef3d4a9f250,low_MoS2,2.0,1.0,3.0,MoS2_0.01562,41.564543169999936,0.4054999999999964
614207c93ac25c70a5c6ca79,low_MoS2,3.0,0.0,3.0,MoS2_0.01562,50.764914940000075,0.38409999999999656
614207cc4e27a1844a5f0556,low_MoS2,1.0,2.0,3.0,MoS2_0.01562,8.529201029999992,1.139400000000002
614207d9ee0a3fd43fb47e3b,low_MoS2,1.0,2.0,3.0,MoS2_0.01562,32.148187300000004,0.39970000000000283
614207e49cbada84a8676c31,low_MoS2,0.0,3.0,3.0,MoS2_0.01562,-0.8319970199999602,1.808799999999998
614207ea31cf3ef3d4a9f252,low_MoS2,2.0,1.0,3.0,MoS2_0.01562,41.46029078000011,0.4129999999999967
614207f3baaf234b352905a8,low_MoS2,2.0,1.0,3.0,MoS2_0.01562,17.870164899999956,1.1100000000000065
614207fb4e27a1844a5f0558,low_MoS2,1.0,2.0,3.0,MoS2_0.01562,8.508594540000129,1.142799999999994
6142080aee0a3fd43fb47e3d,low_MoS2,1.0,2.0,3.0,MoS2_0.01562,32.09112557000002,0.4018000000000015
6142080e31cf3ef3d4a9f254,low_MoS2,2.0,1.0,3.0,MoS2_0.01562,41.49012996000006,0.41029999999999944
61420815baaf234b352905aa,low_MoS2,2.0,1.0,3.0,MoS2_0.01562,17.81819089000009,0.9446000000000012
61420837baaf234b352905ac,low_MoS2,2.0,1.0,3.0,MoS2_0.01562,17.850122479999975,1.0908999999999978
61420843ee0a3fd43fb47e3f,low_MoS2,1.0,2.0,3.0,MoS2_0.01562,32.125386509999984,0.3474999999999966
614208469cbada84a8676c33,low_MoS2,0.0,3.0,3.0,MoS2_0.01562,-0.8295236700000146,1.8076000000000008
6142084e31cf3ef3d4a9f256,low_MoS2,2.0,1.0,3.0,MoS2_0.01562,41.382845289999935,0.301400000000001
614208583ac25c70a5c6ca7b,low_MoS2,3.0,0.0,3.0,MoS2_0.01562,48.840416919999974,0.16039999999999566
614208684e27a1844a5f055a,low_MoS2,1.0,2.0,3.0,MoS2_0.01562,8.510022870000082,1.1441999999999979
6142087331cf3ef3d4a9f258,low_MoS2,2.0,1.0,3.0,MoS2_0.01562,41.472141740000055,0.3305999999999969
614208884e27a1844a5f055c,low_MoS2,1.0,2.0,3.0,MoS2_0.01562,8.513582660000136,1.1458000000000013
6142088e9cbada84a8676c35,low_MoS2,0.0,3.0,3.0,MoS2_0.01562,-0.8281844299999079,1.8079999999999998
6142089731cf3ef3d4a9f25a,low_MoS2,2.0,1.0,3.0,MoS2_0.01562,41.480052269999945,0.41329999999999956
614208a94e27a1844a5f055e,low_MoS2,1.0,2.0,3.0,MoS2_0.01562,8.49607942000014,1.1354000000000042
614208ad3ac25c70a5c6ca7d,low_MoS2,3.0,0.0,3.0,MoS2_0.01562,50.79100512999995,0.39099999999999824
614208cb4e27a1844a5f0560,low_MoS2,1.0,2.0,3.0,MoS2_0.01562,8.527897640000017,1.1412000000000049
614208d531cf3ef3d4a9f25c,low_MoS2,2.0,1.0,3.0,MoS2_0.01562,41.43666344000003,0.4089999999999989
614208d6ee0a3fd43fb47e41,low_MoS2,1.0,2.0,3.0,MoS2_0.01562,32.12540058000012,0.34890000000000043
614208f931cf3ef3d4a9f25e,low_MoS2,2.0,1.0,3.0,MoS2_0.01562,41.47501260999998,0.4159999999999968
614208fd3ac25c70a5c6ca7f,low_MoS2,3.0,0.0,3.0,MoS2_0.01562,50.812334070000055,0.38929999999999865
6142090aee0a3fd43fb47e43,low_MoS2,1.0,2.0,3.0,MoS2_0.01562,32.12814640000009,0.3470000000000013
6142090b9cbada84a8676c37,low_MoS2,0.0,3.0,3.0,MoS2_0.01562,-0.8326418199998784,1.8085999999999984
6142091c31cf3ef3d4a9f260,low_MoS2,2.0,1.0,3.0,MoS2_0.01562,40.96954939999996,0.15549999999999642
6142092a4e27a1844a5f0562,low_MoS2,1.0,2.0,3.0,MoS2_0.01562,8.545846300000019,1.180800000000005
6142093cbaaf234b352905ae,low_MoS2,2.0,1.0,3.0,MoS2_0.01562,17.9012805100001,0.9542000000000002
6142093f31cf3ef3d4a9f262,low_MoS2,2.0,1.0,3.0,MoS2_0.01562,41.47238183000009,0.33440000000000225
6142094a4e27a1844a5f0564,low_MoS2,1.0,2.0,3.0,MoS2_0.01562,8.51064911999995,1.1448999999999998
6142094bee0a3fd43fb47e45,low_MoS2,1.0,2.0,3.0,MoS2_0.01562,32.11950888,0.34840000000000515
6142094d3ac25c70a5c6ca81,low_MoS2,3.0,0.0,3.0,MoS2_0.01562,50.812184349999974,0.34189999999999543
6142094f9cbada84a8676c39,low_MoS2,0.0,3.0,3.0,MoS2_0.01562,-0.8313570099998628,1.809899999999999
6142096231cf3ef3d4a9f264,low_MoS2,2.0,1.0,3.0,MoS2_0.01562,41.392894819999995,0.2961999999999989
6142096b4e27a1844a5f0566,low_MoS2,1.0,2.0,3.0,MoS2_0.01562,8.512540790000028,1.1432999999999964
6142098631cf3ef3d4a9f266,low_MoS2,2.0,1.0,3.0,MoS2_0.01562,41.455672060000055,0.3697000000000017
614209924e27a1844a5f0568,low_MoS2,1.0,2.0,3.0,MoS2_0.01562,8.503719569999955,1.1509
614209959cbada84a8676c3b,low_MoS2,0.0,3.0,3.0,MoS2_0.01562,-0.8310435799998572,1.8094999999999999
614209a33ac25c70a5c6ca83,low_MoS2,3.0,0.0,3.0,MoS2_0.01562,50.760494580000035,0.3959999999999937
614209ab31cf3ef3d4a9f268,low_MoS2,2.0,1.0,3.0,MoS2_0.01562,41.47621316,0.4061000000000021
614209acee0a3fd43fb47e47,low_MoS2,1.0,2.0,3.0,MoS2_0.01562,32.131611790000065,0.3970999999999947
614209b49cbada84a8676c3d,low_MoS2,0.0,3.0,3.0,MoS2_0.01562,-0.8314748499998927,1.8094999999999999
614209b54e27a1844a5f056a,low_MoS2,1.0,2.0,3.0,MoS2_0.01562,8.528092349999977,1.1388000000000034
614209cf31cf3ef3d4a9f26a,low_MoS2,2.0,1.0,3.0,MoS2_0.01562,40.975320030000105,0.15799999999999415
614209d54e27a1844a5f056c,low_MoS2,1.0,2.0,3.0,MoS2_0.01562,8.492931990000013,1.1379999999999981
614209f331cf3ef3d4a9f26c,low_MoS2,2.0,1.0,3.0,MoS2_0.01562,41.45274149999996,0.37120000000000175
614209f53ac25c70a5c6ca85,low_MoS2,3.0,0.0,3.0,MoS2_0.01562,50.802100340000074,0.39039999999999964
614209f84e27a1844a5f056e,low_MoS2,1.0,2.0,3.0,MoS2_0.01562,8.512986819999949,1.1450999999999993
61420a069cbada84a8676c3f,low_MoS2,0.0,3.0,3.0,MoS2_0.01562,-0.8044222799998693,1.8081000000000031
61420a16ee0a3fd43fb47e49,low_MoS2,1.0,2.0,3.0,MoS2_0.01562,32.03612431000009,0.41559999999999775
61420a1c31cf3ef3d4a9f26e,low_MoS2,2.0,1.0,3.0,MoS2_0.01562,39.49903616000002,0.14530000000000598
61420a4031cf3ef3d4a9f270,low_MoS2,2.0,1.0,3.0,MoS2_0.01562,41.46655623000011,0.3376000000000019
61420a554e27a1844a5f0570,low_MoS2,1.0,2.0,3.0,MoS2_0.01562,8.512254040000041,1.146799999999999
61420a5cbaaf234b352905b0,low_MoS2,2.0,1.0,3.0,MoS2_0.01562,17.856357240000072,1.0380000000000038
61420a699cbada84a8676c41,low_MoS2,0.0,3.0,3.0,MoS2_0.01562,-0.8341829200000461,1.806600000000003
61420a754e27a1844a5f0572,low_MoS2,1.0,2.0,3.0,MoS2_0.01562,8.514399850000043,1.1463999999999999
61420a7a31cf3ef3d4a9f272,low_MoS2,2.0,1.0,3.0,MoS2_0.01562,41.468823919999934,0.33790000000000475
61420a7eee0a3fd43fb47e4b,low_MoS2,1.0,2.0,3.0,MoS2_0.01562,32.148661599999954,0.4008000000000038
61420a94baaf234b352905b2,low_MoS2,2.0,1.0,3.0,MoS2_0.01562,17.851378240000024,1.0832999999999942
61420a954e27a1844a5f0574,low_MoS2,1.0,2.0,3.0,MoS2_0.01562,8.502418549999927,1.1465999999999994
61420a9c9cbada84a8676c43,low_MoS2,0.0,3.0,3.0,MoS2_0.01562,-0.8307975800000236,1.808399999999999
61420aa6ee0a3fd43fb47e4d,low_MoS2,1.0,2.0,3.0,MoS2_0.01562,32.12687714000002,0.38349999999999795
61420ab23ac25c70a5c6ca87,low_MoS2,3.0,0.0,3.0,MoS2_0.01562,50.80250506000008,0.37599999999999767
61420ab64e27a1844a5f0576,low_MoS2,1.0,2.0,3.0,MoS2_0.01562,8.517820820000022,1.1422000000000025
61420ac39cbada84a8676c45,low_MoS2,0.0,3.0,3.0,MoS2_0.01562,-0.8158768699999541,1.8059000000000012
61420acf31cf3ef3d4a9f274,low_MoS2,2.0,1.0,3.0,MoS2_0.01562,41.44342342,0.4072000000000031
61420ad94e27a1844a5f0578,low_MoS2,1.0,2.0,3.0,MoS2_0.01562,8.538721440000042,1.1443999999999974
61420adfbaaf234b352905b4,low_MoS2,2.0,1.0,3.0,MoS2_0.01562,17.86841085000014,0.9954999999999998
61420ae39cbada84a8676c47,low_MoS2,0.0,3.0,3.0,MoS2_0.01562,-0.8315663600000676,1.808799999999998
61420af331cf3ef3d4a9f276,low_MoS2,2.0,1.0,3.0,MoS2_0.01562,41.45464192999994,0.3714000000000013
61420b039cbada84a8676c49,low_MoS2,0.0,3.0,3.0,MoS2_0.01562,-0.8047495200000299,1.808799999999998
61420b134e27a1844a5f057a,low_MoS2,1.0,2.0,3.0,MoS2_0.01562,8.51112893999996,1.1482000000000028
61420b1831cf3ef3d4a9f278,low_MoS2,2.0,1.0,3.0,MoS2_0.01562,41.22918341000009,0.24199999999999733
61420b229cbada84a8676c4b,low_MoS2,0.0,3.0,3.0,MoS2_0.01562,-0.833108179999897,1.8094999999999999
61420b384e27a1844a5f057c,low_MoS2,1.0,2.0,3.0,MoS2_0.01562,8.553181250000105,1.1849999999999952
61420b3b31cf3ef3d4a9f27a,low_MoS2,2.0,1.0,3.0,MoS2_0.01562,39.495081429999985,0.15499999999999403
61420b594e27a1844a5f057e,low_MoS2,1.0,2.0,3.0,MoS2_0.01562,8.511320240000057,1.1437999999999988
61420b5a31cf3ef3d4a9f27c,low_MoS2,2.0,1.0,3.0,MoS2_0.01562,41.45501082999995,0.3836999999999975
61420b7931cf3ef3d4a9f27e,low_MoS2,2.0,1.0,3.0,MoS2_0.01562,41.47151221999998,0.3821000000000012
61420b82ee0a3fd43fb47e4f,low_MoS2,1.0,2.0,3.0,MoS2_0.01562,32.14650868000011,0.4024999999999963
61420b8a9cbada84a8676c4d,low_MoS2,0.0,3.0,3.0,MoS2_0.01562,-0.8337246000000391,1.8068999999999988
61420b914e27a1844a5f0580,low_MoS2,1.0,2.0,3.0,MoS2_0.01562,8.510072940000125,1.1463999999999999
61420b9b31cf3ef3d4a9f280,low_MoS2,2.0,1.0,3.0,MoS2_0.01562,41.479889570000026,0.4112000000000009
61420ba0ee0a3fd43fb47e51,low_MoS2,1.0,2.0,3.0,MoS2_0.01562,32.12191445000006,0.3509999999999991
61420bb24e27a1844a5f0582,low_MoS2,1.0,2.0,3.0,MoS2_0.01562,8.511771429999978,1.1474000000000046
61420bd44e27a1844a5f0584,low_MoS2,1.0,2.0,3.0,MoS2_0.01562,8.501838079999995,1.1494999999999962
61420bd99cbada84a8676c4f,low_MoS2,0.0,3.0,3.0,MoS2_0.01562,-0.8319237099998986,1.8099999999999952
61420bdbee0a3fd43fb47e53,low_MoS2,1.0,2.0,3.0,MoS2_0.01562,31.95040332999996,0.23979999999999535
61420bdc31cf3ef3d4a9f282,low_MoS2,2.0,1.0,3.0,MoS2_0.01562,41.47254601999994,0.37410000000000565
61420bdd3ac25c70a5c6ca89,low_MoS2,3.0,0.0,3.0,MoS2_0.01562,50.74049499000004,0.39100000000000534
61420bf9ee0a3fd43fb47e55,low_MoS2,1.0,2.0,3.0,MoS2_0.01562,32.14334103999998,0.40509999999999735
61420c0031cf3ef3d4a9f284,low_MoS2,2.0,1.0,3.0,MoS2_0.01562,41.279870810000105,0.2383999999999986
61420c0d9cbada84a8676c51,low_MoS2,0.0,3.0,3.0,MoS2_0.01562,-0.8314798900000255,1.809199999999997
61420c2731cf3ef3d4a9f286,low_MoS2,2.0,1.0,3.0,MoS2_0.01562,41.24470930999992,0.25090000000000146
61420c393ac25c70a5c6ca8b,low_MoS2,3.0,0.0,3.0,MoS2_0.01562,50.811123110000075,0.39920000000000044
61420c45baaf234b352905b6,low_MoS2,2.0,1.0,3.0,MoS2_0.01562,17.823735930000105,1.1066000000000003
61420c4a4e27a1844a5f0586,low_MoS2,1.0,2.0,3.0,MoS2_0.01562,8.511519090000117,1.1450000000000031
61420c4b31cf3ef3d4a9f288,low_MoS2,2.0,1.0,3.0,MoS2_0.01562,41.46054405000014,0.3855000000000004
61420c50ee0a3fd43fb47e57,low_MoS2,1.0,2.0,3.0,MoS2_0.01562,32.145511619999965,0.4017000000000053
61420c67baaf234b352905b8,low_MoS2,2.0,1.0,3.0,MoS2_0.01562,17.82220647999997,1.1074999999999946
61420c6f31cf3ef3d4a9f28a,low_MoS2,2.0,1.0,3.0,MoS2_0.01562,40.97875719000008,0.1566000000000045
61420c779cbada84a8676c53,low_MoS2,0.0,3.0,3.0,MoS2_0.01562,-0.8343859900000439,1.8072000000000017
61420c913ac25c70a5c6ca8d,low_MoS2,3.0,0.0,3.0,MoS2_0.01562,50.79799453000002,0.36760000000000304
61420c9f31cf3ef3d4a9f28c,low_MoS2,2.0,1.0,3.0,MoS2_0.01562,41.45008456000001,0.3917999999999964
61420ca14e27a1844a5f0588,low_MoS2,1.0,2.0,3.0,MoS2_0.01562,8.538400660000004,1.1784999999999997
61420cbabaaf234b352905ba,low_MoS2,2.0,1.0,3.0,MoS2_0.01562,17.866209790000077,1.103500000000004
61420cbeee0a3fd43fb47e59,low_MoS2,1.0,2.0,3.0,MoS2_0.01562,32.131909760000084,0.39679999999999893
61420cc031cf3ef3d4a9f28e,low_MoS2,2.0,1.0,3.0,MoS2_0.01562,41.460591810000054,0.4007999999999967
61420cfd4e27a1844a5f058a,low_MoS2,1.0,2.0,3.0,MoS2_0.01562,8.510290039999997,1.1466999999999956
61420d069cbada84a8676c55,low_MoS2,0.0,3.0,3.0,MoS2_0.01562,-0.8221752900000752,1.8071999999999946
61420d3a4e27a1844a5f058c,low_MoS2,1.0,2.0,3.0,MoS2_0.01562,8.50944739000013,1.1450999999999993
61420d48ee0a3fd43fb47e5b,low_MoS2,1.0,2.0,3.0,MoS2_0.01562,32.115476579999935,0.35669999999999646
61420d5f4e27a1844a5f058e,low_MoS2,1.0,2.0,3.0,MoS2_0.01562,8.511760240000083,1.1480999999999995
61420d6831cf3ef3d4a9f290,low_MoS2,2.0,1.0,3.0,MoS2_0.01562,41.42376852999992,0.38119999999999976
61420d6bbaaf234b352905bc,low_MoS2,2.0,1.0,3.0,MoS2_0.01562,17.859291839999962,1.0898000000000039
61420d804e27a1844a5f0590,low_MoS2,1.0,2.0,3.0,MoS2_0.01562,8.513894370000141,1.1443000000000012
61420d813ac25c70a5c6ca8f,low_MoS2,3.0,0.0,3.0,MoS2_0.01562,50.3265409100001,0.16229999999999478
61420d8e31cf3ef3d4a9f292,low_MoS2,2.0,1.0,3.0,MoS2_0.01562,41.48839846999995,0.4119000000000028
61420d8fbaaf234b352905be,low_MoS2,2.0,1.0,3.0,MoS2_0.01562,17.863040930000118,1.084299999999999
61420da69cbada84a8676c57,low_MoS2,0.0,3.0,3.0,MoS2_0.01562,-0.8318514899999059,1.809199999999997
61420dc0ee0a3fd43fb47e5d,low_MoS2,1.0,2.0,3.0,MoS2_0.01562,32.091299650000096,0.4041999999999959
61420dc34e27a1844a5f0592,low_MoS2,1.0,2.0,3.0,MoS2_0.01562,8.515235869999994,1.1454999999999984
61420dd83ac25c70a5c6ca91,low_MoS2,3.0,0.0,3.0,MoS2_0.01562,50.79860734000014,0.3731000000000009
61420de031cf3ef3d4a9f294,low_MoS2,2.0,1.0,3.0,MoS2_0.01562,41.470927410000016,0.33800000000000097
61420de54e27a1844a5f0594,low_MoS2,1.0,2.0,3.0,MoS2_0.01562,8.510525440000063,1.1445000000000007
61420df9baaf234b352905c0,low_MoS2,2.0,1.0,3.0,MoS2_0.01562,17.86610975000007,1.108000000000004
61420dfbee0a3fd43fb47e5f,low_MoS2,1.0,2.0,3.0,MoS2_0.01562,32.08935109999992,0.40509999999999735
61420e0331cf3ef3d4a9f296,low_MoS2,2.0,1.0,3.0,MoS2_0.01562,41.28827311999994,0.25039999999999907
61420e064e27a1844a5f0596,low_MoS2,1.0,2.0,3.0,MoS2_0.01562,8.497406819999949,1.1494
61420e0a9cbada84a8676c59,low_MoS2,0.0,3.0,3.0,MoS2_0.01562,-0.8309906100000148,1.8096000000000032
61420e1cbaaf234b352905c2,low_MoS2,2.0,1.0,3.0,MoS2_0.01562,17.909410239999936,1.0204999999999984
61420e2831cf3ef3d4a9f298,low_MoS2,2.0,1.0,3.0,MoS2_0.01562,41.42090526000011,0.3843999999999994
61420e2a4e27a1844a5f0598,low_MoS2,1.0,2.0,3.0,MoS2_0.01562,8.506149000000075,1.1462000000000003
61420e2b9cbada84a8676c5b,low_MoS2,0.0,3.0,3.0,MoS2_0.01562,-0.832466009999905,1.8104000000000013
61420e3e3ac25c70a5c6ca93,low_MoS2,3.0,0.0,3.0,MoS2_0.01562,50.830229060000114,0.42079999999999984
61420e4d31cf3ef3d4a9f29a,low_MoS2,2.0,1.0,3.0,MoS2_0.01562,41.28647474999998,0.2593999999999994
61420e5f9cbada84a8676c5d,low_MoS2,0.0,3.0,3.0,MoS2_0.01562,-0.802573719999998,1.805800000000005
61420e7231cf3ef3d4a9f29c,low_MoS2,2.0,1.0,3.0,MoS2_0.01562,41.43027395999998,0.37810000000000343
61420e754e27a1844a5f059a,low_MoS2,1.0,2.0,3.0,MoS2_0.01562,8.503281770000083,1.1469000000000023
61420e809cbada84a8676c5f,low_MoS2,0.0,3.0,3.0,MoS2_0.01562,-0.8318139099998803,1.8093000000000004
61420e86baaf234b352905c4,low_MoS2,2.0,1.0,3.0,MoS2_0.01562,17.866400549999973,1.105799999999995
61420e9631cf3ef3d4a9f29e,low_MoS2,2.0,1.0,3.0,MoS2_0.01562,41.439167429999955,0.3733000000000004
61420e993ac25c70a5c6ca95,low_MoS2,3.0,0.0,3.0,MoS2_0.01562,50.81281608999999,0.38450000000000273
61420eb7baaf234b352905c6,low_MoS2,2.0,1.0,3.0,MoS2_0.01562,17.812637330000136,0.9450000000000003
61420ebbee0a3fd43fb47e61,low_MoS2,1.0,2.0,3.0,MoS2_0.01562,32.16677763999995,0.37460000000000093
61420ebb31cf3ef3d4a9f2a0,low_MoS2,2.0,1.0,3.0,MoS2_0.01562,41.381112720000104,0.3003999999999962
61420ebf4e27a1844a5f059c,low_MoS2,1.0,2.0,3.0,MoS2_0.01562,8.533568130000074,1.137900000000002
61420ecd9cbada84a8676c61,low_MoS2,0.0,3.0,3.0,MoS2_0.01562,-0.8316978099998664,1.8096000000000032
61420edabaaf234b352905c8,low_MoS2,2.0,1.0,3.0,MoS2_0.01562,17.979481040000103,0.6680999999999955
61420ee7ee0a3fd43fb47e63,low_MoS2,1.0,2.0,3.0,MoS2_0.01562,32.12850361999993,0.4025000000000034
61420eee3ac25c70a5c6ca97,low_MoS2,3.0,0.0,3.0,MoS2_0.01562,50.806128099999945,0.42790000000000106
61420efdbaaf234b352905ca,low_MoS2,2.0,1.0,3.0,MoS2_0.01562,17.88662650000014,1.1075000000000017
61420f0231cf3ef3d4a9f2a2,low_MoS2,2.0,1.0,3.0,MoS2_0.01562,41.44520108000002,0.3562999999999974
61420f254e27a1844a5f059e,low_MoS2,1.0,2.0,3.0,MoS2_0.01562,8.518461110000114,1.1420999999999992
61420f4f4e27a1844a5f05a0,low_MoS2,1.0,2.0,3.0,MoS2_0.01562,8.512794590000137,1.1463000000000036
61420f5d3ac25c70a5c6ca99,low_MoS2,3.0,0.0,3.0,MoS2_0.01562,50.75971375999999,0.38700000000000045
61420f6231cf3ef3d4a9f2a4,low_MoS2,2.0,1.0,3.0,MoS2_0.01562,41.402675069999944,0.37650000000000006
61420f6e9cbada84a8676c63,low_MoS2,0.0,3.0,3.0,MoS2_0.01562,-0.8294769700000302,1.8089000000000013
61420f79ee0a3fd43fb47e65,low_MoS2,1.0,2.0,3.0,MoS2_0.01562,32.147769209999964,0.4037000000000006
61420f8731cf3ef3d4a9f2a6,low_MoS2,2.0,1.0,3.0,MoS2_0.01562,40.97333335000003,0.1595000000000013
61420f9b9cbada84a8676c65,low_MoS2,0.0,3.0,3.0,MoS2_0.01562,-0.8324412199999074,1.8093000000000004
61420fad31cf3ef3d4a9f2a8,low_MoS2,2.0,1.0,3.0,MoS2_0.01562,41.56530147000008,0.41570000000000107
61420fb23ac25c70a5c6ca9b,low_MoS2,3.0,0.0,3.0,MoS2_0.01562,50.78213795999992,0.4142999999999972
61420fbb4e27a1844a5f05a2,low_MoS2,1.0,2.0,3.0,MoS2_0.01562,8.528614020000102,1.1399000000000044
61420fc3ee0a3fd43fb47e67,low_MoS2,1.0,2.0,3.0,MoS2_0.01562,32.09108085000001,0.4055000000000035
61420fd231cf3ef3d4a9f2aa,low_MoS2,2.0,1.0,3.0,MoS2_0.01562,41.46141544000007,0.36299999999999955
61420fe8baaf234b352905cc,low_MoS2,2.0,1.0,3.0,MoS2_0.01562,17.851188690000065,1.0884
61420feb9cbada84a8676c67,low_MoS2,0.0,3.0,3.0,MoS2_0.01562,-0.8291676799998982,1.8082999999999956
61420fec4e27a1844a5f05a4,low_MoS2,1.0,2.0,3.0,MoS2_0.01562,8.511304749999933,1.1452999999999989
6142100b3ac25c70a5c6ca9d,low_MoS2,3.0,0.0,3.0,MoS2_0.01562,50.80363737999998,0.35880000000000223
614210104e27a1844a5f05a6,low_MoS2,1.0,2.0,3.0,MoS2_0.01562,8.544240799999923,1.1788999999999987
6142101a31cf3ef3d4a9f2ac,low_MoS2,2.0,1.0,3.0,MoS2_0.01562,41.484341900000075,0.4048999999999978
614210344e27a1844a5f05a8,low_MoS2,1.0,2.0,3.0,MoS2_0.01562,8.510585620000054,1.1433999999999997
6142104131cf3ef3d4a9f2ae,low_MoS2,2.0,1.0,3.0,MoS2_0.01562,41.45491495000006,0.3952999999999989
614210529cbada84a8676c69,low_MoS2,0.0,3.0,3.0,MoS2_0.01562,-0.8317751799999655,1.809599999999996
614210584e27a1844a5f05aa,low_MoS2,1.0,2.0,3.0,MoS2_0.01562,8.54892404,1.177900000000001
614210663ac25c70a5c6ca9f,low_MoS2,3.0,0.0,3.0,MoS2_0.01562,50.82282053999999,0.4131
6142106dbaaf234b352905ce,low_MoS2,2.0,1.0,3.0,MoS2_0.01562,17.869281360000052,1.1111000000000004
6142107931cf3ef3d4a9f2b0,low_MoS2,2.0,1.0,3.0,MoS2_0.01562,41.274143470000084,0.24929999999999808
6142107d4e27a1844a5f05ac,low_MoS2,1.0,2.0,3.0,MoS2_0.01562,8.512703950000084,1.1451999999999956
6142109e31cf3ef3d4a9f2b2,low_MoS2,2.0,1.0,3.0,MoS2_0.01562,41.40558931999995,0.3984000000000023
614210b0ee0a3fd43fb47e69,low_MoS2,1.0,2.0,3.0,MoS2_0.01562,32.12225846,0.3813999999999993
614210c84e27a1844a5f05ae,low_MoS2,1.0,2.0,3.0,MoS2_0.01562,8.503038419999964,1.146799999999999
614210e6ee0a3fd43fb47e6b,low_MoS2,1.0,2.0,3.0,MoS2_0.01562,32.1320678500001,0.3978000000000037
614210ef4e27a1844a5f05b0,low_MoS2,1.0,2.0,3.0,MoS2_0.01562,8.51216505999994,1.1447000000000003
614210fe31cf3ef3d4a9f2b4,low_MoS2,2.0,1.0,3.0,MoS2_0.01562,40.97885115000004,0.15559999999999974
614211114e27a1844a5f05b2,low_MoS2,1.0,2.0,3.0,MoS2_0.01562,8.511902750000015,1.1437999999999988
614211169cbada84a8676c6b,low_MoS2,0.0,3.0,3.0,MoS2_0.01562,-0.8318927099998632,1.8089000000000013
6142112331cf3ef3d4a9f2b6,low_MoS2,2.0,1.0,3.0,MoS2_0.01562,41.47097898000011,0.4166000000000025
6142112eee0a3fd43fb47e6d,low_MoS2,1.0,2.0,3.0,MoS2_0.01562,32.14378063999992,0.40439999999999543
614211354e27a1844a5f05b4,low_MoS2,1.0,2.0,3.0,MoS2_0.01562,8.50805891000007,1.1450000000000031
614211413ac25c70a5c6caa1,low_MoS2,3.0,0.0,3.0,MoS2_0.01562,50.835917380000105,0.42309999999999803
6142114831cf3ef3d4a9f2b8,low_MoS2,2.0,1.0,3.0,MoS2_0.01562,41.468501049999944,0.4154000000000053
614211594e27a1844a5f05b6,low_MoS2,1.0,2.0,3.0,MoS2_0.01562,8.529986860000033,1.141300000000001
614211814e27a1844a5f05b8,low_MoS2,1.0,2.0,3.0,MoS2_0.01562,8.528672460000077,1.1392000000000024
61421196baaf234b352905d0,low_MoS2,2.0,1.0,3.0,MoS2_0.01562,17.931283229999956,0.6495999999999995
6142119a9cbada84a8676c6d,low_MoS2,0.0,3.0,3.0,MoS2_0.01562,-0.8289331799998649,1.808799999999998
6142119a3ac25c70a5c6caa3,low_MoS2,3.0,0.0,3.0,MoS2_0.01562,50.82654147999998,0.3423000000000016
614211a34e27a1844a5f05ba,low_MoS2,1.0,2.0,3.0,MoS2_0.01562,8.510250529999919,1.1443999999999974
614211af31cf3ef3d4a9f2ba,low_MoS2,2.0,1.0,3.0,MoS2_0.01562,41.420970829999945,0.3838000000000008
614211c4ee0a3fd43fb47e6f,low_MoS2,1.0,2.0,3.0,MoS2_0.01562,32.14681009000013,0.39920000000000044
614211c84e27a1844a5f05bc,low_MoS2,1.0,2.0,3.0,MoS2_0.01562,8.505408069999955,1.1461000000000041
614211d431cf3ef3d4a9f2bc,low_MoS2,2.0,1.0,3.0,MoS2_0.01562,41.48825886999994,0.41209999999999525
614211e4ee0a3fd43fb47e71,low_MoS2,1.0,2.0,3.0,MoS2_0.01562,32.075834069999914,0.4069999999999965
614211ed4e27a1844a5f05be,low_MoS2,1.0,2.0,3.0,MoS2_0.01562,8.509770729999925,1.1439999999999984
6142120f31cf3ef3d4a9f2be,low_MoS2,2.0,1.0,3.0,MoS2_0.01562,40.97226427999995,0.15690000000000026
614212124e27a1844a5f05c0,low_MoS2,1.0,2.0,3.0,MoS2_0.01562,8.525574929999973,1.1358999999999995
6142121d9cbada84a8676c6f,low_MoS2,0.0,3.0,3.0,MoS2_0.01562,-0.8041446599999631,1.8098000000000027
61421227ee0a3fd43fb47e73,low_MoS2,1.0,2.0,3.0,MoS2_0.01562,32.122966880000135,0.35079999999999956
6142126abaaf234b352905d2,low_MoS2,2.0,1.0,3.0,MoS2_0.01562,17.84939709000013,1.0831000000000017
614212894e27a1844a5f05c2,low_MoS2,1.0,2.0,3.0,MoS2_0.01562,8.520131190000054,1.1473000000000013
6142128e3ac25c70a5c6caa5,low_MoS2,3.0,0.0,3.0,MoS2_0.01562,48.83216537000013,0.14350000000000307
6142129531cf3ef3d4a9f2c0,low_MoS2,2.0,1.0,3.0,MoS2_0.01562,41.45729552999997,0.37410000000000565
614212a6baaf234b352905d4,low_MoS2,2.0,1.0,3.0,MoS2_0.01562,17.83808279999993,1.0435999999999979
614212b6ee0a3fd43fb47e75,low_MoS2,1.0,2.0,3.0,MoS2_0.01562,32.14018839999993,0.40440000000000254
614212ce4e27a1844a5f05c4,low_MoS2,1.0,2.0,3.0,MoS2_0.01562,8.514645429999998,1.1448999999999998
614212e73ac25c70a5c6caa7,low_MoS2,3.0,0.0,3.0,MoS2_0.01562,50.8157968300001,0.39690000000000225
614212e731cf3ef3d4a9f2c2,low_MoS2,2.0,1.0,3.0,MoS2_0.01562,41.28689713000013,0.2657999999999987
6142131abaaf234b352905d6,low_MoS2,2.0,1.0,3.0,MoS2_0.01562,17.849554310000023,1.0955999999999975
6142132a4e27a1844a5f05c6,low_MoS2,1.0,2.0,3.0,MoS2_0.01562,8.494203049999921,1.1386000000000038
614213413ac25c70a5c6caa9,low_MoS2,3.0,0.0,3.0,MoS2_0.01562,50.76615129999997,0.3925999999999945
614213489cbada84a8676c71,low_MoS2,0.0,3.0,3.0,MoS2_0.01562,-0.8044049199999677,1.8093999999999966
6142135b31cf3ef3d4a9f2c4,low_MoS2,2.0,1.0,3.0,MoS2_0.01562,39.49728277000004,0.1501999999999981
61421360ee0a3fd43fb47e77,low_MoS2,1.0,2.0,3.0,MoS2_0.01562,32.14747607999992,0.40050000000000097
6142136dbaaf234b352905d8,low_MoS2,2.0,1.0,3.0,MoS2_0.01562,17.886617180000023,1.1015000000000015
614213754e27a1844a5f05c8,low_MoS2,1.0,2.0,3.0,MoS2_0.01562,8.515631519999967,1.1443999999999974
6142138131cf3ef3d4a9f2c6,low_MoS2,2.0,1.0,3.0,MoS2_0.01562,41.470345679999994,0.4159000000000006
614213afbaaf234b352905da,low_MoS2,2.0,1.0,3.0,MoS2_0.01562,17.85959060000004,1.1126999999999967
614213e631cf3ef3d4a9f2c8,low_MoS2,2.0,1.0,3.0,MoS2_0.01562,41.411573560000036,0.34779999999999944
614213fb3ac25c70a5c6caab,low_MoS2,3.0,0.0,3.0,MoS2_0.01562,50.31472857000009,0.1524000000000001
614213fe4e27a1844a5f05ca,low_MoS2,1.0,2.0,3.0,MoS2_0.01562,8.513076600000002,1.1454000000000022
614213ffee0a3fd43fb47e79,low_MoS2,1.0,2.0,3.0,MoS2_0.01562,32.143261410000136,0.40390000000000015
6142140c31cf3ef3d4a9f2ca,low_MoS2,2.0,1.0,3.0,MoS2_0.01562,40.96978854999993,0.15329999999999444
614214284e27a1844a5f05cc,low_MoS2,1.0,2.0,3.0,MoS2_0.01562,8.506094529999952,1.1430000000000007
6142143231cf3ef3d4a9f2cc,low_MoS2,2.0,1.0,3.0,MoS2_0.01562,40.95653854999996,0.15500000000000114
6142145831cf3ef3d4a9f2ce,low_MoS2,2.0,1.0,3.0,MoS2_0.01562,41.47535245000013,0.3352000000000004
614214593ac25c70a5c6caad,low_MoS2,3.0,0.0,3.0,MoS2_0.01562,50.78823210000011,0.39630000000000365
614214734e27a1844a5f05ce,low_MoS2,1.0,2.0,3.0,MoS2_0.01562,8.514007570000128,1.1412000000000049
6142148cee0a3fd43fb47e7b,low_MoS2,1.0,2.0,3.0,MoS2_0.01562,32.085505290000114,0.40619999999999834
614214964e27a1844a5f05d0,low_MoS2,1.0,2.0,3.0,MoS2_0.01562,8.533325780000066,1.1389999999999958
614214a0baaf234b352905dc,low_MoS2,2.0,1.0,3.0,MoS2_0.01562,17.865149630000126,1.1096999999999966
614214ac9cbada84a8676c73,low_MoS2,0.0,3.0,3.0,MoS2_0.01562,-0.8286304499999346,1.807700000000004
614214b2ee0a3fd43fb47e7d,low_MoS2,1.0,2.0,3.0,MoS2_0.01562,32.13165561999993,0.3948000000000036
614214b831cf3ef3d4a9f2d0,low_MoS2,2.0,1.0,3.0,MoS2_0.01562,41.47158420000001,0.333599999999997
614214b94e27a1844a5f05d2,low_MoS2,1.0,2.0,3.0,MoS2_0.01562,8.515944450000031,1.1450999999999993
614214f031cf3ef3d4a9f2d2,low_MoS2,2.0,1.0,3.0,MoS2_0.01562,41.46017113000012,0.40149999999999864
614215054e27a1844a5f05d4,low_MoS2,1.0,2.0,3.0,MoS2_0.01562,8.517440000000104,1.144599999999997
61421508ee0a3fd43fb47e7f,low_MoS2,1.0,2.0,3.0,MoS2_0.01562,32.144544109999956,0.4037000000000006
614215289cbada84a8676c75,low_MoS2,0.0,3.0,3.0,MoS2_0.01562,-0.8324195399999894,1.8097999999999956
6142152931cf3ef3d4a9f2d4,low_MoS2,2.0,1.0,3.0,MoS2_0.01562,41.42219898000003,0.38750000000000284
61421536baaf234b352905de,low_MoS2,2.0,1.0,3.0,MoS2_0.01562,17.866849030000132,1.1107000000000014
614215394e27a1844a5f05d6,low_MoS2,1.0,2.0,3.0,MoS2_0.01562,8.524089450000044,1.1415000000000006
6142155531cf3ef3d4a9f2d6,low_MoS2,2.0,1.0,3.0,MoS2_0.01562,41.470702710000026,0.33569999999999567
6142155cbaaf234b352905e0,low_MoS2,2.0,1.0,3.0,MoS2_0.01562,17.878395360000006,0.9583999999999975
6142156f4e27a1844a5f05d8,low_MoS2,1.0,2.0,3.0,MoS2_0.01562,8.504049879999936,1.147199999999998
614215934e27a1844a5f05da,low_MoS2,1.0,2.0,3.0,MoS2_0.01562,8.513295669999959,1.1417000000000002
6142159b31cf3ef3d4a9f2d8,low_MoS2,2.0,1.0,3.0,MoS2_0.01562,40.96910708000014,0.15289999999999537
614215a49cbada84a8676c77,low_MoS2,0.0,3.0,3.0,MoS2_0.01562,-0.8333798299999557,1.807699999999997
614215bf3ac25c70a5c6caaf,low_MoS2,3.0,0.0,3.0,MoS2_0.01562,48.807355860000065,0.17430000000000234
614215c0baaf234b352905e2,low_MoS2,2.0,1.0,3.0,MoS2_0.01562,17.866419570000055,1.1062999999999974
614215c131cf3ef3d4a9f2da,low_MoS2,2.0,1.0,3.0,MoS2_0.01562,40.95363771999992,0.15699999999999648
614215c24e27a1844a5f05dc,low_MoS2,1.0,2.0,3.0,MoS2_0.01562,8.509559639999932,1.145699999999998
614215e64e27a1844a5f05de,low_MoS2,1.0,2.0,3.0,MoS2_0.01562,8.514635380000097,1.1445000000000007
61421602baaf234b352905e4,low_MoS2,2.0,1.0,3.0,MoS2_0.01562,17.863818190000067,1.0960999999999999
6142160b4e27a1844a5f05e0,low_MoS2,1.0,2.0,3.0,MoS2_0.01562,8.508938790000027,1.1447000000000003
61421627baaf234b352905e6,low_MoS2,2.0,1.0,3.0,MoS2_0.01562,17.87088568000012,1.1004000000000005
6142162f4e27a1844a5f05e2,low_MoS2,1.0,2.0,3.0,MoS2_0.01562,8.527131350000015,1.1420999999999992
6142163631cf3ef3d4a9f2dc,low_MoS2,2.0,1.0,3.0,MoS2_0.01562,41.48072029000009,0.41100000000000136
6142163d9cbada84a8676c79,low_MoS2,0.0,3.0,3.0,MoS2_0.01562,-0.830019899999968,1.8082999999999956
61421652baaf234b352905e8,low_MoS2,2.0,1.0,3.0,MoS2_0.01562,17.86379024999996,1.1108000000000047
614216593ac25c70a5c6cab1,low_MoS2,3.0,0.0,3.0,MoS2_0.01562,50.791433580000025,0.3826000000000036
6142165eee0a3fd43fb47e81,low_MoS2,1.0,2.0,3.0,MoS2_0.01562,32.146670540000045,0.4031999999999982
614216714e27a1844a5f05e4,low_MoS2,1.0,2.0,3.0,MoS2_0.01562,8.509039620000092,1.1447000000000003
6142169831cf3ef3d4a9f2de,low_MoS2,2.0,1.0,3.0,MoS2_0.01562,41.27721960000004,0.24849999999999994
614216be31cf3ef3d4a9f2e0,low_MoS2,2.0,1.0,3.0,MoS2_0.01562,41.462991609999975,0.3866999999999976
614216c04e27a1844a5f05e6,low_MoS2,1.0,2.0,3.0,MoS2_0.01562,8.604594740000064,1.1296000000000035
614216d6baaf234b352905ea,low_MoS2,2.0,1.0,3.0,MoS2_0.01562,17.872710180000006,1.082899999999995
614216e331cf3ef3d4a9f2e2,low_MoS2,2.0,1.0,3.0,MoS2_0.01562,41.441470290000055,0.3882999999999939
614216e64e27a1844a5f05e8,low_MoS2,1.0,2.0,3.0,MoS2_0.01562,8.597553359999917,1.127600000000001
614217094e27a1844a5f05ea,low_MoS2,1.0,2.0,3.0,MoS2_0.01562,8.515301380000007,1.143100000000004
6142170a31cf3ef3d4a9f2e4,low_MoS2,2.0,1.0,3.0,MoS2_0.01562,41.43401018999994,0.37539999999999907
6142172e4e27a1844a5f05ec,low_MoS2,1.0,2.0,3.0,MoS2_0.01562,8.514136080000096,1.1452000000000027
61421731baaf234b352905ec,low_MoS2,2.0,1.0,3.0,MoS2_0.01562,17.867962880000043,1.1105000000000018
6142174d9cbada84a8676c7b,low_MoS2,0.0,3.0,3.0,MoS2_0.01562,-0.8319810600000324,1.8092000000000041
6142175eee0a3fd43fb47e83,low_MoS2,1.0,2.0,3.0,MoS2_0.01562,31.960367670000085,0.2616000000000014
6142177a4e27a1844a5f05ee,low_MoS2,1.0,2.0,3.0,MoS2_0.01562,8.505903430000014,1.1422999999999988
614217a04e27a1844a5f05f0,low_MoS2,1.0,2.0,3.0,MoS2_0.01562,8.510794159999957,1.1445000000000007
614217a731cf3ef3d4a9f2e6,low_MoS2,2.0,1.0,3.0,MoS2_0.01562,41.47819083000009,0.3363999999999976
614217adee0a3fd43fb47e85,low_MoS2,1.0,2.0,3.0,MoS2_0.01562,32.12583481,0.37869999999999493
614217b1baaf234b352905ee,low_MoS2,2.0,1.0,3.0,MoS2_0.01562,17.87114823000001,1.1079000000000008
614217b59cbada84a8676c7d,low_MoS2,0.0,3.0,3.0,MoS2_0.01562,-0.831039589999989,1.8089000000000013
614217ce31cf3ef3d4a9f2e8,low_MoS2,2.0,1.0,3.0,MoS2_0.01562,41.460685250000054,0.40090000000000003
614217eaee0a3fd43fb47e87,low_MoS2,1.0,2.0,3.0,MoS2_0.01562,32.14235385000005,0.4024999999999963
614217f431cf3ef3d4a9f2ea,low_MoS2,2.0,1.0,3.0,MoS2_0.01562,41.45631891000012,0.38119999999999976
614217f84e27a1844a5f05f2,low_MoS2,1.0,2.0,3.0,MoS2_0.01562,8.512327090000124,1.1467000000000027
6142180cee0a3fd43fb47e89,low_MoS2,1.0,2.0,3.0,MoS2_0.01562,32.125558120000036,0.3475999999999999
6142181c4e27a1844a5f05f4,low_MoS2,1.0,2.0,3.0,MoS2_0.01562,8.518944530000024,1.142700000000005
614218363ac25c70a5c6cab3,low_MoS2,3.0,0.0,3.0,MoS2_0.01562,50.82811135000012,0.41789999999999594
6142186dbaaf234b352905f0,low_MoS2,2.0,1.0,3.0,MoS2_0.01562,17.863523389999948,1.1019000000000005
6142188d3ac25c70a5c6cab5,low_MoS2,3.0,0.0,3.0,MoS2_0.01562,50.82510663999998,0.3433999999999955
6142189631cf3ef3d4a9f2ec,low_MoS2,2.0,1.0,3.0,MoS2_0.01562,41.47378851999993,0.33370000000000033
614218a59cbada84a8676c7f,low_MoS2,0.0,3.0,3.0,MoS2_0.01562,-0.828470569999979,1.8093999999999966
614218afbaaf234b352905f2,low_MoS2,2.0,1.0,3.0,MoS2_0.01562,17.866391100000094,1.1036999999999964
614218b9ee0a3fd43fb47e8b,low_MoS2,1.0,2.0,3.0,MoS2_0.01562,32.14171052999994,0.40220000000000056
614218bd31cf3ef3d4a9f2ee,low_MoS2,2.0,1.0,3.0,MoS2_0.01562,41.48720520000002,0.4067000000000007
614218c79cbada84a8676c81,low_MoS2,0.0,3.0,3.0,MoS2_0.01562,-0.8326225200000295,1.809899999999999
614218c94e27a1844a5f05f6,low_MoS2,1.0,2.0,3.0,MoS2_0.01562,8.50196020000001,1.1473000000000013
614218e63ac25c70a5c6cab7,low_MoS2,3.0,0.0,3.0,MoS2_0.01562,50.71441352999992,0.30689999999999884
614218fb9cbada84a8676c83,low_MoS2,0.0,3.0,3.0,MoS2_0.01562,-0.8333653300000492,1.806200000000004
6142190eee0a3fd43fb47e8d,low_MoS2,1.0,2.0,3.0,MoS2_0.01562,32.12238309000007,0.3802999999999983
614219154e27a1844a5f05f8,low_MoS2,1.0,2.0,3.0,MoS2_0.01562,8.505025530000037,1.1385000000000005
6142191a31cf3ef3d4a9f2f0,low_MoS2,2.0,1.0,3.0,MoS2_0.01562,41.45713292000001,0.3772999999999982
6142192b9cbada84a8676c85,low_MoS2,0.0,3.0,3.0,MoS2_0.01562,-0.8227325099998666,1.8074999999999974
6142194331cf3ef3d4a9f2f2,low_MoS2,2.0,1.0,3.0,MoS2_0.01562,41.47293636000013,0.41550000000000153
6142195dbaaf234b352905f4,low_MoS2,2.0,1.0,3.0,MoS2_0.01562,17.86768339000013,1.0848000000000013
6142198bee0a3fd43fb47e8f,low_MoS2,1.0,2.0,3.0,MoS2_0.01562,32.12919869000005,0.39520000000000266
6142199f4e27a1844a5f05fa,low_MoS2,1.0,2.0,3.0,MoS2_0.01562,8.501744050000095,1.1503000000000014
614219ad9cbada84a8676c87,low_MoS2,0.0,3.0,3.0,MoS2_0.01562,-0.8233185099999787,1.806199999999997
614219ad3ac25c70a5c6cab9,low_MoS2,3.0,0.0,3.0,MoS2_0.01562,50.34756168000005,0.1489000000000047
614219b031cf3ef3d4a9f2f4,low_MoS2,2.0,1.0,3.0,MoS2_0.01562,41.45429583000005,0.3737999999999957
614219b6baaf234b352905f6,low_MoS2,2.0,1.0,3.0,MoS2_0.01562,17.87036677000014,1.1084999999999994
614219c3ee0a3fd43fb47e91,low_MoS2,1.0,2.0,3.0,MoS2_0.01562,32.14527685999995,0.4035000000000011
614219c64e27a1844a5f05fc,low_MoS2,1.0,2.0,3.0,MoS2_0.01562,8.515445219999972,1.1439000000000021
614219ec4e27a1844a5f05fe,low_MoS2,1.0,2.0,3.0,MoS2_0.01562,8.50976016999996,1.1480999999999995
61421a053ac25c70a5c6cabb,low_MoS2,3.0,0.0,3.0,MoS2_0.01562,50.76313184999996,0.3883999999999972
61421a0eee0a3fd43fb47e93,low_MoS2,1.0,2.0,3.0,MoS2_0.01562,32.08920093999994,0.405300000000004
61421a0e31cf3ef3d4a9f2f6,low_MoS2,2.0,1.0,3.0,MoS2_0.01562,41.28316143000002,0.24150000000000205
61421a17baaf234b352905f8,low_MoS2,2.0,1.0,3.0,MoS2_0.01562,17.858639340000074,1.0897000000000006
61421a314e27a1844a5f0600,low_MoS2,1.0,2.0,3.0,MoS2_0.01562,8.512532129999979,1.1458999999999975
61421a3731cf3ef3d4a9f2f8,low_MoS2,2.0,1.0,3.0,MoS2_0.01562,41.454875249999944,0.384999999999998
61421a40baaf234b352905fa,low_MoS2,2.0,1.0,3.0,MoS2_0.01562,17.89107921999993,1.079500000000003
61421a419cbada84a8676c89,low_MoS2,0.0,3.0,3.0,MoS2_0.01562,-0.8039469800000347,1.8091000000000008
61421a5d31cf3ef3d4a9f2fa,low_MoS2,2.0,1.0,3.0,MoS2_0.01562,41.45026813,0.38170000000000215
61421a5e3ac25c70a5c6cabd,low_MoS2,3.0,0.0,3.0,MoS2_0.01562,50.77502567999992,0.43719999999999715
61421a8c4e27a1844a5f0602,low_MoS2,1.0,2.0,3.0,MoS2_0.01562,8.510953819999965,1.144599999999997
61421a90ee0a3fd43fb47e95,low_MoS2,1.0,2.0,3.0,MoS2_0.01562,32.09053188999995,0.40340000000000487
61421aa09cbada84a8676c8b,low_MoS2,0.0,3.0,3.0,MoS2_0.01562,-0.8320543599999723,1.8094000000000037
61421aa831cf3ef3d4a9f2fc,low_MoS2,2.0,1.0,3.0,MoS2_0.01562,41.479157570000055,0.41279999999999717
61421ab73ac25c70a5c6cabf,low_MoS2,3.0,0.0,3.0,MoS2_0.01562,50.799357210000075,0.4040999999999997
61421ace4e27a1844a5f0604,low_MoS2,1.0,2.0,3.0,MoS2_0.01562,8.514949200000071,1.1462000000000003
61421acf31cf3ef3d4a9f2fe,low_MoS2,2.0,1.0,3.0,MoS2_0.01562,41.45140557000009,0.3627000000000038
61421adbee0a3fd43fb47e97,low_MoS2,1.0,2.0,3.0,MoS2_0.01562,32.12188988000001,0.37930000000000064
61421af531cf3ef3d4a9f300,low_MoS2,2.0,1.0,3.0,MoS2_0.01562,41.4321638200001,0.37659999999999627
61421b0f3ac25c70a5c6cac1,low_MoS2,3.0,0.0,3.0,MoS2_0.01562,50.784810020000045,0.4174999999999969
61421b129cbada84a8676c8d,low_MoS2,0.0,3.0,3.0,MoS2_0.01562,-0.8332042900000829,1.809199999999997
61421b164e27a1844a5f0606,low_MoS2,1.0,2.0,3.0,MoS2_0.01562,8.505392130000043,1.1430000000000007
61421b3031cf3ef3d4a9f302,low_MoS2,2.0,1.0,3.0,MoS2_0.01562,41.278750169999924,0.2505999999999986
61421b3b4e27a1844a5f0608,low_MoS2,1.0,2.0,3.0,MoS2_0.01562,8.543559570000095,1.1441999999999979
61421b4aee0a3fd43fb47e99,low_MoS2,1.0,2.0,3.0,MoS2_0.01562,32.11306435999994,0.35950000000000415
61421b5931cf3ef3d4a9f304,low_MoS2,2.0,1.0,3.0,MoS2_0.01562,41.45031809000007,0.36059999999999803
61421b604e27a1844a5f060a,low_MoS2,1.0,2.0,3.0,MoS2_0.01562,8.50217062000004,1.1467000000000027
61421b6aee0a3fd43fb47e9b,low_MoS2,1.0,2.0,3.0,MoS2_0.01562,32.146077970000064,0.4014000000000024
61421b813ac25c70a5c6cac3,low_MoS2,3.0,0.0,3.0,MoS2_0.01562,50.82941949000011,0.4258000000000024
61421b8231cf3ef3d4a9f306,low_MoS2,2.0,1.0,3.0,MoS2_0.01562,39.492083940000114,0.1430999999999969
61421b8aee0a3fd43fb47e9d,low_MoS2,1.0,2.0,3.0,MoS2_0.01562,32.147998480000055,0.39879999999999427
61421ba9baaf234b352905fc,low_MoS2,2.0,1.0,3.0,MoS2_0.01562,17.850938360000093,1.087600000000002
61421bc2ee0a3fd43fb47e9f,low_MoS2,1.0,2.0,3.0,MoS2_0.01562,32.12566594999997,0.3459000000000003
61421bd54e27a1844a5f060c,low_MoS2,1.0,2.0,3.0,MoS2_0.01562,8.54299663999998,1.1820999999999984
61421bebbaaf234b352905fe,low_MoS2,2.0,1.0,3.0,MoS2_0.01562,17.85053635999997,1.0837000000000003
61421bf94e27a1844a5f060e,low_MoS2,1.0,2.0,3.0,MoS2_0.01562,8.529384550000056,1.1392000000000024
61421c10baaf234b35290600,low_MoS2,2.0,1.0,3.0,MoS2_0.01562,18.002677039999973,0.7835999999999999
61421c1d4e27a1844a5f0610,low_MoS2,1.0,2.0,3.0,MoS2_0.01562,8.517193310000064,1.1430000000000007
61421c213ac25c70a5c6cac5,low_MoS2,3.0,0.0,3.0,MoS2_0.01562,50.32883208000013,0.16190000000000282
61421c249cbada84a8676c8f,low_MoS2,0.0,3.0,3.0,MoS2_0.01562,-0.8327236399999833,1.8091000000000008
61421c2631cf3ef3d4a9f308,low_MoS2,2.0,1.0,3.0,MoS2_0.01562,40.971649519999986,0.15610000000000213
61421c4d31cf3ef3d4a9f30a,low_MoS2,2.0,1.0,3.0,MoS2_0.01562,41.43018460999993,0.41140000000000043
61421c4f9cbada84a8676c91,low_MoS2,0.0,3.0,3.0,MoS2_0.01562,-0.8295373999998787,1.808399999999999
61421c7431cf3ef3d4a9f30c,low_MoS2,2.0,1.0,3.0,MoS2_0.01562,41.45896727999998,0.39679999999999893
61421c7a3ac25c70a5c6cac7,low_MoS2,3.0,0.0,3.0,MoS2_0.01562,50.73200218000003,0.30740000000000123
61421c90baaf234b35290602,low_MoS2,2.0,1.0,3.0,MoS2_0.01562,17.857809750000108,1.0885999999999996
61421c9c31cf3ef3d4a9f30e,low_MoS2,2.0,1.0,3.0,MoS2_0.01562,41.45513059000014,0.38060000000000116
61421c9f4e27a1844a5f0612,low_MoS2,1.0,2.0,3.0,MoS2_0.01562,8.510415270000092,1.1444000000000045
61421cb6baaf234b35290604,low_MoS2,2.0,1.0,3.0,MoS2_0.01562,17.857771539999924,1.0865999999999971
61421cc331cf3ef3d4a9f310,low_MoS2,2.0,1.0,3.0,MoS2_0.01562,41.44717179000004,0.3825999999999965
61421cd93ac25c70a5c6cac9,low_MoS2,3.0,0.0,3.0,MoS2_0.01562,50.881231499999934,0.16279999999999717
61421cdb9cbada84a8676c93,low_MoS2,0.0,3.0,3.0,MoS2_0.01562,-0.8321422900000357,1.8085000000000022
61421ce7ee0a3fd43fb47ea1,low_MoS2,1.0,2.0,3.0,MoS2_0.01562,32.121648889999946,0.34830000000000183
61421d0a31cf3ef3d4a9f312,low_MoS2,2.0,1.0,3.0,MoS2_0.01562,41.48536262000012,0.4140999999999977
61421d15baaf234b35290606,low_MoS2,2.0,1.0,3.0,MoS2_0.01562,17.855550590000114,1.0382000000000033
61421d2f4e27a1844a5f0614,low_MoS2,1.0,2.0,3.0,MoS2_0.01562,8.53306247000003,1.1400000000000006
61421d31ee0a3fd43fb47ea3,low_MoS2,1.0,2.0,3.0,MoS2_0.01562,32.15815457999996,0.4035000000000011
61421d3131cf3ef3d4a9f314,low_MoS2,2.0,1.0,3.0,MoS2_0.01562,41.483451400000106,0.4089999999999989
61421d333ac25c70a5c6cacb,low_MoS2,3.0,0.0,3.0,MoS2_0.01562,50.66180526000009,0.3125999999999962
61421d3abaaf234b35290608,low_MoS2,2.0,1.0,3.0,MoS2_0.01562,17.850258960000012,1.083199999999998
61421d7eee0a3fd43fb47ea5,low_MoS2,1.0,2.0,3.0,MoS2_0.01562,32.13908372000013,0.4057999999999993
61421d7f31cf3ef3d4a9f316,low_MoS2,2.0,1.0,3.0,MoS2_0.01562,41.46429669000004,0.4018999999999977
61421d84baaf234b3529060a,low_MoS2,2.0,1.0,3.0,MoS2_0.01562,17.92602089000001,0.9497000000000071
61421d989cbada84a8676c95,low_MoS2,0.0,3.0,3.0,MoS2_0.01562,-0.831222250000053,1.806200000000004
61421da5ee0a3fd43fb47ea7,low_MoS2,1.0,2.0,3.0,MoS2_0.01562,32.12639824000006,0.39399999999999835
61421dc74e27a1844a5f0616,low_MoS2,1.0,2.0,3.0,MoS2_0.01562,8.505384269999947,1.146800000000006
61421dc931cf3ef3d4a9f318,low_MoS2,2.0,1.0,3.0,MoS2_0.01562,41.455342910000084,0.3937000000000026
61421ddfee0a3fd43fb47ea9,low_MoS2,1.0,2.0,3.0,MoS2_0.01562,32.14429762999997,0.4024000000000001
61421df54e27a1844a5f0618,low_MoS2,1.0,2.0,3.0,MoS2_0.01562,8.509959519999963,1.1475000000000009
61421dfe31cf3ef3d4a9f31a,low_MoS2,2.0,1.0,3.0,MoS2_0.01562,41.43685883999997,0.408299999999997
61421e01ee0a3fd43fb47eab,low_MoS2,1.0,2.0,3.0,MoS2_0.01562,32.128501780000065,0.34949999999999903
61421e1fbaaf234b3529060c,low_MoS2,2.0,1.0,3.0,MoS2_0.01562,17.861984130000103,1.1097000000000037
61421e2631cf3ef3d4a9f31c,low_MoS2,2.0,1.0,3.0,MoS2_0.01562,40.97591681000013,0.15520000000000067
61421e2fee0a3fd43fb47ead,low_MoS2,1.0,2.0,3.0,MoS2_0.01562,32.144999630000015,0.4017000000000053
61421e3b4e27a1844a5f061a,low_MoS2,1.0,2.0,3.0,MoS2_0.01562,8.50622204999993,1.148699999999998
61421e50ee0a3fd43fb47eaf,low_MoS2,1.0,2.0,3.0,MoS2_0.01562,32.096108859999944,0.4025999999999996
61421e5f4e27a1844a5f061c,low_MoS2,1.0,2.0,3.0,MoS2_0.01562,8.513388150000107,1.1454999999999984
61421e6031cf3ef3d4a9f31e,low_MoS2,2.0,1.0,3.0,MoS2_0.01562,41.47750280999999,0.4136999999999986
61421e623ac25c70a5c6cacd,low_MoS2,3.0,0.0,3.0,MoS2_0.01562,50.79530914000012,0.39099999999999824
61421e8831cf3ef3d4a9f320,low_MoS2,2.0,1.0,3.0,MoS2_0.01562,41.46285684999994,0.36249999999999716
61421eb531cf3ef3d4a9f322,low_MoS2,2.0,1.0,3.0,MoS2_0.01562,41.46116371000012,0.39560000000000173
61421ebc3ac25c70a5c6cacf,low_MoS2,3.0,0.0,3.0,MoS2_0.01562,50.76672089000014,0.41790000000000305
61421f03ee0a3fd43fb47eb1,low_MoS2,1.0,2.0,3.0,MoS2_0.01562,32.151845880000096,0.40400000000000347
61421f0431cf3ef3d4a9f324,low_MoS2,2.0,1.0,3.0,MoS2_0.01562,41.453520799999936,0.370199999999997
61421f14baaf234b3529060e,low_MoS2,2.0,1.0,3.0,MoS2_0.01562,17.929145400000145,0.6499000000000024
61421f183ac25c70a5c6cad1,low_MoS2,3.0,0.0,3.0,MoS2_0.01562,48.83908131000013,0.1612999999999971
61421f2c31cf3ef3d4a9f326,low_MoS2,2.0,1.0,3.0,MoS2_0.01562,41.47888895000001,0.4146000000000001
61421f414e27a1844a5f061e,low_MoS2,1.0,2.0,3.0,MoS2_0.01562,8.510159070000125,1.1470999999999947
61421f6531cf3ef3d4a9f328,low_MoS2,2.0,1.0,3.0,MoS2_0.01562,41.453010860000134,0.39350000000000307
61421f664e27a1844a5f0620,low_MoS2,1.0,2.0,3.0,MoS2_0.01562,8.528399510000124,1.1399000000000044
61421f723ac25c70a5c6cad3,low_MoS2,3.0,0.0,3.0,MoS2_0.01562,50.81026688000012,0.3918999999999997
61421f8d4e27a1844a5f0622,low_MoS2,1.0,2.0,3.0,MoS2_0.01562,8.511292950000122,1.147599999999997
61421f9031cf3ef3d4a9f32a,low_MoS2,2.0,1.0,3.0,MoS2_0.01562,41.488886710000045,0.40910000000000224
61421fb14e27a1844a5f0624,low_MoS2,1.0,2.0,3.0,MoS2_0.01562,8.541965619999953,1.1420999999999992
61421fb831cf3ef3d4a9f32c,low_MoS2,2.0,1.0,3.0,MoS2_0.01562,41.44512412000013,0.3837000000000046
61421fd4ee0a3fd43fb47eb3,low_MoS2,1.0,2.0,3.0,MoS2_0.01562,32.12535948000003,0.3821000000000012
61421fdc9cbada84a8676c97,low_MoS2,0.0,3.0,3.0,MoS2_0.01562,-0.8312551700000199,1.8086999999999946
61421fedbaaf234b35290610,low_MoS2,2.0,1.0,3.0,MoS2_0.01562,17.8224021200001,0.9421999999999997
61421ff94e27a1844a5f0626,low_MoS2,1.0,2.0,3.0,MoS2_0.01562,8.513640359999979,1.1479999999999961
614220073ac25c70a5c6cad5,low_MoS2,3.0,0.0,3.0,MoS2_0.01562,50.719827530000124,0.31210000000000093
6142200831cf3ef3d4a9f32e,low_MoS2,2.0,1.0,3.0,MoS2_0.01562,41.46437923999993,0.39159999999999684
6142201aee0a3fd43fb47eb5,low_MoS2,1.0,2.0,3.0,MoS2_0.01562,32.14690216999996,0.40229999999999677
6142203c31cf3ef3d4a9f330,low_MoS2,2.0,1.0,3.0,MoS2_0.01562,41.422105620000096,0.4170000000000016
6142204c4e27a1844a5f0628,low_MoS2,1.0,2.0,3.0,MoS2_0.01562,8.50976429999994,1.1473000000000013
6142206d3ac25c70a5c6cad7,low_MoS2,3.0,0.0,3.0,MoS2_0.01562,50.88543143999997,0.18430000000000035
614220739cbada84a8676c99,low_MoS2,0.0,3.0,3.0,MoS2_0.01562,-0.8233878999998865,1.8066999999999993
614220844e27a1844a5f062a,low_MoS2,1.0,2.0,3.0,MoS2_0.01562,8.515430839999933,1.144599999999997
6142209531cf3ef3d4a9f332,low_MoS2,2.0,1.0,3.0,MoS2_0.01562,41.488313120000115,0.41329999999999956
614220b04e27a1844a5f062c,low_MoS2,1.0,2.0,3.0,MoS2_0.01562,8.50719054999993,1.1452000000000027
614220c93ac25c70a5c6cad9,low_MoS2,3.0,0.0,3.0,MoS2_0.01562,50.77406482000007,0.38750000000000284
614220cb31cf3ef3d4a9f334,low_MoS2,2.0,1.0,3.0,MoS2_0.01562,40.95793036000005,0.16599999999999682
614220d74e27a1844a5f062e,low_MoS2,1.0,2.0,3.0,MoS2_0.01562,8.51287430999994,1.1463999999999999
614220f331cf3ef3d4a9f336,low_MoS2,2.0,1.0,3.0,MoS2_0.01562,41.44758765000002,0.37010000000000076
614220f5ee0a3fd43fb47eb7,low_MoS2,1.0,2.0,3.0,MoS2_0.01562,32.12441875000012,0.3487000000000009
614220fabaaf234b35290612,low_MoS2,2.0,1.0,3.0,MoS2_0.01562,17.867783260000117,1.1016000000000048
614220fd4e27a1844a5f0630,low_MoS2,1.0,2.0,3.0,MoS2_0.01562,8.505614749999975,1.1490999999999971
61422116ee0a3fd43fb47eb9,low_MoS2,1.0,2.0,3.0,MoS2_0.01562,32.14050857000005,0.4042999999999992
61422120baaf234b35290614,low_MoS2,2.0,1.0,3.0,MoS2_0.01562,17.82410490000006,1.1062999999999974
614221224e27a1844a5f0632,low_MoS2,1.0,2.0,3.0,MoS2_0.01562,8.502219499999935,1.1510000000000034
614221273ac25c70a5c6cadb,low_MoS2,3.0,0.0,3.0,MoS2_0.01562,50.80214117999996,0.3783999999999992
6142212b9cbada84a8676c9b,low_MoS2,0.0,3.0,3.0,MoS2_0.01562,-0.8346570000000497,1.8079999999999998
6142213531cf3ef3d4a9f338,low_MoS2,2.0,1.0,3.0,MoS2_0.01562,41.48860316999999,0.4089999999999989
6142214abaaf234b35290616,low_MoS2,2.0,1.0,3.0,MoS2_0.01562,17.888294780000017,1.1066000000000003
6142214e4e27a1844a5f0634,low_MoS2,1.0,2.0,3.0,MoS2_0.01562,8.514913559999993,1.1475000000000009
6142215e31cf3ef3d4a9f33a,low_MoS2,2.0,1.0,3.0,MoS2_0.01562,41.36996233000009,0.30340000000000344
614221754e27a1844a5f0636,low_MoS2,1.0,2.0,3.0,MoS2_0.01562,8.509679900000062,1.1454999999999984
614221833ac25c70a5c6cadd,low_MoS2,3.0,0.0,3.0,MoS2_0.01562,50.30822561999995,0.15780000000000172
6142218731cf3ef3d4a9f33c,low_MoS2,2.0,1.0,3.0,MoS2_0.01562,41.46150099000006,0.36590000000000344
6142218e9cbada84a8676c9d,low_MoS2,0.0,3.0,3.0,MoS2_0.01562,-0.8285625499999583,1.8070999999999984
614221b131cf3ef3d4a9f33e,low_MoS2,2.0,1.0,3.0,MoS2_0.01562,41.48880520000007,0.4094000000000051
614221c54e27a1844a5f0638,low_MoS2,1.0,2.0,3.0,MoS2_0.01562,8.506870080000024,1.1456000000000017
614221d4baaf234b35290618,low_MoS2,2.0,1.0,3.0,MoS2_0.01562,17.869500550000105,1.0833999999999975
614221da31cf3ef3d4a9f340,low_MoS2,2.0,1.0,3.0,MoS2_0.01562,41.45512643000002,0.3790000000000049
614221e03ac25c70a5c6cadf,low_MoS2,3.0,0.0,3.0,MoS2_0.01562,50.796065350000084,0.3815000000000026
614221ec4e27a1844a5f063a,low_MoS2,1.0,2.0,3.0,MoS2_0.01562,8.507978150000124,1.1460000000000008
6142220431cf3ef3d4a9f342,low_MoS2,2.0,1.0,3.0,MoS2_0.01562,41.381278570000134,0.302500000000002
614222159cbada84a8676c9f,low_MoS2,0.0,3.0,3.0,MoS2_0.01562,-0.8295504800000231,1.8079999999999998
6142222b4e27a1844a5f063c,low_MoS2,1.0,2.0,3.0,MoS2_0.01562,8.528544909999962,1.1399000000000044
6142222c31cf3ef3d4a9f344,low_MoS2,2.0,1.0,3.0,MoS2_0.01562,41.47977525000006,0.4140000000000015
61422239baaf234b3529061a,low_MoS2,2.0,1.0,3.0,MoS2_0.01562,17.855926400000037,1.089100000000002
6142223aee0a3fd43fb47ebb,low_MoS2,1.0,2.0,3.0,MoS2_0.01562,32.13823384999999,0.40270000000000294
6142223d3ac25c70a5c6cae1,low_MoS2,3.0,0.0,3.0,MoS2_0.01562,50.349813010000084,0.19180000000000064
614222524e27a1844a5f063e,low_MoS2,1.0,2.0,3.0,MoS2_0.01562,8.515908220000053,1.1475000000000009
6142225fbaaf234b3529061c,low_MoS2,2.0,1.0,3.0,MoS2_0.01562,17.862859560000054,1.1114000000000033
614222619cbada84a8676ca1,low_MoS2,0.0,3.0,3.0,MoS2_0.01562,-0.8315590999999927,1.8085999999999984
6142227e31cf3ef3d4a9f346,low_MoS2,2.0,1.0,3.0,MoS2_0.01562,40.97172631999997,0.15379999999999683
61422293baaf234b3529061e,low_MoS2,2.0,1.0,3.0,MoS2_0.01562,17.85002065999992,1.0830999999999946
61422297ee0a3fd43fb47ebd,low_MoS2,1.0,2.0,3.0,MoS2_0.01562,32.13000305000013,0.4040999999999997
614222a94e27a1844a5f0640,low_MoS2,1.0,2.0,3.0,MoS2_0.01562,8.513438369999928,1.1463999999999999
614222babaaf234b35290620,low_MoS2,2.0,1.0,3.0,MoS2_0.01562,17.84932079999998,1.0021999999999949
614222d04e27a1844a5f0642,low_MoS2,1.0,2.0,3.0,MoS2_0.01562,8.50812724999994,1.1415999999999968
614222d53ac25c70a5c6cae3,low_MoS2,3.0,0.0,3.0,MoS2_0.01562,50.76051331,0.3033000000000001
6142230f9cbada84a8676ca3,low_MoS2,0.0,3.0,3.0,MoS2_0.01562,-0.832345759999896,1.8086999999999946
6142232631cf3ef3d4a9f348,low_MoS2,2.0,1.0,3.0,MoS2_0.01562,41.47169455000012,0.3327999999999989
6142232abaaf234b35290622,low_MoS2,2.0,1.0,3.0,MoS2_0.01562,17.857169760000026,1.1103000000000023
614223383ac25c70a5c6cae5,low_MoS2,3.0,0.0,3.0,MoS2_0.01562,50.75802181999999,0.37989999999999924
6142233e9cbada84a8676ca5,low_MoS2,0.0,3.0,3.0,MoS2_0.01562,-0.834585900000036,1.8078000000000003
61422350baaf234b35290624,low_MoS2,2.0,1.0,3.0,MoS2_0.01562,17.861379359999994,1.112099999999998
61422356ee0a3fd43fb47ebf,low_MoS2,1.0,2.0,3.0,MoS2_0.01562,32.14538145999994,0.4001000000000019
6142235a4e27a1844a5f0644,low_MoS2,1.0,2.0,3.0,MoS2_0.01562,8.507931310000028,1.1481999999999957
6142236f31cf3ef3d4a9f34a,low_MoS2,2.0,1.0,3.0,MoS2_0.01562,41.44885401000006,0.3780000000000001
614223824e27a1844a5f0646,low_MoS2,1.0,2.0,3.0,MoS2_0.01562,8.515879000000066,1.1450999999999993
614223a53ac25c70a5c6cae7,low_MoS2,3.0,0.0,3.0,MoS2_0.01562,50.31025467999999,0.14819999999999567
614223aa4e27a1844a5f0648,low_MoS2,1.0,2.0,3.0,MoS2_0.01562,8.509679900000062,1.1450000000000031
614223b331cf3ef3d4a9f34c,low_MoS2,2.0,1.0,3.0,MoS2_0.01562,41.45480360000006,0.3768999999999991
614223b3ee0a3fd43fb47ec1,low_MoS2,1.0,2.0,3.0,MoS2_0.01562,32.12253921,0.3592999999999975
614223d24e27a1844a5f064a,low_MoS2,1.0,2.0,3.0,MoS2_0.01562,8.505376159999994,1.146099999999997
614223dd31cf3ef3d4a9f34e,low_MoS2,2.0,1.0,3.0,MoS2_0.01562,41.40824396000012,0.39980000000000615
614223f94e27a1844a5f064c,low_MoS2,1.0,2.0,3.0,MoS2_0.01562,8.529620349999984,1.1390999999999991
6142241dbaaf234b35290626,low_MoS2,2.0,1.0,3.0,MoS2_0.01562,17.85065015999998,1.0835000000000008
6142241eee0a3fd43fb47ec3,low_MoS2,1.0,2.0,3.0,MoS2_0.01562,32.14683274000002,0.4018000000000015
6142243b31cf3ef3d4a9f350,low_MoS2,2.0,1.0,3.0,MoS2_0.01562,40.991610040000026,0.155300000000004
614224403ac25c70a5c6cae9,low_MoS2,3.0,0.0,3.0,MoS2_0.01562,48.84216839000002,0.13799999999999812
614224409cbada84a8676ca7,low_MoS2,0.0,3.0,3.0,MoS2_0.01562,-0.8318026700000587,1.8089999999999975
6142246531cf3ef3d4a9f352,low_MoS2,2.0,1.0,3.0,MoS2_0.01562,40.97474849999999,0.1559999999999988
614224684e27a1844a5f064e,low_MoS2,1.0,2.0,3.0,MoS2_0.01562,8.518338320000137,1.1437999999999988
61422487baaf234b35290628,low_MoS2,2.0,1.0,3.0,MoS2_0.01562,17.88655930999993,1.0991
614224a84e27a1844a5f0650,low_MoS2,1.0,2.0,3.0,MoS2_0.01562,8.528222370000119,1.1392999999999986
614224aebaaf234b3529062a,low_MoS2,2.0,1.0,3.0,MoS2_0.01562,17.82196593999992,1.1062000000000012
614224c69cbada84a8676ca9,low_MoS2,0.0,3.0,3.0,MoS2_0.01562,-0.8060212099998694,1.809199999999997
614224d14e27a1844a5f0652,low_MoS2,1.0,2.0,3.0,MoS2_0.01562,8.496789670000023,1.1494
614224d831cf3ef3d4a9f354,low_MoS2,2.0,1.0,3.0,MoS2_0.01562,40.96430969000012,0.15820000000000078
614224e2baaf234b3529062c,low_MoS2,2.0,1.0,3.0,MoS2_0.01562,17.867251229999958,1.1038000000000068
614224e89cbada84a8676cab,low_MoS2,0.0,3.0,3.0,MoS2_0.01562,-0.8300544999999033,1.8057999999999979
614224ee3ac25c70a5c6caeb,low_MoS2,3.0,0.0,3.0,MoS2_0.01562,48.81975316000004,0.16910000000000025
6142250131cf3ef3d4a9f356,low_MoS2,2.0,1.0,3.0,MoS2_0.01562,41.42208788000012,0.3808999999999969
6142250a9cbada84a8676cad,low_MoS2,0.0,3.0,3.0,MoS2_0.01562,-0.8327015199999437,1.808099999999996
6142251eee0a3fd43fb47ec5,low_MoS2,1.0,2.0,3.0,MoS2_0.01562,32.15351828000006,0.4000000000000057
61422524baaf234b3529062e,low_MoS2,2.0,1.0,3.0,MoS2_0.01562,17.860693529999928,1.1021
6142252c9cbada84a8676caf,low_MoS2,0.0,3.0,3.0,MoS2_0.01562,-0.8313938299999677,1.8094999999999999
614225364e27a1844a5f0654,low_MoS2,1.0,2.0,3.0,MoS2_0.01562,8.504898440000058,1.1492000000000004
6142253f31cf3ef3d4a9f358,low_MoS2,2.0,1.0,3.0,MoS2_0.01562,40.971921470000055,0.15259999999999962
6142254cbaaf234b35290630,low_MoS2,2.0,1.0,3.0,MoS2_0.01562,17.882760769999997,0.9601000000000042
6142254f3ac25c70a5c6caed,low_MoS2,3.0,0.0,3.0,MoS2_0.01562,50.74443458000011,0.2944000000000031
6142255f4e27a1844a5f0656,low_MoS2,1.0,2.0,3.0,MoS2_0.01562,8.504570070000025,1.1488000000000014
6142256831cf3ef3d4a9f35a,low_MoS2,2.0,1.0,3.0,MoS2_0.01562,41.47494589999992,0.41379999999999484
61422577baaf234b35290632,low_MoS2,2.0,1.0,3.0,MoS2_0.01562,17.84841316999995,1.0919000000000025
6142259231cf3ef3d4a9f35c,low_MoS2,2.0,1.0,3.0,MoS2_0.01562,41.4706401800001,0.41449999999999676
614225ae3ac25c70a5c6caef,low_MoS2,3.0,0.0,3.0,MoS2_0.01562,50.80703265000003,0.33729999999999905
614225c2baaf234b35290634,low_MoS2,2.0,1.0,3.0,MoS2_0.01562,17.814400160000098,0.9431000000000012
614225cc4e27a1844a5f0658,low_MoS2,1.0,2.0,3.0,MoS2_0.01562,8.546221600000106,1.1799999999999997
614225ce31cf3ef3d4a9f35e,low_MoS2,2.0,1.0,3.0,MoS2_0.01562,41.40521329999997,0.29829999999999757
614225f54e27a1844a5f065a,low_MoS2,1.0,2.0,3.0,MoS2_0.01562,8.513977000000093,1.1428000000000011
614226133ac25c70a5c6caf1,low_MoS2,3.0,0.0,3.0,MoS2_0.01562,50.807632140000045,0.38629999999999853
6142261e4e27a1844a5f065c,low_MoS2,1.0,2.0,3.0,MoS2_0.01562,8.50199991000002,1.1392000000000024
6142261f31cf3ef3d4a9f360,low_MoS2,2.0,1.0,3.0,MoS2_0.01562,41.468163210000014,0.4055000000000035
61422662baaf234b35290636,low_MoS2,2.0,1.0,3.0,MoS2_0.01562,17.868530619999994,1.1090000000000018
6142266931cf3ef3d4a9f362,low_MoS2,2.0,1.0,3.0,MoS2_0.01562,40.97439600000003,0.1577999999999946
6142267a3ac25c70a5c6caf3,low_MoS2,3.0,0.0,3.0,MoS2_0.01562,50.82459871999996,0.4159000000000006
6142269431cf3ef3d4a9f364,low_MoS2,2.0,1.0,3.0,MoS2_0.01562,41.3703220500001,0.38580000000000325
614226d031cf3ef3d4a9f366,low_MoS2,2.0,1.0,3.0,MoS2_0.01562,41.47235552000002,0.4152999999999949
614226dcbaaf234b35290638,low_MoS2,2.0,1.0,3.0,MoS2_0.01562,17.887973249999952,1.1128999999999962
614226e94e27a1844a5f065e,low_MoS2,1.0,2.0,3.0,MoS2_0.01562,8.53456058999998,1.1377000000000024
614226ea3ac25c70a5c6caf5,low_MoS2,3.0,0.0,3.0,MoS2_0.01562,50.340102060000085,0.12370000000000658
6142270ebaaf234b3529063a,low_MoS2,2.0,1.0,3.0,MoS2_0.01562,17.86223229000006,1.1032999999999973
6142271331cf3ef3d4a9f368,low_MoS2,2.0,1.0,3.0,MoS2_0.01562,41.43926109000013,0.40449999999999875
6142272b4e27a1844a5f0660,low_MoS2,1.0,2.0,3.0,MoS2_0.01562,8.506278480000017,1.146799999999999
61422750baaf234b3529063c,low_MoS2,2.0,1.0,3.0,MoS2_0.01562,17.857431030000036,1.0386999999999986
614227584e27a1844a5f0662,low_MoS2,1.0,2.0,3.0,MoS2_0.01562,8.505706080000007,1.148699999999998
6142276131cf3ef3d4a9f36a,low_MoS2,2.0,1.0,3.0,MoS2_0.01562,41.480711730000124,0.40729999999999933
6142276dee0a3fd43fb47ec7,low_MoS2,1.0,2.0,3.0,MoS2_0.01562,32.1466625800001,0.40169999999999817
614227844e27a1844a5f0664,low_MoS2,1.0,2.0,3.0,MoS2_0.01562,8.510208630000104,1.1462999999999965
6142279e9cbada84a8676cb1,low_MoS2,0.0,3.0,3.0,MoS2_0.01562,-0.8062593700000775,1.8066999999999993
614227adbaaf234b3529063e,low_MoS2,2.0,1.0,3.0,MoS2_0.01562,17.85153674000002,1.1118999999999986
614227b831cf3ef3d4a9f36c,low_MoS2,2.0,1.0,3.0,MoS2_0.01562,41.458591060000074,0.3988000000000014
614227bf4e27a1844a5f0666,low_MoS2,1.0,2.0,3.0,MoS2_0.01562,8.511959409999942,1.1447000000000003
614227cc3ac25c70a5c6caf7,low_MoS2,3.0,0.0,3.0,MoS2_0.01562,50.705641789999994,0.30630000000000024
614227d7ee0a3fd43fb47ec9,low_MoS2,1.0,2.0,3.0,MoS2_0.01562,32.145405649999915,0.40520000000000067
614228044e27a1844a5f0668,low_MoS2,1.0,2.0,3.0,MoS2_0.01562,8.52387705999993,1.139800000000001
6142280dee0a3fd43fb47ecb,low_MoS2,1.0,2.0,3.0,MoS2_0.01562,32.15046488000006,0.4029999999999987
6142282fee0a3fd43fb47ecd,low_MoS2,1.0,2.0,3.0,MoS2_0.01562,32.129704010000054,0.3958999999999975
614228374e27a1844a5f066a,low_MoS2,1.0,2.0,3.0,MoS2_0.01562,8.513744699999986,1.1466999999999956
6142284131cf3ef3d4a9f36e,low_MoS2,2.0,1.0,3.0,MoS2_0.01562,41.480076839999995,0.41629999999999967
6142284d3ac25c70a5c6caf9,low_MoS2,3.0,0.0,3.0,MoS2_0.01562,50.32724292000004,0.20309999999999917
6142287f4e27a1844a5f066c,low_MoS2,1.0,2.0,3.0,MoS2_0.01562,8.510947349999949,1.1483999999999952
61422884ee0a3fd43fb47ecf,low_MoS2,1.0,2.0,3.0,MoS2_0.01562,31.954694479999933,0.2622
6142289d31cf3ef3d4a9f370,low_MoS2,2.0,1.0,3.0,MoS2_0.01562,41.28186292000005,0.2441999999999993
614228df31cf3ef3d4a9f372,low_MoS2,2.0,1.0,3.0,MoS2_0.01562,41.374577380000076,0.38759999999999906
614228e5ee0a3fd43fb47ed1,low_MoS2,1.0,2.0,3.0,MoS2_0.01562,32.14807758999994,0.4014000000000024
61422907ee0a3fd43fb47ed3,low_MoS2,1.0,2.0,3.0,MoS2_0.01562,32.12580385,0.3474999999999966
6142292f3ac25c70a5c6cafb,low_MoS2,3.0,0.0,3.0,MoS2_0.01562,50.81379533999999,0.38810000000000144
6142293331cf3ef3d4a9f374,low_MoS2,2.0,1.0,3.0,MoS2_0.01562,41.435342980000044,0.3808999999999969
614229469cbada84a8676cb3,low_MoS2,0.0,3.0,3.0,MoS2_0.01562,-0.8314930299999901,1.8099999999999952
6142295d31cf3ef3d4a9f376,low_MoS2,2.0,1.0,3.0,MoS2_0.01562,41.46207161999992,0.3725000000000023
6142298831cf3ef3d4a9f378,low_MoS2,2.0,1.0,3.0,MoS2_0.01562,41.42803303000001,0.38350000000000506
61422988baaf234b35290640,low_MoS2,2.0,1.0,3.0,MoS2_0.01562,17.860409580000116,1.104300000000002
6142298d9cbada84a8676cb5,low_MoS2,0.0,3.0,3.0,MoS2_0.01562,-0.8296121000000198,1.8078000000000003
614229933ac25c70a5c6cafd,low_MoS2,3.0,0.0,3.0,MoS2_0.01562,50.765019320000114,0.3868000000000009
614229ae4e27a1844a5f066e,low_MoS2,1.0,2.0,3.0,MoS2_0.01562,8.50544392999998,1.1428999999999974
614229b231cf3ef3d4a9f37a,low_MoS2,2.0,1.0,3.0,MoS2_0.01562,41.48600776999997,0.4065999999999974
614229d94e27a1844a5f0670,low_MoS2,1.0,2.0,3.0,MoS2_0.01562,8.503780020000047,1.1504000000000048
614229dc31cf3ef3d4a9f37c,low_MoS2,2.0,1.0,3.0,MoS2_0.01562,41.4790213400001,0.41430000000000433
614229de9cbada84a8676cb7,low_MoS2,0.0,3.0,3.0,MoS2_0.01562,-0.8302945899999372,1.8078999999999965
614229ecbaaf234b35290642,low_MoS2,2.0,1.0,3.0,MoS2_0.01562,17.842222330000133,0.9421999999999997
614229f43ac25c70a5c6caff,low_MoS2,3.0,0.0,3.0,MoS2_0.01562,50.77625881999999,0.3843999999999994
61422a14baaf234b35290644,low_MoS2,2.0,1.0,3.0,MoS2_0.01562,17.86479112999995,1.1119999999999948
61422a1831cf3ef3d4a9f37e,low_MoS2,2.0,1.0,3.0,MoS2_0.01562,41.37175808000002,0.3943000000000012
61422a264e27a1844a5f0672,low_MoS2,1.0,2.0,3.0,MoS2_0.01562,8.507081140000107,1.1426000000000016
61422a3cbaaf234b35290646,low_MoS2,2.0,1.0,3.0,MoS2_0.01562,17.86384537000003,1.106499999999997
61422a4f4e27a1844a5f0674,low_MoS2,1.0,2.0,3.0,MoS2_0.01562,8.512196200000087,1.1452000000000027
61422a593ac25c70a5c6cb01,low_MoS2,3.0,0.0,3.0,MoS2_0.01562,50.81184311999997,0.33900000000000574
61422a5d31cf3ef3d4a9f380,low_MoS2,2.0,1.0,3.0,MoS2_0.01562,40.970813999999976,0.15579999999999927
61422abcee0a3fd43fb47ed5,low_MoS2,1.0,2.0,3.0,MoS2_0.01562,32.14348251,0.4017000000000053
61422ac43ac25c70a5c6cb03,low_MoS2,3.0,0.0,3.0,MoS2_0.01562,50.29258104000011,0.12219999999999942
61422acb31cf3ef3d4a9f382,low_MoS2,2.0,1.0,3.0,MoS2_0.01562,41.43647316999996,0.41339999999999577
61422aef4e27a1844a5f0676,low_MoS2,1.0,2.0,3.0,MoS2_0.01562,8.524501670000088,1.1385000000000005
61422af631cf3ef3d4a9f384,low_MoS2,2.0,1.0,3.0,MoS2_0.01562,40.965587020000115,0.15460000000000207
61422b174e27a1844a5f0678,low_MoS2,1.0,2.0,3.0,MoS2_0.01562,8.517444959999946,1.1420999999999992
61422b2c31cf3ef3d4a9f386,low_MoS2,2.0,1.0,3.0,MoS2_0.01562,41.46597745000004,0.41319999999999624
61422b373ac25c70a5c6cb05,low_MoS2,3.0,0.0,3.0,MoS2_0.01562,50.37121912000013,0.25670000000000215
61422b3f4e27a1844a5f067a,low_MoS2,1.0,2.0,3.0,MoS2_0.01562,8.541680150000072,1.1468999999999951
61422b5d31cf3ef3d4a9f388,low_MoS2,2.0,1.0,3.0,MoS2_0.01562,41.465464090000026,0.3214000000000041
61422b66baaf234b35290648,low_MoS2,2.0,1.0,3.0,MoS2_0.01562,17.826377659999928,0.9414999999999978
61422b684e27a1844a5f067c,low_MoS2,1.0,2.0,3.0,MoS2_0.01562,8.527777110000013,1.1400000000000006
61422b739cbada84a8676cb9,low_MoS2,0.0,3.0,3.0,MoS2_0.01562,-0.8307241399999725,1.808800000000005
61422b8831cf3ef3d4a9f38a,low_MoS2,2.0,1.0,3.0,MoS2_0.01562,41.43341268000013,0.410499999999999
61422b9ebaaf234b3529064a,low_MoS2,2.0,1.0,3.0,MoS2_0.01562,17.855373240000056,1.0879000000000048
61422ba34e27a1844a5f067e,low_MoS2,1.0,2.0,3.0,MoS2_0.01562,8.513529410000071,1.1458000000000013
61422badee0a3fd43fb47ed7,low_MoS2,1.0,2.0,3.0,MoS2_0.01562,32.133390149999954,0.3995000000000033
61422bcf3ac25c70a5c6cb07,low_MoS2,3.0,0.0,3.0,MoS2_0.01562,50.74155467999996,0.38750000000000284
61422bd54e27a1844a5f0680,low_MoS2,1.0,2.0,3.0,MoS2_0.01562,8.517847939999935,1.141999999999996
61422bd6ee0a3fd43fb47ed9,low_MoS2,1.0,2.0,3.0,MoS2_0.01562,32.14585506000002,0.40149999999999864
61422bf69cbada84a8676cbb,low_MoS2,0.0,3.0,3.0,MoS2_0.01562,-0.8283058700000652,1.8094999999999999
61422bfc4e27a1844a5f0682,low_MoS2,1.0,2.0,3.0,MoS2_0.01562,8.50670353000012,1.1469999999999985
61422bff31cf3ef3d4a9f38c,low_MoS2,2.0,1.0,3.0,MoS2_0.01562,41.30105752000004,0.27120000000000033
61422c254e27a1844a5f0684,low_MoS2,1.0,2.0,3.0,MoS2_0.01562,8.493455439999959,1.1383999999999972
61422c54baaf234b3529064c,low_MoS2,2.0,1.0,3.0,MoS2_0.01562,17.873545899999947,1.1062000000000012
61422c564e27a1844a5f0686,low_MoS2,1.0,2.0,3.0,MoS2_0.01562,8.512969950000095,1.1450000000000031
61422c7031cf3ef3d4a9f38e,low_MoS2,2.0,1.0,3.0,MoS2_0.01562,41.266989400000014,0.23460000000000036
61422c814e27a1844a5f0688,low_MoS2,1.0,2.0,3.0,MoS2_0.01562,8.505548970000088,1.1463000000000036
61422c9fbaaf234b3529064e,low_MoS2,2.0,1.0,3.0,MoS2_0.01562,17.922475829999932,0.6567000000000007
61422cad4e27a1844a5f068a,low_MoS2,1.0,2.0,3.0,MoS2_0.01562,8.51492132000001,1.1452000000000027
61422cc0ee0a3fd43fb47edb,low_MoS2,1.0,2.0,3.0,MoS2_0.01562,32.14692183999999,0.40149999999999864
61422ccd31cf3ef3d4a9f390,low_MoS2,2.0,1.0,3.0,MoS2_0.01562,41.43031457000002,0.37950000000000017
61422cce3ac25c70a5c6cb09,low_MoS2,3.0,0.0,3.0,MoS2_0.01562,50.79551853000013,0.3708999999999989
61422ce14e27a1844a5f068c,low_MoS2,1.0,2.0,3.0,MoS2_0.01562,8.530499239999951,1.1403000000000034
61422ce3ee0a3fd43fb47edd,low_MoS2,1.0,2.0,3.0,MoS2_0.01562,31.95917877999999,0.2641999999999953
61422d134e27a1844a5f068e,low_MoS2,1.0,2.0,3.0,MoS2_0.01562,8.513153039999931,1.146499999999996
61422d2fee0a3fd43fb47edf,low_MoS2,1.0,2.0,3.0,MoS2_0.01562,31.916840739999987,0.27660000000000196
61422d323ac25c70a5c6cb0b,low_MoS2,3.0,0.0,3.0,MoS2_0.01562,50.80955458999998,0.3393000000000015
61422d434e27a1844a5f0690,low_MoS2,1.0,2.0,3.0,MoS2_0.01562,8.548121280000057,1.1780000000000044
61422d5d31cf3ef3d4a9f392,low_MoS2,2.0,1.0,3.0,MoS2_0.01562,41.47529847999995,0.4147999999999996
61422d7dbaaf234b35290650,low_MoS2,2.0,1.0,3.0,MoS2_0.01562,17.888373470000026,1.1041000000000025
61422d869cbada84a8676cbd,low_MoS2,0.0,3.0,3.0,MoS2_0.01562,-0.8317287500000816,1.8085999999999984
61422d8c31cf3ef3d4a9f394,low_MoS2,2.0,1.0,3.0,MoS2_0.01562,41.473810110000116,0.4106999999999985
61422d904e27a1844a5f0692,low_MoS2,1.0,2.0,3.0,MoS2_0.01562,8.510673570000133,1.1460000000000008
61422d953ac25c70a5c6cb0d,low_MoS2,3.0,0.0,3.0,MoS2_0.01562,50.308908670000086,0.15520000000000067
61422d9cee0a3fd43fb47ee1,low_MoS2,1.0,2.0,3.0,MoS2_0.01562,32.14409107999994,0.4059000000000026
61422db39cbada84a8676cbf,low_MoS2,0.0,3.0,3.0,MoS2_0.01562,-0.8289943199999357,1.8076000000000008
61422dfa3ac25c70a5c6cb0f,low_MoS2,3.0,0.0,3.0,MoS2_0.01562,50.78205454000014,0.39339999999999975
61422e304e27a1844a5f0694,low_MoS2,1.0,2.0,3.0,MoS2_0.01562,8.513723499999994,1.1448999999999998
61422e5f3ac25c70a5c6cb11,low_MoS2,3.0,0.0,3.0,MoS2_0.01562,50.85092881000006,0.16749999999999687
61422e729cbada84a8676cc1,low_MoS2,0.0,3.0,3.0,MoS2_0.01562,-0.831472779999956,1.808799999999998
61422e7b31cf3ef3d4a9f396,low_MoS2,2.0,1.0,3.0,MoS2_0.01562,41.47404423999997,0.408299999999997
61422e9c4e27a1844a5f0696,low_MoS2,1.0,2.0,3.0,MoS2_0.01562,8.537042969999927,1.1465000000000032
61422ea631cf3ef3d4a9f398,low_MoS2,2.0,1.0,3.0,MoS2_0.01562,41.45931700000001,0.37879999999999825
61422ec33ac25c70a5c6cb13,low_MoS2,3.0,0.0,3.0,MoS2_0.01562,50.81516299000001,0.3418000000000063
61422ed131cf3ef3d4a9f39a,low_MoS2,2.0,1.0,3.0,MoS2_0.01562,41.4557128200001,0.3873999999999995
61422ef3baaf234b35290652,low_MoS2,2.0,1.0,3.0,MoS2_0.01562,17.898703999999945,1.1195999999999984
61422efc31cf3ef3d4a9f39c,low_MoS2,2.0,1.0,3.0,MoS2_0.01562,41.475167069999955,0.33449999999999847
61422f0f4e27a1844a5f0698,low_MoS2,1.0,2.0,3.0,MoS2_0.01562,8.503525460000017,1.146499999999996
61422f119cbada84a8676cc3,low_MoS2,0.0,3.0,3.0,MoS2_0.01562,-0.8302718599999821,1.806999999999995
61422f14ee0a3fd43fb47ee3,low_MoS2,1.0,2.0,3.0,MoS2_0.01562,32.12976075999994,0.4012999999999991
61422f38baaf234b35290654,low_MoS2,2.0,1.0,3.0,MoS2_0.01562,17.880244940000004,1.1088000000000022
61422f384e27a1844a5f069a,low_MoS2,1.0,2.0,3.0,MoS2_0.01562,8.517052870000068,1.1432000000000002
61422f6131cf3ef3d4a9f39e,low_MoS2,2.0,1.0,3.0,MoS2_0.01562,41.47163558999996,0.4095999999999975
61422f654e27a1844a5f069c,low_MoS2,1.0,2.0,3.0,MoS2_0.01562,8.531799870000011,1.1370999999999967
61422f87baaf234b35290656,low_MoS2,2.0,1.0,3.0,MoS2_0.01562,17.94642868999994,0.6485999999999947
61422f8c31cf3ef3d4a9f3a0,low_MoS2,2.0,1.0,3.0,MoS2_0.01562,41.47267554000014,0.41490000000000293
61422fae4e27a1844a5f069e,low_MoS2,1.0,2.0,3.0,MoS2_0.01562,8.539224180000044,1.182699999999997
61422fc2baaf234b35290658,low_MoS2,2.0,1.0,3.0,MoS2_0.01562,17.872036210000026,1.0967000000000056
61422fcc9cbada84a8676cc5,low_MoS2,0.0,3.0,3.0,MoS2_0.01562,-0.8348041399999033,1.807699999999997
61422fd84e27a1844a5f06a0,low_MoS2,1.0,2.0,3.0,MoS2_0.01562,8.493709750000132,1.1381000000000014
614230134e27a1844a5f06a2,low_MoS2,1.0,2.0,3.0,MoS2_0.01562,8.513451060000104,1.144299999999994
6142302f31cf3ef3d4a9f3a2,low_MoS2,2.0,1.0,3.0,MoS2_0.01562,41.47373476999992,0.4123000000000019
614230309cbada84a8676cc7,low_MoS2,0.0,3.0,3.0,MoS2_0.01562,-0.8318722500000035,1.8085000000000022
614230454e27a1844a5f06a4,low_MoS2,1.0,2.0,3.0,MoS2_0.01562,8.501890159999927,1.1441000000000017
6142304f3ac25c70a5c6cb15,low_MoS2,3.0,0.0,3.0,MoS2_0.01562,48.82608605000011,0.17369999999999663
6142305b31cf3ef3d4a9f3a4,low_MoS2,2.0,1.0,3.0,MoS2_0.01562,41.46339179000002,0.38470000000000226
6142305fbaaf234b3529065a,low_MoS2,2.0,1.0,3.0,MoS2_0.01562,17.864295600000098,1.1104000000000056
61423078ee0a3fd43fb47ee5,low_MoS2,1.0,2.0,3.0,MoS2_0.01562,31.936218329999964,0.24859999999999616
6142308731cf3ef3d4a9f3a6,low_MoS2,2.0,1.0,3.0,MoS2_0.01562,41.44599407999995,0.3632999999999953
614230b231cf3ef3d4a9f3a8,low_MoS2,2.0,1.0,3.0,MoS2_0.01562,41.41838613,0.36699999999999733
614230b63ac25c70a5c6cb17,low_MoS2,3.0,0.0,3.0,MoS2_0.01562,50.81497888000005,0.4076999999999984
614230c64e27a1844a5f06a6,low_MoS2,1.0,2.0,3.0,MoS2_0.01562,8.508929359999936,1.1448999999999998
6142310131cf3ef3d4a9f3aa,low_MoS2,2.0,1.0,3.0,MoS2_0.01562,41.42540899000001,0.3897000000000048
614231029cbada84a8676cc9,low_MoS2,0.0,3.0,3.0,MoS2_0.01562,-0.8296890199998757,1.808099999999996
6142311d3ac25c70a5c6cb19,low_MoS2,3.0,0.0,3.0,MoS2_0.01562,50.780477650000115,0.3464000000000027
6142312f31cf3ef3d4a9f3ac,low_MoS2,2.0,1.0,3.0,MoS2_0.01562,41.45923553000007,0.3608000000000047
614231474e27a1844a5f06a8,low_MoS2,1.0,2.0,3.0,MoS2_0.01562,8.502528179999924,1.1506000000000043
6142315b31cf3ef3d4a9f3ae,low_MoS2,2.0,1.0,3.0,MoS2_0.01562,41.27002955999997,0.24249999999999972
6142318831cf3ef3d4a9f3b0,low_MoS2,2.0,1.0,3.0,MoS2_0.01562,41.428744980000104,0.4061000000000021
614231b33ac25c70a5c6cb1b,low_MoS2,3.0,0.0,3.0,MoS2_0.01562,50.311181960000035,0.13879999999999626
614231b6baaf234b3529065c,low_MoS2,2.0,1.0,3.0,MoS2_0.01562,17.88395491000005,0.9597999999999942
614231de4e27a1844a5f06aa,low_MoS2,1.0,2.0,3.0,MoS2_0.01562,8.535449880000012,1.180100000000003
614231e431cf3ef3d4a9f3b2,low_MoS2,2.0,1.0,3.0,MoS2_0.01562,39.49539010000008,0.15220000000000056
6142321231cf3ef3d4a9f3b4,low_MoS2,2.0,1.0,3.0,MoS2_0.01562,41.4539726,0.3773000000000053
6142322ebaaf234b3529065e,low_MoS2,2.0,1.0,3.0,MoS2_0.01562,17.860750649999993,1.0911999999999935
614232473ac25c70a5c6cb1d,low_MoS2,3.0,0.0,3.0,MoS2_0.01562,50.825329939999996,0.3412000000000006
614232514e27a1844a5f06ac,low_MoS2,1.0,2.0,3.0,MoS2_0.01562,8.506347540000004,1.1373000000000033
61423278ee0a3fd43fb47ee7,low_MoS2,1.0,2.0,3.0,MoS2_0.01562,32.120857970000074,0.3504999999999967
614232864e27a1844a5f06ae,low_MoS2,1.0,2.0,3.0,MoS2_0.01562,8.543463060000047,1.1818999999999988
6142329aee0a3fd43fb47ee9,low_MoS2,1.0,2.0,3.0,MoS2_0.01562,32.08660020000001,0.40339999999999776
614232ae31cf3ef3d4a9f3b6,low_MoS2,2.0,1.0,3.0,MoS2_0.01562,41.460918090000135,0.39620000000000033
614232b63ac25c70a5c6cb1f,low_MoS2,3.0,0.0,3.0,MoS2_0.01562,50.32352727999993,0.15619999999999834
614232eebaaf234b35290660,low_MoS2,2.0,1.0,3.0,MoS2_0.01562,17.88488088999997,1.1066000000000003
614232fa31cf3ef3d4a9f3b8,low_MoS2,2.0,1.0,3.0,MoS2_0.01562,41.43530983000001,0.41029999999999944
614232fe4e27a1844a5f06b0,low_MoS2,1.0,2.0,3.0,MoS2_0.01562,8.539986170000045,1.1854999999999976
6142332b31cf3ef3d4a9f3ba,low_MoS2,2.0,1.0,3.0,MoS2_0.01562,41.459927930000006,0.36010000000000275
6142333eee0a3fd43fb47eeb,low_MoS2,1.0,2.0,3.0,MoS2_0.01562,32.152448419999914,0.3990000000000009
614233494e27a1844a5f06b2,low_MoS2,1.0,2.0,3.0,MoS2_0.01562,8.511553470000106,1.1432000000000002
6142336f31cf3ef3d4a9f3bc,low_MoS2,2.0,1.0,3.0,MoS2_0.01562,41.41554246999995,0.37530000000000285
614233983ac25c70a5c6cb21,low_MoS2,3.0,0.0,3.0,MoS2_0.01562,50.30402005000011,0.14930000000000376
6142339b4e27a1844a5f06b4,low_MoS2,1.0,2.0,3.0,MoS2_0.01562,8.50762690000013,1.1474000000000046
6142339c31cf3ef3d4a9f3be,low_MoS2,2.0,1.0,3.0,MoS2_0.01562,41.39232677000014,0.30049999999999955
614233a89cbada84a8676ccb,low_MoS2,0.0,3.0,3.0,MoS2_0.01562,-0.8264242499998886,1.806600000000003
614233b9baaf234b35290662,low_MoS2,2.0,1.0,3.0,MoS2_0.01562,17.860009230000053,1.1113999999999962
614233dd4e27a1844a5f06b6,low_MoS2,1.0,2.0,3.0,MoS2_0.01562,8.502581530000068,1.148299999999999
614233e1baaf234b35290664,low_MoS2,2.0,1.0,3.0,MoS2_0.01562,17.900377030000065,1.1228999999999942
614233f3ee0a3fd43fb47eed,low_MoS2,1.0,2.0,3.0,MoS2_0.01562,32.14574497000011,0.40160000000000196
614234084e27a1844a5f06b8,low_MoS2,1.0,2.0,3.0,MoS2_0.01562,8.508076180000014,1.1469000000000023
61423409baaf234b35290666,low_MoS2,2.0,1.0,3.0,MoS2_0.01562,17.862400610000115,1.1112000000000037
6142341931cf3ef3d4a9f3c0,low_MoS2,2.0,1.0,3.0,MoS2_0.01562,41.473629410000015,0.41279999999999717
614234213ac25c70a5c6cb23,low_MoS2,3.0,0.0,3.0,MoS2_0.01562,50.81491371999997,0.3398000000000039
614234334e27a1844a5f06ba,low_MoS2,1.0,2.0,3.0,MoS2_0.01562,8.514793399999942,1.1475000000000009
6142343ebaaf234b35290668,low_MoS2,2.0,1.0,3.0,MoS2_0.01562,17.852351579999997,1.0949999999999989
6142344531cf3ef3d4a9f3c2,low_MoS2,2.0,1.0,3.0,MoS2_0.01562,40.96155672000005,0.15670000000000073
6142345e4e27a1844a5f06bc,low_MoS2,1.0,2.0,3.0,MoS2_0.01562,8.512573440000121,1.1455999999999946
6142348b9cbada84a8676ccd,low_MoS2,0.0,3.0,3.0,MoS2_0.01562,-0.832526249999944,1.8089000000000013
6142349d31cf3ef3d4a9f3c4,low_MoS2,2.0,1.0,3.0,MoS2_0.01562,41.42718955000005,0.37950000000000017
614234a1ee0a3fd43fb47eef,low_MoS2,1.0,2.0,3.0,MoS2_0.01562,32.142213750000096,0.40459999999999496
614234c931cf3ef3d4a9f3c6,low_MoS2,2.0,1.0,3.0,MoS2_0.01562,41.419903570000045,0.3639999999999972
614234ec4e27a1844a5f06be,low_MoS2,1.0,2.0,3.0,MoS2_0.01562,8.512244669999998,1.1465000000000032
61423512baaf234b3529066a,low_MoS2,2.0,1.0,3.0,MoS2_0.01562,17.90023218999999,1.116500000000002
614235314e27a1844a5f06c0,low_MoS2,1.0,2.0,3.0,MoS2_0.01562,8.546645980000019,1.181200000000004
6142353331cf3ef3d4a9f3c8,low_MoS2,2.0,1.0,3.0,MoS2_0.01562,41.44711391999995,0.37469999999999715
614235359cbada84a8676ccf,low_MoS2,0.0,3.0,3.0,MoS2_0.01562,-0.8316167499999096,1.8081999999999994
6142353abaaf234b3529066c,low_MoS2,2.0,1.0,3.0,MoS2_0.01562,17.848170870000096,1.1082999999999998
6142356031cf3ef3d4a9f3ca,low_MoS2,2.0,1.0,3.0,MoS2_0.01562,41.425621739999954,0.37419999999999476
6142357fee0a3fd43fb47ef1,low_MoS2,1.0,2.0,3.0,MoS2_0.01562,32.15024491999996,0.4046999999999983
614235973ac25c70a5c6cb25,low_MoS2,3.0,0.0,3.0,MoS2_0.01562,50.82325206000011,0.4222999999999999
614235b531cf3ef3d4a9f3cc,low_MoS2,2.0,1.0,3.0,MoS2_0.01562,41.433307239999934,0.4110999999999976
614235cb9cbada84a8676cd1,low_MoS2,0.0,3.0,3.0,MoS2_0.01562,-0.8323508200000447,1.8081999999999994
614235d2baaf234b3529066e,low_MoS2,2.0,1.0,3.0,MoS2_0.01562,17.883737919999923,1.1081000000000003
614235e04e27a1844a5f06c2,low_MoS2,1.0,2.0,3.0,MoS2_0.01562,8.505948969999988,1.1440999999999946
614235e231cf3ef3d4a9f3ce,low_MoS2,2.0,1.0,3.0,MoS2_0.01562,41.455062389999924,0.3872
614235f5ee0a3fd43fb47ef3,low_MoS2,1.0,2.0,3.0,MoS2_0.01562,32.13347726999994,0.39859999999999474
614235f59cbada84a8676cd3,low_MoS2,0.0,3.0,3.0,MoS2_0.01562,-0.8317840899998714,1.8086999999999946
614236003ac25c70a5c6cb27,low_MoS2,3.0,0.0,3.0,MoS2_0.01562,50.732008580000105,0.30760000000000076
61423616baaf234b35290670,low_MoS2,2.0,1.0,3.0,MoS2_0.01562,17.856285360000122,1.0831000000000017
614236174e27a1844a5f06c4,low_MoS2,1.0,2.0,3.0,MoS2_0.01562,8.49405512000001,1.1373000000000033
6142361e31cf3ef3d4a9f3d0,low_MoS2,2.0,1.0,3.0,MoS2_0.01562,41.487561180000014,0.4106999999999985
61423659ee0a3fd43fb47ef5,low_MoS2,1.0,2.0,3.0,MoS2_0.01562,32.145315649999915,0.4040999999999997
614236693ac25c70a5c6cb29,low_MoS2,3.0,0.0,3.0,MoS2_0.01562,50.760301019999964,0.27770000000000294
6142367231cf3ef3d4a9f3d2,low_MoS2,2.0,1.0,3.0,MoS2_0.01562,41.47833983000005,0.40569999999999595
614236834e27a1844a5f06c6,low_MoS2,1.0,2.0,3.0,MoS2_0.01562,8.517507430000048,1.1471000000000018
614236abbaaf234b35290672,low_MoS2,2.0,1.0,3.0,MoS2_0.01562,17.871098159999967,1.1004000000000005
614236b7ee0a3fd43fb47ef7,low_MoS2,1.0,2.0,3.0,MoS2_0.01562,31.95057956000004,0.25500000000000256
614236c231cf3ef3d4a9f3d4,low_MoS2,2.0,1.0,3.0,MoS2_0.01562,41.39662371999994,0.2962999999999951
614236d14e27a1844a5f06c8,low_MoS2,1.0,2.0,3.0,MoS2_0.01562,8.508332260000113,1.145399999999995
614236d23ac25c70a5c6cb2b,low_MoS2,3.0,0.0,3.0,MoS2_0.01562,50.308959119999976,0.15159999999999485
614236feee0a3fd43fb47ef9,low_MoS2,1.0,2.0,3.0,MoS2_0.01562,32.11182912999992,0.34550000000000125
614237029cbada84a8676cd5,low_MoS2,0.0,3.0,3.0,MoS2_0.01562,-0.8316311599998585,1.8096999999999994
61423739baaf234b35290674,low_MoS2,2.0,1.0,3.0,MoS2_0.01562,17.930617389999945,0.6528999999999954
6142374331cf3ef3d4a9f3d6,low_MoS2,2.0,1.0,3.0,MoS2_0.01562,41.445824809999934,0.377200000000002
6142374e3ac25c70a5c6cb2d,low_MoS2,3.0,0.0,3.0,MoS2_0.01562,50.29003454,0.15630000000000166
6142374f4e27a1844a5f06ca,low_MoS2,1.0,2.0,3.0,MoS2_0.01562,8.513736270000006,1.1459000000000046
61423770ee0a3fd43fb47efb,low_MoS2,1.0,2.0,3.0,MoS2_0.01562,32.13970979000008,0.4031999999999982
614237864e27a1844a5f06cc,low_MoS2,1.0,2.0,3.0,MoS2_0.01562,8.513175580000077,1.1296999999999997
614237a631cf3ef3d4a9f3d8,low_MoS2,2.0,1.0,3.0,MoS2_0.01562,41.48396584000007,0.40789999999999793
614237b73ac25c70a5c6cb2f,low_MoS2,3.0,0.0,3.0,MoS2_0.01562,50.79083753000001,0.42200000000000415
614237d331cf3ef3d4a9f3da,low_MoS2,2.0,1.0,3.0,MoS2_0.01562,41.43701759000005,0.4095999999999975
6142380e4e27a1844a5f06ce,low_MoS2,1.0,2.0,3.0,MoS2_0.01562,8.50366912999996,1.1448999999999998
6142381e31cf3ef3d4a9f3dc,low_MoS2,2.0,1.0,3.0,MoS2_0.01562,41.30239589000003,0.268100000000004
614238213ac25c70a5c6cb31,low_MoS2,3.0,0.0,3.0,MoS2_0.01562,48.71771443999993,0.33030000000000115
6142384b31cf3ef3d4a9f3de,low_MoS2,2.0,1.0,3.0,MoS2_0.01562,39.49905918999998,0.15149999999999864
6142384e4e27a1844a5f06d0,low_MoS2,1.0,2.0,3.0,MoS2_0.01562,8.506146319999996,1.1452000000000027
6142387831cf3ef3d4a9f3e0,low_MoS2,2.0,1.0,3.0,MoS2_0.01562,41.47414879000003,0.41379999999999484
614238903ac25c70a5c6cb33,low_MoS2,3.0,0.0,3.0,MoS2_0.01562,48.717819269999985,0.12629999999999342
614238a631cf3ef3d4a9f3e2,low_MoS2,2.0,1.0,3.0,MoS2_0.01562,40.96491069000008,0.15899999999999892
614238c0ee0a3fd43fb47efd,low_MoS2,1.0,2.0,3.0,MoS2_0.01562,32.15177098000002,0.40270000000000294
614238c84e27a1844a5f06d2,low_MoS2,1.0,2.0,3.0,MoS2_0.01562,8.544196119999949,1.1816999999999993
614238f34e27a1844a5f06d4,low_MoS2,1.0,2.0,3.0,MoS2_0.01562,8.508602260000114,1.1482000000000028
614238fb3ac25c70a5c6cb35,low_MoS2,3.0,0.0,3.0,MoS2_0.01562,50.82466857000001,0.3412000000000006
614239139cbada84a8676cd7,low_MoS2,0.0,3.0,3.0,MoS2_0.01562,-0.8236941699998965,1.8064000000000036
6142391e4e27a1844a5f06d6,low_MoS2,1.0,2.0,3.0,MoS2_0.01562,8.505674519999982,1.1418999999999997
6142392331cf3ef3d4a9f3e4,low_MoS2,2.0,1.0,3.0,MoS2_0.01562,41.46525441000013,0.3376000000000019
614239399cbada84a8676cd9,low_MoS2,0.0,3.0,3.0,MoS2_0.01562,-0.8042854199999852,1.8079999999999998
6142395031cf3ef3d4a9f3e6,low_MoS2,2.0,1.0,3.0,MoS2_0.01562,41.45901451999994,0.37049999999999983
614239683ac25c70a5c6cb37,low_MoS2,3.0,0.0,3.0,MoS2_0.01562,50.78096609000014,0.4229000000000056
61423969baaf234b35290676,low_MoS2,2.0,1.0,3.0,MoS2_0.01562,17.86844339000003,1.0840999999999994
6142399231cf3ef3d4a9f3e8,low_MoS2,2.0,1.0,3.0,MoS2_0.01562,41.48052614000012,0.41089999999999804
6142399f4e27a1844a5f06d8,low_MoS2,1.0,2.0,3.0,MoS2_0.01562,8.513371900000063,1.1465999999999994
614239a29cbada84a8676cdb,low_MoS2,0.0,3.0,3.0,MoS2_0.01562,-0.8331205999999725,1.8060000000000045
614239c031cf3ef3d4a9f3ea,low_MoS2,2.0,1.0,3.0,MoS2_0.01562,40.83277519000008,0.14410000000000167
614239ca4e27a1844a5f06da,low_MoS2,1.0,2.0,3.0,MoS2_0.01562,8.496031859999928,1.1355000000000004
614239df9cbada84a8676cdd,low_MoS2,0.0,3.0,3.0,MoS2_0.01562,-0.8227211000000239,1.807700000000004
614239ed31cf3ef3d4a9f3ec,low_MoS2,2.0,1.0,3.0,MoS2_0.01562,41.466586010000086,0.41680000000000206
61423a1e4e27a1844a5f06dc,low_MoS2,1.0,2.0,3.0,MoS2_0.01562,8.517706630000045,1.1477000000000004
61423a3f3ac25c70a5c6cb39,low_MoS2,3.0,0.0,3.0,MoS2_0.01562,50.828709349999976,0.42389999999999617
61423a614e27a1844a5f06de,low_MoS2,1.0,2.0,3.0,MoS2_0.01562,8.497846049999932,1.1528999999999954
61423a6e31cf3ef3d4a9f3ee,low_MoS2,2.0,1.0,3.0,MoS2_0.01562,41.433554070000085,0.4107999999999947
61423a8c4e27a1844a5f06e0,low_MoS2,1.0,2.0,3.0,MoS2_0.01562,8.511710089999976,1.1479
61423a9c31cf3ef3d4a9f3f0,low_MoS2,2.0,1.0,3.0,MoS2_0.01562,41.229371889999996,0.2242999999999995
61423aa6ee0a3fd43fb47eff,low_MoS2,1.0,2.0,3.0,MoS2_0.01562,32.12075860000003,0.39289999999999736
61423aae3ac25c70a5c6cb3b,low_MoS2,3.0,0.0,3.0,MoS2_0.01562,50.82230739999992,0.4288999999999987
61423acaee0a3fd43fb47f01,low_MoS2,1.0,2.0,3.0,MoS2_0.01562,32.14606539000009,0.40399999999999636
61423ad931cf3ef3d4a9f3f2,low_MoS2,2.0,1.0,3.0,MoS2_0.01562,41.34092484000003,0.3246000000000038
61423aec4e27a1844a5f06e2,low_MoS2,1.0,2.0,3.0,MoS2_0.01562,8.539925640000117,1.1454999999999984
61423b0fbaaf234b35290678,low_MoS2,2.0,1.0,3.0,MoS2_0.01562,17.888864790000063,0.9581000000000017
61423b1a3ac25c70a5c6cb3d,low_MoS2,3.0,0.0,3.0,MoS2_0.01562,50.73423979999999,0.30349999999999966
61423b204e27a1844a5f06e4,low_MoS2,1.0,2.0,3.0,MoS2_0.01562,8.508755800000042,1.1495999999999995
61423b6a4e27a1844a5f06e6,low_MoS2,1.0,2.0,3.0,MoS2_0.01562,8.510105569999975,1.1487999999999943
61423b6f9cbada84a8676cdf,low_MoS2,0.0,3.0,3.0,MoS2_0.01562,-0.8333138400000166,1.8078999999999965
61423b8c3ac25c70a5c6cb3f,low_MoS2,3.0,0.0,3.0,MoS2_0.01562,50.806594459999964,0.38510000000000133
61423ba831cf3ef3d4a9f3f4,low_MoS2,2.0,1.0,3.0,MoS2_0.01562,40.9687258200001,0.1570999999999998
61423ba99cbada84a8676ce1,low_MoS2,0.0,3.0,3.0,MoS2_0.01562,-0.8321277599999917,1.8088999999999942
61423bb04e27a1844a5f06e8,low_MoS2,1.0,2.0,3.0,MoS2_0.01562,8.507170130000102,1.145300000000006
61423bb6baaf234b3529067a,low_MoS2,2.0,1.0,3.0,MoS2_0.01562,17.871561809999996,1.1081999999999965
61423bb9ee0a3fd43fb47f03,low_MoS2,1.0,2.0,3.0,MoS2_0.01562,32.15382236999993,0.3813000000000031
61423bd531cf3ef3d4a9f3f6,low_MoS2,2.0,1.0,3.0,MoS2_0.01562,41.455669939999964,0.3725999999999985
61423bdf4e27a1844a5f06ea,low_MoS2,1.0,2.0,3.0,MoS2_0.01562,8.51122747000002,1.1447000000000003
61423bfc3ac25c70a5c6cb41,low_MoS2,3.0,0.0,3.0,MoS2_0.01562,50.300075219999975,0.1478000000000037
61423c284e27a1844a5f06ec,low_MoS2,1.0,2.0,3.0,MoS2_0.01562,8.510073749999972,1.1447000000000003
61423c2a31cf3ef3d4a9f3f8,low_MoS2,2.0,1.0,3.0,MoS2_0.01562,41.463629450000056,0.37760000000000105
61423c31baaf234b3529067c,low_MoS2,2.0,1.0,3.0,MoS2_0.01562,17.82346400000005,1.1086000000000027
61423c534e27a1844a5f06ee,low_MoS2,1.0,2.0,3.0,MoS2_0.01562,8.51070966,1.1473000000000013
61423c5931cf3ef3d4a9f3fa,low_MoS2,2.0,1.0,3.0,MoS2_0.01562,41.456102190000095,0.37830000000000297
61423c874e27a1844a5f06f0,low_MoS2,1.0,2.0,3.0,MoS2_0.01562,8.512473499999967,1.142000000000003
61423c8a31cf3ef3d4a9f3fc,low_MoS2,2.0,1.0,3.0,MoS2_0.01562,41.47301903000012,0.3329000000000022
61423cafbaaf234b3529067e,low_MoS2,2.0,1.0,3.0,MoS2_0.01562,17.88502671000014,1.1081000000000003
61423cb14e27a1844a5f06f2,low_MoS2,1.0,2.0,3.0,MoS2_0.01562,8.517409730000079,1.1428999999999974
61423cd731cf3ef3d4a9f3fe,low_MoS2,2.0,1.0,3.0,MoS2_0.01562,41.44807830000009,0.384999999999998
61423cd99cbada84a8676ce3,low_MoS2,0.0,3.0,3.0,MoS2_0.01562,-0.830652710000038,1.8091000000000008
61423cfe4e27a1844a5f06f4,low_MoS2,1.0,2.0,3.0,MoS2_0.01562,8.502332670000012,1.1426000000000016
61423d143ac25c70a5c6cb43,low_MoS2,3.0,0.0,3.0,MoS2_0.01562,50.32132493999999,0.16289999999999338
61423d1c9cbada84a8676ce5,low_MoS2,0.0,3.0,3.0,MoS2_0.01562,-0.833154729999876,1.809599999999996
61423d29ee0a3fd43fb47f05,low_MoS2,1.0,2.0,3.0,MoS2_0.01562,32.14831215999992,0.4017000000000053
61423d3f31cf3ef3d4a9f400,low_MoS2,2.0,1.0,3.0,MoS2_0.01562,41.46296479000007,0.3382000000000005
61423d7dbaaf234b35290680,low_MoS2,2.0,1.0,3.0,MoS2_0.01562,17.851453470000017,1.0938999999999979
61423dd43ac25c70a5c6cb45,low_MoS2,3.0,0.0,3.0,MoS2_0.01562,50.79314274999994,0.37460000000000093
61423df44e27a1844a5f06f6,low_MoS2,1.0,2.0,3.0,MoS2_0.01562,8.528817560000132,1.1387
61423df6baaf234b35290682,low_MoS2,2.0,1.0,3.0,MoS2_0.01562,17.860731550000075,1.103200000000001
61423dff31cf3ef3d4a9f402,low_MoS2,2.0,1.0,3.0,MoS2_0.01562,41.40322151000005,0.3900999999999968
61423e254e27a1844a5f06f8,low_MoS2,1.0,2.0,3.0,MoS2_0.01562,8.506784019999966,1.1479999999999961
61423e46ee0a3fd43fb47f07,low_MoS2,1.0,2.0,3.0,MoS2_0.01562,32.15233964999992,0.40109999999999957
61423e504e27a1844a5f06fa,low_MoS2,1.0,2.0,3.0,MoS2_0.01562,8.512216939999941,1.1476000000000042
61423e7431cf3ef3d4a9f404,low_MoS2,2.0,1.0,3.0,MoS2_0.01562,41.28180274000006,0.24910000000000565
61423e95baaf234b35290684,low_MoS2,2.0,1.0,3.0,MoS2_0.01562,17.85048105000009,1.0835000000000008
61423e9e3ac25c70a5c6cb47,low_MoS2,3.0,0.0,3.0,MoS2_0.01562,50.6176579300001,0.3149999999999977
61423eba4e27a1844a5f06fc,low_MoS2,1.0,2.0,3.0,MoS2_0.01562,8.513930919999918,1.1458999999999975
61423ef64e27a1844a5f06fe,low_MoS2,1.0,2.0,3.0,MoS2_0.01562,8.54417500000002,1.1802000000000064
61423effee0a3fd43fb47f09,low_MoS2,1.0,2.0,3.0,MoS2_0.01562,32.14072744000008,0.404200000000003
61423f1131cf3ef3d4a9f406,low_MoS2,2.0,1.0,3.0,MoS2_0.01562,41.45574669999992,0.3796999999999997
61423f239cbada84a8676ce7,low_MoS2,0.0,3.0,3.0,MoS2_0.01562,-0.8333559100000798,1.8094999999999999
61423f3e4e27a1844a5f0700,low_MoS2,1.0,2.0,3.0,MoS2_0.01562,8.551063599999932,1.1784999999999997
61423f724e27a1844a5f0702,low_MoS2,1.0,2.0,3.0,MoS2_0.01562,8.51349380000013,1.1459000000000046
61423f74baaf234b35290686,low_MoS2,2.0,1.0,3.0,MoS2_0.01562,17.84812030000011,1.0940999999999974
61423fa7baaf234b35290688,low_MoS2,2.0,1.0,3.0,MoS2_0.01562,17.86172821000013,1.0953000000000017
61423fae31cf3ef3d4a9f408,low_MoS2,2.0,1.0,3.0,MoS2_0.01562,39.48780873999995,0.15720000000000312
614240289cbada84a8676ce9,low_MoS2,0.0,3.0,3.0,MoS2_0.01562,-0.8331609999999614,1.808399999999999
61424033ee0a3fd43fb47f0b,low_MoS2,1.0,2.0,3.0,MoS2_0.01562,32.11928957000008,0.3544999999999945
614240404e27a1844a5f0704,low_MoS2,1.0,2.0,3.0,MoS2_0.01562,8.51356353000008,1.1454999999999984
6142405a9cbada84a8676ceb,low_MoS2,0.0,3.0,3.0,MoS2_0.01562,-0.8041549199999167,1.8091000000000008
6142405b31cf3ef3d4a9f40a,low_MoS2,2.0,1.0,3.0,MoS2_0.01562,41.47200093000011,0.414200000000001
6142406c4e27a1844a5f0706,low_MoS2,1.0,2.0,3.0,MoS2_0.01562,8.518211549999958,1.1472999999999942
61424091ee0a3fd43fb47f0d,low_MoS2,1.0,2.0,3.0,MoS2_0.01562,32.13191067000001,0.39569999999999794
6142409d4e27a1844a5f0708,low_MoS2,1.0,2.0,3.0,MoS2_0.01562,8.50589418999996,1.1487000000000052
614240b0baaf234b3529068a,low_MoS2,2.0,1.0,3.0,MoS2_0.01562,17.904731130000066,1.125
614240c84e27a1844a5f070a,low_MoS2,1.0,2.0,3.0,MoS2_0.01562,8.50421935000011,1.1450999999999993
614240e2baaf234b3529068c,low_MoS2,2.0,1.0,3.0,MoS2_0.01562,17.86703125999997,1.1092000000000013
614240f531cf3ef3d4a9f40c,low_MoS2,2.0,1.0,3.0,MoS2_0.01562,41.54550022999997,0.3669000000000011
6142412431cf3ef3d4a9f40e,low_MoS2,2.0,1.0,3.0,MoS2_0.01562,41.463252590000096,0.3841999999999999
614241524e27a1844a5f070c,low_MoS2,1.0,2.0,3.0,MoS2_0.01562,8.52454534999995,1.1417000000000002
614241539cbada84a8676ced,low_MoS2,0.0,3.0,3.0,MoS2_0.01562,-0.832699479999917,1.8085999999999984
614241713ac25c70a5c6cb49,low_MoS2,3.0,0.0,3.0,MoS2_0.01562,50.86892554000011,0.16040000000000276
614241af4e27a1844a5f070e,low_MoS2,1.0,2.0,3.0,MoS2_0.01562,8.515015510000037,1.1445000000000007
614241b331cf3ef3d4a9f410,low_MoS2,2.0,1.0,3.0,MoS2_0.01562,41.40078940000008,0.38980000000000103
614241dd3ac25c70a5c6cb4b,low_MoS2,3.0,0.0,3.0,MoS2_0.01562,50.80665676999994,0.39289999999999736
614241e6baaf234b3529068e,low_MoS2,2.0,1.0,3.0,MoS2_0.01562,17.868157710000098,1.1109000000000009
61424222ee0a3fd43fb47f0f,low_MoS2,1.0,2.0,3.0,MoS2_0.01562,31.953042679999943,0.2513000000000005
6142422831cf3ef3d4a9f412,low_MoS2,2.0,1.0,3.0,MoS2_0.01562,40.97073582000003,0.15449999999999875
6142423fbaaf234b35290690,low_MoS2,2.0,1.0,3.0,MoS2_0.01562,17.886899710000073,1.0816000000000017
6142424a3ac25c70a5c6cb4d,low_MoS2,3.0,0.0,3.0,MoS2_0.01562,50.81214431000004,0.3950000000000031
6142425831cf3ef3d4a9f414,low_MoS2,2.0,1.0,3.0,MoS2_0.01562,41.446454450000104,0.3614000000000033
614242664e27a1844a5f0710,low_MoS2,1.0,2.0,3.0,MoS2_0.01562,8.50595548999993,1.142400000000002
614242a39cbada84a8676cef,low_MoS2,0.0,3.0,3.0,MoS2_0.01562,-0.8329133699998579,1.8093999999999966
614242bb3ac25c70a5c6cb4f,low_MoS2,3.0,0.0,3.0,MoS2_0.01562,50.827454149999916,0.420100000000005
614242c74e27a1844a5f0712,low_MoS2,1.0,2.0,3.0,MoS2_0.01562,8.494160579999996,1.1374999999999957
614242ce31cf3ef3d4a9f416,low_MoS2,2.0,1.0,3.0,MoS2_0.01562,40.95152924999998,0.16040000000000276
614242f0baaf234b35290692,low_MoS2,2.0,1.0,3.0,MoS2_0.01562,17.88958223000008,0.9587000000000003
614242f24e27a1844a5f0714,low_MoS2,1.0,2.0,3.0,MoS2_0.01562,8.53302708999993,1.139800000000001
614243273ac25c70a5c6cb51,low_MoS2,3.0,0.0,3.0,MoS2_0.01562,48.80039916000002,0.16280000000000427
6142436931cf3ef3d4a9f418,low_MoS2,2.0,1.0,3.0,MoS2_0.01562,41.44022132000005,0.3760000000000048
614243834e27a1844a5f0716,low_MoS2,1.0,2.0,3.0,MoS2_0.01562,8.540656610000067,1.145699999999998
6142438bbaaf234b35290694,low_MoS2,2.0,1.0,3.0,MoS2_0.01562,17.883382900000008,1.1226999999999947
6142438c9cbada84a8676cf1,low_MoS2,0.0,3.0,3.0,MoS2_0.01562,-0.8315056099999651,1.808399999999999
614243b09cbada84a8676cf3,low_MoS2,0.0,3.0,3.0,MoS2_0.01562,-0.8325838800000724,1.808799999999998
614243be31cf3ef3d4a9f41a,low_MoS2,2.0,1.0,3.0,MoS2_0.01562,41.42222654999996,0.41570000000000107
614243c63ac25c70a5c6cb53,low_MoS2,3.0,0.0,3.0,MoS2_0.01562,50.73910182000001,0.29990000000000094
614243e8ee0a3fd43fb47f11,low_MoS2,1.0,2.0,3.0,MoS2_0.01562,32.08721603000002,0.4057999999999993
614243ff31cf3ef3d4a9f41c,low_MoS2,2.0,1.0,3.0,MoS2_0.01562,41.490914480000086,0.4112000000000009
614244229cbada84a8676cf5,low_MoS2,0.0,3.0,3.0,MoS2_0.01562,-0.804592689999879,1.8090000000000046
6142443031cf3ef3d4a9f41e,low_MoS2,2.0,1.0,3.0,MoS2_0.01562,41.46952393000011,0.33670000000000044
614244343ac25c70a5c6cb55,low_MoS2,3.0,0.0,3.0,MoS2_0.01562,50.877361920000034,0.15789999999999793
614244594e27a1844a5f0718,low_MoS2,1.0,2.0,3.0,MoS2_0.01562,8.502256040000045,1.1465999999999994
61424488baaf234b35290696,low_MoS2,2.0,1.0,3.0,MoS2_0.01562,17.858402070000004,1.0381
614244a54e27a1844a5f071a,low_MoS2,1.0,2.0,3.0,MoS2_0.01562,8.513421240000095,1.1417000000000002
614244e231cf3ef3d4a9f420,low_MoS2,2.0,1.0,3.0,MoS2_0.01562,41.38419713999993,0.3027000000000015
614244f1ee0a3fd43fb47f13,low_MoS2,1.0,2.0,3.0,MoS2_0.01562,32.14709013000014,0.4012999999999991
61424528baaf234b35290698,low_MoS2,2.0,1.0,3.0,MoS2_0.01562,17.86585003000004,1.109499999999997
614245444e27a1844a5f071c,low_MoS2,1.0,2.0,3.0,MoS2_0.01562,8.527175519999926,1.1402
6142459f4e27a1844a5f071e,low_MoS2,1.0,2.0,3.0,MoS2_0.01562,8.50769065000011,1.148299999999999
614245efee0a3fd43fb47f15,low_MoS2,1.0,2.0,3.0,MoS2_0.01562,31.95194936000006,0.24859999999999616
614245f09cbada84a8676cf7,low_MoS2,0.0,3.0,3.0,MoS2_0.01562,-0.8286026699999525,1.8085999999999984
614245f04e27a1844a5f0720,low_MoS2,1.0,2.0,3.0,MoS2_0.01562,8.502538180000126,1.1428000000000011
614246303ac25c70a5c6cb57,low_MoS2,3.0,0.0,3.0,MoS2_0.01562,50.811606829999995,0.3877000000000024
6142463d4e27a1844a5f0722,low_MoS2,1.0,2.0,3.0,MoS2_0.01562,8.511864869999979,1.1484999999999985
6142464831cf3ef3d4a9f422,low_MoS2,2.0,1.0,3.0,MoS2_0.01562,41.45670678000006,0.3937999999999988
6142466e4e27a1844a5f0724,low_MoS2,1.0,2.0,3.0,MoS2_0.01562,8.529703539999925,1.137599999999999
6142469e3ac25c70a5c6cb59,low_MoS2,3.0,0.0,3.0,MoS2_0.01562,50.82601665999997,0.3410999999999973
6142469f4e27a1844a5f0726,low_MoS2,1.0,2.0,3.0,MoS2_0.01562,8.542324329999953,1.1429000000000045
614246aa31cf3ef3d4a9f424,low_MoS2,2.0,1.0,3.0,MoS2_0.01562,41.38344585,0.41260000000000474
614246d931cf3ef3d4a9f426,low_MoS2,2.0,1.0,3.0,MoS2_0.01562,41.44150555000006,0.4093000000000018
614247384e27a1844a5f0728,low_MoS2,1.0,2.0,3.0,MoS2_0.01562,8.51356267000008,1.1454999999999984
614247469cbada84a8676cf9,low_MoS2,0.0,3.0,3.0,MoS2_0.01562,-0.8304911499998866,1.8084999999999951
6142475ebaaf234b3529069a,low_MoS2,2.0,1.0,3.0,MoS2_0.01562,17.864637140000006,1.106500000000004
6142476c3ac25c70a5c6cb5b,low_MoS2,3.0,0.0,3.0,MoS2_0.01562,48.83908157000011,0.1524000000000001
6142477531cf3ef3d4a9f428,low_MoS2,2.0,1.0,3.0,MoS2_0.01562,41.42681747000002,0.3801000000000059
61424787baaf234b3529069c,low_MoS2,2.0,1.0,3.0,MoS2_0.01562,17.890808820000068,1.096900000000005
614247ae4e27a1844a5f072a,low_MoS2,1.0,2.0,3.0,MoS2_0.01562,8.532575559999966,1.1392999999999986
614247b4ee0a3fd43fb47f17,low_MoS2,1.0,2.0,3.0,MoS2_0.01562,32.1281762200001,0.39350000000000307
614247cfbaaf234b3529069e,low_MoS2,2.0,1.0,3.0,MoS2_0.01562,17.866596419999944,1.084299999999999
614247df4e27a1844a5f072c,low_MoS2,1.0,2.0,3.0,MoS2_0.01562,8.512214569999994,1.1452000000000027
614247ec31cf3ef3d4a9f42a,low_MoS2,2.0,1.0,3.0,MoS2_0.01562,41.45352199999998,0.37400000000000233
614247f03ac25c70a5c6cb5d,low_MoS2,3.0,0.0,3.0,MoS2_0.01562,50.312354670000026,0.1389999999999958
614248104e27a1844a5f072e,low_MoS2,1.0,2.0,3.0,MoS2_0.01562,8.51202213000013,1.1463000000000036
6142483b31cf3ef3d4a9f42c,low_MoS2,2.0,1.0,3.0,MoS2_0.01562,41.4296147300001,0.383899999999997
6142483c4e27a1844a5f0730,low_MoS2,1.0,2.0,3.0,MoS2_0.01562,8.513214509999923,1.1459999999999937
614248684e27a1844a5f0732,low_MoS2,1.0,2.0,3.0,MoS2_0.01562,8.510006140000112,1.1439999999999984
6142486abaaf234b352906a0,low_MoS2,2.0,1.0,3.0,MoS2_0.01562,17.86811748000013,1.1096999999999966
6142486eee0a3fd43fb47f19,low_MoS2,1.0,2.0,3.0,MoS2_0.01562,32.14320696999992,0.40220000000000056
6142488c31cf3ef3d4a9f42e,low_MoS2,2.0,1.0,3.0,MoS2_0.01562,41.47367518999995,0.4147999999999996
614248959cbada84a8676cfb,low_MoS2,0.0,3.0,3.0,MoS2_0.01562,-0.8313663299999803,1.8096999999999994
61424897ee0a3fd43fb47f1b,low_MoS2,1.0,2.0,3.0,MoS2_0.01562,32.12149027000008,0.3783999999999992
614248ba9cbada84a8676cfd,low_MoS2,0.0,3.0,3.0,MoS2_0.01562,-0.8047829999999863,1.808799999999998
614248bd31cf3ef3d4a9f430,low_MoS2,2.0,1.0,3.0,MoS2_0.01562,41.43216412000011,0.37760000000000105
614248c4baaf234b352906a2,low_MoS2,2.0,1.0,3.0,MoS2_0.01562,17.85334029,1.0933999999999955
614248d44e27a1844a5f0734,low_MoS2,1.0,2.0,3.0,MoS2_0.01562,8.506161510000108,1.1424999999999983
614248d6ee0a3fd43fb47f1d,low_MoS2,1.0,2.0,3.0,MoS2_0.01562,32.1443849300001,0.40569999999999595
614248dd9cbada84a8676cff,low_MoS2,0.0,3.0,3.0,MoS2_0.01562,-0.8336807000000022,1.8098000000000027
614248fbee0a3fd43fb47f1f,low_MoS2,1.0,2.0,3.0,MoS2_0.01562,32.14240699000014,0.40169999999999817
614249009cbada84a8676d01,low_MoS2,0.0,3.0,3.0,MoS2_0.01562,-0.8235889800000109,1.8064999999999998
6142490931cf3ef3d4a9f432,low_MoS2,2.0,1.0,3.0,MoS2_0.01562,41.41279535000008,0.3832999999999984
6142491f4e27a1844a5f0736,low_MoS2,1.0,2.0,3.0,MoS2_0.01562,8.508936859999974,1.1463999999999999
61424942ee0a3fd43fb47f21,low_MoS2,1.0,2.0,3.0,MoS2_0.01562,32.145846619999915,0.4023000000000039
6142494a4e27a1844a5f0738,low_MoS2,1.0,2.0,3.0,MoS2_0.01562,8.503387790000058,1.1479
6142498f4e27a1844a5f073a,low_MoS2,1.0,2.0,3.0,MoS2_0.01562,8.504779699999997,1.1468999999999951
614249d431cf3ef3d4a9f434,low_MoS2,2.0,1.0,3.0,MoS2_0.01562,39.49363514000011,0.15520000000000067
614249ebbaaf234b352906a4,low_MoS2,2.0,1.0,3.0,MoS2_0.01562,17.86376655000003,1.1096999999999966
61424a0331cf3ef3d4a9f436,low_MoS2,2.0,1.0,3.0,MoS2_0.01562,41.49019820000008,0.41149999999999665
61424a043ac25c70a5c6cb5f,low_MoS2,3.0,0.0,3.0,MoS2_0.01562,50.765638140000114,0.3836000000000013
61424a0f9cbada84a8676d03,low_MoS2,0.0,3.0,3.0,MoS2_0.01562,-0.8326498999999217,1.8096000000000032
61424a3331cf3ef3d4a9f438,low_MoS2,2.0,1.0,3.0,MoS2_0.01562,41.46475845000005,0.39039999999999964
61424a3dee0a3fd43fb47f23,low_MoS2,1.0,2.0,3.0,MoS2_0.01562,32.14880536000008,0.4024000000000001
61424a3f4e27a1844a5f073c,low_MoS2,1.0,2.0,3.0,MoS2_0.01562,8.50681927999997,1.143100000000004
61424a7c4e27a1844a5f073e,low_MoS2,1.0,2.0,3.0,MoS2_0.01562,8.505311789999976,1.1432000000000002
61424aa74e27a1844a5f0740,low_MoS2,1.0,2.0,3.0,MoS2_0.01562,8.500782910000023,1.1459000000000046
61424aadee0a3fd43fb47f25,low_MoS2,1.0,2.0,3.0,MoS2_0.01562,32.137607800000055,0.4037000000000006
61424acf3ac25c70a5c6cb61,low_MoS2,3.0,0.0,3.0,MoS2_0.01562,48.8359734100001,0.16310000000000002
61424ad9baaf234b352906a6,low_MoS2,2.0,1.0,3.0,MoS2_0.01562,17.879286939999922,0.9600999999999971
61424af4ee0a3fd43fb47f27,low_MoS2,1.0,2.0,3.0,MoS2_0.01562,32.15708605999997,0.39809999999999945
61424afb31cf3ef3d4a9f43a,low_MoS2,2.0,1.0,3.0,MoS2_0.01562,41.490392489999934,0.41199999999999903
61424b2a31cf3ef3d4a9f43c,low_MoS2,2.0,1.0,3.0,MoS2_0.01562,41.47047521000009,0.33389999999999986
61424b37baaf234b352906a8,low_MoS2,2.0,1.0,3.0,MoS2_0.01562,17.93078063999996,0.6525999999999996
61424b3f3ac25c70a5c6cb63,low_MoS2,3.0,0.0,3.0,MoS2_0.01562,50.81364548999992,0.3458000000000041
61424b5f4e27a1844a5f0742,low_MoS2,1.0,2.0,3.0,MoS2_0.01562,8.505408860000014,1.1509
61424b8831cf3ef3d4a9f43e,low_MoS2,2.0,1.0,3.0,MoS2_0.01562,40.972645470000046,0.15679999999999694
61424b8a4e27a1844a5f0744,low_MoS2,1.0,2.0,3.0,MoS2_0.01562,8.513859960000016,1.1462000000000003
61424bb531cf3ef3d4a9f440,low_MoS2,2.0,1.0,3.0,MoS2_0.01562,41.48194566000002,0.4122000000000057
61424bb94e27a1844a5f0746,low_MoS2,1.0,2.0,3.0,MoS2_0.01562,8.511835759999965,1.1452000000000027
61424bcb9cbada84a8676d05,low_MoS2,0.0,3.0,3.0,MoS2_0.01562,-0.8324517400000673,1.8096000000000032
61424be531cf3ef3d4a9f442,low_MoS2,2.0,1.0,3.0,MoS2_0.01562,41.4443454700001,0.40970000000000084
61424bf03ac25c70a5c6cb65,low_MoS2,3.0,0.0,3.0,MoS2_0.01562,50.798542379999994,0.3767999999999958
61424c064e27a1844a5f0748,low_MoS2,1.0,2.0,3.0,MoS2_0.01562,8.517420820000122,1.141999999999996
61424c0a9cbada84a8676d07,low_MoS2,0.0,3.0,3.0,MoS2_0.01562,-0.8012496799998985,1.8067999999999955
61424c324e27a1844a5f074a,low_MoS2,1.0,2.0,3.0,MoS2_0.01562,8.507031379999969,1.1495000000000033
61424c659cbada84a8676d09,low_MoS2,0.0,3.0,3.0,MoS2_0.01562,-0.8328191499999207,1.8086999999999946
61424c934e27a1844a5f074c,low_MoS2,1.0,2.0,3.0,MoS2_0.01562,8.538345539999934,1.1498999999999953
61424cbf4e27a1844a5f074e,low_MoS2,1.0,2.0,3.0,MoS2_0.01562,8.52868371000002,1.137900000000002
61424cd43ac25c70a5c6cb67,low_MoS2,3.0,0.0,3.0,MoS2_0.01562,50.77198458000013,0.41860000000000497
61424ce19cbada84a8676d0b,low_MoS2,0.0,3.0,3.0,MoS2_0.01562,-0.8038940799999068,1.8078000000000003
61424d094e27a1844a5f0750,low_MoS2,1.0,2.0,3.0,MoS2_0.01562,8.490594130000115,1.1395999999999944
61424d0c31cf3ef3d4a9f444,low_MoS2,2.0,1.0,3.0,MoS2_0.01562,41.46502868000012,0.38110000000000355
61424d10baaf234b352906aa,low_MoS2,2.0,1.0,3.0,MoS2_0.01562,17.864496449999926,1.0844000000000023
61424d209cbada84a8676d0d,low_MoS2,0.0,3.0,3.0,MoS2_0.01562,-0.8329076300000793,1.8059999999999974
61424d3e31cf3ef3d4a9f446,low_MoS2,2.0,1.0,3.0,MoS2_0.01562,41.43460025999998,0.41029999999999944
61424d439cbada84a8676d0f,low_MoS2,0.0,3.0,3.0,MoS2_0.01562,-0.8326722799999402,1.8093000000000004
61424d443ac25c70a5c6cb69,low_MoS2,3.0,0.0,3.0,MoS2_0.01562,50.78880659000007,0.37940000000000396
61424d5dbaaf234b352906ac,low_MoS2,2.0,1.0,3.0,MoS2_0.01562,17.867193960000115,1.0879000000000048
61424d8c31cf3ef3d4a9f448,low_MoS2,2.0,1.0,3.0,MoS2_0.01562,41.47611539999998,0.33329999999999416
61424d8c4e27a1844a5f0752,low_MoS2,1.0,2.0,3.0,MoS2_0.01562,8.514640350000061,1.147200000000005
61424d989cbada84a8676d11,low_MoS2,0.0,3.0,3.0,MoS2_0.01562,-0.8310648599999126,1.8094999999999999
61424db63ac25c70a5c6cb6b,low_MoS2,3.0,0.0,3.0,MoS2_0.01562,50.80592891000007,0.34499999999999886
61424dcf31cf3ef3d4a9f44a,low_MoS2,2.0,1.0,3.0,MoS2_0.01562,41.453559750000025,0.3930000000000007
61424dd84e27a1844a5f0754,low_MoS2,1.0,2.0,3.0,MoS2_0.01562,8.509575909999992,1.1451999999999956
61424df6baaf234b352906ae,low_MoS2,2.0,1.0,3.0,MoS2_0.01562,17.868471989999982,1.1096000000000004
61424e0131cf3ef3d4a9f44c,low_MoS2,2.0,1.0,3.0,MoS2_0.01562,41.46306276000014,0.4037000000000006
61424e054e27a1844a5f0756,low_MoS2,1.0,2.0,3.0,MoS2_0.01562,8.503119140000106,1.1462000000000003
61424e1dee0a3fd43fb47f29,low_MoS2,1.0,2.0,3.0,MoS2_0.01562,31.950568369999917,0.2504000000000062
61424e2b31cf3ef3d4a9f44e,low_MoS2,2.0,1.0,3.0,MoS2_0.01562,41.47006813000003,0.3347000000000051
61424e303ac25c70a5c6cb6d,low_MoS2,3.0,0.0,3.0,MoS2_0.01562,48.83213958999992,0.15290000000000248
61424e524e27a1844a5f0758,low_MoS2,1.0,2.0,3.0,MoS2_0.01562,8.502286810000012,1.1484000000000023
61424e5cee0a3fd43fb47f2b,low_MoS2,1.0,2.0,3.0,MoS2_0.01562,32.12035258000013,0.34830000000000183
61424ea13ac25c70a5c6cb6f,low_MoS2,3.0,0.0,3.0,MoS2_0.01562,50.821373760000064,0.4181000000000026
61424ebf31cf3ef3d4a9f450,low_MoS2,2.0,1.0,3.0,MoS2_0.01562,41.487942050000086,0.4106000000000023
61424ed64e27a1844a5f075a,low_MoS2,1.0,2.0,3.0,MoS2_0.01562,8.50235120999994,1.1381999999999977
61424f1e4e27a1844a5f075c,low_MoS2,1.0,2.0,3.0,MoS2_0.01562,8.511474960000012,1.144999999999996
61424f4231cf3ef3d4a9f452,low_MoS2,2.0,1.0,3.0,MoS2_0.01562,41.454624039999956,0.3622999999999976
61424f664e27a1844a5f075e,low_MoS2,1.0,2.0,3.0,MoS2_0.01562,8.505642390000073,1.1422000000000025
61424f663ac25c70a5c6cb71,low_MoS2,3.0,0.0,3.0,MoS2_0.01562,50.322543619999955,0.1530000000000058
61424f6d31cf3ef3d4a9f454,low_MoS2,2.0,1.0,3.0,MoS2_0.01562,41.43335158000009,0.4112999999999971
61424f7e9cbada84a8676d13,low_MoS2,0.0,3.0,3.0,MoS2_0.01562,-0.8280073099999186,1.808800000000005
61424fb94e27a1844a5f0760,low_MoS2,1.0,2.0,3.0,MoS2_0.01562,8.51099322000007,1.1452000000000027
61424fcb31cf3ef3d4a9f456,low_MoS2,2.0,1.0,3.0,MoS2_0.01562,41.408310330000134,0.41800000000000637
61424fd8ee0a3fd43fb47f2d,low_MoS2,1.0,2.0,3.0,MoS2_0.01562,32.14787885000008,0.4011999999999958
61424fdb3ac25c70a5c6cb73,low_MoS2,3.0,0.0,3.0,MoS2_0.01562,50.28808765,0.14330000000000354
61424fe64e27a1844a5f0762,low_MoS2,1.0,2.0,3.0,MoS2_0.01562,8.493916590000051,1.1382000000000048
61424fefbaaf234b352906b0,low_MoS2,2.0,1.0,3.0,MoS2_0.01562,17.888967220000033,1.109499999999997
61424ff931cf3ef3d4a9f458,low_MoS2,2.0,1.0,3.0,MoS2_0.01562,41.460290270000044,0.33619999999999806
614250134e27a1844a5f0764,low_MoS2,1.0,2.0,3.0,MoS2_0.01562,8.523036640000125,1.142399999999995
614250434e27a1844a5f0766,low_MoS2,1.0,2.0,3.0,MoS2_0.01562,8.515125780000087,1.1465999999999994
6142504931cf3ef3d4a9f45a,low_MoS2,2.0,1.0,3.0,MoS2_0.01562,41.42607115999995,0.38290000000000646
614250523ac25c70a5c6cb75,low_MoS2,3.0,0.0,3.0,MoS2_0.01562,50.30168977999998,0.1606000000000023
61425053ee0a3fd43fb47f2f,low_MoS2,1.0,2.0,3.0,MoS2_0.01562,32.139451730000005,0.4037000000000006
6142509b31cf3ef3d4a9f45c,low_MoS2,2.0,1.0,3.0,MoS2_0.01562,41.455677780000045,0.377200000000002
6142509cbaaf234b352906b2,low_MoS2,2.0,1.0,3.0,MoS2_0.01562,17.894899379999963,0.9534999999999982
614250a3ee0a3fd43fb47f31,low_MoS2,1.0,2.0,3.0,MoS2_0.01562,32.14899788000001,0.3983999999999952
614250b24e27a1844a5f0768,low_MoS2,1.0,2.0,3.0,MoS2_0.01562,8.513238629999957,1.1462000000000003
614250c731cf3ef3d4a9f45e,low_MoS2,2.0,1.0,3.0,MoS2_0.01562,40.97839411000014,0.15750000000000597
614250d73ac25c70a5c6cb77,low_MoS2,3.0,0.0,3.0,MoS2_0.01562,50.79467162999996,0.37010000000000076
614250de4e27a1844a5f076a,low_MoS2,1.0,2.0,3.0,MoS2_0.01562,8.514136309999937,1.1455999999999946
614250eaee0a3fd43fb47f33,low_MoS2,1.0,2.0,3.0,MoS2_0.01562,32.15104160999998,0.4007000000000005
614250f131cf3ef3d4a9f460,low_MoS2,2.0,1.0,3.0,MoS2_0.01562,41.4029771,0.3708999999999989
6142510a4e27a1844a5f076c,low_MoS2,1.0,2.0,3.0,MoS2_0.01562,8.50955415000001,1.1445000000000007
6142511d31cf3ef3d4a9f462,low_MoS2,2.0,1.0,3.0,MoS2_0.01562,41.42398346,0.3803000000000054
6142514c31cf3ef3d4a9f464,low_MoS2,2.0,1.0,3.0,MoS2_0.01562,41.476447660000034,0.40810000000000457
614251654e27a1844a5f076e,low_MoS2,1.0,2.0,3.0,MoS2_0.01562,8.505566470000101,1.1405999999999992
6142518fee0a3fd43fb47f35,low_MoS2,1.0,2.0,3.0,MoS2_0.01562,32.145172760000136,0.40169999999999817
614251934e27a1844a5f0770,low_MoS2,1.0,2.0,3.0,MoS2_0.01562,8.507860780000126,1.1469000000000023
6142519a9cbada84a8676d15,low_MoS2,0.0,3.0,3.0,MoS2_0.01562,-0.8333901099999252,1.8074000000000012
6142519c31cf3ef3d4a9f466,low_MoS2,2.0,1.0,3.0,MoS2_0.01562,41.28450570000014,0.2709000000000046
614251be9cbada84a8676d17,low_MoS2,0.0,3.0,3.0,MoS2_0.01562,-0.831065249999881,1.8089999999999975
614251e39cbada84a8676d19,low_MoS2,0.0,3.0,3.0,MoS2_0.01562,-0.8311698699998828,1.808399999999999
614251ea4e27a1844a5f0772,low_MoS2,1.0,2.0,3.0,MoS2_0.01562,8.511703169999944,1.1448000000000036
614252204e27a1844a5f0774,low_MoS2,1.0,2.0,3.0,MoS2_0.01562,8.520681550000088,1.145699999999998
6142523b3ac25c70a5c6cb79,low_MoS2,3.0,0.0,3.0,MoS2_0.01562,50.775556599999994,0.3918999999999997
6142528731cf3ef3d4a9f468,low_MoS2,2.0,1.0,3.0,MoS2_0.01562,41.49000636000001,0.4057999999999993
6142528d4e27a1844a5f0776,low_MoS2,1.0,2.0,3.0,MoS2_0.01562,8.510987830000001,1.145699999999998
614252ae3ac25c70a5c6cb7b,low_MoS2,3.0,0.0,3.0,MoS2_0.01562,50.32693807000002,0.1535999999999973
614252c4baaf234b352906b4,low_MoS2,2.0,1.0,3.0,MoS2_0.01562,17.86711798999999,1.1064000000000007
614252e631cf3ef3d4a9f46a,low_MoS2,2.0,1.0,3.0,MoS2_0.01562,41.47091096000004,0.4125000000000014
6142531731cf3ef3d4a9f46c,low_MoS2,2.0,1.0,3.0,MoS2_0.01562,41.47850403999992,0.3318999999999974
6142531e4e27a1844a5f0778,low_MoS2,1.0,2.0,3.0,MoS2_0.01562,8.507827740000064,1.148299999999999
614253223ac25c70a5c6cb7d,low_MoS2,3.0,0.0,3.0,MoS2_0.01562,50.79354127999992,0.3888999999999996
6142535731cf3ef3d4a9f46e,low_MoS2,2.0,1.0,3.0,MoS2_0.01562,41.47689867000004,0.3333999999999975
61425380baaf234b352906b6,low_MoS2,2.0,1.0,3.0,MoS2_0.01562,17.926243079999942,0.6499999999999986
6142538131cf3ef3d4a9f470,low_MoS2,2.0,1.0,3.0,MoS2_0.01562,40.92799707000013,0.1846000000000032
6142539a3ac25c70a5c6cb7f,low_MoS2,3.0,0.0,3.0,MoS2_0.01562,50.82196938000008,0.416400000000003
614253a94e27a1844a5f077a,low_MoS2,1.0,2.0,3.0,MoS2_0.01562,8.513161079999943,1.1454999999999984
614253acbaaf234b352906b8,low_MoS2,2.0,1.0,3.0,MoS2_0.01562,17.869597549999973,1.1095000000000041
614253b131cf3ef3d4a9f472,low_MoS2,2.0,1.0,3.0,MoS2_0.01562,39.49609432000007,0.14910000000000423
614253d7baaf234b352906ba,low_MoS2,2.0,1.0,3.0,MoS2_0.01562,17.886682479999983,1.1058999999999983
614254064e27a1844a5f077c,low_MoS2,1.0,2.0,3.0,MoS2_0.01562,8.512101220000002,1.1462000000000003
6142540d3ac25c70a5c6cb81,low_MoS2,3.0,0.0,3.0,MoS2_0.01562,50.811066039999936,0.38569999999999993
6142543c4e27a1844a5f077e,low_MoS2,1.0,2.0,3.0,MoS2_0.01562,8.499875409999984,1.1462000000000003
6142544031cf3ef3d4a9f474,low_MoS2,2.0,1.0,3.0,MoS2_0.01562,41.435499740000026,0.4095999999999975
614254429cbada84a8676d1b,low_MoS2,0.0,3.0,3.0,MoS2_0.01562,-0.8337145800000485,1.8078999999999965
614254669cbada84a8676d1d,low_MoS2,0.0,3.0,3.0,MoS2_0.01562,-0.8316674100000796,1.8091000000000008
6142547231cf3ef3d4a9f476,low_MoS2,2.0,1.0,3.0,MoS2_0.01562,41.297727439999974,0.2668999999999997
614254813ac25c70a5c6cb83,low_MoS2,3.0,0.0,3.0,MoS2_0.01562,50.80789560000009,0.41670000000000584
614254909cbada84a8676d1f,low_MoS2,0.0,3.0,3.0,MoS2_0.01562,-0.8340155200000368,1.8072000000000017
614254dc4e27a1844a5f0780,low_MoS2,1.0,2.0,3.0,MoS2_0.01562,8.512678390000044,1.1463000000000036
614254e231cf3ef3d4a9f478,low_MoS2,2.0,1.0,3.0,MoS2_0.01562,41.40305123000003,0.28429999999999467
61425508baaf234b352906bc,low_MoS2,2.0,1.0,3.0,MoS2_0.01562,17.855175440000032,1.0936999999999983
614255094e27a1844a5f0782,low_MoS2,1.0,2.0,3.0,MoS2_0.01562,8.513902250000026,1.1462999999999965
6142550d31cf3ef3d4a9f47a,low_MoS2,2.0,1.0,3.0,MoS2_0.01562,39.495224599999986,0.15380000000000393
614255173ac25c70a5c6cb85,low_MoS2,3.0,0.0,3.0,MoS2_0.01562,50.77776611000005,0.4166000000000025
61425534baaf234b352906be,low_MoS2,2.0,1.0,3.0,MoS2_0.01562,17.854852319999956,1.0876999999999981
6142557531cf3ef3d4a9f47c,low_MoS2,2.0,1.0,3.0,MoS2_0.01562,41.473963060000145,0.3357000000000028
6142559c3ac25c70a5c6cb87,low_MoS2,3.0,0.0,3.0,MoS2_0.01562,50.72909581000014,0.311399999999999
614255a631cf3ef3d4a9f47e,low_MoS2,2.0,1.0,3.0,MoS2_0.01562,41.46251367999999,0.36299999999999955
614255a64e27a1844a5f0784,low_MoS2,1.0,2.0,3.0,MoS2_0.01562,8.508876249999982,1.1480999999999995
614255d431cf3ef3d4a9f480,low_MoS2,2.0,1.0,3.0,MoS2_0.01562,41.467857999999936,0.4142999999999972
614255dc4e27a1844a5f0786,low_MoS2,1.0,2.0,3.0,MoS2_0.01562,8.512488139999984,1.1475000000000009
6142560531cf3ef3d4a9f482,low_MoS2,2.0,1.0,3.0,MoS2_0.01562,41.491607160000015,0.4131
61425606ee0a3fd43fb47f37,low_MoS2,1.0,2.0,3.0,MoS2_0.01562,32.14582126999993,0.40090000000000003
614256113ac25c70a5c6cb89,low_MoS2,3.0,0.0,3.0,MoS2_0.01562,50.83112788999998,0.4247999999999976
6142561a4e27a1844a5f0788,low_MoS2,1.0,2.0,3.0,MoS2_0.01562,8.506965860000061,1.1488000000000014
6142563f31cf3ef3d4a9f484,low_MoS2,2.0,1.0,3.0,MoS2_0.01562,41.467894900000104,0.39569999999999794
6142565cbaaf234b352906c0,low_MoS2,2.0,1.0,3.0,MoS2_0.01562,17.851926240000004,1.0043000000000006
6142567031cf3ef3d4a9f486,low_MoS2,2.0,1.0,3.0,MoS2_0.01562,41.477719619999974,0.33720000000000283
614256893ac25c70a5c6cb8b,low_MoS2,3.0,0.0,3.0,MoS2_0.01562,50.3268418700001,0.1477000000000004
614256a131cf3ef3d4a9f488,low_MoS2,2.0,1.0,3.0,MoS2_0.01562,41.40573990000003,0.3855999999999966
614256ab4e27a1844a5f078a,low_MoS2,1.0,2.0,3.0,MoS2_0.01562,8.602383780000107,1.1292999999999935
614256bb9cbada84a8676d21,low_MoS2,0.0,3.0,3.0,MoS2_0.01562,-0.8326569400000494,1.808399999999999
614256ce31cf3ef3d4a9f48a,low_MoS2,2.0,1.0,3.0,MoS2_0.01562,40.97403823000009,0.15610000000000213
614256d5baaf234b352906c2,low_MoS2,2.0,1.0,3.0,MoS2_0.01562,17.851726640000145,1.0947999999999993
614256d84e27a1844a5f078c,low_MoS2,1.0,2.0,3.0,MoS2_0.01562,8.528876460000017,1.1392000000000024
6142570431cf3ef3d4a9f48c,low_MoS2,2.0,1.0,3.0,MoS2_0.01562,41.45740449,0.37599999999999767
614257423ac25c70a5c6cb8d,low_MoS2,3.0,0.0,3.0,MoS2_0.01562,50.81522819000012,0.39399999999999835
6142574f31cf3ef3d4a9f48e,low_MoS2,2.0,1.0,3.0,MoS2_0.01562,39.498854829999985,0.14630000000000365
6142578331cf3ef3d4a9f490,low_MoS2,2.0,1.0,3.0,MoS2_0.01562,41.48527282999994,0.4125000000000014
614257acee0a3fd43fb47f39,low_MoS2,1.0,2.0,3.0,MoS2_0.01562,32.14601427000001,0.4024000000000001
614257b73ac25c70a5c6cb8f,low_MoS2,3.0,0.0,3.0,MoS2_0.01562,50.753087610000115,0.303600000000003
614257ef9cbada84a8676d23,low_MoS2,0.0,3.0,3.0,MoS2_0.01562,-0.831829500000083,1.809599999999996
6142580bee0a3fd43fb47f3b,low_MoS2,1.0,2.0,3.0,MoS2_0.01562,32.143209430000056,0.40399999999999636
6142580b31cf3ef3d4a9f492,low_MoS2,2.0,1.0,3.0,MoS2_0.01562,41.48763785000001,0.4129999999999967
614258284e27a1844a5f078e,low_MoS2,1.0,2.0,3.0,MoS2_0.01562,8.510939009999927,1.1439999999999984
6142582dee0a3fd43fb47f3d,low_MoS2,1.0,2.0,3.0,MoS2_0.01562,32.15060384000002,0.40090000000000003
614258363ac25c70a5c6cb91,low_MoS2,3.0,0.0,3.0,MoS2_0.01562,50.81244062000011,0.40229999999999677
6142585a4e27a1844a5f0790,low_MoS2,1.0,2.0,3.0,MoS2_0.01562,8.506011319999995,1.1426000000000016
614258a931cf3ef3d4a9f494,low_MoS2,2.0,1.0,3.0,MoS2_0.01562,40.92334335999995,0.12519999999999953
614258b34e27a1844a5f0792,low_MoS2,1.0,2.0,3.0,MoS2_0.01562,8.514015030000134,1.1458999999999975
614258e34e27a1844a5f0794,low_MoS2,1.0,2.0,3.0,MoS2_0.01562,8.50925071999998,1.1485999999999947
6142596331cf3ef3d4a9f496,low_MoS2,2.0,1.0,3.0,MoS2_0.01562,41.45761321999994,0.3873999999999995
6142599f31cf3ef3d4a9f498,low_MoS2,2.0,1.0,3.0,MoS2_0.01562,41.48370137000002,0.4060000000000059
614259a54e27a1844a5f0796,low_MoS2,1.0,2.0,3.0,MoS2_0.01562,8.512170499999936,1.1477000000000004
614259d74e27a1844a5f0798,low_MoS2,1.0,2.0,3.0,MoS2_0.01562,8.503718870000082,1.1482000000000028
614259db31cf3ef3d4a9f49a,low_MoS2,2.0,1.0,3.0,MoS2_0.01562,41.427353819999965,0.4186999999999941
614259f2ee0a3fd43fb47f3f,low_MoS2,1.0,2.0,3.0,MoS2_0.01562,32.08754118,0.40500000000000114
61425a159cbada84a8676d25,low_MoS2,0.0,3.0,3.0,MoS2_0.01562,-0.8323268700000312,1.8085999999999984
61425a604e27a1844a5f079a,low_MoS2,1.0,2.0,3.0,MoS2_0.01562,8.525131730000137,1.1304000000000016
61425a65ee0a3fd43fb47f41,low_MoS2,1.0,2.0,3.0,MoS2_0.01562,32.14693944999998,0.4049000000000049
61425a759cbada84a8676d27,low_MoS2,0.0,3.0,3.0,MoS2_0.01562,-0.828559329999905,1.8084999999999951
61425a7631cf3ef3d4a9f49c,low_MoS2,2.0,1.0,3.0,MoS2_0.01562,41.47572858000008,0.41440000000000055
61425aac31cf3ef3d4a9f49e,low_MoS2,2.0,1.0,3.0,MoS2_0.01562,40.97080636999995,0.15699999999999648
61425ab24e27a1844a5f079c,low_MoS2,1.0,2.0,3.0,MoS2_0.01562,8.503385730000016,1.1461000000000041
61425ae631cf3ef3d4a9f4a0,low_MoS2,2.0,1.0,3.0,MoS2_0.01562,41.40367001,0.29749999999999943
61425b1631cf3ef3d4a9f4a2,low_MoS2,2.0,1.0,3.0,MoS2_0.01562,41.475277570000074,0.4135999999999953
61425b184e27a1844a5f079e,low_MoS2,1.0,2.0,3.0,MoS2_0.01562,8.533584950000002,1.1390999999999991
61425b223ac25c70a5c6cb93,low_MoS2,3.0,0.0,3.0,MoS2_0.01562,50.714717819999954,0.36079999999999757
61425b4e31cf3ef3d4a9f4a4,low_MoS2,2.0,1.0,3.0,MoS2_0.01562,41.43933060000013,0.41080000000000183
61425b6d4e27a1844a5f07a0,low_MoS2,1.0,2.0,3.0,MoS2_0.01562,8.525349140000142,1.1385000000000005
61425b9e4e27a1844a5f07a2,low_MoS2,1.0,2.0,3.0,MoS2_0.01562,8.54047958999993,1.144599999999997
61425bce31cf3ef3d4a9f4a6,low_MoS2,2.0,1.0,3.0,MoS2_0.01562,41.49630500000008,0.41500000000000625
61425bde9cbada84a8676d29,low_MoS2,0.0,3.0,3.0,MoS2_0.01562,-0.8300429999998755,1.8079999999999998
61425be63ac25c70a5c6cb95,low_MoS2,3.0,0.0,3.0,MoS2_0.01562,50.82871538999999,0.42480000000000473
61425bf54e27a1844a5f07a4,low_MoS2,1.0,2.0,3.0,MoS2_0.01562,8.514827510000057,1.1477000000000004
61425c149cbada84a8676d2b,low_MoS2,0.0,3.0,3.0,MoS2_0.01562,-0.8041044599999054,1.809899999999999
61425c684e27a1844a5f07a6,low_MoS2,1.0,2.0,3.0,MoS2_0.01562,8.516514760000089,1.1372
61425c6bbaaf234b352906c4,low_MoS2,2.0,1.0,3.0,MoS2_0.01562,17.86084159999995,1.035499999999999
61425c7331cf3ef3d4a9f4a8,low_MoS2,2.0,1.0,3.0,MoS2_0.01562,41.41416051999995,0.41960000000000264
61425c819cbada84a8676d2d,low_MoS2,0.0,3.0,3.0,MoS2_0.01562,-0.8313867599999298,1.8096999999999994
61425c963ac25c70a5c6cb97,low_MoS2,3.0,0.0,3.0,MoS2_0.01562,50.76930811000003,0.41799999999999926
61425c974e27a1844a5f07a8,low_MoS2,1.0,2.0,3.0,MoS2_0.01562,8.53278877000005,1.1479
61425ca231cf3ef3d4a9f4aa,low_MoS2,2.0,1.0,3.0,MoS2_0.01562,41.47335620999998,0.4158000000000044
61425cdbbaaf234b352906c6,low_MoS2,2.0,1.0,3.0,MoS2_0.01562,17.82527427000013,0.9416000000000011
61425d0d3ac25c70a5c6cb99,low_MoS2,3.0,0.0,3.0,MoS2_0.01562,50.33203747000008,0.16080000000000183
61425d3a4e27a1844a5f07aa,low_MoS2,1.0,2.0,3.0,MoS2_0.01562,8.506124199999956,1.1454000000000022
61425da39cbada84a8676d2f,low_MoS2,0.0,3.0,3.0,MoS2_0.01562,-0.8288562199999774,1.8078999999999965
61425da44e27a1844a5f07ac,low_MoS2,1.0,2.0,3.0,MoS2_0.01562,8.511684920000132,1.1455999999999946
61425dcaee0a3fd43fb47f43,low_MoS2,1.0,2.0,3.0,MoS2_0.01562,32.15124869999998,0.4054999999999964
61425ddebaaf234b352906c8,low_MoS2,2.0,1.0,3.0,MoS2_0.01562,17.86686823000013,1.1067999999999998
61425de031cf3ef3d4a9f4ac,low_MoS2,2.0,1.0,3.0,MoS2_0.01562,41.28061702000009,0.26259999999999906
61425e063ac25c70a5c6cb9b,low_MoS2,3.0,0.0,3.0,MoS2_0.01562,50.76726206000004,0.37519999999999953
61425e104e27a1844a5f07ae,low_MoS2,1.0,2.0,3.0,MoS2_0.01562,8.51774892999995,1.1433999999999997
61425e11baaf234b352906ca,low_MoS2,2.0,1.0,3.0,MoS2_0.01562,17.866922540000125,1.110199999999999
61425e4d31cf3ef3d4a9f4ae,low_MoS2,2.0,1.0,3.0,MoS2_0.01562,40.97193095000007,0.15390000000000015
61425e70baaf234b352906cc,low_MoS2,2.0,1.0,3.0,MoS2_0.01562,17.89132270000004,1.115400000000001
61425e7c31cf3ef3d4a9f4b0,low_MoS2,2.0,1.0,3.0,MoS2_0.01562,41.4492570500001,0.3785999999999987
61425e96ee0a3fd43fb47f45,low_MoS2,1.0,2.0,3.0,MoS2_0.01562,32.16826665999996,0.3814999999999955
61425ea83ac25c70a5c6cb9d,low_MoS2,3.0,0.0,3.0,MoS2_0.01562,50.33055389999996,0.15379999999999683
61425eaa31cf3ef3d4a9f4b2,low_MoS2,2.0,1.0,3.0,MoS2_0.01562,41.458435500000135,0.3780000000000001
61425eb84e27a1844a5f07b0,low_MoS2,1.0,2.0,3.0,MoS2_0.01562,8.508904040000086,1.1479999999999961
61425eef9cbada84a8676d31,low_MoS2,0.0,3.0,3.0,MoS2_0.01562,-0.8319355799998789,1.8098000000000027
61425f203ac25c70a5c6cb9f,low_MoS2,3.0,0.0,3.0,MoS2_0.01562,50.77124216000008,0.3873000000000033
61425f434e27a1844a5f07b2,low_MoS2,1.0,2.0,3.0,MoS2_0.01562,8.504973990000078,1.1448999999999998
61425f9a3ac25c70a5c6cba1,low_MoS2,3.0,0.0,3.0,MoS2_0.01562,50.70836517000013,0.30920000000000414
61425fa24e27a1844a5f07b4,low_MoS2,1.0,2.0,3.0,MoS2_0.01562,8.511811620000142,1.146799999999999
61425fad31cf3ef3d4a9f4b4,low_MoS2,2.0,1.0,3.0,MoS2_0.01562,41.436255739999936,0.3855000000000004
61425fb79cbada84a8676d33,low_MoS2,0.0,3.0,3.0,MoS2_0.01562,-0.8329715599999759,1.808799999999998
61425ff09cbada84a8676d35,low_MoS2,0.0,3.0,3.0,MoS2_0.01562,-0.8034842100000219,1.8076000000000008
614260359cbada84a8676d37,low_MoS2,0.0,3.0,3.0,MoS2_0.01562,-0.8037155100000177,1.8078000000000003
6142606f4e27a1844a5f07b6,low_MoS2,1.0,2.0,3.0,MoS2_0.01562,8.512999380000135,1.1444999999999936
614260763ac25c70a5c6cba3,low_MoS2,3.0,0.0,3.0,MoS2_0.01562,50.764342840000076,0.37519999999999953
614260afee0a3fd43fb47f47,low_MoS2,1.0,2.0,3.0,MoS2_0.01562,32.12833575000012,0.3492999999999995
614260e64e27a1844a5f07b8,low_MoS2,1.0,2.0,3.0,MoS2_0.01562,8.543544120000004,1.1448000000000036
614260ebbaaf234b352906ce,low_MoS2,2.0,1.0,3.0,MoS2_0.01562,17.905715569999977,1.117900000000006
614260f731cf3ef3d4a9f4b6,low_MoS2,2.0,1.0,3.0,MoS2_0.01562,41.47121355000009,0.3359000000000023
6142610c9cbada84a8676d39,low_MoS2,0.0,3.0,3.0,MoS2_0.01562,-0.8318264700000668,1.8081999999999994
614261344e27a1844a5f07ba,low_MoS2,1.0,2.0,3.0,MoS2_0.01562,8.51376723000001,1.1418999999999997
6142615131cf3ef3d4a9f4b8,low_MoS2,2.0,1.0,3.0,MoS2_0.01562,41.425550659999956,0.4159999999999968
614261644e27a1844a5f07bc,low_MoS2,1.0,2.0,3.0,MoS2_0.01562,8.50941216999993,1.1447999999999965
614261954e27a1844a5f07be,low_MoS2,1.0,2.0,3.0,MoS2_0.01562,8.511440860000018,1.1477999999999966
614261b231cf3ef3d4a9f4ba,low_MoS2,2.0,1.0,3.0,MoS2_0.01562,41.460067720000055,0.39560000000000173
614261d49cbada84a8676d3b,low_MoS2,0.0,3.0,3.0,MoS2_0.01562,-0.822227509999891,1.8068999999999988
614261e231cf3ef3d4a9f4bc,low_MoS2,2.0,1.0,3.0,MoS2_0.01562,41.26055736999997,0.2582000000000022
614262023ac25c70a5c6cba5,low_MoS2,3.0,0.0,3.0,MoS2_0.01562,50.825355030000004,0.3412000000000006
614262264e27a1844a5f07c0,low_MoS2,1.0,2.0,3.0,MoS2_0.01562,8.505839590000075,1.1382000000000048
6142623531cf3ef3d4a9f4be,low_MoS2,2.0,1.0,3.0,MoS2_0.01562,40.971984219999925,0.14990000000000236
6142627631cf3ef3d4a9f4c0,low_MoS2,2.0,1.0,3.0,MoS2_0.01562,41.41566957000005,0.3435000000000059
614262a59cbada84a8676d3d,low_MoS2,0.0,3.0,3.0,MoS2_0.01562,-0.8318507199998635,1.8094999999999999
614262a531cf3ef3d4a9f4c2,low_MoS2,2.0,1.0,3.0,MoS2_0.01562,41.45303996000003,0.3639999999999972
614262f63ac25c70a5c6cba7,low_MoS2,3.0,0.0,3.0,MoS2_0.01562,50.79344677999999,0.40619999999999834
614262f931cf3ef3d4a9f4c4,low_MoS2,2.0,1.0,3.0,MoS2_0.01562,41.43012427999993,0.40929999999999467
6142631b4e27a1844a5f07c2,low_MoS2,1.0,2.0,3.0,MoS2_0.01562,8.51226477999992,1.145699999999998
6142632931cf3ef3d4a9f4c6,low_MoS2,2.0,1.0,3.0,MoS2_0.01562,39.5013771200001,0.15200000000000102
6142634c4e27a1844a5f07c4,low_MoS2,1.0,2.0,3.0,MoS2_0.01562,8.514917360000052,1.1452999999999989
6142636331cf3ef3d4a9f4c8,low_MoS2,2.0,1.0,3.0,MoS2_0.01562,41.470839649999974,0.41549999999999443
6142636f3ac25c70a5c6cba9,low_MoS2,3.0,0.0,3.0,MoS2_0.01562,48.451991090000014,0.16670000000000584
61426378baaf234b352906d0,low_MoS2,2.0,1.0,3.0,MoS2_0.01562,17.951265140000025,0.6458000000000013
6142639331cf3ef3d4a9f4ca,low_MoS2,2.0,1.0,3.0,MoS2_0.01562,41.43823296000001,0.3804000000000016
614263c331cf3ef3d4a9f4cc,low_MoS2,2.0,1.0,3.0,MoS2_0.01562,41.46323365999997,0.3873000000000033
6142640dee0a3fd43fb47f49,low_MoS2,1.0,2.0,3.0,MoS2_0.01562,31.954963359999955,0.2640000000000029
6142643431cf3ef3d4a9f4ce,low_MoS2,2.0,1.0,3.0,MoS2_0.01562,41.4664643600001,0.4136999999999986
614264474e27a1844a5f07c6,low_MoS2,1.0,2.0,3.0,MoS2_0.01562,8.502311550000083,1.1488000000000014
6142648a9cbada84a8676d3f,low_MoS2,0.0,3.0,3.0,MoS2_0.01562,-0.8326441099999897,1.8093999999999966
614264a13ac25c70a5c6cbab,low_MoS2,3.0,0.0,3.0,MoS2_0.01562,50.81873278000004,0.4037000000000006
614264cb31cf3ef3d4a9f4d0,low_MoS2,2.0,1.0,3.0,MoS2_0.01562,41.29042086,0.2570999999999941
614264fe31cf3ef3d4a9f4d2,low_MoS2,2.0,1.0,3.0,MoS2_0.01562,41.46181128999997,0.3710000000000022
6142653ebaaf234b352906d2,low_MoS2,2.0,1.0,3.0,MoS2_0.01562,17.849220309999957,1.0017999999999958
6142654c31cf3ef3d4a9f4d4,low_MoS2,2.0,1.0,3.0,MoS2_0.01562,41.49029999,0.4165000000000063
6142654d3ac25c70a5c6cbad,low_MoS2,3.0,0.0,3.0,MoS2_0.01562,50.82077364000012,0.3406999999999982
614265604e27a1844a5f07c8,low_MoS2,1.0,2.0,3.0,MoS2_0.01562,8.50825949999992,1.1467000000000027
614265a431cf3ef3d4a9f4d6,low_MoS2,2.0,1.0,3.0,MoS2_0.01562,41.455155810000136,0.40090000000000003
614265b54e27a1844a5f07ca,low_MoS2,1.0,2.0,3.0,MoS2_0.01562,8.51404976000006,1.1480999999999995
614266539cbada84a8676d41,low_MoS2,0.0,3.0,3.0,MoS2_0.01562,-0.8329626799999801,1.8094999999999999
6142665fee0a3fd43fb47f4b,low_MoS2,1.0,2.0,3.0,MoS2_0.01562,32.14522263000002,0.4018000000000015
6142666131cf3ef3d4a9f4d8,low_MoS2,2.0,1.0,3.0,MoS2_0.01562,41.44815919000003,0.3423000000000016
6142669031cf3ef3d4a9f4da,low_MoS2,2.0,1.0,3.0,MoS2_0.01562,41.460054430000085,0.3930999999999969
614266963ac25c70a5c6cbaf,low_MoS2,3.0,0.0,3.0,MoS2_0.01562,50.79074071000006,0.3728000000000051
6142669cee0a3fd43fb47f4d,low_MoS2,1.0,2.0,3.0,MoS2_0.01562,32.14401704999999,0.4059000000000026
614266bf31cf3ef3d4a9f4dc,low_MoS2,2.0,1.0,3.0,MoS2_0.01562,40.997884410000054,0.15169999999999817
614266fabaaf234b352906d4,low_MoS2,2.0,1.0,3.0,MoS2_0.01562,17.860504669999948,1.1113
614267533ac25c70a5c6cbb1,low_MoS2,3.0,0.0,3.0,MoS2_0.01562,50.760738979999964,0.41629999999999967
6142676b31cf3ef3d4a9f4de,low_MoS2,2.0,1.0,3.0,MoS2_0.01562,41.454137540000104,0.37869999999999493
61426787ee0a3fd43fb47f4f,low_MoS2,1.0,2.0,3.0,MoS2_0.01562,32.14692218999993,0.4031999999999982
614267a74e27a1844a5f07cc,low_MoS2,1.0,2.0,3.0,MoS2_0.01562,8.51622296999997,1.1447999999999965
614267c1baaf234b352906d6,low_MoS2,2.0,1.0,3.0,MoS2_0.01562,17.890607479999964,1.1281999999999996
614267cd3ac25c70a5c6cbb3,low_MoS2,3.0,0.0,3.0,MoS2_0.01562,50.86289174999994,0.36780000000000257
614267d79cbada84a8676d43,low_MoS2,0.0,3.0,3.0,MoS2_0.01562,-0.8338499900000329,1.8085999999999984
614267eebaaf234b352906d8,low_MoS2,2.0,1.0,3.0,MoS2_0.01562,17.850025350000116,1.0829999999999984
6142680f4e27a1844a5f07ce,low_MoS2,1.0,2.0,3.0,MoS2_0.01562,8.505372260000083,1.1473999999999975
6142683eee0a3fd43fb47f51,low_MoS2,1.0,2.0,3.0,MoS2_0.01562,32.13988766999999,0.4035999999999973
614268493ac25c70a5c6cbb5,low_MoS2,3.0,0.0,3.0,MoS2_0.01562,48.83762042999994,0.15059999999999718
6142686231cf3ef3d4a9f4e0,low_MoS2,2.0,1.0,3.0,MoS2_0.01562,41.44779667999997,0.377200000000002
614268a631cf3ef3d4a9f4e2,low_MoS2,2.0,1.0,3.0,MoS2_0.01562,40.97485163000006,0.15639999999999787
614268b0ee0a3fd43fb47f53,low_MoS2,1.0,2.0,3.0,MoS2_0.01562,32.14196469000011,0.40270000000000294
614268bc4e27a1844a5f07d0,low_MoS2,1.0,2.0,3.0,MoS2_0.01562,8.514143399999991,1.142000000000003
614268db31cf3ef3d4a9f4e4,low_MoS2,2.0,1.0,3.0,MoS2_0.01562,39.50046413000014,0.1494999999999962
6142691a3ac25c70a5c6cbb7,low_MoS2,3.0,0.0,3.0,MoS2_0.01562,50.83629144000012,0.15119999999999578
6142692831cf3ef3d4a9f4e6,low_MoS2,2.0,1.0,3.0,MoS2_0.01562,39.49539949000014,0.14410000000000167
6142693dee0a3fd43fb47f55,low_MoS2,1.0,2.0,3.0,MoS2_0.01562,32.15219102000013,0.4029999999999987
614269594e27a1844a5f07d2,low_MoS2,1.0,2.0,3.0,MoS2_0.01562,8.53575436000008,1.1492000000000004
6142698531cf3ef3d4a9f4e8,low_MoS2,2.0,1.0,3.0,MoS2_0.01562,41.46916533000008,0.38989999999999725
614269993ac25c70a5c6cbb9,low_MoS2,3.0,0.0,3.0,MoS2_0.01562,50.805510410000046,0.340600000000002
61426a2031cf3ef3d4a9f4ea,low_MoS2,2.0,1.0,3.0,MoS2_0.01562,40.779175999999964,0.20400000000000063
61426a324e27a1844a5f07d4,low_MoS2,1.0,2.0,3.0,MoS2_0.01562,8.515143659999946,1.146799999999999
61426a4cee0a3fd43fb47f57,low_MoS2,1.0,2.0,3.0,MoS2_0.01562,31.94975741999996,0.25150000000000006
61426a8b4e27a1844a5f07d6,low_MoS2,1.0,2.0,3.0,MoS2_0.01562,8.514383579999983,1.1415000000000006
61426aa03ac25c70a5c6cbbb,low_MoS2,3.0,0.0,3.0,MoS2_0.01562,50.28878008000007,0.1500999999999948
61426abd31cf3ef3d4a9f4ec,low_MoS2,2.0,1.0,3.0,MoS2_0.01562,41.45729163000006,0.38929999999999865
61426ad8baaf234b352906da,low_MoS2,2.0,1.0,3.0,MoS2_0.01562,17.88410644000009,1.103900000000003
61426b004e27a1844a5f07d8,low_MoS2,1.0,2.0,3.0,MoS2_0.01562,8.503546339999982,1.1463999999999999
61426b1c3ac25c70a5c6cbbd,low_MoS2,3.0,0.0,3.0,MoS2_0.01562,48.857651440000076,0.126100000000001
61426b2231cf3ef3d4a9f4ee,low_MoS2,2.0,1.0,3.0,MoS2_0.01562,41.45348864000012,0.3796999999999997
61426b594e27a1844a5f07da,low_MoS2,1.0,2.0,3.0,MoS2_0.01562,8.511226769999919,1.1432000000000002
61426bd84e27a1844a5f07dc,low_MoS2,1.0,2.0,3.0,MoS2_0.01562,8.514418300000013,1.144999999999996
61426bdc31cf3ef3d4a9f4f0,low_MoS2,2.0,1.0,3.0,MoS2_0.01562,39.497007460000034,0.1525000000000034
61426bef9cbada84a8676d45,low_MoS2,0.0,3.0,3.0,MoS2_0.01562,-0.8303629500000511,1.8081999999999994
61426c06baaf234b352906dc,low_MoS2,2.0,1.0,3.0,MoS2_0.01562,17.872841439999995,1.1052999999999997
61426c429cbada84a8676d47,low_MoS2,0.0,3.0,3.0,MoS2_0.01562,-0.8236858099998585,1.8074000000000012
61426c604e27a1844a5f07de,low_MoS2,1.0,2.0,3.0,MoS2_0.01562,8.518496670000129,1.1421999999999954
61426c6431cf3ef3d4a9f4f2,low_MoS2,2.0,1.0,3.0,MoS2_0.01562,41.4844378100001,0.4140000000000015
61426c9431cf3ef3d4a9f4f4,low_MoS2,2.0,1.0,3.0,MoS2_0.01562,41.446204390000005,0.38940000000000197
61426cea31cf3ef3d4a9f4f6,low_MoS2,2.0,1.0,3.0,MoS2_0.01562,41.28560020999994,0.26890000000000214
61426d0b3ac25c70a5c6cbbf,low_MoS2,3.0,0.0,3.0,MoS2_0.01562,50.74115294000004,0.384999999999998
61426d284e27a1844a5f07e0,low_MoS2,1.0,2.0,3.0,MoS2_0.01562,8.596879770000012,1.1291999999999973
61426d3f9cbada84a8676d49,low_MoS2,0.0,3.0,3.0,MoS2_0.01562,-0.8295947399998909,1.8071999999999946
61426d61baaf234b352906de,low_MoS2,2.0,1.0,3.0,MoS2_0.01562,17.885626649999942,1.1041999999999987
61426d624e27a1844a5f07e2,low_MoS2,1.0,2.0,3.0,MoS2_0.01562,8.50579889999997,1.137599999999999
61426d873ac25c70a5c6cbc1,low_MoS2,3.0,0.0,3.0,MoS2_0.01562,50.774675190000075,0.36950000000000216
61426daf4e27a1844a5f07e4,low_MoS2,1.0,2.0,3.0,MoS2_0.01562,8.509099950000088,1.1447000000000003
61426dea31cf3ef3d4a9f4f8,low_MoS2,2.0,1.0,3.0,MoS2_0.01562,41.42056504000011,0.4164999999999992
61426e033ac25c70a5c6cbc3,low_MoS2,3.0,0.0,3.0,MoS2_0.01562,50.82650234999998,0.4262999999999977
61426e4431cf3ef3d4a9f4fa,low_MoS2,2.0,1.0,3.0,MoS2_0.01562,41.427620880000134,0.37989999999999924
61426e454e27a1844a5f07e6,low_MoS2,1.0,2.0,3.0,MoS2_0.01562,8.515450180000041,1.1437999999999988
61426e803ac25c70a5c6cbc5,low_MoS2,3.0,0.0,3.0,MoS2_0.01562,50.823104349999916,0.42790000000000106
61426e914e27a1844a5f07e8,low_MoS2,1.0,2.0,3.0,MoS2_0.01562,8.51120132000008,1.1443000000000012
61426ec64e27a1844a5f07ea,low_MoS2,1.0,2.0,3.0,MoS2_0.01562,8.513053100000004,1.1450999999999993
61426ec831cf3ef3d4a9f4fc,low_MoS2,2.0,1.0,3.0,MoS2_0.01562,41.42799142999998,0.4107000000000056
61426f34baaf234b352906e0,low_MoS2,2.0,1.0,3.0,MoS2_0.01562,17.86844607000011,1.0906999999999982
61426f3f31cf3ef3d4a9f4fe,low_MoS2,2.0,1.0,3.0,MoS2_0.01562,41.47972709999995,0.3304999999999936
61426f409cbada84a8676d4b,low_MoS2,0.0,3.0,3.0,MoS2_0.01562,-0.8335158799999931,1.8068000000000026
61426f414e27a1844a5f07ec,low_MoS2,1.0,2.0,3.0,MoS2_0.01562,8.528586550000025,1.138300000000001
61426f734e27a1844a5f07ee,low_MoS2,1.0,2.0,3.0,MoS2_0.01562,8.575398129999964,1.1311000000000035
61426f963ac25c70a5c6cbc7,low_MoS2,3.0,0.0,3.0,MoS2_0.01562,48.834647629999985,0.1717000000000013
61426fa64e27a1844a5f07f0,low_MoS2,1.0,2.0,3.0,MoS2_0.01562,8.514049110000112,1.1465999999999994
614270433ac25c70a5c6cbc9,low_MoS2,3.0,0.0,3.0,MoS2_0.01562,50.80253452000003,0.3906999999999954
6142706cbaaf234b352906e2,low_MoS2,2.0,1.0,3.0,MoS2_0.01562,17.869406320000046,1.1097000000000037
614270b44e27a1844a5f07f2,low_MoS2,1.0,2.0,3.0,MoS2_0.01562,8.512429240000099,1.1460000000000008
614270c33ac25c70a5c6cbcb,low_MoS2,3.0,0.0,3.0,MoS2_0.01562,50.742519370000004,0.3866999999999976
614270cf31cf3ef3d4a9f500,low_MoS2,2.0,1.0,3.0,MoS2_0.01562,41.42417023000003,0.3802999999999983
614270e3baaf234b352906e4,low_MoS2,2.0,1.0,3.0,MoS2_0.01562,17.898613020000077,1.1167999999999978
6142710b4e27a1844a5f07f4,low_MoS2,1.0,2.0,3.0,MoS2_0.01562,8.539315250000097,1.1450999999999993
6142715a3ac25c70a5c6cbcd,low_MoS2,3.0,0.0,3.0,MoS2_0.01562,50.80587838000012,0.38980000000000103
6142718731cf3ef3d4a9f502,low_MoS2,2.0,1.0,3.0,MoS2_0.01562,41.42788259000004,0.3854000000000042
614271eb3ac25c70a5c6cbcf,low_MoS2,3.0,0.0,3.0,MoS2_0.01562,50.763636430000055,0.39170000000000016
614271ee31cf3ef3d4a9f504,low_MoS2,2.0,1.0,3.0,MoS2_0.01562,41.436461270000066,0.4118999999999957
614272024e27a1844a5f07f6,low_MoS2,1.0,2.0,3.0,MoS2_0.01562,8.51515315999998,1.1462000000000003
614272454e27a1844a5f07f8,low_MoS2,1.0,2.0,3.0,MoS2_0.01562,8.515289960000043,1.145300000000006
6142725fee0a3fd43fb47f59,low_MoS2,1.0,2.0,3.0,MoS2_0.01562,31.951791230000016,0.27020000000000266
614272693ac25c70a5c6cbd1,low_MoS2,3.0,0.0,3.0,MoS2_0.01562,48.84754650999995,0.16259999999999764
6142728431cf3ef3d4a9f506,low_MoS2,2.0,1.0,3.0,MoS2_0.01562,41.47150477999999,0.3346000000000018
614272ab4e27a1844a5f07fa,low_MoS2,1.0,2.0,3.0,MoS2_0.01562,8.513861590000058,1.1454999999999984
614272b331cf3ef3d4a9f508,low_MoS2,2.0,1.0,3.0,MoS2_0.01562,41.458553229999964,0.37340000000000373
614272e531cf3ef3d4a9f50a,low_MoS2,2.0,1.0,3.0,MoS2_0.01562,41.46225722000004,0.397199999999998
614272f2ee0a3fd43fb47f5b,low_MoS2,1.0,2.0,3.0,MoS2_0.01562,32.131710509999934,0.39739999999999753
6142730d3ac25c70a5c6cbd3,low_MoS2,3.0,0.0,3.0,MoS2_0.01562,50.80182742000003,0.3714000000000013
6142731531cf3ef3d4a9f50c,low_MoS2,2.0,1.0,3.0,MoS2_0.01562,41.423782669999994,0.37819999999999965
6142734831cf3ef3d4a9f50e,low_MoS2,2.0,1.0,3.0,MoS2_0.01562,41.43958407999999,0.3748999999999967
61427355baaf234b352906e6,low_MoS2,2.0,1.0,3.0,MoS2_0.01562,17.874348120000143,0.9610000000000056
6142738b3ac25c70a5c6cbd5,low_MoS2,3.0,0.0,3.0,MoS2_0.01562,50.80923464999993,0.34020000000000294
6142739931cf3ef3d4a9f510,low_MoS2,2.0,1.0,3.0,MoS2_0.01562,41.45987050000004,0.4134000000000029
614273aeee0a3fd43fb47f5d,low_MoS2,1.0,2.0,3.0,MoS2_0.01562,32.154030399999996,0.3977999999999966
614273c6baaf234b352906e8,low_MoS2,2.0,1.0,3.0,MoS2_0.01562,17.903675570000125,1.1173000000000002
614273c74e27a1844a5f07fc,low_MoS2,1.0,2.0,3.0,MoS2_0.01562,8.503909950000004,1.1458000000000013
614273d3ee0a3fd43fb47f5f,low_MoS2,1.0,2.0,3.0,MoS2_0.01562,32.15305353999996,0.40149999999999864
614274164e27a1844a5f07fe,low_MoS2,1.0,2.0,3.0,MoS2_0.01562,8.506660060000083,1.1481999999999957
6142743f31cf3ef3d4a9f512,low_MoS2,2.0,1.0,3.0,MoS2_0.01562,41.46035588000014,0.3819999999999979
614274464e27a1844a5f0800,low_MoS2,1.0,2.0,3.0,MoS2_0.01562,8.507099270000051,1.1432000000000002
614274b231cf3ef3d4a9f514,low_MoS2,2.0,1.0,3.0,MoS2_0.01562,41.44800238000012,0.3591999999999942
614274c03ac25c70a5c6cbd7,low_MoS2,3.0,0.0,3.0,MoS2_0.01562,48.8013384,0.1828000000000003
614274df4e27a1844a5f0802,low_MoS2,1.0,2.0,3.0,MoS2_0.01562,8.506696259999924,1.1370000000000005
614274e031cf3ef3d4a9f516,low_MoS2,2.0,1.0,3.0,MoS2_0.01562,40.9721717500001,0.15400000000000347
6142750f31cf3ef3d4a9f518,low_MoS2,2.0,1.0,3.0,MoS2_0.01562,41.48049677000013,0.4119000000000028
6142757031cf3ef3d4a9f51a,low_MoS2,2.0,1.0,3.0,MoS2_0.01562,41.43416096999995,0.38510000000000133
614275a34e27a1844a5f0804,low_MoS2,1.0,2.0,3.0,MoS2_0.01562,8.514672580000049,1.1462000000000003
614275af9cbada84a8676d4d,low_MoS2,0.0,3.0,3.0,MoS2_0.01562,-0.8324780199999964,1.8094000000000037
614275bc3ac25c70a5c6cbd9,low_MoS2,3.0,0.0,3.0,MoS2_0.01562,50.82357042999994,0.42269999999999897
614275d631cf3ef3d4a9f51c,low_MoS2,2.0,1.0,3.0,MoS2_0.01562,41.469985749999935,0.37529999999999575
61427604baaf234b352906ea,low_MoS2,2.0,1.0,3.0,MoS2_0.01562,17.897998520000094,1.1274999999999977
6142763c4e27a1844a5f0806,low_MoS2,1.0,2.0,3.0,MoS2_0.01562,8.514040250000132,1.141600000000004
614276a631cf3ef3d4a9f51e,low_MoS2,2.0,1.0,3.0,MoS2_0.01562,41.46593367999999,0.39119999999999777
614277163ac25c70a5c6cbdb,low_MoS2,3.0,0.0,3.0,MoS2_0.01562,48.841755569999954,0.15510000000000446
614277844e27a1844a5f0808,low_MoS2,1.0,2.0,3.0,MoS2_0.01562,8.511619410000119,1.1437000000000026
6142779f31cf3ef3d4a9f520,low_MoS2,2.0,1.0,3.0,MoS2_0.01562,41.46583312000003,0.33720000000000283
614277b74e27a1844a5f080a,low_MoS2,1.0,2.0,3.0,MoS2_0.01562,8.50646370999996,1.149799999999999
614277dbee0a3fd43fb47f61,low_MoS2,1.0,2.0,3.0,MoS2_0.01562,31.95939822000013,0.26440000000000197
614277eb4e27a1844a5f080c,low_MoS2,1.0,2.0,3.0,MoS2_0.01562,8.51069664000013,1.1474000000000046
614277f09cbada84a8676d4f,low_MoS2,0.0,3.0,3.0,MoS2_0.01562,-0.8058145300000774,1.8093000000000004
6142786c4e27a1844a5f080e,low_MoS2,1.0,2.0,3.0,MoS2_0.01562,8.511460559999957,1.145700000000005
614278d0baaf234b352906ec,low_MoS2,2.0,1.0,3.0,MoS2_0.01562,17.887669610000096,0.9580000000000055
614278d631cf3ef3d4a9f522,low_MoS2,2.0,1.0,3.0,MoS2_0.01562,41.4510170600001,0.38860000000000383
6142791731cf3ef3d4a9f524,low_MoS2,2.0,1.0,3.0,MoS2_0.01562,41.390764030000085,0.29070000000000107
614279304e27a1844a5f0810,low_MoS2,1.0,2.0,3.0,MoS2_0.01562,8.516064520000125,1.1450999999999993
61427945baaf234b352906ee,low_MoS2,2.0,1.0,3.0,MoS2_0.01562,17.859805960000124,1.0015
614279614e27a1844a5f0812,low_MoS2,1.0,2.0,3.0,MoS2_0.01562,8.513019680000095,1.1451999999999956
614279a131cf3ef3d4a9f526,low_MoS2,2.0,1.0,3.0,MoS2_0.01562,40.75976421000014,0.30870000000000175
614279ac3ac25c70a5c6cbdd,low_MoS2,3.0,0.0,3.0,MoS2_0.01562,50.33689676999999,0.1564999999999941
614279dd4e27a1844a5f0814,low_MoS2,1.0,2.0,3.0,MoS2_0.01562,8.505822699999978,1.1481999999999957
61427a0e31cf3ef3d4a9f528,low_MoS2,2.0,1.0,3.0,MoS2_0.01562,41.459083509999985,0.39620000000000033
61427a2d4e27a1844a5f0816,low_MoS2,1.0,2.0,3.0,MoS2_0.01562,8.552402650000001,1.1806999999999945
61427a8931cf3ef3d4a9f52a,low_MoS2,2.0,1.0,3.0,MoS2_0.01562,41.47390317999994,0.33210000000000406
61427aa34e27a1844a5f0818,low_MoS2,1.0,2.0,3.0,MoS2_0.01562,8.505638460000025,1.1495999999999995
61427ad931cf3ef3d4a9f52c,low_MoS2,2.0,1.0,3.0,MoS2_0.01562,39.499115250000116,0.1483999999999952
61427af14e27a1844a5f081a,low_MoS2,1.0,2.0,3.0,MoS2_0.01562,8.512118619999935,1.1473000000000013
61427b299cbada84a8676d51,low_MoS2,0.0,3.0,3.0,MoS2_0.01562,-0.8290048499999898,1.8079999999999998
61427b6f31cf3ef3d4a9f52e,low_MoS2,2.0,1.0,3.0,MoS2_0.01562,41.45310751999996,0.3803000000000054
61427ba431cf3ef3d4a9f530,low_MoS2,2.0,1.0,3.0,MoS2_0.01562,41.45862370000005,0.35839999999999606
61427bbf3ac25c70a5c6cbdf,low_MoS2,3.0,0.0,3.0,MoS2_0.01562,50.76914352999999,0.37520000000000664
61427c039cbada84a8676d53,low_MoS2,0.0,3.0,3.0,MoS2_0.01562,-0.8306599699998856,1.8076000000000008
61427c194e27a1844a5f081c,low_MoS2,1.0,2.0,3.0,MoS2_0.01562,8.513209010000107,1.1448999999999998
61427c3e31cf3ef3d4a9f532,low_MoS2,2.0,1.0,3.0,MoS2_0.01562,41.41137893000014,0.39970000000000283
61427c8031cf3ef3d4a9f534,low_MoS2,2.0,1.0,3.0,MoS2_0.01562,41.48352818000008,0.4117999999999995
61427c824e27a1844a5f081e,low_MoS2,1.0,2.0,3.0,MoS2_0.01562,8.505615370000012,1.1454999999999984
61427d074e27a1844a5f0820,low_MoS2,1.0,2.0,3.0,MoS2_0.01562,8.511906819999947,1.1452999999999989
61427d0f9cbada84a8676d55,low_MoS2,0.0,3.0,3.0,MoS2_0.01562,-0.8290859399998567,1.807299999999998
61427d484e27a1844a5f0822,low_MoS2,1.0,2.0,3.0,MoS2_0.01562,8.544333340000119,1.1433999999999997
61427d673ac25c70a5c6cbe1,low_MoS2,3.0,0.0,3.0,MoS2_0.01562,50.812318960000006,0.379800000000003
61427d7b31cf3ef3d4a9f536,low_MoS2,2.0,1.0,3.0,MoS2_0.01562,41.45090818000013,0.37420000000000186
61427db69cbada84a8676d57,low_MoS2,0.0,3.0,3.0,MoS2_0.01562,-0.832003279999924,1.8100999999999985
61427db94e27a1844a5f0824,low_MoS2,1.0,2.0,3.0,MoS2_0.01562,8.515341190000097,1.148299999999999
61427df2baaf234b352906f0,low_MoS2,2.0,1.0,3.0,MoS2_0.01562,17.870801609999937,1.1096999999999966
61427e0231cf3ef3d4a9f538,low_MoS2,2.0,1.0,3.0,MoS2_0.01562,41.48746660000002,0.4123000000000019
61427e249cbada84a8676d59,low_MoS2,0.0,3.0,3.0,MoS2_0.01562,-0.8314222500000028,1.8094000000000037
61427e6131cf3ef3d4a9f53a,low_MoS2,2.0,1.0,3.0,MoS2_0.01562,41.364985480000044,0.2962999999999951
61427e954e27a1844a5f0826,low_MoS2,1.0,2.0,3.0,MoS2_0.01562,8.514095250000107,1.1479
61427eaa31cf3ef3d4a9f53c,low_MoS2,2.0,1.0,3.0,MoS2_0.01562,41.453213570000074,0.3785000000000025
61427edf31cf3ef3d4a9f53e,low_MoS2,2.0,1.0,3.0,MoS2_0.01562,41.483349230000115,0.4099000000000004
61427f064e27a1844a5f0828,low_MoS2,1.0,2.0,3.0,MoS2_0.01562,8.52850384000001,1.1379999999999981
61427f4231cf3ef3d4a9f540,low_MoS2,2.0,1.0,3.0,MoS2_0.01562,41.49412382999999,0.40809999999999746
61427f6a4e27a1844a5f082a,low_MoS2,1.0,2.0,3.0,MoS2_0.01562,8.530119240000001,1.1357
61427fc731cf3ef3d4a9f542,low_MoS2,2.0,1.0,3.0,MoS2_0.01562,41.456883850000125,0.38300000000000267
614280113ac25c70a5c6cbe3,low_MoS2,3.0,0.0,3.0,MoS2_0.01562,50.815702929999965,0.34259999999999735
6142805d31cf3ef3d4a9f544,low_MoS2,2.0,1.0,3.0,MoS2_0.01562,41.46748821000001,0.419399999999996
614280794e27a1844a5f082c,low_MoS2,1.0,2.0,3.0,MoS2_0.01562,8.513790049999923,1.1463999999999999
614281114e27a1844a5f082e,low_MoS2,1.0,2.0,3.0,MoS2_0.01562,8.513851449999972,1.1452999999999989
6142812ebaaf234b352906f2,low_MoS2,2.0,1.0,3.0,MoS2_0.01562,17.884522459999964,0.9600000000000009
6142815b31cf3ef3d4a9f546,low_MoS2,2.0,1.0,3.0,MoS2_0.01562,41.39405256000005,0.2997999999999976
6142815e3ac25c70a5c6cbe5,low_MoS2,3.0,0.0,3.0,MoS2_0.01562,50.76284302000014,0.3667999999999978
614281ae4e27a1844a5f0830,low_MoS2,1.0,2.0,3.0,MoS2_0.01562,8.511101690000057,1.1469999999999985
614281e531cf3ef3d4a9f548,low_MoS2,2.0,1.0,3.0,MoS2_0.01562,41.47600439000003,0.41499999999999915
6142820d4e27a1844a5f0832,low_MoS2,1.0,2.0,3.0,MoS2_0.01562,8.514134000000038,1.1410000000000053
6142823d4e27a1844a5f0834,low_MoS2,1.0,2.0,3.0,MoS2_0.01562,8.50658971999999,1.1480000000000032
6142825131cf3ef3d4a9f54a,low_MoS2,2.0,1.0,3.0,MoS2_0.01562,41.46033564,0.3563000000000045
614282583ac25c70a5c6cbe7,low_MoS2,3.0,0.0,3.0,MoS2_0.01562,50.772116089999976,0.3841999999999999
6142829f4e27a1844a5f0836,low_MoS2,1.0,2.0,3.0,MoS2_0.01562,8.513319670000126,1.1469999999999985
614282d14e27a1844a5f0838,low_MoS2,1.0,2.0,3.0,MoS2_0.01562,8.510814280000002,1.1485000000000056
614282ffbaaf234b352906f4,low_MoS2,2.0,1.0,3.0,MoS2_0.01562,17.928898569999994,0.6529999999999987
614283033ac25c70a5c6cbe9,low_MoS2,3.0,0.0,3.0,MoS2_0.01562,50.32630007999993,0.14509999999999934
614283349cbada84a8676d5b,low_MoS2,0.0,3.0,3.0,MoS2_0.01562,-0.8321417100000303,1.8086999999999946
6142834931cf3ef3d4a9f54c,low_MoS2,2.0,1.0,3.0,MoS2_0.01562,40.944281870000125,0.15370000000000061
6142837e31cf3ef3d4a9f54e,low_MoS2,2.0,1.0,3.0,MoS2_0.01562,40.96623951000011,0.15090000000000003
6142839cee0a3fd43fb47f63,low_MoS2,1.0,2.0,3.0,MoS2_0.01562,32.1472531700001,0.4029000000000025
614284074e27a1844a5f083a,low_MoS2,1.0,2.0,3.0,MoS2_0.01562,8.515632170000142,1.147199999999998
6142844431cf3ef3d4a9f550,low_MoS2,2.0,1.0,3.0,MoS2_0.01562,41.46343580999992,0.37400000000000233
614284524e27a1844a5f083c,low_MoS2,1.0,2.0,3.0,MoS2_0.01562,8.516167629999952,1.1452000000000027
614284844e27a1844a5f083e,low_MoS2,1.0,2.0,3.0,MoS2_0.01562,8.506159450000066,1.142700000000005
61428491baaf234b352906f6,low_MoS2,2.0,1.0,3.0,MoS2_0.01562,17.884219870000145,0.9585000000000008
614284b84e27a1844a5f0840,low_MoS2,1.0,2.0,3.0,MoS2_0.01562,8.528351030000092,1.1388999999999996
614284bb3ac25c70a5c6cbeb,low_MoS2,3.0,0.0,3.0,MoS2_0.01562,50.79994939999998,0.39100000000000534
614284d331cf3ef3d4a9f552,low_MoS2,2.0,1.0,3.0,MoS2_0.01562,41.42787816000005,0.4181000000000026
614284d7ee0a3fd43fb47f65,low_MoS2,1.0,2.0,3.0,MoS2_0.01562,32.14699517999996,0.4042999999999992
614284fa4e27a1844a5f0842,low_MoS2,1.0,2.0,3.0,MoS2_0.01562,8.494287720000127,1.1372999999999962
6142852d31cf3ef3d4a9f554,low_MoS2,2.0,1.0,3.0,MoS2_0.01562,41.48958383999998,0.33370000000000033
614285344e27a1844a5f0844,low_MoS2,1.0,2.0,3.0,MoS2_0.01562,8.510423680000056,1.1458000000000013
6142853e3ac25c70a5c6cbed,low_MoS2,3.0,0.0,3.0,MoS2_0.01562,50.30871697000013,0.14730000000000132
614285654e27a1844a5f0846,low_MoS2,1.0,2.0,3.0,MoS2_0.01562,8.511880869999938,1.1415000000000006
6142856a31cf3ef3d4a9f556,low_MoS2,2.0,1.0,3.0,MoS2_0.01562,40.96791131000005,0.15429999999999922
6142859e31cf3ef3d4a9f558,low_MoS2,2.0,1.0,3.0,MoS2_0.01562,41.455272750000134,0.36599999999999966
614285c03ac25c70a5c6cbef,low_MoS2,3.0,0.0,3.0,MoS2_0.01562,50.32141728999992,0.15380000000000393
614285c84e27a1844a5f0848,low_MoS2,1.0,2.0,3.0,MoS2_0.01562,8.511327310000095,1.1443000000000012
614285d231cf3ef3d4a9f55a,low_MoS2,2.0,1.0,3.0,MoS2_0.01562,41.45623373999997,0.38750000000000284
614286443ac25c70a5c6cbf1,low_MoS2,3.0,0.0,3.0,MoS2_0.01562,50.81651271000002,0.42660000000000053
61428656ee0a3fd43fb47f67,low_MoS2,1.0,2.0,3.0,MoS2_0.01562,32.12883000999999,0.34830000000000183
6142868b4e27a1844a5f084a,low_MoS2,1.0,2.0,3.0,MoS2_0.01562,8.53867341999992,1.145699999999998
614286b69cbada84a8676d5d,low_MoS2,0.0,3.0,3.0,MoS2_0.01562,-0.8329274600000076,1.807299999999998
614286c831cf3ef3d4a9f55c,low_MoS2,2.0,1.0,3.0,MoS2_0.01562,39.49647382000008,0.1488999999999976
614286e33ac25c70a5c6cbf3,low_MoS2,3.0,0.0,3.0,MoS2_0.01562,50.28692816999993,0.15859999999999985
614286f04e27a1844a5f084c,low_MoS2,1.0,2.0,3.0,MoS2_0.01562,8.493516040000056,1.1385000000000005
6142870cee0a3fd43fb47f69,low_MoS2,1.0,2.0,3.0,MoS2_0.01562,32.15005287000007,0.39989999999999526
614287784e27a1844a5f084e,low_MoS2,1.0,2.0,3.0,MoS2_0.01562,8.491085460000047,1.1393999999999949
614287a931cf3ef3d4a9f55e,low_MoS2,2.0,1.0,3.0,MoS2_0.01562,41.45323232999995,0.3596999999999966
614287d04e27a1844a5f0850,low_MoS2,1.0,2.0,3.0,MoS2_0.01562,8.537783140000126,1.1814999999999998
6142880231cf3ef3d4a9f560,low_MoS2,2.0,1.0,3.0,MoS2_0.01562,40.97156046999994,0.15749999999999886
614288374e27a1844a5f0852,low_MoS2,1.0,2.0,3.0,MoS2_0.01562,8.508135100000143,1.1447999999999965
6142884bbaaf234b352906f8,low_MoS2,2.0,1.0,3.0,MoS2_0.01562,17.884602350000016,1.1015000000000015
614288a631cf3ef3d4a9f562,low_MoS2,2.0,1.0,3.0,MoS2_0.01562,39.51055627000001,0.14280000000000115
614288a79cbada84a8676d5f,low_MoS2,0.0,3.0,3.0,MoS2_0.01562,-0.8314379200000417,1.8090000000000046
614288c54e27a1844a5f0854,low_MoS2,1.0,2.0,3.0,MoS2_0.01562,8.536116420000123,1.1362999999999985
61428918baaf234b352906fa,low_MoS2,2.0,1.0,3.0,MoS2_0.01562,17.850658650000007,1.0974999999999966
614289564e27a1844a5f0856,low_MoS2,1.0,2.0,3.0,MoS2_0.01562,8.508004300000064,1.1454999999999984
61428960baaf234b352906fc,low_MoS2,2.0,1.0,3.0,MoS2_0.01562,17.853558819999982,1.0953000000000017
6142898a4e27a1844a5f0858,low_MoS2,1.0,2.0,3.0,MoS2_0.01562,8.515643369999932,1.145399999999995
614289aeee0a3fd43fb47f6b,low_MoS2,1.0,2.0,3.0,MoS2_0.01562,32.14276863000008,0.4035000000000011
614289bd4e27a1844a5f085a,low_MoS2,1.0,2.0,3.0,MoS2_0.01562,8.502996700000065,1.1462000000000003
614289ea31cf3ef3d4a9f564,low_MoS2,2.0,1.0,3.0,MoS2_0.01562,41.44559408999994,0.3708000000000027
614289edbaaf234b352906fe,low_MoS2,2.0,1.0,3.0,MoS2_0.01562,17.81664062999993,1.1081000000000003
61428a1f31cf3ef3d4a9f566,low_MoS2,2.0,1.0,3.0,MoS2_0.01562,40.9792336,0.15449999999999875
61428a2e4e27a1844a5f085c,low_MoS2,1.0,2.0,3.0,MoS2_0.01562,8.506452630000037,1.1458999999999975
61428a5431cf3ef3d4a9f568,low_MoS2,2.0,1.0,3.0,MoS2_0.01562,40.97345048000007,0.1565000000000012
61428a6dee0a3fd43fb47f6d,low_MoS2,1.0,2.0,3.0,MoS2_0.01562,32.1464724100001,0.4042999999999992
61428a8631cf3ef3d4a9f56a,low_MoS2,2.0,1.0,3.0,MoS2_0.01562,41.56686845999998,0.41619999999999635
61428ad94e27a1844a5f085e,low_MoS2,1.0,2.0,3.0,MoS2_0.01562,8.49427454000013,1.1370000000000005
61428adf3ac25c70a5c6cbf5,low_MoS2,3.0,0.0,3.0,MoS2_0.01562,50.90353851000001,0.1706000000000003
61428af4baaf234b35290700,low_MoS2,2.0,1.0,3.0,MoS2_0.01562,17.897989490000093,1.109499999999997
61428b0b4e27a1844a5f0860,low_MoS2,1.0,2.0,3.0,MoS2_0.01562,8.512748359999957,1.1454000000000022
61428b3831cf3ef3d4a9f56c,low_MoS2,2.0,1.0,3.0,MoS2_0.01562,41.47052712,0.4151999999999987
61428b684e27a1844a5f0862,low_MoS2,1.0,2.0,3.0,MoS2_0.01562,8.506808600000138,1.1454999999999984
61428b9b4e27a1844a5f0864,low_MoS2,1.0,2.0,3.0,MoS2_0.01562,8.600831790000054,1.1300999999999988
61428b9e31cf3ef3d4a9f56e,low_MoS2,2.0,1.0,3.0,MoS2_0.01562,41.46810741999998,0.33849999999999625
61428c13baaf234b35290702,low_MoS2,2.0,1.0,3.0,MoS2_0.01562,17.856140549999957,1.0032999999999959
61428c5f3ac25c70a5c6cbf7,low_MoS2,3.0,0.0,3.0,MoS2_0.01562,50.888338420000004,0.1518000000000015
61428c6231cf3ef3d4a9f570,low_MoS2,2.0,1.0,3.0,MoS2_0.01562,41.27135313999993,0.240000000000002
61428c684e27a1844a5f0866,low_MoS2,1.0,2.0,3.0,MoS2_0.01562,8.510822420000093,1.1484999999999985
61428cb0baaf234b35290704,low_MoS2,2.0,1.0,3.0,MoS2_0.01562,17.927784530000046,0.6537000000000006
61428ceb9cbada84a8676d61,low_MoS2,0.0,3.0,3.0,MoS2_0.01562,-0.821746840000003,1.8070999999999984
61428d2331cf3ef3d4a9f572,low_MoS2,2.0,1.0,3.0,MoS2_0.01562,41.48293892000011,0.39450000000000074
61428d5a31cf3ef3d4a9f574,low_MoS2,2.0,1.0,3.0,MoS2_0.01562,41.425148300000004,0.37930000000000064
61428d5b4e27a1844a5f0868,low_MoS2,1.0,2.0,3.0,MoS2_0.01562,8.517076359999944,1.144200000000005
61428d659cbada84a8676d63,low_MoS2,0.0,3.0,3.0,MoS2_0.01562,-0.8012863599998923,1.807299999999998
61428d7d3ac25c70a5c6cbf9,low_MoS2,3.0,0.0,3.0,MoS2_0.01562,50.82298006000011,0.4236000000000004
61428da34e27a1844a5f086a,low_MoS2,1.0,2.0,3.0,MoS2_0.01562,8.55384641000003,1.1831000000000031
61428e5031cf3ef3d4a9f576,low_MoS2,2.0,1.0,3.0,MoS2_0.01562,39.49969935999998,0.14999999999999858
61428e723ac25c70a5c6cbfb,low_MoS2,3.0,0.0,3.0,MoS2_0.01562,50.30888008000003,0.15269999999999584
61428e9c31cf3ef3d4a9f578,low_MoS2,2.0,1.0,3.0,MoS2_0.01562,41.48735784000014,0.4142999999999972
61428ea84e27a1844a5f086c,low_MoS2,1.0,2.0,3.0,MoS2_0.01562,8.548866339999929,1.177500000000002
61428eb09cbada84a8676d65,low_MoS2,0.0,3.0,3.0,MoS2_0.01562,-0.8215558900000701,1.807300000000005
61428ed631cf3ef3d4a9f57a,low_MoS2,2.0,1.0,3.0,MoS2_0.01562,41.4017983400001,0.2967999999999975
61428edc4e27a1844a5f086e,low_MoS2,1.0,2.0,3.0,MoS2_0.01562,8.51441803000014,1.1413999999999973
61428ef73ac25c70a5c6cbfd,low_MoS2,3.0,0.0,3.0,MoS2_0.01562,50.7728614700001,0.38459999999999894
61428f53baaf234b35290706,low_MoS2,2.0,1.0,3.0,MoS2_0.01562,17.89759500000013,1.0589999999999975
61428f9b9cbada84a8676d67,low_MoS2,0.0,3.0,3.0,MoS2_0.01562,-0.8292031099999235,1.8085000000000022
61428faf4e27a1844a5f0870,low_MoS2,1.0,2.0,3.0,MoS2_0.01562,8.512019159999934,1.145699999999998
61428fd731cf3ef3d4a9f57c,low_MoS2,2.0,1.0,3.0,MoS2_0.01562,40.97497556000003,0.1565999999999974
61428fe84e27a1844a5f0872,low_MoS2,1.0,2.0,3.0,MoS2_0.01562,8.511760119999987,1.1486000000000018
6142900d31cf3ef3d4a9f57e,low_MoS2,2.0,1.0,3.0,MoS2_0.01562,41.45441593999995,0.3877999999999986
6142901e4e27a1844a5f0874,low_MoS2,1.0,2.0,3.0,MoS2_0.01562,8.513546879999947,1.1450999999999993
614290554e27a1844a5f0876,low_MoS2,1.0,2.0,3.0,MoS2_0.01562,8.512751499999947,1.1447000000000003
6142906e31cf3ef3d4a9f580,low_MoS2,2.0,1.0,3.0,MoS2_0.01562,41.473319870000026,0.4148999999999958
6142908d4e27a1844a5f0878,low_MoS2,1.0,2.0,3.0,MoS2_0.01562,8.513822720000032,1.1450000000000031
614290d431cf3ef3d4a9f582,low_MoS2,2.0,1.0,3.0,MoS2_0.01562,41.45698310999997,0.38990000000000435
6142910b31cf3ef3d4a9f584,low_MoS2,2.0,1.0,3.0,MoS2_0.01562,41.47052232000006,0.3312000000000026
6142910f4e27a1844a5f087a,low_MoS2,1.0,2.0,3.0,MoS2_0.01562,8.495572260000042,1.1413999999999973
6142913d3ac25c70a5c6cbff,low_MoS2,3.0,0.0,3.0,MoS2_0.01562,50.31654560999997,0.15840000000000032
614291714e27a1844a5f087c,low_MoS2,1.0,2.0,3.0,MoS2_0.01562,8.517881560000003,1.142400000000002
6142917231cf3ef3d4a9f586,low_MoS2,2.0,1.0,3.0,MoS2_0.01562,41.48506349999998,0.41559999999999775
614291d44e27a1844a5f087e,low_MoS2,1.0,2.0,3.0,MoS2_0.01562,8.511167169999933,1.1459000000000046
614291f39cbada84a8676d69,low_MoS2,0.0,3.0,3.0,MoS2_0.01562,-0.8325993799998628,1.8063000000000002
6142920531cf3ef3d4a9f588,low_MoS2,2.0,1.0,3.0,MoS2_0.01562,41.44187877000009,0.40739999999999554
6142920a3ac25c70a5c6cc01,low_MoS2,3.0,0.0,3.0,MoS2_0.01562,50.751141110000084,0.3896999999999977
6142926631cf3ef3d4a9f58a,low_MoS2,2.0,1.0,3.0,MoS2_0.01562,41.424215239999924,0.3873000000000033
6142928f3ac25c70a5c6cc03,low_MoS2,3.0,0.0,3.0,MoS2_0.01562,50.314025250000135,0.1507000000000005
6142929e31cf3ef3d4a9f58c,low_MoS2,2.0,1.0,3.0,MoS2_0.01562,41.47585838999994,0.33550000000000324
614292f14e27a1844a5f0880,low_MoS2,1.0,2.0,3.0,MoS2_0.01562,8.543398080000113,1.1448000000000036
614293143ac25c70a5c6cc05,low_MoS2,3.0,0.0,3.0,MoS2_0.01562,50.31319767999995,0.15050000000000097
61429380baaf234b35290708,low_MoS2,2.0,1.0,3.0,MoS2_0.01562,17.898393299999945,1.0322999999999993
6142939d4e27a1844a5f0882,low_MoS2,1.0,2.0,3.0,MoS2_0.01562,8.52867369000003,1.139000000000003
614293d731cf3ef3d4a9f58e,low_MoS2,2.0,1.0,3.0,MoS2_0.01562,41.48684335000003,0.4152000000000058
614293f93ac25c70a5c6cc07,low_MoS2,3.0,0.0,3.0,MoS2_0.01562,50.808414459999916,0.388300000000001
614294044e27a1844a5f0884,low_MoS2,1.0,2.0,3.0,MoS2_0.01562,8.52895794000008,1.1388999999999996
6142942bbaaf234b3529070a,low_MoS2,2.0,1.0,3.0,MoS2_0.01562,17.851655460000067,1.0940999999999974
6142944a31cf3ef3d4a9f590,low_MoS2,2.0,1.0,3.0,MoS2_0.01562,41.49156605000003,0.34070000000000533
6142948131cf3ef3d4a9f592,low_MoS2,2.0,1.0,3.0,MoS2_0.01562,41.45147459999994,0.3930000000000007
614294843ac25c70a5c6cc09,low_MoS2,3.0,0.0,3.0,MoS2_0.01562,50.804759889999936,0.38339999999999463
614294c0baaf234b3529070c,low_MoS2,2.0,1.0,3.0,MoS2_0.01562,17.868625090000016,1.1113
6142955f9cbada84a8676d6b,low_MoS2,0.0,3.0,3.0,MoS2_0.01562,-0.8041904599999157,1.8093000000000004
614295834e27a1844a5f0886,low_MoS2,1.0,2.0,3.0,MoS2_0.01562,8.516441620000048,1.145699999999998
614295a79cbada84a8676d6d,low_MoS2,0.0,3.0,3.0,MoS2_0.01562,-0.8048586100000534,1.8093000000000004
614295f24e27a1844a5f0888,low_MoS2,1.0,2.0,3.0,MoS2_0.01562,8.50949642000003,1.1450999999999993
614295f231cf3ef3d4a9f594,low_MoS2,2.0,1.0,3.0,MoS2_0.01562,41.481178360000015,0.417199999999994
614296284e27a1844a5f088a,low_MoS2,1.0,2.0,3.0,MoS2_0.01562,8.510769250000092,1.144600000000004
6142965e31cf3ef3d4a9f596,low_MoS2,2.0,1.0,3.0,MoS2_0.01562,41.290593339999944,0.2645999999999944
614296b631cf3ef3d4a9f598,low_MoS2,2.0,1.0,3.0,MoS2_0.01562,41.42149672000001,0.38299999999999557
614296b84e27a1844a5f088c,low_MoS2,1.0,2.0,3.0,MoS2_0.01562,8.507378840000026,1.1494
614296ee4e27a1844a5f088e,low_MoS2,1.0,2.0,3.0,MoS2_0.01562,8.530042529999971,1.140500000000003
614297264e27a1844a5f0890,low_MoS2,1.0,2.0,3.0,MoS2_0.01562,8.513219060000008,1.145699999999998
61429754baaf234b3529070e,low_MoS2,2.0,1.0,3.0,MoS2_0.01562,17.866038370000062,1.1103999999999985
614297834e27a1844a5f0892,low_MoS2,1.0,2.0,3.0,MoS2_0.01562,8.51302254000009,1.1466999999999956
6142979931cf3ef3d4a9f59a,low_MoS2,2.0,1.0,3.0,MoS2_0.01562,40.97517559000012,0.1559999999999988
61429809ee0a3fd43fb47f6f,low_MoS2,1.0,2.0,3.0,MoS2_0.01562,32.08641764000002,0.40460000000000207
614298104e27a1844a5f0894,low_MoS2,1.0,2.0,3.0,MoS2_0.01562,8.518380900000036,1.1422999999999988
6142981e31cf3ef3d4a9f59c,low_MoS2,2.0,1.0,3.0,MoS2_0.01562,41.45635196999997,0.3866000000000014
6142985231cf3ef3d4a9f59e,low_MoS2,2.0,1.0,3.0,MoS2_0.01562,41.38163658999993,0.29930000000000234
6142985c9cbada84a8676d6f,low_MoS2,0.0,3.0,3.0,MoS2_0.01562,-0.8045231999998919,1.8072000000000017
6142986d3ac25c70a5c6cc0b,low_MoS2,3.0,0.0,3.0,MoS2_0.01562,50.74883355000012,0.4147000000000034
6142987a4e27a1844a5f0896,low_MoS2,1.0,2.0,3.0,MoS2_0.01562,8.517419009999937,1.148299999999999
6142988731cf3ef3d4a9f5a0,low_MoS2,2.0,1.0,3.0,MoS2_0.01562,41.47099844000009,0.41610000000000014
614298cd4e27a1844a5f0898,low_MoS2,1.0,2.0,3.0,MoS2_0.01562,8.510204339999998,1.1516999999999982
614298fb3ac25c70a5c6cc0d,low_MoS2,3.0,0.0,3.0,MoS2_0.01562,50.761021579999955,0.38589999999999947
614299044e27a1844a5f089a,low_MoS2,1.0,2.0,3.0,MoS2_0.01562,8.518146019999929,1.1473999999999975
614299394e27a1844a5f089c,low_MoS2,1.0,2.0,3.0,MoS2_0.01562,8.516136239999948,1.1458000000000013
6142993a31cf3ef3d4a9f5a2,low_MoS2,2.0,1.0,3.0,MoS2_0.01562,41.45864228000001,0.37879999999999825
614299bebaaf234b35290710,low_MoS2,2.0,1.0,3.0,MoS2_0.01562,17.878463700000104,0.940100000000001
614299c54e27a1844a5f089e,low_MoS2,1.0,2.0,3.0,MoS2_0.01562,8.54634329000012,1.179300000000005
614299f94e27a1844a5f08a0,low_MoS2,1.0,2.0,3.0,MoS2_0.01562,8.540499819999948,1.1471000000000018
614299fd31cf3ef3d4a9f5a4,low_MoS2,2.0,1.0,3.0,MoS2_0.01562,41.451844039999926,0.33619999999999806
61429a229cbada84a8676d71,low_MoS2,0.0,3.0,3.0,MoS2_0.01562,-0.8047284599999216,1.8085999999999984
61429a26ee0a3fd43fb47f71,low_MoS2,1.0,2.0,3.0,MoS2_0.01562,32.14573838,0.4023000000000039
61429a3531cf3ef3d4a9f5a6,low_MoS2,2.0,1.0,3.0,MoS2_0.01562,41.43216928000011,0.37580000000000524
61429a433ac25c70a5c6cc0f,low_MoS2,3.0,0.0,3.0,MoS2_0.01562,50.74276247999993,0.38999999999999346
61429a65baaf234b35290712,low_MoS2,2.0,1.0,3.0,MoS2_0.01562,17.883700560000072,0.9570000000000007
61429a794e27a1844a5f08a2,low_MoS2,1.0,2.0,3.0,MoS2_0.01562,8.513342460000128,1.1418999999999997
61429ad94e27a1844a5f08a4,low_MoS2,1.0,2.0,3.0,MoS2_0.01562,8.518242650000072,1.1477999999999966
61429adf31cf3ef3d4a9f5a8,low_MoS2,2.0,1.0,3.0,MoS2_0.01562,41.46249604000009,0.37939999999999685
61429b0f4e27a1844a5f08a6,low_MoS2,1.0,2.0,3.0,MoS2_0.01562,8.511408159999998,1.1428000000000011
61429b7dbaaf234b35290714,low_MoS2,2.0,1.0,3.0,MoS2_0.01562,17.886710550000082,1.0596999999999994
61429c714e27a1844a5f08a8,low_MoS2,1.0,2.0,3.0,MoS2_0.01562,8.535101050000119,1.1441000000000017
61429c9831cf3ef3d4a9f5aa,low_MoS2,2.0,1.0,3.0,MoS2_0.01562,41.45511230999996,0.36469999999999914
61429d0cbaaf234b35290716,low_MoS2,2.0,1.0,3.0,MoS2_0.01562,17.85924575000012,1.1121999999999943
61429d1f3ac25c70a5c6cc11,low_MoS2,3.0,0.0,3.0,MoS2_0.01562,48.83953018000003,0.16619999999999635
61429d3a31cf3ef3d4a9f5ac,low_MoS2,2.0,1.0,3.0,MoS2_0.01562,40.97305933000003,0.15579999999999927
61429d4c4e27a1844a5f08aa,low_MoS2,1.0,2.0,3.0,MoS2_0.01562,8.50548658000005,1.1462000000000003
61429d60ee0a3fd43fb47f73,low_MoS2,1.0,2.0,3.0,MoS2_0.01562,32.14707291000012,0.40210000000000434
61429da83ac25c70a5c6cc13,low_MoS2,3.0,0.0,3.0,MoS2_0.01562,50.797682960000124,0.37639999999999674
61429dcdee0a3fd43fb47f75,low_MoS2,1.0,2.0,3.0,MoS2_0.01562,32.14894520000006,0.4012999999999991
61429dcf31cf3ef3d4a9f5ae,low_MoS2,2.0,1.0,3.0,MoS2_0.01562,41.37788040000005,0.30239999999999867
61429dd0baaf234b35290718,low_MoS2,2.0,1.0,3.0,MoS2_0.01562,17.86607483000011,1.1111000000000004
61429df84e27a1844a5f08ac,low_MoS2,1.0,2.0,3.0,MoS2_0.01562,8.513035620000007,1.1418999999999997
61429e2f31cf3ef3d4a9f5b0,low_MoS2,2.0,1.0,3.0,MoS2_0.01562,41.48160453999999,0.41029999999999944
61429e914e27a1844a5f08ae,low_MoS2,1.0,2.0,3.0,MoS2_0.01562,8.511333299999958,1.1480999999999995
61429e9c31cf3ef3d4a9f5b2,low_MoS2,2.0,1.0,3.0,MoS2_0.01562,41.45560968000014,0.3783999999999992
61429ec64e27a1844a5f08b0,low_MoS2,1.0,2.0,3.0,MoS2_0.01562,8.509425839999974,1.1463000000000036
61429f0531cf3ef3d4a9f5b4,low_MoS2,2.0,1.0,3.0,MoS2_0.01562,41.483853550000006,0.41440000000000055
61429f0f4e27a1844a5f08b2,low_MoS2,1.0,2.0,3.0,MoS2_0.01562,8.54526278999995,1.1766999999999967
61429f243ac25c70a5c6cc15,low_MoS2,3.0,0.0,3.0,MoS2_0.01562,50.76737442999994,0.3877999999999986
61429fe231cf3ef3d4a9f5b6,low_MoS2,2.0,1.0,3.0,MoS2_0.01562,41.45829732000011,0.3697999999999979
6142a0184e27a1844a5f08b4,low_MoS2,1.0,2.0,3.0,MoS2_0.01562,8.514310690000027,1.1460000000000008
6142a01c3ac25c70a5c6cc17,low_MoS2,3.0,0.0,3.0,MoS2_0.01562,50.762521360000086,0.16280000000000427
6142a04e4e27a1844a5f08b6,low_MoS2,1.0,2.0,3.0,MoS2_0.01562,8.53884063000012,1.1436999999999955
6142a0dd4e27a1844a5f08b8,low_MoS2,1.0,2.0,3.0,MoS2_0.01562,8.517868859999933,1.1433999999999997
6142a16831cf3ef3d4a9f5b8,low_MoS2,2.0,1.0,3.0,MoS2_0.01562,41.48212120000012,0.4136000000000024
6142a18a4e27a1844a5f08ba,low_MoS2,1.0,2.0,3.0,MoS2_0.01562,8.51342251000008,1.1454000000000022
6142a1c53ac25c70a5c6cc19,low_MoS2,3.0,0.0,3.0,MoS2_0.01562,50.82648611999995,0.3427999999999969
6142a1e94e27a1844a5f08bc,low_MoS2,1.0,2.0,3.0,MoS2_0.01562,8.513590029999957,1.1458999999999975
6142a2494e27a1844a5f08be,low_MoS2,1.0,2.0,3.0,MoS2_0.01562,8.510032059999983,1.1440999999999946
6142a27331cf3ef3d4a9f5ba,low_MoS2,2.0,1.0,3.0,MoS2_0.01562,41.47253930999996,0.4147999999999996
6142a2d9baaf234b3529071a,low_MoS2,2.0,1.0,3.0,MoS2_0.01562,17.86807046000012,1.1043999999999983
6142a2fa31cf3ef3d4a9f5bc,low_MoS2,2.0,1.0,3.0,MoS2_0.01562,41.43933435999993,0.3685000000000045
6142a35831cf3ef3d4a9f5be,low_MoS2,2.0,1.0,3.0,MoS2_0.01562,41.48837500000009,0.4069999999999965
6142a3724e27a1844a5f08c0,low_MoS2,1.0,2.0,3.0,MoS2_0.01562,8.517115820000097,1.1450000000000031
6142a399ee0a3fd43fb47f77,low_MoS2,1.0,2.0,3.0,MoS2_0.01562,32.15034415000012,0.40390000000000015
6142a3c0ee0a3fd43fb47f79,low_MoS2,1.0,2.0,3.0,MoS2_0.01562,32.090314840000005,0.4037000000000006
6142a41e4e27a1844a5f08c2,low_MoS2,1.0,2.0,3.0,MoS2_0.01562,8.513527470000124,1.1465999999999994
6142a44d31cf3ef3d4a9f5c0,low_MoS2,2.0,1.0,3.0,MoS2_0.01562,41.282523139999924,0.2658999999999949
6142a4843ac25c70a5c6cc1b,low_MoS2,3.0,0.0,3.0,MoS2_0.01562,50.78798607000014,0.34369999999999834
6142a4924e27a1844a5f08c4,low_MoS2,1.0,2.0,3.0,MoS2_0.01562,8.540783330000092,1.1816999999999993
6142a51a4e27a1844a5f08c6,low_MoS2,1.0,2.0,3.0,MoS2_0.01562,8.514834280000084,1.1466999999999956
6142a5504e27a1844a5f08c8,low_MoS2,1.0,2.0,3.0,MoS2_0.01562,8.509748200000129,1.1448000000000036
6142a5743ac25c70a5c6cc1d,low_MoS2,3.0,0.0,3.0,MoS2_0.01562,50.307362339999976,0.15500000000000114
6142a58d31cf3ef3d4a9f5c2,low_MoS2,2.0,1.0,3.0,MoS2_0.01562,41.453340340000025,0.3785999999999987
6142a5964e27a1844a5f08ca,low_MoS2,1.0,2.0,3.0,MoS2_0.01562,8.513672459999977,1.1462999999999965
6142a5cc4e27a1844a5f08cc,low_MoS2,1.0,2.0,3.0,MoS2_0.01562,8.51165175000008,1.1454000000000022
6142a5e631cf3ef3d4a9f5c4,low_MoS2,2.0,1.0,3.0,MoS2_0.01562,41.47034978999996,0.41199999999999903
6142a63b9cbada84a8676d73,low_MoS2,0.0,3.0,3.0,MoS2_0.01562,-0.8310689300000718,1.8081999999999994
6142a65b4e27a1844a5f08ce,low_MoS2,1.0,2.0,3.0,MoS2_0.01562,8.513772690000021,1.1443999999999974
6142a6b44e27a1844a5f08d0,low_MoS2,1.0,2.0,3.0,MoS2_0.01562,8.53975973000004,1.1448999999999998
6142a6b631cf3ef3d4a9f5c6,low_MoS2,2.0,1.0,3.0,MoS2_0.01562,41.457815980000035,0.39400000000000546
6142a6ee3ac25c70a5c6cc1f,low_MoS2,3.0,0.0,3.0,MoS2_0.01562,50.78599034000005,0.38339999999999463
6142a6fa31cf3ef3d4a9f5c8,low_MoS2,2.0,1.0,3.0,MoS2_0.01562,41.475742020000055,0.3357000000000028
6142a7044e27a1844a5f08d2,low_MoS2,1.0,2.0,3.0,MoS2_0.01562,8.548198839999966,1.1805999999999983
6142a7709cbada84a8676d75,low_MoS2,0.0,3.0,3.0,MoS2_0.01562,-0.8333636300000649,1.8091000000000008
6142a7bd3ac25c70a5c6cc21,low_MoS2,3.0,0.0,3.0,MoS2_0.01562,50.84156389000001,0.420499999999997
6142a7cb31cf3ef3d4a9f5ca,low_MoS2,2.0,1.0,3.0,MoS2_0.01562,41.38236980000006,0.3003
6142a80631cf3ef3d4a9f5cc,low_MoS2,2.0,1.0,3.0,MoS2_0.01562,41.434635349999965,0.38340000000000174
6142a8513ac25c70a5c6cc23,low_MoS2,3.0,0.0,3.0,MoS2_0.01562,50.77563683000009,0.38580000000000325
6142a863baaf234b3529071c,low_MoS2,2.0,1.0,3.0,MoS2_0.01562,17.867160989999995,1.1109000000000009
6142a8c831cf3ef3d4a9f5ce,low_MoS2,2.0,1.0,3.0,MoS2_0.01562,41.47652777999993,0.41440000000000055
6142a90331cf3ef3d4a9f5d0,low_MoS2,2.0,1.0,3.0,MoS2_0.01562,41.46490783000009,0.41689999999999827
6142a94f4e27a1844a5f08d4,low_MoS2,1.0,2.0,3.0,MoS2_0.01562,8.515152319999995,1.1447999999999965
6142a9bb3ac25c70a5c6cc25,low_MoS2,3.0,0.0,3.0,MoS2_0.01562,50.31272716999994,0.14910000000000423
6142aa743ac25c70a5c6cc27,low_MoS2,3.0,0.0,3.0,MoS2_0.01562,50.80315177999993,0.38159999999999883
6142aadb31cf3ef3d4a9f5d2,low_MoS2,2.0,1.0,3.0,MoS2_0.01562,41.289599390000106,0.2593999999999994
6142aaf24e27a1844a5f08d6,low_MoS2,1.0,2.0,3.0,MoS2_0.01562,8.513415740000053,1.1351999999999975
6142ab6d3ac25c70a5c6cc29,low_MoS2,3.0,0.0,3.0,MoS2_0.01562,50.8154314,0.33959999999999724
6142ab764e27a1844a5f08d8,low_MoS2,1.0,2.0,3.0,MoS2_0.01562,8.522384850000005,1.1400000000000006
6142ab9331cf3ef3d4a9f5d4,low_MoS2,2.0,1.0,3.0,MoS2_0.01562,41.43452821000001,0.40749999999999886
6142abcd31cf3ef3d4a9f5d6,low_MoS2,2.0,1.0,3.0,MoS2_0.01562,41.446541910000136,0.36010000000000275
6142abed4e27a1844a5f08da,low_MoS2,1.0,2.0,3.0,MoS2_0.01562,8.532253200000039,1.1389999999999958
6142ac794e27a1844a5f08dc,low_MoS2,1.0,2.0,3.0,MoS2_0.01562,8.508978000000095,1.1439999999999984
6142acae4e27a1844a5f08de,low_MoS2,1.0,2.0,3.0,MoS2_0.01562,8.50977085000002,1.1444000000000045
6142ad543ac25c70a5c6cc2b,low_MoS2,3.0,0.0,3.0,MoS2_0.01562,50.82968683000005,0.34550000000000125
6142ae0331cf3ef3d4a9f5d8,low_MoS2,2.0,1.0,3.0,MoS2_0.01562,41.47576898999996,0.4140000000000015
6142ae0eee0a3fd43fb47f7b,low_MoS2,1.0,2.0,3.0,MoS2_0.01562,32.151447850000054,0.39809999999999945
6142ae3b31cf3ef3d4a9f5da,low_MoS2,2.0,1.0,3.0,MoS2_0.01562,41.46067108000007,0.3936999999999955
6142ae684e27a1844a5f08e0,low_MoS2,1.0,2.0,3.0,MoS2_0.01562,8.51451305000003,1.1467000000000027
6142ae7d31cf3ef3d4a9f5dc,low_MoS2,2.0,1.0,3.0,MoS2_0.01562,41.42929872000009,0.38340000000000174
6142ae9e4e27a1844a5f08e2,low_MoS2,1.0,2.0,3.0,MoS2_0.01562,8.513569600000007,1.1454000000000022
6142aebc3ac25c70a5c6cc2d,low_MoS2,3.0,0.0,3.0,MoS2_0.01562,50.328109409999946,0.15970000000000084
6142af483ac25c70a5c6cc2f,low_MoS2,3.0,0.0,3.0,MoS2_0.01562,50.74773825000003,0.3783999999999992
6142af644e27a1844a5f08e4,low_MoS2,1.0,2.0,3.0,MoS2_0.01562,8.505711090000002,1.1473000000000013
6142af6631cf3ef3d4a9f5de,low_MoS2,2.0,1.0,3.0,MoS2_0.01562,41.47313004000007,0.3359999999999985
6142afa131cf3ef3d4a9f5e0,low_MoS2,2.0,1.0,3.0,MoS2_0.01562,41.454818679999974,0.369800000000005
6142afb54e27a1844a5f08e6,low_MoS2,1.0,2.0,3.0,MoS2_0.01562,8.510225400000106,1.1458000000000013
6142afd43ac25c70a5c6cc31,low_MoS2,3.0,0.0,3.0,MoS2_0.01562,50.77787585000002,0.38159999999999883
6142b0464e27a1844a5f08e8,low_MoS2,1.0,2.0,3.0,MoS2_0.01562,8.51618970999996,1.1451000000000064
6142b0623ac25c70a5c6cc33,low_MoS2,3.0,0.0,3.0,MoS2_0.01562,50.30607571000011,0.14800000000000324
6142b0a331cf3ef3d4a9f5e2,low_MoS2,2.0,1.0,3.0,MoS2_0.01562,39.497510430000105,0.1495999999999995
6142b0de31cf3ef3d4a9f5e4,low_MoS2,2.0,1.0,3.0,MoS2_0.01562,41.43834291000003,0.4094999999999942
6142b1344e27a1844a5f08ea,low_MoS2,1.0,2.0,3.0,MoS2_0.01562,8.513104019999925,1.1418000000000035
6142b13d31cf3ef3d4a9f5e6,low_MoS2,2.0,1.0,3.0,MoS2_0.01562,41.47389158000006,0.4148999999999958
6142b150ee0a3fd43fb47f7d,low_MoS2,1.0,2.0,3.0,MoS2_0.01562,32.13933715000006,0.4065000000000012
6142b1adbaaf234b3529071e,low_MoS2,2.0,1.0,3.0,MoS2_0.01562,17.818947250000058,0.9425000000000026
6142b20d31cf3ef3d4a9f5e8,low_MoS2,2.0,1.0,3.0,MoS2_0.01562,41.462440109999946,0.3836000000000013
6142b2654e27a1844a5f08ec,low_MoS2,1.0,2.0,3.0,MoS2_0.01562,8.507280810000136,1.1452999999999989
6142b29e31cf3ef3d4a9f5ea,low_MoS2,2.0,1.0,3.0,MoS2_0.01562,41.43335640000005,0.40970000000000084
6142b30f31cf3ef3d4a9f5ec,low_MoS2,2.0,1.0,3.0,MoS2_0.01562,40.97253480000013,0.15160000000000196
6142b31fbaaf234b35290720,low_MoS2,2.0,1.0,3.0,MoS2_0.01562,17.855612419999936,1.0016999999999996
6142b38831cf3ef3d4a9f5ee,low_MoS2,2.0,1.0,3.0,MoS2_0.01562,41.43449714000003,0.3778000000000006
6142b3bf4e27a1844a5f08ee,low_MoS2,1.0,2.0,3.0,MoS2_0.01562,8.519852260000132,1.1411999999999978
6142b3e43ac25c70a5c6cc35,low_MoS2,3.0,0.0,3.0,MoS2_0.01562,50.29496991000011,0.15899999999999892
6142b4024e27a1844a5f08f0,low_MoS2,1.0,2.0,3.0,MoS2_0.01562,8.536914009999943,1.1470999999999947
6142b40b31cf3ef3d4a9f5f0,low_MoS2,2.0,1.0,3.0,MoS2_0.01562,41.45585941999998,0.38049999999999784
6142b4d34e27a1844a5f08f2,low_MoS2,1.0,2.0,3.0,MoS2_0.01562,8.506228550000085,1.1488999999999976
6142b50e31cf3ef3d4a9f5f2,low_MoS2,2.0,1.0,3.0,MoS2_0.01562,41.471395100000066,0.33720000000000283
6142b5594e27a1844a5f08f4,low_MoS2,1.0,2.0,3.0,MoS2_0.01562,8.50348312000008,1.1469999999999985
6142b57f31cf3ef3d4a9f5f4,low_MoS2,2.0,1.0,3.0,MoS2_0.01562,41.44696461000008,0.3526999999999987
6142b5bb4e27a1844a5f08f6,low_MoS2,1.0,2.0,3.0,MoS2_0.01562,8.514631669999996,1.143099999999997
6142b60a31cf3ef3d4a9f5f6,low_MoS2,2.0,1.0,3.0,MoS2_0.01562,41.46440154000011,0.3907000000000025
6142b625ee0a3fd43fb47f7f,low_MoS2,1.0,2.0,3.0,MoS2_0.01562,32.1517334,0.4000000000000057
6142b65331cf3ef3d4a9f5f8,low_MoS2,2.0,1.0,3.0,MoS2_0.01562,41.46134150999997,0.3802000000000021
6142b6824e27a1844a5f08f8,low_MoS2,1.0,2.0,3.0,MoS2_0.01562,8.51340669999993,1.1460000000000008
6142b6ce4e27a1844a5f08fa,low_MoS2,1.0,2.0,3.0,MoS2_0.01562,8.51166192999997,1.1456000000000017
6142b6ef31cf3ef3d4a9f5fa,low_MoS2,2.0,1.0,3.0,MoS2_0.01562,41.45738851000006,0.3714999999999975
6142b73bbaaf234b35290722,low_MoS2,2.0,1.0,3.0,MoS2_0.01562,17.868393550000057,1.0890999999999948
6142b740ee0a3fd43fb47f81,low_MoS2,1.0,2.0,3.0,MoS2_0.01562,31.86128529000006,0.2010000000000005
6142b76f31cf3ef3d4a9f5fc,low_MoS2,2.0,1.0,3.0,MoS2_0.01562,41.4731415400001,0.41380000000000194
6142b79c3ac25c70a5c6cc37,low_MoS2,3.0,0.0,3.0,MoS2_0.01562,50.79714036000011,0.3415999999999997
6142b7b5baaf234b35290724,low_MoS2,2.0,1.0,3.0,MoS2_0.01562,17.88746018999995,1.0951999999999984
6142b8194e27a1844a5f08fc,low_MoS2,1.0,2.0,3.0,MoS2_0.01562,8.504055200000064,1.1465999999999994
6142b820ee0a3fd43fb47f83,low_MoS2,1.0,2.0,3.0,MoS2_0.01562,32.15781906000005,0.4029000000000025
6142b88431cf3ef3d4a9f5fe,low_MoS2,2.0,1.0,3.0,MoS2_0.01562,41.454945720000026,0.36599999999999966
6142ba053ac25c70a5c6cc39,low_MoS2,3.0,0.0,3.0,MoS2_0.01562,50.82886747000013,0.33370000000000033
6142ba3031cf3ef3d4a9f600,low_MoS2,2.0,1.0,3.0,MoS2_0.01562,39.49825254999992,0.15100000000000335
6142ba964e27a1844a5f08fe,low_MoS2,1.0,2.0,3.0,MoS2_0.01562,8.515243249999937,1.1437000000000026
6142baadee0a3fd43fb47f85,low_MoS2,1.0,2.0,3.0,MoS2_0.01562,32.14650260000006,0.4029999999999987
6142bb1c31cf3ef3d4a9f602,low_MoS2,2.0,1.0,3.0,MoS2_0.01562,40.96954805000014,0.15149999999999864
6142bb564e27a1844a5f0900,low_MoS2,1.0,2.0,3.0,MoS2_0.01562,8.514889009999958,1.1443000000000012
6142bb8d4e27a1844a5f0902,low_MoS2,1.0,2.0,3.0,MoS2_0.01562,8.53960959000008,1.1473000000000013
6142bbee4e27a1844a5f0904,low_MoS2,1.0,2.0,3.0,MoS2_0.01562,8.51358342999995,1.1460000000000008
6142bbf731cf3ef3d4a9f604,low_MoS2,2.0,1.0,3.0,MoS2_0.01562,41.435272189999935,0.38239999999999696
6142bcbd4e27a1844a5f0906,low_MoS2,1.0,2.0,3.0,MoS2_0.01562,8.615440230000129,1.1212000000000018
6142bd594e27a1844a5f0908,low_MoS2,1.0,2.0,3.0,MoS2_0.01562,8.505215970000133,1.1485999999999947
6142bd8bbaaf234b35290726,low_MoS2,2.0,1.0,3.0,MoS2_0.01562,17.884730299999994,1.0999000000000052
6142bdf84e27a1844a5f090a,low_MoS2,1.0,2.0,3.0,MoS2_0.01562,8.512377419999918,1.1473000000000013
6142bdfc31cf3ef3d4a9f606,low_MoS2,2.0,1.0,3.0,MoS2_0.01562,40.958765380000116,0.1495000000000033
6142be594e27a1844a5f090c,low_MoS2,1.0,2.0,3.0,MoS2_0.01562,8.513822130000133,1.141300000000001
6142bec83ac25c70a5c6cc3b,low_MoS2,3.0,0.0,3.0,MoS2_0.01562,50.767655490000074,0.38929999999999865
6142bf1c31cf3ef3d4a9f608,low_MoS2,2.0,1.0,3.0,MoS2_0.01562,41.44658061000014,0.35259999999999536
6142bf2e4e27a1844a5f090e,low_MoS2,1.0,2.0,3.0,MoS2_0.01562,8.519279280000116,1.1452000000000027
6142bf5531cf3ef3d4a9f60a,low_MoS2,2.0,1.0,3.0,MoS2_0.01562,40.99768375999993,0.148299999999999
6142bf864e27a1844a5f0910,low_MoS2,1.0,2.0,3.0,MoS2_0.01562,8.507692460000069,1.144600000000004
6142c0344e27a1844a5f0912,low_MoS2,1.0,2.0,3.0,MoS2_0.01562,8.511600690000048,1.1437000000000026
6142c06b4e27a1844a5f0914,low_MoS2,1.0,2.0,3.0,MoS2_0.01562,8.516347620000058,1.1454999999999984
6142c0a131cf3ef3d4a9f60c,low_MoS2,2.0,1.0,3.0,MoS2_0.01562,39.49675838000003,0.14730000000000132
6142c0a54e27a1844a5f0916,low_MoS2,1.0,2.0,3.0,MoS2_0.01562,8.506364439999995,1.1372
6142c1b64e27a1844a5f0918,low_MoS2,1.0,2.0,3.0,MoS2_0.01562,8.510394030000068,1.1454999999999984
6142c22e31cf3ef3d4a9f60e,low_MoS2,2.0,1.0,3.0,MoS2_0.01562,41.46888243000008,0.3844000000000065
6142c22f3ac25c70a5c6cc3d,low_MoS2,3.0,0.0,3.0,MoS2_0.01562,50.860296929999926,0.4224000000000032
6142c2e131cf3ef3d4a9f610,low_MoS2,2.0,1.0,3.0,MoS2_0.01562,41.40475261000002,0.3842999999999961
6142c3584e27a1844a5f091a,low_MoS2,1.0,2.0,3.0,MoS2_0.01562,8.514677200000076,1.1452000000000027
6142c3b04e27a1844a5f091c,low_MoS2,1.0,2.0,3.0,MoS2_0.01562,8.502020930000096,1.1511999999999958
6142c3b231cf3ef3d4a9f612,low_MoS2,2.0,1.0,3.0,MoS2_0.01562,41.31384049000003,0.3230000000000004
6142c3bd9cbada84a8676d77,low_MoS2,0.0,3.0,3.0,MoS2_0.01562,-0.832654859999991,1.810299999999998
6142c41231cf3ef3d4a9f614,low_MoS2,2.0,1.0,3.0,MoS2_0.01562,41.462205219999944,0.38339999999999463
6142c4753ac25c70a5c6cc3f,low_MoS2,3.0,0.0,3.0,MoS2_0.01562,50.80054639000006,0.3434000000000026
6142c4a5baaf234b35290728,low_MoS2,2.0,1.0,3.0,MoS2_0.01562,17.851287449999965,1.0884999999999962
6142c4de31cf3ef3d4a9f616,low_MoS2,2.0,1.0,3.0,MoS2_0.01562,41.484896939999956,0.4163999999999959
6142c4ef4e27a1844a5f091e,low_MoS2,1.0,2.0,3.0,MoS2_0.01562,8.5404004100001,1.179399999999994
6142c53a31cf3ef3d4a9f618,low_MoS2,2.0,1.0,3.0,MoS2_0.01562,41.46272592999999,0.41140000000000043
6142c5414e27a1844a5f0920,low_MoS2,1.0,2.0,3.0,MoS2_0.01562,8.513653430000002,1.1469000000000023
6142c5914e27a1844a5f0922,low_MoS2,1.0,2.0,3.0,MoS2_0.01562,8.510284729999992,1.1483999999999952
6142c5a531cf3ef3d4a9f61a,low_MoS2,2.0,1.0,3.0,MoS2_0.01562,40.96949136999997,0.15549999999999642
6142c5e131cf3ef3d4a9f61c,low_MoS2,2.0,1.0,3.0,MoS2_0.01562,41.24169846000014,0.24519999999999698
6142c5f94e27a1844a5f0924,low_MoS2,1.0,2.0,3.0,MoS2_0.01562,8.514667749999969,1.1450000000000031
6142c62d31cf3ef3d4a9f61e,low_MoS2,2.0,1.0,3.0,MoS2_0.01562,41.46012583000011,0.37290000000000134
6142c6969cbada84a8676d79,low_MoS2,0.0,3.0,3.0,MoS2_0.01562,-0.8331870900000808,1.8070999999999984
6142c69a31cf3ef3d4a9f620,low_MoS2,2.0,1.0,3.0,MoS2_0.01562,41.45176512999997,0.37110000000000554
6142c70831cf3ef3d4a9f622,low_MoS2,2.0,1.0,3.0,MoS2_0.01562,41.45165489000006,0.3783999999999992
6142c7134e27a1844a5f0926,low_MoS2,1.0,2.0,3.0,MoS2_0.01562,8.521686479999996,1.1339000000000041
6142c73f31cf3ef3d4a9f624,low_MoS2,2.0,1.0,3.0,MoS2_0.01562,41.412634929999925,0.4146000000000001
6142c7733ac25c70a5c6cc41,low_MoS2,3.0,0.0,3.0,MoS2_0.01562,50.79492145999999,0.38340000000000174
6142c8ba3ac25c70a5c6cc43,low_MoS2,3.0,0.0,3.0,MoS2_0.01562,50.81696806999995,0.4040999999999997
6142c8db4e27a1844a5f0928,low_MoS2,1.0,2.0,3.0,MoS2_0.01562,8.504152870000123,1.1391999999999953
6142c9564e27a1844a5f092a,low_MoS2,1.0,2.0,3.0,MoS2_0.01562,8.506110269999933,1.1482000000000028
6142c9733ac25c70a5c6cc45,low_MoS2,3.0,0.0,3.0,MoS2_0.01562,50.79633387000005,0.3317999999999941
6142c9eb31cf3ef3d4a9f626,low_MoS2,2.0,1.0,3.0,MoS2_0.01562,41.47012568999999,0.33310000000000173
6142c9ff4e27a1844a5f092c,low_MoS2,1.0,2.0,3.0,MoS2_0.01562,8.601544480000054,1.1298999999999992
6142ca6b31cf3ef3d4a9f628,low_MoS2,2.0,1.0,3.0,MoS2_0.01562,41.42356276999995,0.4136000000000024
6142caa431cf3ef3d4a9f62a,low_MoS2,2.0,1.0,3.0,MoS2_0.01562,41.428241049999954,0.38280000000000314
6142cad83ac25c70a5c6cc47,low_MoS2,3.0,0.0,3.0,MoS2_0.01562,50.727883510000005,0.30689999999999884
6142cb3131cf3ef3d4a9f62c,low_MoS2,2.0,1.0,3.0,MoS2_0.01562,41.405785050000034,0.3866999999999976
6142cb6a31cf3ef3d4a9f62e,low_MoS2,2.0,1.0,3.0,MoS2_0.01562,41.422339039999954,0.37879999999999825
6142cbb59cbada84a8676d7b,low_MoS2,0.0,3.0,3.0,MoS2_0.01562,-0.8045092899998849,1.8081000000000031
6142cc274e27a1844a5f092e,low_MoS2,1.0,2.0,3.0,MoS2_0.01562,8.536570720000125,1.1461000000000041
6142cca731cf3ef3d4a9f630,low_MoS2,2.0,1.0,3.0,MoS2_0.01562,40.97212514999997,0.15670000000000073
6142cca89cbada84a8676d7d,low_MoS2,0.0,3.0,3.0,MoS2_0.01562,-0.8039967899998715,1.8061000000000007
6142cccd4e27a1844a5f0930,low_MoS2,1.0,2.0,3.0,MoS2_0.01562,8.529200180000114,1.1780999999999935
6142cce031cf3ef3d4a9f632,low_MoS2,2.0,1.0,3.0,MoS2_0.01562,41.44988024000004,0.3888999999999996
6142ccec3ac25c70a5c6cc49,low_MoS2,3.0,0.0,3.0,MoS2_0.01562,50.786622109999975,0.40979999999999706
6142cd064e27a1844a5f0932,low_MoS2,1.0,2.0,3.0,MoS2_0.01562,8.540200919999986,1.1462000000000003
6142cd2831cf3ef3d4a9f634,low_MoS2,2.0,1.0,3.0,MoS2_0.01562,41.47056783000012,0.4140999999999977
6142cd6931cf3ef3d4a9f636,low_MoS2,2.0,1.0,3.0,MoS2_0.01562,41.34828736999994,0.29229999999999734
6142cd6d4e27a1844a5f0934,low_MoS2,1.0,2.0,3.0,MoS2_0.01562,8.511718819999967,1.144599999999997
6142cd7f3ac25c70a5c6cc4b,low_MoS2,3.0,0.0,3.0,MoS2_0.01562,50.78104223000006,0.4210999999999956
6142cdf84e27a1844a5f0936,low_MoS2,1.0,2.0,3.0,MoS2_0.01562,8.513080770000013,1.1456000000000017
6142ce514e27a1844a5f0938,low_MoS2,1.0,2.0,3.0,MoS2_0.01562,8.504710120000052,1.1463999999999999
6142ce7231cf3ef3d4a9f638,low_MoS2,2.0,1.0,3.0,MoS2_0.01562,41.48490505000014,0.4160000000000039
6142ce833ac25c70a5c6cc4d,low_MoS2,3.0,0.0,3.0,MoS2_0.01562,50.313628880000046,0.13770000000000238
6142cedb4e27a1844a5f093a,low_MoS2,1.0,2.0,3.0,MoS2_0.01562,8.512835940000084,1.1452000000000027
6142cf134e27a1844a5f093c,low_MoS2,1.0,2.0,3.0,MoS2_0.01562,8.540967030000072,1.1452000000000027
6142cf173ac25c70a5c6cc4f,low_MoS2,3.0,0.0,3.0,MoS2_0.01562,50.80188033000005,0.37819999999999965
6142cf4bbaaf234b3529072a,low_MoS2,2.0,1.0,3.0,MoS2_0.01562,17.866997920000124,1.1110000000000042
6142cfb33ac25c70a5c6cc51,low_MoS2,3.0,0.0,3.0,MoS2_0.01562,50.78530476999996,0.4001000000000019
6142d0eb31cf3ef3d4a9f63a,low_MoS2,2.0,1.0,3.0,MoS2_0.01562,41.47158235000002,0.33269999999999555
6142d13a3ac25c70a5c6cc53,low_MoS2,3.0,0.0,3.0,MoS2_0.01562,50.757352140000116,0.38980000000000103
6142d1b74e27a1844a5f093e,low_MoS2,1.0,2.0,3.0,MoS2_0.01562,8.505377660000047,1.1428000000000011
6142d21f4e27a1844a5f0940,low_MoS2,1.0,2.0,3.0,MoS2_0.01562,8.551647990000017,1.1375000000000028
6142d257baaf234b3529072c,low_MoS2,2.0,1.0,3.0,MoS2_0.01562,17.865370960000057,1.1059999999999945
6142d2644e27a1844a5f0942,low_MoS2,1.0,2.0,3.0,MoS2_0.01562,8.51386864000008,1.1413999999999973
6142d29f31cf3ef3d4a9f63c,low_MoS2,2.0,1.0,3.0,MoS2_0.01562,41.4578924500001,0.3873000000000033
6142d2a73ac25c70a5c6cc55,low_MoS2,3.0,0.0,3.0,MoS2_0.01562,50.35367454999997,0.13799999999999812
6142d2b34e27a1844a5f0944,low_MoS2,1.0,2.0,3.0,MoS2_0.01562,8.528114490000032,1.1396000000000015
6142d3963ac25c70a5c6cc57,low_MoS2,3.0,0.0,3.0,MoS2_0.01562,50.813031309999964,0.3895000000000053
6142d3f74e27a1844a5f0946,low_MoS2,1.0,2.0,3.0,MoS2_0.01562,8.506077640000083,1.1414000000000044
6142d40931cf3ef3d4a9f63e,low_MoS2,2.0,1.0,3.0,MoS2_0.01562,41.45907198000005,0.3959000000000046
6142d47a31cf3ef3d4a9f640,low_MoS2,2.0,1.0,3.0,MoS2_0.01562,41.45632824000013,0.36779999999999546
6142d48f4e27a1844a5f0948,low_MoS2,1.0,2.0,3.0,MoS2_0.01562,8.510104980000076,1.1465999999999994
6142d51631cf3ef3d4a9f642,low_MoS2,2.0,1.0,3.0,MoS2_0.01562,41.401994960000096,0.3912000000000049
6142d56c31cf3ef3d4a9f644,low_MoS2,2.0,1.0,3.0,MoS2_0.01562,41.45928356999998,0.3631999999999991
6142d620ee0a3fd43fb47f87,low_MoS2,1.0,2.0,3.0,MoS2_0.01562,32.14549634000012,0.4046999999999983
6142d6c631cf3ef3d4a9f646,low_MoS2,2.0,1.0,3.0,MoS2_0.01562,41.48607033000003,0.40509999999999735
6142d81031cf3ef3d4a9f648,low_MoS2,2.0,1.0,3.0,MoS2_0.01562,41.475290730000054,0.3353999999999999
6142d84831cf3ef3d4a9f64a,low_MoS2,2.0,1.0,3.0,MoS2_0.01562,41.45570384999992,0.38690000000000424
6142d8693ac25c70a5c6cc59,low_MoS2,3.0,0.0,3.0,MoS2_0.01562,50.77839566000004,0.3841999999999999
6142d8e831cf3ef3d4a9f64c,low_MoS2,2.0,1.0,3.0,MoS2_0.01562,41.456166959999976,0.3815000000000026
6142d8ff4e27a1844a5f094a,low_MoS2,1.0,2.0,3.0,MoS2_0.01562,8.506286540000044,1.1377000000000024
6142d94531cf3ef3d4a9f64e,low_MoS2,2.0,1.0,3.0,MoS2_0.01562,41.379809279999975,0.3027000000000015
6142d96f4e27a1844a5f094c,low_MoS2,1.0,2.0,3.0,MoS2_0.01562,8.514215200000105,1.145699999999998
6142d9c44e27a1844a5f094e,low_MoS2,1.0,2.0,3.0,MoS2_0.01562,8.515364750000142,1.1463999999999999
6142d9dc3ac25c70a5c6cc5b,low_MoS2,3.0,0.0,3.0,MoS2_0.01562,50.83225574999998,0.41570000000000107
6142da0c31cf3ef3d4a9f650,low_MoS2,2.0,1.0,3.0,MoS2_0.01562,41.48423608000003,0.4072000000000031
6142da654e27a1844a5f0950,low_MoS2,1.0,2.0,3.0,MoS2_0.01562,8.493665709999984,1.137599999999999
6142da6731cf3ef3d4a9f652,low_MoS2,2.0,1.0,3.0,MoS2_0.01562,41.46610125000002,0.39920000000000044
6142dad231cf3ef3d4a9f654,low_MoS2,2.0,1.0,3.0,MoS2_0.01562,41.42397761000002,0.3795999999999964
6142dad34e27a1844a5f0952,low_MoS2,1.0,2.0,3.0,MoS2_0.01562,8.513037640000018,1.1452999999999989
6142db32ee0a3fd43fb47f89,low_MoS2,1.0,2.0,3.0,MoS2_0.01562,32.144514620000095,0.40379999999999683
6142db3c4e27a1844a5f0954,low_MoS2,1.0,2.0,3.0,MoS2_0.01562,8.511695400000033,1.1473999999999975
6142db4e3ac25c70a5c6cc5d,low_MoS2,3.0,0.0,3.0,MoS2_0.01562,50.328331730000095,0.15390000000000015
6142db6bbaaf234b3529072e,low_MoS2,2.0,1.0,3.0,MoS2_0.01562,17.902029719999966,1.1195000000000022
6142db7c31cf3ef3d4a9f656,low_MoS2,2.0,1.0,3.0,MoS2_0.01562,40.97590529999998,0.15729999999999933
6142dbea3ac25c70a5c6cc5f,low_MoS2,3.0,0.0,3.0,MoS2_0.01562,50.796699050000065,0.3826000000000036
6142dc664e27a1844a5f0956,low_MoS2,1.0,2.0,3.0,MoS2_0.01562,8.504942400000143,1.1425000000000054
6142dc7d3ac25c70a5c6cc61,low_MoS2,3.0,0.0,3.0,MoS2_0.01562,50.827664640000116,0.32519999999999527
6142dc9e31cf3ef3d4a9f658,low_MoS2,2.0,1.0,3.0,MoS2_0.01562,41.47371061000008,0.33389999999999986
6142dca4baaf234b35290730,low_MoS2,2.0,1.0,3.0,MoS2_0.01562,17.872450269999938,1.098700000000001
6142dcd74e27a1844a5f0958,low_MoS2,1.0,2.0,3.0,MoS2_0.01562,8.510201500000019,1.146799999999999
6142dd0a31cf3ef3d4a9f65a,low_MoS2,2.0,1.0,3.0,MoS2_0.01562,41.48702184000008,0.405300000000004
6142dd4f4e27a1844a5f095a,low_MoS2,1.0,2.0,3.0,MoS2_0.01562,8.507814520000036,1.144999999999996
6142dd6331cf3ef3d4a9f65c,low_MoS2,2.0,1.0,3.0,MoS2_0.01562,41.322487170000116,0.1465999999999994
6142dd9f31cf3ef3d4a9f65e,low_MoS2,2.0,1.0,3.0,MoS2_0.01562,41.47899447999994,0.41669999999999874
6142deb54e27a1844a5f095c,low_MoS2,1.0,2.0,3.0,MoS2_0.01562,8.600297680000065,1.130200000000002
6142dfa53ac25c70a5c6cc63,low_MoS2,3.0,0.0,3.0,MoS2_0.01562,50.307770150000046,0.15670000000000073
6142dfd24e27a1844a5f095e,low_MoS2,1.0,2.0,3.0,MoS2_0.01562,8.531570659999968,1.137599999999999
6142dfec31cf3ef3d4a9f660,low_MoS2,2.0,1.0,3.0,MoS2_0.01562,41.48162300999998,0.4058999999999955
6142dff4baaf234b35290732,low_MoS2,2.0,1.0,3.0,MoS2_0.01562,17.847688589999954,1.0050999999999988
6142e06c4e27a1844a5f0960,low_MoS2,1.0,2.0,3.0,MoS2_0.01562,8.513390439999991,1.1447000000000003
6142e07b31cf3ef3d4a9f662,low_MoS2,2.0,1.0,3.0,MoS2_0.01562,41.467953519999995,0.3370000000000033
6142e0c84e27a1844a5f0962,low_MoS2,1.0,2.0,3.0,MoS2_0.01562,8.511561009999948,1.143500000000003
6142e0df31cf3ef3d4a9f664,low_MoS2,2.0,1.0,3.0,MoS2_0.01562,41.41959532999995,0.3628
6142e1014e27a1844a5f0964,low_MoS2,1.0,2.0,3.0,MoS2_0.01562,8.507318819999934,1.1459000000000046
6142e15431cf3ef3d4a9f666,low_MoS2,2.0,1.0,3.0,MoS2_0.01562,41.48106531999993,0.41210000000000235
6142e1d73ac25c70a5c6cc65,low_MoS2,3.0,0.0,3.0,MoS2_0.01562,50.720609290000006,0.314700000000002
6142e22fbaaf234b35290734,low_MoS2,2.0,1.0,3.0,MoS2_0.01562,17.823504449999966,1.108699999999999
6142e26f3ac25c70a5c6cc67,low_MoS2,3.0,0.0,3.0,MoS2_0.01562,50.88489012999995,0.1881000000000057
6142e312baaf234b35290736,low_MoS2,2.0,1.0,3.0,MoS2_0.01562,17.87136123000004,1.099899999999998
6142e35c31cf3ef3d4a9f668,low_MoS2,2.0,1.0,3.0,MoS2_0.01562,41.445928940000115,0.3615999999999957
6142e3d831cf3ef3d4a9f66a,low_MoS2,2.0,1.0,3.0,MoS2_0.01562,41.39094723000012,0.3033000000000001
6142e42331cf3ef3d4a9f66c,low_MoS2,2.0,1.0,3.0,MoS2_0.01562,41.47416876000007,0.40439999999999543
6142e4d231cf3ef3d4a9f66e,low_MoS2,2.0,1.0,3.0,MoS2_0.01562,41.452838030000024,0.41270000000000095
6142e4d34e27a1844a5f0966,low_MoS2,1.0,2.0,3.0,MoS2_0.01562,8.51216191999995,1.1470999999999947
6142e50d4e27a1844a5f0968,low_MoS2,1.0,2.0,3.0,MoS2_0.01562,8.511744169999954,1.1433000000000035
6142e59131cf3ef3d4a9f670,low_MoS2,2.0,1.0,3.0,MoS2_0.01562,41.46835641000003,0.3843000000000032
6142e5a24e27a1844a5f096a,low_MoS2,1.0,2.0,3.0,MoS2_0.01562,8.512164150000014,1.1437999999999988
6142e5de4e27a1844a5f096c,low_MoS2,1.0,2.0,3.0,MoS2_0.01562,8.51365766000006,1.1454999999999984
6142e6093ac25c70a5c6cc69,low_MoS2,3.0,0.0,3.0,MoS2_0.01562,50.78659499000006,0.41379999999999484
6142e69c3ac25c70a5c6cc6b,low_MoS2,3.0,0.0,3.0,MoS2_0.01562,50.68047003000007,0.32039999999999935
6142e6fc31cf3ef3d4a9f672,low_MoS2,2.0,1.0,3.0,MoS2_0.01562,41.4502226900001,0.3562000000000012
6142e70c4e27a1844a5f096e,low_MoS2,1.0,2.0,3.0,MoS2_0.01562,8.504282310000033,1.1486000000000018
6142e7c94e27a1844a5f0970,low_MoS2,1.0,2.0,3.0,MoS2_0.01562,8.513431650000054,1.1455999999999946
6142e8583ac25c70a5c6cc6d,low_MoS2,3.0,0.0,3.0,MoS2_0.01562,50.7997418900001,0.38279999999999603
6142e87e4e27a1844a5f0972,low_MoS2,1.0,2.0,3.0,MoS2_0.01562,8.53513096999998,1.1817000000000064
6142e88d31cf3ef3d4a9f674,low_MoS2,2.0,1.0,3.0,MoS2_0.01562,41.43436285000003,0.41029999999999944
6142e8b84e27a1844a5f0974,low_MoS2,1.0,2.0,3.0,MoS2_0.01562,8.506584610000143,1.1422999999999988
6142e9183ac25c70a5c6cc6f,low_MoS2,3.0,0.0,3.0,MoS2_0.01562,50.71452198000012,0.38569999999999993
6142e95931cf3ef3d4a9f676,low_MoS2,2.0,1.0,3.0,MoS2_0.01562,41.47320249000013,0.41199999999999903
6142e9c331cf3ef3d4a9f678,low_MoS2,2.0,1.0,3.0,MoS2_0.01562,41.45982844999999,0.37120000000000175
6142ea1f4e27a1844a5f0976,low_MoS2,1.0,2.0,3.0,MoS2_0.01562,8.502380960000007,1.1482000000000028
6142ea65ee0a3fd43fb47f8b,low_MoS2,1.0,2.0,3.0,MoS2_0.01562,32.15870225000002,0.39700000000000557
6142ea7631cf3ef3d4a9f67a,low_MoS2,2.0,1.0,3.0,MoS2_0.01562,41.478405300000034,0.33259999999999934
6142eae64e27a1844a5f0978,low_MoS2,1.0,2.0,3.0,MoS2_0.01562,8.512810330000118,1.1428000000000011
6142eb2331cf3ef3d4a9f67c,low_MoS2,2.0,1.0,3.0,MoS2_0.01562,41.45602546000005,0.3890999999999991
6142eb474e27a1844a5f097a,low_MoS2,1.0,2.0,3.0,MoS2_0.01562,8.50884414000009,1.148699999999998
6142eb973ac25c70a5c6cc71,low_MoS2,3.0,0.0,3.0,MoS2_0.01562,46.824463999999956,0.5032999999999959
6142ec0c31cf3ef3d4a9f67e,low_MoS2,2.0,1.0,3.0,MoS2_0.01562,41.47222475000008,0.3340999999999994
6142ecbc3ac25c70a5c6cc73,low_MoS2,3.0,0.0,3.0,MoS2_0.01562,48.83483456000014,0.1681999999999988
6142eccd4e27a1844a5f097c,low_MoS2,1.0,2.0,3.0,MoS2_0.01562,8.506069040000082,1.141600000000004
6142edc94e27a1844a5f097e,low_MoS2,1.0,2.0,3.0,MoS2_0.01562,8.529805390000117,1.139800000000001
6142edd931cf3ef3d4a9f680,low_MoS2,2.0,1.0,3.0,MoS2_0.01562,41.45314325,0.3813999999999993
6142ee024e27a1844a5f0980,low_MoS2,1.0,2.0,3.0,MoS2_0.01562,8.508623089999926,1.1475000000000009
6142ee1431cf3ef3d4a9f682,low_MoS2,2.0,1.0,3.0,MoS2_0.01562,41.469428070000006,0.41570000000000107
6142ee4b3ac25c70a5c6cc75,low_MoS2,3.0,0.0,3.0,MoS2_0.01562,50.87384424999997,0.16209999999999525
6142ee8f31cf3ef3d4a9f684,low_MoS2,2.0,1.0,3.0,MoS2_0.01562,40.97545264000014,0.1559000000000026
6142eee03ac25c70a5c6cc77,low_MoS2,3.0,0.0,3.0,MoS2_0.01562,50.32525299,0.11019999999999897
6142eee64e27a1844a5f0982,low_MoS2,1.0,2.0,3.0,MoS2_0.01562,8.494146519999983,1.1377999999999986
6142ef0e31cf3ef3d4a9f686,low_MoS2,2.0,1.0,3.0,MoS2_0.01562,41.470795350000074,0.41329999999999956
6142ef773ac25c70a5c6cc79,low_MoS2,3.0,0.0,3.0,MoS2_0.01562,50.81322083000001,0.4251000000000005
6142f01c3ac25c70a5c6cc7b,low_MoS2,3.0,0.0,3.0,MoS2_0.01562,50.81095569000005,0.34250000000000114
6142f02631cf3ef3d4a9f688,low_MoS2,2.0,1.0,3.0,MoS2_0.01562,40.969622710000024,0.15520000000000067
6142f06231cf3ef3d4a9f68a,low_MoS2,2.0,1.0,3.0,MoS2_0.01562,41.37833087999998,0.38819999999999766
6142f06dee0a3fd43fb47f8d,low_MoS2,1.0,2.0,3.0,MoS2_0.01562,32.1366979700001,0.402000000000001
6142f09f31cf3ef3d4a9f68c,low_MoS2,2.0,1.0,3.0,MoS2_0.01562,41.48127532000008,0.4129999999999967
6142f0ea31cf3ef3d4a9f68e,low_MoS2,2.0,1.0,3.0,MoS2_0.01562,41.39922020000013,0.29940000000000566
6142f13a4e27a1844a5f0984,low_MoS2,1.0,2.0,3.0,MoS2_0.01562,8.556980009999986,1.1349000000000018
6142f15aee0a3fd43fb47f8f,low_MoS2,1.0,2.0,3.0,MoS2_0.01562,32.14470873000003,0.4055000000000035
6142f18d31cf3ef3d4a9f690,low_MoS2,2.0,1.0,3.0,MoS2_0.01562,41.39063436000011,0.2962999999999951
6142f1ee3ac25c70a5c6cc7d,low_MoS2,3.0,0.0,3.0,MoS2_0.01562,50.79548459999993,0.37599999999999767
6142f1ef31cf3ef3d4a9f692,low_MoS2,2.0,1.0,3.0,MoS2_0.01562,41.460092579999994,0.3719999999999999
6142f229baaf234b35290738,low_MoS2,2.0,1.0,3.0,MoS2_0.01562,17.85793175999992,1.1062000000000012
6142f23f4e27a1844a5f0986,low_MoS2,1.0,2.0,3.0,MoS2_0.01562,8.527977040000021,1.1473999999999975
6142f30d31cf3ef3d4a9f694,low_MoS2,2.0,1.0,3.0,MoS2_0.01562,41.418709740000125,0.38400000000000034
6142f3373ac25c70a5c6cc7f,low_MoS2,3.0,0.0,3.0,MoS2_0.01562,50.82114524,0.4263999999999939
6142f3ce3ac25c70a5c6cc81,low_MoS2,3.0,0.0,3.0,MoS2_0.01562,50.77188274000006,0.39930000000000376
6142f3d231cf3ef3d4a9f696,low_MoS2,2.0,1.0,3.0,MoS2_0.01562,41.39998783999995,0.29710000000000036
6142f4673ac25c70a5c6cc83,low_MoS2,3.0,0.0,3.0,MoS2_0.01562,50.81288697999995,0.3841999999999999
6142f46931cf3ef3d4a9f698,low_MoS2,2.0,1.0,3.0,MoS2_0.01562,41.570213800000104,0.4170999999999978
6142f47c9cbada84a8676d7f,low_MoS2,0.0,3.0,3.0,MoS2_0.01562,-0.8332571600000733,1.8064999999999998
6142f4aa31cf3ef3d4a9f69a,low_MoS2,2.0,1.0,3.0,MoS2_0.01562,41.402068560000046,0.37989999999999924
6142f57b4e27a1844a5f0988,low_MoS2,1.0,2.0,3.0,MoS2_0.01562,8.510844610000074,1.1424999999999983
6142f594baaf234b3529073a,low_MoS2,2.0,1.0,3.0,MoS2_0.01562,17.85575818000006,1.0390000000000015
6142f5e84e27a1844a5f098a,low_MoS2,1.0,2.0,3.0,MoS2_0.01562,8.507137840000066,1.141300000000001
6142f63d4e27a1844a5f098c,low_MoS2,1.0,2.0,3.0,MoS2_0.01562,8.514035310000079,1.1411000000000016
6142f63e31cf3ef3d4a9f69c,low_MoS2,2.0,1.0,3.0,MoS2_0.01562,41.46393142999996,0.3703999999999965
6142f67d31cf3ef3d4a9f69e,low_MoS2,2.0,1.0,3.0,MoS2_0.01562,41.46137902999995,0.38629999999999853
6142f6bc4e27a1844a5f098e,low_MoS2,1.0,2.0,3.0,MoS2_0.01562,8.514106910000034,1.1456000000000017
6142f73f4e27a1844a5f0990,low_MoS2,1.0,2.0,3.0,MoS2_0.01562,8.514844979999932,1.1474000000000046
6142f77031cf3ef3d4a9f6a0,low_MoS2,2.0,1.0,3.0,MoS2_0.01562,41.42823727000014,0.37530000000000285
6142f7d54e27a1844a5f0992,low_MoS2,1.0,2.0,3.0,MoS2_0.01562,8.510386489999998,1.1433999999999997
6142f86531cf3ef3d4a9f6a2,low_MoS2,2.0,1.0,3.0,MoS2_0.01562,41.44246392999999,0.39390000000000214
6142f8723ac25c70a5c6cc85,low_MoS2,3.0,0.0,3.0,MoS2_0.01562,50.763826540000004,0.43489999999999895
6142f8a431cf3ef3d4a9f6a4,low_MoS2,2.0,1.0,3.0,MoS2_0.01562,41.460118540000124,0.3990000000000009
6142f8df4e27a1844a5f0994,low_MoS2,1.0,2.0,3.0,MoS2_0.01562,8.512767760000113,1.1460000000000008
6142f8e831cf3ef3d4a9f6a6,low_MoS2,2.0,1.0,3.0,MoS2_0.01562,41.38817932000002,0.2991000000000028
6142f9254e27a1844a5f0996,low_MoS2,1.0,2.0,3.0,MoS2_0.01562,8.506089129999989,1.1422000000000025
6142f9793ac25c70a5c6cc87,low_MoS2,3.0,0.0,3.0,MoS2_0.01562,50.78968094999997,0.36759999999999593
6142fa6e31cf3ef3d4a9f6a8,low_MoS2,2.0,1.0,3.0,MoS2_0.01562,41.43270700000012,0.40980000000000416
6142fa9e4e27a1844a5f0998,low_MoS2,1.0,2.0,3.0,MoS2_0.01562,8.520053760000135,1.1473000000000013
6142fab83ac25c70a5c6cc89,low_MoS2,3.0,0.0,3.0,MoS2_0.01562,50.808959509999944,0.379099999999994
6142fb4d4e27a1844a5f099a,low_MoS2,1.0,2.0,3.0,MoS2_0.01562,8.515768860000005,1.1445000000000007
6142fc5aee0a3fd43fb47f91,low_MoS2,1.0,2.0,3.0,MoS2_0.01562,32.09150141000008,0.4029999999999987
6142fc6f4e27a1844a5f099c,low_MoS2,1.0,2.0,3.0,MoS2_0.01562,8.510590590000017,1.1445000000000007
6142fc9eee0a3fd43fb47f93,low_MoS2,1.0,2.0,3.0,MoS2_0.01562,32.15622232999998,0.4025000000000034
6142fcea4e27a1844a5f099e,low_MoS2,1.0,2.0,3.0,MoS2_0.01562,8.5154968300001,1.1443000000000012
6142fd2731cf3ef3d4a9f6aa,low_MoS2,2.0,1.0,3.0,MoS2_0.01562,41.396781040000135,0.29129999999999967
6142fd6a4e27a1844a5f09a0,low_MoS2,1.0,2.0,3.0,MoS2_0.01562,8.51142407,1.1448000000000036
6142fe5b31cf3ef3d4a9f6ac,low_MoS2,2.0,1.0,3.0,MoS2_0.01562,41.450427590000075,0.373899999999999
6142febc31cf3ef3d4a9f6ae,low_MoS2,2.0,1.0,3.0,MoS2_0.01562,41.47239050000003,0.3359000000000023
6142ff0f4e27a1844a5f09a2,low_MoS2,1.0,2.0,3.0,MoS2_0.01562,8.505061719999983,1.1424999999999983
6142ff7a4e27a1844a5f09a4,low_MoS2,1.0,2.0,3.0,MoS2_0.01562,8.514740589999999,1.147200000000005
6142ffab31cf3ef3d4a9f6b0,low_MoS2,2.0,1.0,3.0,MoS2_0.01562,41.39360241000004,0.3021000000000029
6142ffd83ac25c70a5c6cc8b,low_MoS2,3.0,0.0,3.0,MoS2_0.01562,50.787511500000086,0.3832000000000022
6143002631cf3ef3d4a9f6b2,low_MoS2,2.0,1.0,3.0,MoS2_0.01562,41.429603510000064,0.38239999999999696
6143006631cf3ef3d4a9f6b4,low_MoS2,2.0,1.0,3.0,MoS2_0.01562,41.462893880000095,0.4106999999999985
6143008a4e27a1844a5f09a6,low_MoS2,1.0,2.0,3.0,MoS2_0.01562,8.495364189999943,1.1510999999999996
614300a531cf3ef3d4a9f6b6,low_MoS2,2.0,1.0,3.0,MoS2_0.01562,41.45833975000001,0.3592999999999975
614300d8baaf234b3529073c,low_MoS2,2.0,1.0,3.0,MoS2_0.01562,17.86187676000008,1.1114000000000033
614301263ac25c70a5c6cc8d,low_MoS2,3.0,0.0,3.0,MoS2_0.01562,50.76647194000012,0.3802000000000021
6143017a4e27a1844a5f09a8,low_MoS2,1.0,2.0,3.0,MoS2_0.01562,8.498507400000133,1.1491000000000042
6143025b31cf3ef3d4a9f6b8,low_MoS2,2.0,1.0,3.0,MoS2_0.01562,41.46941946000011,0.4088999999999956
614302884e27a1844a5f09aa,low_MoS2,1.0,2.0,3.0,MoS2_0.01562,8.543118770000117,1.1443000000000012
614302d24e27a1844a5f09ac,low_MoS2,1.0,2.0,3.0,MoS2_0.01562,8.512755429999995,1.1452000000000027
61430347baaf234b3529073e,low_MoS2,2.0,1.0,3.0,MoS2_0.01562,17.8592087500001,1.1045999999999978
614303b84e27a1844a5f09ae,low_MoS2,1.0,2.0,3.0,MoS2_0.01562,8.503720460000093,1.1484999999999985
614303c831cf3ef3d4a9f6ba,low_MoS2,2.0,1.0,3.0,MoS2_0.01562,41.44727617000008,0.39399999999999835
614304623ac25c70a5c6cc8f,low_MoS2,3.0,0.0,3.0,MoS2_0.01562,50.722096099999966,0.28070000000000306
614304c04e27a1844a5f09b0,low_MoS2,1.0,2.0,3.0,MoS2_0.01562,8.51415077000004,1.147200000000005
614304c19cbada84a8676d81,low_MoS2,0.0,3.0,3.0,MoS2_0.01562,-0.8219782699999882,1.8059999999999974
6143052231cf3ef3d4a9f6bc,low_MoS2,2.0,1.0,3.0,MoS2_0.01562,41.467508090000095,0.3342000000000027
6143054e4e27a1844a5f09b2,low_MoS2,1.0,2.0,3.0,MoS2_0.01562,8.514676710000028,1.1450999999999993
6143059f31cf3ef3d4a9f6be,low_MoS2,2.0,1.0,3.0,MoS2_0.01562,41.486140370000115,0.41560000000000485
6143068c4e27a1844a5f09b4,low_MoS2,1.0,2.0,3.0,MoS2_0.01562,8.512555260000024,1.1460000000000008
6143070831cf3ef3d4a9f6c0,low_MoS2,2.0,1.0,3.0,MoS2_0.01562,41.47030831000002,0.40500000000000114
6143077c31cf3ef3d4a9f6c2,low_MoS2,2.0,1.0,3.0,MoS2_0.01562,41.263264899999925,0.2796999999999983
6143088a3ac25c70a5c6cc91,low_MoS2,3.0,0.0,3.0,MoS2_0.01562,50.803545260000114,0.3708999999999989
614309ca31cf3ef3d4a9f6c4,low_MoS2,2.0,1.0,3.0,MoS2_0.01562,39.49347748999999,0.15500000000000114
614309f04e27a1844a5f09b6,low_MoS2,1.0,2.0,3.0,MoS2_0.01562,8.511706120000124,1.1445000000000007
61430acf4e27a1844a5f09b8,low_MoS2,1.0,2.0,3.0,MoS2_0.01562,8.496104560000074,1.140900000000002
61430ba831cf3ef3d4a9f6c6,low_MoS2,2.0,1.0,3.0,MoS2_0.01562,41.48323418000014,0.4059999999999988
61430bae3ac25c70a5c6cc93,low_MoS2,3.0,0.0,3.0,MoS2_0.01562,50.80087436,0.3708000000000027
61430c4a3ac25c70a5c6cc95,low_MoS2,3.0,0.0,3.0,MoS2_0.01562,50.99754382000007,0.24159999999999826
61430d204e27a1844a5f09ba,low_MoS2,1.0,2.0,3.0,MoS2_0.01562,8.514417509999955,1.145699999999998
61430d7e4e27a1844a5f09bc,low_MoS2,1.0,2.0,3.0,MoS2_0.01562,8.544948369999954,1.177500000000002
61430d843ac25c70a5c6cc97,low_MoS2,3.0,0.0,3.0,MoS2_0.01562,50.75270414000003,0.361699999999999
61430e4c31cf3ef3d4a9f6c8,low_MoS2,2.0,1.0,3.0,MoS2_0.01562,41.41591269999999,0.3790000000000049
614310313ac25c70a5c6cc99,low_MoS2,3.0,0.0,3.0,MoS2_0.01562,50.32618719000008,0.15059999999999718
6143106131cf3ef3d4a9f6ca,low_MoS2,2.0,1.0,3.0,MoS2_0.01562,41.449094389999985,0.39229999999999876
614310b94e27a1844a5f09be,low_MoS2,1.0,2.0,3.0,MoS2_0.01562,8.52478814000008,1.1356000000000037
614311c44e27a1844a5f09c0,low_MoS2,1.0,2.0,3.0,MoS2_0.01562,8.510764030000043,1.1451999999999956
6143120a31cf3ef3d4a9f6cc,low_MoS2,2.0,1.0,3.0,MoS2_0.01562,39.49589368999996,0.15050000000000097
614312c331cf3ef3d4a9f6ce,low_MoS2,2.0,1.0,3.0,MoS2_0.01562,39.49514195000002,0.15720000000000312
614312ff31cf3ef3d4a9f6d0,low_MoS2,2.0,1.0,3.0,MoS2_0.01562,41.46920253999993,0.40209999999999724
6143133e31cf3ef3d4a9f6d2,low_MoS2,2.0,1.0,3.0,MoS2_0.01562,41.42662044999993,0.37950000000000017
614314893ac25c70a5c6cc9b,low_MoS2,3.0,0.0,3.0,MoS2_0.01562,50.794700020000086,0.3763000000000005
6143151d31cf3ef3d4a9f6d4,low_MoS2,2.0,1.0,3.0,MoS2_0.01562,39.497307309999954,0.17199999999999704
614315234e27a1844a5f09c2,low_MoS2,1.0,2.0,3.0,MoS2_0.01562,8.531533659999948,1.1393999999999949
6143153d3ac25c70a5c6cc9d,low_MoS2,3.0,0.0,3.0,MoS2_0.01562,50.798383879999996,0.37989999999999924
6143160731cf3ef3d4a9f6d6,low_MoS2,2.0,1.0,3.0,MoS2_0.01562,41.28899973000007,0.2692999999999941
614316123ac25c70a5c6cc9f,low_MoS2,3.0,0.0,3.0,MoS2_0.01562,50.77000805000004,0.39740000000000464
614317784e27a1844a5f09c4,low_MoS2,1.0,2.0,3.0,MoS2_0.01562,8.493543770000112,1.1373000000000033
6143178631cf3ef3d4a9f6d8,low_MoS2,2.0,1.0,3.0,MoS2_0.01562,41.45696272000005,0.3885000000000005
614317d53ac25c70a5c6cca1,low_MoS2,3.0,0.0,3.0,MoS2_0.01562,50.75851086999993,0.304399999999994
614318284e27a1844a5f09c6,low_MoS2,1.0,2.0,3.0,MoS2_0.01562,8.51064678000014,1.1451999999999956
61431840ee0a3fd43fb47f95,low_MoS2,1.0,2.0,3.0,MoS2_0.01562,32.142583900000076,0.40279999999999916
614318624e27a1844a5f09c8,low_MoS2,1.0,2.0,3.0,MoS2_0.01562,8.50291130999997,1.1492000000000004
614318743ac25c70a5c6cca3,low_MoS2,3.0,0.0,3.0,MoS2_0.01562,50.784563370000036,0.38589999999999947
614318f34e27a1844a5f09ca,low_MoS2,1.0,2.0,3.0,MoS2_0.01562,8.538670030000073,1.1443000000000012
614319b031cf3ef3d4a9f6da,low_MoS2,2.0,1.0,3.0,MoS2_0.01562,41.43217152000007,0.3825000000000003
61431a044e27a1844a5f09cc,low_MoS2,1.0,2.0,3.0,MoS2_0.01562,8.505572119999922,1.1503999999999976
61431a2d3ac25c70a5c6cca5,low_MoS2,3.0,0.0,3.0,MoS2_0.01562,50.837696870000094,0.42660000000000053
61431aff4e27a1844a5f09ce,low_MoS2,1.0,2.0,3.0,MoS2_0.01562,8.50178249000012,1.151299999999999
61431bab4e27a1844a5f09d0,low_MoS2,1.0,2.0,3.0,MoS2_0.01562,8.503217590000101,1.1481999999999957
61431c6231cf3ef3d4a9f6dc,low_MoS2,2.0,1.0,3.0,MoS2_0.01562,41.40485505000011,0.3826999999999998
61431c8a4e27a1844a5f09d2,low_MoS2,1.0,2.0,3.0,MoS2_0.01562,8.50269731999995,1.1469999999999985
61431c9e31cf3ef3d4a9f6de,low_MoS2,2.0,1.0,3.0,MoS2_0.01562,41.45502004000009,0.38879999999999626
61431cc64e27a1844a5f09d4,low_MoS2,1.0,2.0,3.0,MoS2_0.01562,8.538582910000084,1.1447000000000003
61431e5931cf3ef3d4a9f6e0,low_MoS2,2.0,1.0,3.0,MoS2_0.01562,41.39476146000011,0.2979999999999947
61431e8d3ac25c70a5c6cca7,low_MoS2,3.0,0.0,3.0,MoS2_0.01562,50.281419399999926,0.14849999999999852
61431e904e27a1844a5f09d6,low_MoS2,1.0,2.0,3.0,MoS2_0.01562,8.5059534100001,1.1454999999999984
61431ecf4e27a1844a5f09d8,low_MoS2,1.0,2.0,3.0,MoS2_0.01562,8.50333486000002,1.1458000000000013
61431edc31cf3ef3d4a9f6e2,low_MoS2,2.0,1.0,3.0,MoS2_0.01562,41.45780277000013,0.39749999999999375
6143204531cf3ef3d4a9f6e4,low_MoS2,2.0,1.0,3.0,MoS2_0.01562,41.49474570999992,0.40510000000000446
614320943ac25c70a5c6cca9,low_MoS2,3.0,0.0,3.0,MoS2_0.01562,50.81395233000004,0.3429000000000002
614321863ac25c70a5c6ccab,low_MoS2,3.0,0.0,3.0,MoS2_0.01562,50.800593099999936,0.38060000000000116
6143219831cf3ef3d4a9f6e6,low_MoS2,2.0,1.0,3.0,MoS2_0.01562,41.46618896000014,0.4153999999999982
614321b44e27a1844a5f09da,low_MoS2,1.0,2.0,3.0,MoS2_0.01562,8.499735809999972,1.1455999999999946
614322e631cf3ef3d4a9f6e8,low_MoS2,2.0,1.0,3.0,MoS2_0.01562,40.97165287999992,0.15699999999999648
614323714e27a1844a5f09dc,low_MoS2,1.0,2.0,3.0,MoS2_0.01562,8.50670868,1.1477999999999966
6143238c3ac25c70a5c6ccad,low_MoS2,3.0,0.0,3.0,MoS2_0.01562,50.76400204999997,0.2997999999999976
614324094e27a1844a5f09de,low_MoS2,1.0,2.0,3.0,MoS2_0.01562,8.522187199999987,1.1396000000000015
6143243331cf3ef3d4a9f6ea,low_MoS2,2.0,1.0,3.0,MoS2_0.01562,40.97653925999994,0.15290000000000248
614324444e27a1844a5f09e0,low_MoS2,1.0,2.0,3.0,MoS2_0.01562,8.49401753000009,1.1381999999999977
614324ca31cf3ef3d4a9f6ec,low_MoS2,2.0,1.0,3.0,MoS2_0.01562,41.45205348000009,0.39099999999999824
614325034e27a1844a5f09e2,low_MoS2,1.0,2.0,3.0,MoS2_0.01562,8.505131630000076,1.1506000000000043
614325203ac25c70a5c6ccaf,low_MoS2,3.0,0.0,3.0,MoS2_0.01562,48.897604610000066,0.24859999999999616
6143258c4e27a1844a5f09e4,low_MoS2,1.0,2.0,3.0,MoS2_0.01562,8.511263979999992,1.1469000000000023
614326443ac25c70a5c6ccb1,low_MoS2,3.0,0.0,3.0,MoS2_0.01562,50.81092260000006,0.34490000000000265
614326714e27a1844a5f09e6,low_MoS2,1.0,2.0,3.0,MoS2_0.01562,8.508539899999985,1.1462000000000003
6143268731cf3ef3d4a9f6ee,low_MoS2,2.0,1.0,3.0,MoS2_0.01562,39.50110523999997,0.14509999999999934
6143273231cf3ef3d4a9f6f0,low_MoS2,2.0,1.0,3.0,MoS2_0.01562,41.45882460999992,0.3952999999999989
6143280131cf3ef3d4a9f6f2,low_MoS2,2.0,1.0,3.0,MoS2_0.01562,39.495858100000035,0.15230000000000388
614328494e27a1844a5f09e8,low_MoS2,1.0,2.0,3.0,MoS2_0.01562,8.498589820000031,1.1418000000000035
6143299a3ac25c70a5c6ccb3,low_MoS2,3.0,0.0,3.0,MoS2_0.01562,50.794939629999966,0.3737999999999957
61432a194e27a1844a5f09ea,low_MoS2,1.0,2.0,3.0,MoS2_0.01562,8.52447744000008,1.1412000000000049
61432a393ac25c70a5c6ccb5,low_MoS2,3.0,0.0,3.0,MoS2_0.01562,50.30217101999998,0.155300000000004
61432a4731cf3ef3d4a9f6f4,low_MoS2,2.0,1.0,3.0,MoS2_0.01562,41.463290999999984,0.3726000000000056
61432b2d3ac25c70a5c6ccb7,low_MoS2,3.0,0.0,3.0,MoS2_0.01562,48.83197778000014,0.1489000000000047
61432b5931cf3ef3d4a9f6f6,low_MoS2,2.0,1.0,3.0,MoS2_0.01562,41.44705448000009,0.38870000000000005
61432b744e27a1844a5f09ec,low_MoS2,1.0,2.0,3.0,MoS2_0.01562,8.543098359999956,1.1443999999999974
61432baf4e27a1844a5f09ee,low_MoS2,1.0,2.0,3.0,MoS2_0.01562,8.516138600000001,1.1437000000000026
61432bb631cf3ef3d4a9f6f8,low_MoS2,2.0,1.0,3.0,MoS2_0.01562,41.45862050000001,0.40169999999999817
61432c5f31cf3ef3d4a9f6fa,low_MoS2,2.0,1.0,3.0,MoS2_0.01562,41.36399372000001,0.2939000000000007
61432cc53ac25c70a5c6ccb9,low_MoS2,3.0,0.0,3.0,MoS2_0.01562,48.841891899999986,0.1565999999999974
61432d60baaf234b35290740,low_MoS2,2.0,1.0,3.0,MoS2_0.01562,17.84897019000004,1.0837000000000003
61432d864e27a1844a5f09f0,low_MoS2,1.0,2.0,3.0,MoS2_0.01562,8.511025459999953,1.1445000000000007
61432e7b3ac25c70a5c6ccbb,low_MoS2,3.0,0.0,3.0,MoS2_0.01562,50.27978614000009,0.38469999999999516
61432ed931cf3ef3d4a9f6fc,low_MoS2,2.0,1.0,3.0,MoS2_0.01562,41.47079713000012,0.41790000000000305
61432fa04e27a1844a5f09f2,low_MoS2,1.0,2.0,3.0,MoS2_0.01562,8.49927860000005,1.1461000000000041
614330803ac25c70a5c6ccbd,low_MoS2,3.0,0.0,3.0,MoS2_0.01562,50.77806806999994,0.3918000000000035
614330cd9cbada84a8676d83,low_MoS2,0.0,3.0,3.0,MoS2_0.01562,-0.8295159799999396,1.808799999999998
614331254e27a1844a5f09f4,low_MoS2,1.0,2.0,3.0,MoS2_0.01562,8.506501490000144,1.1509
614331614e27a1844a5f09f6,low_MoS2,1.0,2.0,3.0,MoS2_0.01562,8.507380560000026,1.144600000000004
6143316631cf3ef3d4a9f6fe,low_MoS2,2.0,1.0,3.0,MoS2_0.01562,41.48302933000009,0.40869999999999607
614331c93ac25c70a5c6ccbf,low_MoS2,3.0,0.0,3.0,MoS2_0.01562,50.79409101999992,0.3762000000000043
6143328031cf3ef3d4a9f700,low_MoS2,2.0,1.0,3.0,MoS2_0.01562,41.46027111000008,0.38470000000000226
614332d54e27a1844a5f09f8,low_MoS2,1.0,2.0,3.0,MoS2_0.01562,8.515337529999922,1.1478000000000037
614333103ac25c70a5c6ccc1,low_MoS2,3.0,0.0,3.0,MoS2_0.01562,50.82254887000014,0.34019999999999584
6143332c31cf3ef3d4a9f702,low_MoS2,2.0,1.0,3.0,MoS2_0.01562,41.47673647999996,0.4058000000000064
6143338031cf3ef3d4a9f704,low_MoS2,2.0,1.0,3.0,MoS2_0.01562,41.48764176999994,0.41159999999999997
614333ae3ac25c70a5c6ccc3,low_MoS2,3.0,0.0,3.0,MoS2_0.01562,50.70767169000002,0.3100999999999985
614334d631cf3ef3d4a9f706,low_MoS2,2.0,1.0,3.0,MoS2_0.01562,41.39713285000012,0.3640000000000043
614335b23ac25c70a5c6ccc5,low_MoS2,3.0,0.0,3.0,MoS2_0.01562,50.82096856000013,0.41279999999999717
614335d231cf3ef3d4a9f708,low_MoS2,2.0,1.0,3.0,MoS2_0.01562,40.96610154000014,0.15780000000000172
6143362731cf3ef3d4a9f70a,low_MoS2,2.0,1.0,3.0,MoS2_0.01562,40.97321585999994,0.15380000000000393
614336933ac25c70a5c6ccc7,low_MoS2,3.0,0.0,3.0,MoS2_0.01562,50.31005898000004,0.14680000000000604
6143374b3ac25c70a5c6ccc9,low_MoS2,3.0,0.0,3.0,MoS2_0.01562,48.865039559999936,0.20550000000000068
6143386031cf3ef3d4a9f70c,low_MoS2,2.0,1.0,3.0,MoS2_0.01562,41.43875217,0.4100999999999999
614338b54e27a1844a5f09fa,low_MoS2,1.0,2.0,3.0,MoS2_0.01562,8.504182270000026,1.146099999999997
6143390f9cbada84a8676d85,low_MoS2,0.0,3.0,3.0,MoS2_0.01562,-0.8314700899999821,1.808399999999999
614339484e27a1844a5f09fc,low_MoS2,1.0,2.0,3.0,MoS2_0.01562,8.529391309999962,1.1387999999999963
614339f231cf3ef3d4a9f70e,low_MoS2,2.0,1.0,3.0,MoS2_0.01562,41.46488203999998,0.39620000000000033
61433b684e27a1844a5f09fe,low_MoS2,1.0,2.0,3.0,MoS2_0.01562,8.493431249999983,1.1377999999999986
61433b863ac25c70a5c6cccb,low_MoS2,3.0,0.0,3.0,MoS2_0.01562,50.36927344999996,0.1197000000000017
61433bcd4e27a1844a5f0a00,low_MoS2,1.0,2.0,3.0,MoS2_0.01562,8.513084850000066,1.144599999999997
61433c1231cf3ef3d4a9f710,low_MoS2,2.0,1.0,3.0,MoS2_0.01562,41.432618230000074,0.38009999999999877
61433c364e27a1844a5f0a02,low_MoS2,1.0,2.0,3.0,MoS2_0.01562,8.540489590000131,1.1454999999999984
61433c724e27a1844a5f0a04,low_MoS2,1.0,2.0,3.0,MoS2_0.01562,8.540661880000041,1.1465000000000032
61433cb04e27a1844a5f0a06,low_MoS2,1.0,2.0,3.0,MoS2_0.01562,8.510336070000019,1.1444000000000045
61433eb44e27a1844a5f0a08,low_MoS2,1.0,2.0,3.0,MoS2_0.01562,8.509695969999964,1.1468999999999951
61433eb631cf3ef3d4a9f712,low_MoS2,2.0,1.0,3.0,MoS2_0.01562,41.41256257999994,0.41790000000000305
61433f2631cf3ef3d4a9f714,low_MoS2,2.0,1.0,3.0,MoS2_0.01562,39.48739253000004,0.15800000000000125
61433f774e27a1844a5f0a0a,low_MoS2,1.0,2.0,3.0,MoS2_0.01562,8.511248540000022,1.1456000000000017
61433f7e31cf3ef3d4a9f716,low_MoS2,2.0,1.0,3.0,MoS2_0.01562,41.46389967,0.36299999999999955
61433fb03ac25c70a5c6cccd,low_MoS2,3.0,0.0,3.0,MoS2_0.01562,50.38439261,0.16049999999999898
61433fe1baaf234b35290742,low_MoS2,2.0,1.0,3.0,MoS2_0.01562,17.82131171000014,1.1088999999999984
61433ff531cf3ef3d4a9f718,low_MoS2,2.0,1.0,3.0,MoS2_0.01562,41.486426630000054,0.41150000000000375
6143407c3ac25c70a5c6cccf,low_MoS2,3.0,0.0,3.0,MoS2_0.01562,50.86958177000012,0.18199999999999505
614340aa31cf3ef3d4a9f71a,low_MoS2,2.0,1.0,3.0,MoS2_0.01562,41.480922740000054,0.409399999999998
614341194e27a1844a5f0a0c,low_MoS2,1.0,2.0,3.0,MoS2_0.01562,8.502714239999957,1.1469999999999985
614341633ac25c70a5c6ccd1,low_MoS2,3.0,0.0,3.0,MoS2_0.01562,50.737644890000105,0.29120000000000346
614341814e27a1844a5f0a0e,low_MoS2,1.0,2.0,3.0,MoS2_0.01562,8.509804300000066,1.1447000000000003
61434443baaf234b35290744,low_MoS2,2.0,1.0,3.0,MoS2_0.01562,17.860550620000133,1.113899999999994
6143444d4e27a1844a5f0a10,low_MoS2,1.0,2.0,3.0,MoS2_0.01562,8.513119180000128,1.1458999999999975
6143445331cf3ef3d4a9f71c,low_MoS2,2.0,1.0,3.0,MoS2_0.01562,41.48513521000014,0.4128000000000043
6143453a3ac25c70a5c6ccd3,low_MoS2,3.0,0.0,3.0,MoS2_0.01562,50.64152299999993,0.3785999999999987
614345b34e27a1844a5f0a12,low_MoS2,1.0,2.0,3.0,MoS2_0.01562,8.510126500000094,1.1448000000000036
6143461abaaf234b35290746,low_MoS2,2.0,1.0,3.0,MoS2_0.01562,17.86525574000006,1.0831000000000017
614346254e27a1844a5f0a14,low_MoS2,1.0,2.0,3.0,MoS2_0.01562,8.495689310000014,1.140500000000003
6143465f31cf3ef3d4a9f71e,low_MoS2,2.0,1.0,3.0,MoS2_0.01562,41.467381249999974,0.33449999999999847
614346653ac25c70a5c6ccd5,low_MoS2,3.0,0.0,3.0,MoS2_0.01562,50.793233080000086,0.37460000000000093
6143479d31cf3ef3d4a9f720,low_MoS2,2.0,1.0,3.0,MoS2_0.01562,41.46003201999993,0.3771999999999949
6143483831cf3ef3d4a9f722,low_MoS2,2.0,1.0,3.0,MoS2_0.01562,41.4819586600001,0.4134000000000029
614348454e27a1844a5f0a16,low_MoS2,1.0,2.0,3.0,MoS2_0.01562,8.54376630000004,1.1784000000000034
6143487831cf3ef3d4a9f724,low_MoS2,2.0,1.0,3.0,MoS2_0.01562,41.46083560999996,0.4134000000000029
614348833ac25c70a5c6ccd7,low_MoS2,3.0,0.0,3.0,MoS2_0.01562,50.79978453999994,0.1717000000000013
6143491631cf3ef3d4a9f726,low_MoS2,2.0,1.0,3.0,MoS2_0.01562,41.48711315999999,0.4146000000000001
614349994e27a1844a5f0a18,low_MoS2,1.0,2.0,3.0,MoS2_0.01562,8.51065524000003,1.144299999999994
614349dc31cf3ef3d4a9f728,low_MoS2,2.0,1.0,3.0,MoS2_0.01562,41.2985636800001,0.267399999999995
61434b773ac25c70a5c6ccd9,low_MoS2,3.0,0.0,3.0,MoS2_0.01562,48.82045867000003,0.1735000000000042
61434c294e27a1844a5f0a1a,low_MoS2,1.0,2.0,3.0,MoS2_0.01562,8.512764200000017,1.1447999999999965
61434c5f3ac25c70a5c6ccdb,low_MoS2,3.0,0.0,3.0,MoS2_0.01562,50.79141640000004,0.3847999999999985
61434cd731cf3ef3d4a9f72a,low_MoS2,2.0,1.0,3.0,MoS2_0.01562,41.46928642999997,0.3795999999999964
61434d8e3ac25c70a5c6ccdd,low_MoS2,3.0,0.0,3.0,MoS2_0.01562,50.81306428999998,0.39339999999999975
61434e6431cf3ef3d4a9f72c,low_MoS2,2.0,1.0,3.0,MoS2_0.01562,41.48740756000002,0.4063999999999979
61434e763ac25c70a5c6ccdf,low_MoS2,3.0,0.0,3.0,MoS2_0.01562,50.807335720000005,0.3879000000000019
61434ea431cf3ef3d4a9f72e,low_MoS2,2.0,1.0,3.0,MoS2_0.01562,41.45397421000003,0.3815000000000026
61434f183ac25c70a5c6cce1,low_MoS2,3.0,0.0,3.0,MoS2_0.01562,50.773733500000084,0.4305999999999983
61434fc631cf3ef3d4a9f730,low_MoS2,2.0,1.0,3.0,MoS2_0.01562,41.426707390000004,0.3745000000000047
6143501dee0a3fd43fb47f97,low_MoS2,1.0,2.0,3.0,MoS2_0.01562,32.1416454,0.4048999999999978
614350543ac25c70a5c6cce3,low_MoS2,3.0,0.0,3.0,MoS2_0.01562,50.327173139999935,0.15219999999999345
614350bd4e27a1844a5f0a1c,low_MoS2,1.0,2.0,3.0,MoS2_0.01562,8.506337080000119,1.137599999999999
614350f73ac25c70a5c6cce5,low_MoS2,3.0,0.0,3.0,MoS2_0.01562,49.864745430000006,0.19880000000000564
6143510531cf3ef3d4a9f732,low_MoS2,2.0,1.0,3.0,MoS2_0.01562,41.44835794000001,0.3626999999999967
614351224e27a1844a5f0a1e,low_MoS2,1.0,2.0,3.0,MoS2_0.01562,8.51655335000012,1.1451999999999956
6143514531cf3ef3d4a9f734,low_MoS2,2.0,1.0,3.0,MoS2_0.01562,39.49641168000012,0.1501999999999981
6143519e31cf3ef3d4a9f736,low_MoS2,2.0,1.0,3.0,MoS2_0.01562,41.46112630000012,0.3680000000000021
614351d34e27a1844a5f0a20,low_MoS2,1.0,2.0,3.0,MoS2_0.01562,8.509880180000007,1.1447000000000003
614351f93ac25c70a5c6cce7,low_MoS2,3.0,0.0,3.0,MoS2_0.01562,50.742196569999955,0.2950000000000017
6143540631cf3ef3d4a9f738,low_MoS2,2.0,1.0,3.0,MoS2_0.01562,41.38532490000007,0.2832000000000008
6143551031cf3ef3d4a9f73a,low_MoS2,2.0,1.0,3.0,MoS2_0.01562,41.45783221000006,0.37469999999999715
6143557c31cf3ef3d4a9f73c,low_MoS2,2.0,1.0,3.0,MoS2_0.01562,41.471968909999944,0.4057999999999993
614355f5ee0a3fd43fb47f99,low_MoS2,1.0,2.0,3.0,MoS2_0.01562,32.14728385000011,0.40330000000000155
614356233ac25c70a5c6cce9,low_MoS2,3.0,0.0,3.0,MoS2_0.01562,50.80845529000013,0.39289999999999736
614356a94e27a1844a5f0a22,low_MoS2,1.0,2.0,3.0,MoS2_0.01562,8.514238000000002,1.1457999999999942
614356d73ac25c70a5c6cceb,low_MoS2,3.0,0.0,3.0,MoS2_0.01562,50.3162509800001,0.15330000000000155
61435770baaf234b35290748,low_MoS2,2.0,1.0,3.0,MoS2_0.01562,17.885216099999973,1.1062000000000012
614357bc31cf3ef3d4a9f73e,low_MoS2,2.0,1.0,3.0,MoS2_0.01562,41.48386143000012,0.4159999999999968
614358f931cf3ef3d4a9f740,low_MoS2,2.0,1.0,3.0,MoS2_0.01562,41.475309410000094,0.4117000000000033
614359159cbada84a8676d87,low_MoS2,0.0,3.0,3.0,MoS2_0.01562,-0.8337274200000024,1.8076000000000008
614359553ac25c70a5c6cced,low_MoS2,3.0,0.0,3.0,MoS2_0.01562,48.784845629999985,0.1647000000000034
614359764e27a1844a5f0a24,low_MoS2,1.0,2.0,3.0,MoS2_0.01562,8.487280880000096,1.1390999999999991
6143597b31cf3ef3d4a9f742,low_MoS2,2.0,1.0,3.0,MoS2_0.01562,41.46683745000014,0.40869999999999607
61435ad44e27a1844a5f0a26,low_MoS2,1.0,2.0,3.0,MoS2_0.01562,8.527562680000099,1.1392000000000024
61435bbb4e27a1844a5f0a28,low_MoS2,1.0,2.0,3.0,MoS2_0.01562,8.501748670000122,1.145699999999998
61435bf931cf3ef3d4a9f744,low_MoS2,2.0,1.0,3.0,MoS2_0.01562,41.47388145000009,0.4136999999999986
61435cf63ac25c70a5c6ccef,low_MoS2,3.0,0.0,3.0,MoS2_0.01562,50.80187097000013,0.3620000000000019
61435cfc31cf3ef3d4a9f746,low_MoS2,2.0,1.0,3.0,MoS2_0.01562,41.39210003000012,0.29169999999999874
61435d5e4e27a1844a5f0a2a,low_MoS2,1.0,2.0,3.0,MoS2_0.01562,8.531884700000116,1.1404999999999959
61435d9c4e27a1844a5f0a2c,low_MoS2,1.0,2.0,3.0,MoS2_0.01562,8.509025520000048,1.1462999999999965
61435e6c31cf3ef3d4a9f748,low_MoS2,2.0,1.0,3.0,MoS2_0.01562,41.475893020000015,0.41319999999999624
61435e6d3ac25c70a5c6ccf1,low_MoS2,3.0,0.0,3.0,MoS2_0.01562,50.78506669000004,0.3841999999999999
61435ee24e27a1844a5f0a2e,low_MoS2,1.0,2.0,3.0,MoS2_0.01562,8.51474119000002,1.1477999999999966
61435f5a4e27a1844a5f0a30,low_MoS2,1.0,2.0,3.0,MoS2_0.01562,8.51716437000007,1.1432000000000002
6143630f31cf3ef3d4a9f74a,low_MoS2,2.0,1.0,3.0,MoS2_0.01562,41.455876200000105,0.3695999999999984
6143633f4e27a1844a5f0a32,low_MoS2,1.0,2.0,3.0,MoS2_0.01562,8.502511080000001,1.1467000000000027
6143641131cf3ef3d4a9f74c,low_MoS2,2.0,1.0,3.0,MoS2_0.01562,39.45382577000005,0.17940000000000111
6143647531cf3ef3d4a9f74e,low_MoS2,2.0,1.0,3.0,MoS2_0.01562,41.4728971900001,0.4140000000000015
614364c03ac25c70a5c6ccf3,low_MoS2,3.0,0.0,3.0,MoS2_0.01562,50.82825511000002,0.4177000000000035
614365b74e27a1844a5f0a34,low_MoS2,1.0,2.0,3.0,MoS2_0.01562,8.513625049999998,1.144600000000004
614366a431cf3ef3d4a9f750,low_MoS2,2.0,1.0,3.0,MoS2_0.01562,41.43089972999992,0.37829999999999586
614366e04e27a1844a5f0a36,low_MoS2,1.0,2.0,3.0,MoS2_0.01562,8.511678280000094,1.1447000000000003
614366ef3ac25c70a5c6ccf5,low_MoS2,3.0,0.0,3.0,MoS2_0.01562,50.31491809000014,0.15450000000000585
614368b431cf3ef3d4a9f752,low_MoS2,2.0,1.0,3.0,MoS2_0.01562,41.45640715999998,0.3879000000000019
6143696c4e27a1844a5f0a38,low_MoS2,1.0,2.0,3.0,MoS2_0.01562,8.507622760000029,1.147199999999998
61436a594e27a1844a5f0a3a,low_MoS2,1.0,2.0,3.0,MoS2_0.01562,8.542786120000098,1.1447000000000003
61436b0a3ac25c70a5c6ccf7,low_MoS2,3.0,0.0,3.0,MoS2_0.01562,50.805669310000134,0.39399999999999835
61436b8531cf3ef3d4a9f754,low_MoS2,2.0,1.0,3.0,MoS2_0.01562,41.439824080000065,0.37409999999999854
61436bb03ac25c70a5c6ccf9,low_MoS2,3.0,0.0,3.0,MoS2_0.01562,50.76712359000013,0.381299999999996
61436bfe31cf3ef3d4a9f756,low_MoS2,2.0,1.0,3.0,MoS2_0.01562,39.500947429999954,0.14789999999999992
61436d9d4e27a1844a5f0a3c,low_MoS2,1.0,2.0,3.0,MoS2_0.01562,8.517628999999967,1.1423000000000059
61436de731cf3ef3d4a9f758,low_MoS2,2.0,1.0,3.0,MoS2_0.01562,41.473229440000026,0.4046999999999983
61436f1f4e27a1844a5f0a3e,low_MoS2,1.0,2.0,3.0,MoS2_0.01562,8.543980780000108,1.177900000000001
61436f8131cf3ef3d4a9f75a,low_MoS2,2.0,1.0,3.0,MoS2_0.01562,41.44871819999999,0.3586999999999989
614371e931cf3ef3d4a9f75c,low_MoS2,2.0,1.0,3.0,MoS2_0.01562,41.42743794999997,0.3853999999999971
6143724c4e27a1844a5f0a40,low_MoS2,1.0,2.0,3.0,MoS2_0.01562,8.51127879000003,1.1445000000000007
614372f43ac25c70a5c6ccfb,low_MoS2,3.0,0.0,3.0,MoS2_0.01562,50.81154684000004,0.37829999999999586
6143736231cf3ef3d4a9f75e,low_MoS2,2.0,1.0,3.0,MoS2_0.01562,41.474985880000034,0.41389999999999816
6143739f3ac25c70a5c6ccfd,low_MoS2,3.0,0.0,3.0,MoS2_0.01562,50.2925847600001,0.15619999999999834
614374483ac25c70a5c6ccff,low_MoS2,3.0,0.0,3.0,MoS2_0.01562,50.81500870999995,0.38769999999999527
614374f13ac25c70a5c6cd01,low_MoS2,3.0,0.0,3.0,MoS2_0.01562,50.81895573000012,0.42260000000000275
6143755b4e27a1844a5f0a42,low_MoS2,1.0,2.0,3.0,MoS2_0.01562,8.51740092999992,1.1480999999999995
614375dcbaaf234b3529074a,low_MoS2,2.0,1.0,3.0,MoS2_0.01562,17.911051490000084,1.007399999999997
614375fd31cf3ef3d4a9f760,low_MoS2,2.0,1.0,3.0,MoS2_0.01562,41.46210785000012,0.37460000000000093
614376a431cf3ef3d4a9f762,low_MoS2,2.0,1.0,3.0,MoS2_0.01562,41.45239641000008,0.3806999999999974
614376c84e27a1844a5f0a44,low_MoS2,1.0,2.0,3.0,MoS2_0.01562,8.510693610000114,1.1447000000000003
614377e331cf3ef3d4a9f764,low_MoS2,2.0,1.0,3.0,MoS2_0.01562,41.51379517000005,0.3750999999999962
614377ff4e27a1844a5f0a46,low_MoS2,1.0,2.0,3.0,MoS2_0.01562,8.512900839999954,1.1443000000000012
614378e99cbada84a8676d89,low_MoS2,0.0,3.0,3.0,MoS2_0.01562,-0.8223184999998807,1.8077999999999932
614379f831cf3ef3d4a9f766,low_MoS2,2.0,1.0,3.0,MoS2_0.01562,41.42420336000005,0.38459999999999894
61437c3f3ac25c70a5c6cd03,low_MoS2,3.0,0.0,3.0,MoS2_0.01562,50.738271439999984,0.3068000000000026
61437dc1ee0a3fd43fb47f9b,low_MoS2,1.0,2.0,3.0,MoS2_0.01562,32.141560369999965,0.40520000000000067
61437e12ee0a3fd43fb47f9d,low_MoS2,1.0,2.0,3.0,MoS2_0.01562,32.13923900999997,0.40449999999999875
61437e914e27a1844a5f0a48,low_MoS2,1.0,2.0,3.0,MoS2_0.01562,8.519285379999953,1.1429000000000045
61437f8531cf3ef3d4a9f768,low_MoS2,2.0,1.0,3.0,MoS2_0.01562,41.39624414999999,0.39390000000000214
61437ff331cf3ef3d4a9f76a,low_MoS2,2.0,1.0,3.0,MoS2_0.01562,41.48474924000011,0.416400000000003
61437ff94e27a1844a5f0a4a,low_MoS2,1.0,2.0,3.0,MoS2_0.01562,8.511340710000038,1.1445000000000007
614380093ac25c70a5c6cd05,low_MoS2,3.0,0.0,3.0,MoS2_0.01562,50.27825567999995,0.1518000000000015
6143806031cf3ef3d4a9f76c,low_MoS2,2.0,1.0,3.0,MoS2_0.01562,39.493335210000126,0.15500000000000114
614380cd3ac25c70a5c6cd07,low_MoS2,3.0,0.0,3.0,MoS2_0.01562,48.838359830000094,0.16490000000000293
6143820a4e27a1844a5f0a4c,low_MoS2,1.0,2.0,3.0,MoS2_0.01562,8.520364590000124,1.1418000000000035
614383d631cf3ef3d4a9f76e,low_MoS2,2.0,1.0,3.0,MoS2_0.01562,41.43945931000003,0.4089999999999989
614384863ac25c70a5c6cd09,low_MoS2,3.0,0.0,3.0,MoS2_0.01562,50.69642209000009,0.41339999999999577
614384cb4e27a1844a5f0a4e,low_MoS2,1.0,2.0,3.0,MoS2_0.01562,8.502766739999995,1.1465000000000032
614385094e27a1844a5f0a50,low_MoS2,1.0,2.0,3.0,MoS2_0.01562,8.510816080000065,1.1452999999999989
6143857a3ac25c70a5c6cd0b,low_MoS2,3.0,0.0,3.0,MoS2_0.01562,50.788524599999995,0.38990000000000435
6143867d4e27a1844a5f0a52,low_MoS2,1.0,2.0,3.0,MoS2_0.01562,8.505314550000119,1.147199999999998
614388324e27a1844a5f0a54,low_MoS2,1.0,2.0,3.0,MoS2_0.01562,8.51219971000003,1.1450999999999993
614388ac31cf3ef3d4a9f770,low_MoS2,2.0,1.0,3.0,MoS2_0.01562,41.42084822000011,0.34949999999999903
6143894631cf3ef3d4a9f772,low_MoS2,2.0,1.0,3.0,MoS2_0.01562,41.455121980000015,0.3763000000000005
614389f73ac25c70a5c6cd0d,low_MoS2,3.0,0.0,3.0,MoS2_0.01562,50.80831771000013,0.3830999999999989
61438ab13ac25c70a5c6cd0f,low_MoS2,3.0,0.0,3.0,MoS2_0.01562,50.801685029999966,0.375
61438b5e3ac25c70a5c6cd11,low_MoS2,3.0,0.0,3.0,MoS2_0.01562,50.80885866000009,0.3754999999999953
61438cee31cf3ef3d4a9f774,low_MoS2,2.0,1.0,3.0,MoS2_0.01562,41.47873120000004,0.4170999999999978
61438ee84e27a1844a5f0a56,low_MoS2,1.0,2.0,3.0,MoS2_0.01562,8.532111730000022,1.137900000000002
61438fde31cf3ef3d4a9f776,low_MoS2,2.0,1.0,3.0,MoS2_0.01562,41.455762259999986,0.3667999999999978
6143902f3ac25c70a5c6cd13,low_MoS2,3.0,0.0,3.0,MoS2_0.01562,48.84800600000009,0.5165000000000006
614391014e27a1844a5f0a58,low_MoS2,1.0,2.0,3.0,MoS2_0.01562,8.54307646000009,1.1842000000000041
614391c43ac25c70a5c6cd15,low_MoS2,3.0,0.0,3.0,MoS2_0.01562,50.762131500000045,0.3847999999999985
61439247ee0a3fd43fb47f9f,low_MoS2,1.0,2.0,3.0,MoS2_0.01562,32.14446601999997,0.40390000000000015
614392773ac25c70a5c6cd17,low_MoS2,3.0,0.0,3.0,MoS2_0.01562,50.825969330000056,0.4270000000000067
614392a3baaf234b3529074c,low_MoS2,2.0,1.0,3.0,MoS2_0.01562,17.930463260000117,0.6533000000000015
6143932d31cf3ef3d4a9f778,low_MoS2,2.0,1.0,3.0,MoS2_0.01562,41.46470876999997,0.4024000000000001
614393f44e27a1844a5f0a5a,low_MoS2,1.0,2.0,3.0,MoS2_0.01562,8.503603820000105,1.1458000000000013
6143964f3ac25c70a5c6cd19,low_MoS2,3.0,0.0,3.0,MoS2_0.01562,50.77849206000011,0.3398000000000039
614396e64e27a1844a5f0a5c,low_MoS2,1.0,2.0,3.0,MoS2_0.01562,8.549176609999929,1.1770999999999958
614397163ac25c70a5c6cd1b,low_MoS2,3.0,0.0,3.0,MoS2_0.01562,50.78333723999996,0.3762000000000043
614398c631cf3ef3d4a9f77a,low_MoS2,2.0,1.0,3.0,MoS2_0.01562,41.48111916000012,0.40330000000000155
614399bdbaaf234b3529074e,low_MoS2,2.0,1.0,3.0,MoS2_0.01562,17.812077850000144,1.1060000000000016
61439a1331cf3ef3d4a9f77c,low_MoS2,2.0,1.0,3.0,MoS2_0.01562,41.4575468,0.37639999999999674
61439c723ac25c70a5c6cd1d,low_MoS2,3.0,0.0,3.0,MoS2_0.01562,50.76672909000005,0.3861000000000061
61439d894e27a1844a5f0a5e,low_MoS2,1.0,2.0,3.0,MoS2_0.01562,8.507834430000027,1.149000000000001
61439f1a4e27a1844a5f0a60,low_MoS2,1.0,2.0,3.0,MoS2_0.01562,8.548927520000031,1.1776000000000053
61439f574e27a1844a5f0a62,low_MoS2,1.0,2.0,3.0,MoS2_0.01562,8.514361640000086,1.1411000000000016
6143a28631cf3ef3d4a9f77e,low_MoS2,2.0,1.0,3.0,MoS2_0.01562,41.45507964000008,0.3903000000000034
6143a3fb3ac25c70a5c6cd1f,low_MoS2,3.0,0.0,3.0,MoS2_0.01562,50.785909990000086,0.39639999999999986
6143a4a73ac25c70a5c6cd21,low_MoS2,3.0,0.0,3.0,MoS2_0.01562,50.31632131000007,0.14920000000000044
6143a5533ac25c70a5c6cd23,low_MoS2,3.0,0.0,3.0,MoS2_0.01562,50.84433711000012,0.4136000000000024
6143a5ec31cf3ef3d4a9f780,low_MoS2,2.0,1.0,3.0,MoS2_0.01562,41.41351026999992,0.4011999999999958
6143a6b04e27a1844a5f0a64,low_MoS2,1.0,2.0,3.0,MoS2_0.01562,8.512980320000022,1.1452000000000027
6143a7914e27a1844a5f0a66,low_MoS2,1.0,2.0,3.0,MoS2_0.01562,8.542938699999947,1.1822000000000017
6143a84831cf3ef3d4a9f782,low_MoS2,2.0,1.0,3.0,MoS2_0.01562,41.45283113000001,0.3826000000000036
6143a8a231cf3ef3d4a9f784,low_MoS2,2.0,1.0,3.0,MoS2_0.01562,41.38983154000012,0.29820000000000135
6143a9d64e27a1844a5f0a68,low_MoS2,1.0,2.0,3.0,MoS2_0.01562,8.543850060000093,1.1773000000000025
6143aa554e27a1844a5f0a6a,low_MoS2,1.0,2.0,3.0,MoS2_0.01562,8.515365470000031,1.1452999999999989
6143abb231cf3ef3d4a9f786,low_MoS2,2.0,1.0,3.0,MoS2_0.01562,41.42943978000012,0.3836000000000013
6143ad094e27a1844a5f0a6c,low_MoS2,1.0,2.0,3.0,MoS2_0.01562,8.511135380000066,1.1476000000000042
6143add84e27a1844a5f0a6e,low_MoS2,1.0,2.0,3.0,MoS2_0.01562,8.513590090000005,1.1414000000000044
6143adeb31cf3ef3d4a9f788,low_MoS2,2.0,1.0,3.0,MoS2_0.01562,41.46508644000001,0.39580000000000126
6143ae403ac25c70a5c6cd25,low_MoS2,3.0,0.0,3.0,MoS2_0.01562,50.81219228000001,0.3404999999999987
6143af9d4e27a1844a5f0a70,low_MoS2,1.0,2.0,3.0,MoS2_0.01562,8.505674219999971,1.1463999999999999
6143b0079cbada84a8676d8b,low_MoS2,0.0,3.0,3.0,MoS2_0.01562,-0.8338290700000357,1.8096000000000032
6143b04131cf3ef3d4a9f78a,low_MoS2,2.0,1.0,3.0,MoS2_0.01562,40.977200519999954,0.15870000000000317
6143b0c74e27a1844a5f0a72,low_MoS2,1.0,2.0,3.0,MoS2_0.01562,8.505630019999924,1.137900000000002
6143b18631cf3ef3d4a9f78c,low_MoS2,2.0,1.0,3.0,MoS2_0.01562,41.46237824000009,0.38690000000000424
6143b24631cf3ef3d4a9f78e,low_MoS2,2.0,1.0,3.0,MoS2_0.01562,41.45140876000001,0.38459999999999894
6143b4c53ac25c70a5c6cd27,low_MoS2,3.0,0.0,3.0,MoS2_0.01562,50.71815338999992,0.30399999999999494
6143b5014e27a1844a5f0a74,low_MoS2,1.0,2.0,3.0,MoS2_0.01562,8.531892210000048,1.139400000000002
6143b54331cf3ef3d4a9f790,low_MoS2,2.0,1.0,3.0,MoS2_0.01562,41.47462902000002,0.4100999999999999
6143b5843ac25c70a5c6cd29,low_MoS2,3.0,0.0,3.0,MoS2_0.01562,50.78926173999995,0.37290000000000134
6143b7d63ac25c70a5c6cd2b,low_MoS2,3.0,0.0,3.0,MoS2_0.01562,50.84011873000001,0.16170000000000329
6143b8874e27a1844a5f0a76,low_MoS2,1.0,2.0,3.0,MoS2_0.01562,8.500375670000064,1.1495000000000033
6143ba8f3ac25c70a5c6cd2d,low_MoS2,3.0,0.0,3.0,MoS2_0.01562,50.82020604000005,0.3383000000000038
6143bc5931cf3ef3d4a9f792,low_MoS2,2.0,1.0,3.0,MoS2_0.01562,41.475669540000084,0.33429999999999893
6143bd0f31cf3ef3d4a9f794,low_MoS2,2.0,1.0,3.0,MoS2_0.01562,39.493637900000024,0.15279999999999916
6143bdca3ac25c70a5c6cd2f,low_MoS2,3.0,0.0,3.0,MoS2_0.01562,50.72130825000014,0.30569999999999453
6143be0c4e27a1844a5f0a78,low_MoS2,1.0,2.0,3.0,MoS2_0.01562,8.505825389999952,1.1462999999999965
6143c0063ac25c70a5c6cd31,low_MoS2,3.0,0.0,3.0,MoS2_0.01562,50.78272179000002,0.3847999999999985
6143c01031cf3ef3d4a9f796,low_MoS2,2.0,1.0,3.0,MoS2_0.01562,41.43392003000004,0.40789999999999793
6143c1d44e27a1844a5f0a7a,low_MoS2,1.0,2.0,3.0,MoS2_0.01562,8.530037969999992,1.1369000000000042
6143c75731cf3ef3d4a9f798,low_MoS2,2.0,1.0,3.0,MoS2_0.01562,40.96812640000003,0.1535999999999973
6143c7bf31cf3ef3d4a9f79a,low_MoS2,2.0,1.0,3.0,MoS2_0.01562,41.475300580000024,0.4136999999999986
6143c9ac31cf3ef3d4a9f79c,low_MoS2,2.0,1.0,3.0,MoS2_0.01562,41.38764826000006,0.3025999999999982
6143c9ed31cf3ef3d4a9f79e,low_MoS2,2.0,1.0,3.0,MoS2_0.01562,41.39380939999997,0.29809999999999803
6143ca2f4e27a1844a5f0a7c,low_MoS2,1.0,2.0,3.0,MoS2_0.01562,8.50604645000001,1.1372999999999962
6143cad34e27a1844a5f0a7e,low_MoS2,1.0,2.0,3.0,MoS2_0.01562,8.54341875999992,1.1784000000000034
6143caea3ac25c70a5c6cd33,low_MoS2,3.0,0.0,3.0,MoS2_0.01562,50.82208509000012,0.41509999999999536
6143cb9a3ac25c70a5c6cd35,low_MoS2,3.0,0.0,3.0,MoS2_0.01562,50.83202670999996,0.4195000000000064
6143cf8d3ac25c70a5c6cd37,low_MoS2,3.0,0.0,3.0,MoS2_0.01562,48.63604733000003,0.19239999999999924
6143cf9c31cf3ef3d4a9f7a0,low_MoS2,2.0,1.0,3.0,MoS2_0.01562,41.36828946999999,0.3006999999999991
6143cfe031cf3ef3d4a9f7a2,low_MoS2,2.0,1.0,3.0,MoS2_0.01562,41.45804655000002,0.3849000000000018
6143d03e3ac25c70a5c6cd39,low_MoS2,3.0,0.0,3.0,MoS2_0.01562,50.81710826000009,0.34260000000000446
6143d18f3ac25c70a5c6cd3b,low_MoS2,3.0,0.0,3.0,MoS2_0.01562,50.64483278000004,0.15980000000000416
6143d24431cf3ef3d4a9f7a4,low_MoS2,2.0,1.0,3.0,MoS2_0.01562,41.457897850000066,0.3885000000000005
6143d2cb3ac25c70a5c6cd3d,low_MoS2,3.0,0.0,3.0,MoS2_0.01562,50.18309682999999,0.17949999999999733
6143d37e3ac25c70a5c6cd3f,low_MoS2,3.0,0.0,3.0,MoS2_0.01562,50.80044852000007,0.4099000000000004
6143d5573ac25c70a5c6cd41,low_MoS2,3.0,0.0,3.0,MoS2_0.01562,50.81425056000004,0.3464000000000027
6143d5dc4e27a1844a5f0a80,low_MoS2,1.0,2.0,3.0,MoS2_0.01562,8.51071236999999,1.145399999999995
6143da0e3ac25c70a5c6cd43,low_MoS2,3.0,0.0,3.0,MoS2_0.01562,50.854818930000114,0.4065999999999974
6143dbd34e27a1844a5f0a82,low_MoS2,1.0,2.0,3.0,MoS2_0.01562,8.539476830000037,1.1318000000000055
6143e0364e27a1844a5f0a84,low_MoS2,1.0,2.0,3.0,MoS2_0.01562,8.514531869999953,1.1476000000000042
6143e4c831cf3ef3d4a9f7a6,low_MoS2,2.0,1.0,3.0,MoS2_0.01562,39.49535947,0.1536000000000044
6143e6339cbada84a8676d8d,low_MoS2,0.0,3.0,3.0,MoS2_0.01562,-0.8318192500000237,1.8096999999999994
6143e6553ac25c70a5c6cd45,low_MoS2,3.0,0.0,3.0,MoS2_0.01562,50.826765200000104,0.4291999999999945
6143e71031cf3ef3d4a9f7a8,low_MoS2,2.0,1.0,3.0,MoS2_0.01562,41.417076879999925,0.4170999999999978
6143e83f4e27a1844a5f0a86,low_MoS2,1.0,2.0,3.0,MoS2_0.01562,8.536436829999982,1.147199999999998
6143eaf031cf3ef3d4a9f7aa,low_MoS2,2.0,1.0,3.0,MoS2_0.01562,41.45428503000012,0.37930000000000064
6143ecd631cf3ef3d4a9f7ac,low_MoS2,2.0,1.0,3.0,MoS2_0.01562,41.46075830000014,0.35129999999999484
6143ee2c31cf3ef3d4a9f7ae,low_MoS2,2.0,1.0,3.0,MoS2_0.01562,41.47044247999993,0.3339999999999961
6143efc23ac25c70a5c6cd47,low_MoS2,3.0,0.0,3.0,MoS2_0.01562,50.31261286999999,0.15030000000000143
6143f1d54e27a1844a5f0a88,low_MoS2,1.0,2.0,3.0,MoS2_0.01562,8.510590090000075,1.1437999999999988
6143f2ab31cf3ef3d4a9f7b0,low_MoS2,2.0,1.0,3.0,MoS2_0.01562,39.42634863000008,0.19129999999999825
6143f3f84e27a1844a5f0a8a,low_MoS2,1.0,2.0,3.0,MoS2_0.01562,8.507357010000103,1.1433000000000035
6143f4714e27a1844a5f0a8c,low_MoS2,1.0,2.0,3.0,MoS2_0.01562,8.51432902000013,1.1452999999999989
6143f5af31cf3ef3d4a9f7b2,low_MoS2,2.0,1.0,3.0,MoS2_0.01562,41.49017034999993,0.4140999999999977
6143f5fc3ac25c70a5c6cd49,low_MoS2,3.0,0.0,3.0,MoS2_0.01562,50.77521629999993,0.38229999999999364
6143f62631cf3ef3d4a9f7b4,low_MoS2,2.0,1.0,3.0,MoS2_0.01562,41.47063647,0.3359999999999985
6143f8083ac25c70a5c6cd4b,low_MoS2,3.0,0.0,3.0,MoS2_0.01562,50.798194720000005,0.37989999999999924
6143f85231cf3ef3d4a9f7b6,low_MoS2,2.0,1.0,3.0,MoS2_0.01562,40.97297847,0.1565000000000012
6143f93131cf3ef3d4a9f7b8,low_MoS2,2.0,1.0,3.0,MoS2_0.01562,41.432679559999954,0.3832000000000022
6143fae931cf3ef3d4a9f7ba,low_MoS2,2.0,1.0,3.0,MoS2_0.01562,41.485249159999924,0.4169999999999945
6143fc4a31cf3ef3d4a9f7bc,low_MoS2,2.0,1.0,3.0,MoS2_0.01562,41.46824609000005,0.33450000000000557
6143fc5f3ac25c70a5c6cd4d,low_MoS2,3.0,0.0,3.0,MoS2_0.01562,50.78484790000008,0.3867000000000047
6143fcd131cf3ef3d4a9f7be,low_MoS2,2.0,1.0,3.0,MoS2_0.01562,41.37519594999999,0.3031000000000006
6143fd1331cf3ef3d4a9f7c0,low_MoS2,2.0,1.0,3.0,MoS2_0.01562,41.46235668000004,0.38990000000000435
6143fd9831cf3ef3d4a9f7c2,low_MoS2,2.0,1.0,3.0,MoS2_0.01562,41.460326970000054,0.34489999999999554
6143fdd731cf3ef3d4a9f7c4,low_MoS2,2.0,1.0,3.0,MoS2_0.01562,41.475383440000044,0.4052999999999969
614401833ac25c70a5c6cd4f,low_MoS2,3.0,0.0,3.0,MoS2_0.01562,48.83029748000005,0.19119999999999493
614401db31cf3ef3d4a9f7c6,low_MoS2,2.0,1.0,3.0,MoS2_0.01562,40.96599837999993,0.15330000000000155
614402124e27a1844a5f0a8e,low_MoS2,1.0,2.0,3.0,MoS2_0.01562,8.504994480000075,1.1458999999999975
6144036731cf3ef3d4a9f7c8,low_MoS2,2.0,1.0,3.0,MoS2_0.01562,41.44883881999995,0.3680999999999983
614405953ac25c70a5c6cd51,low_MoS2,3.0,0.0,3.0,MoS2_0.01562,50.81155421000009,0.3406999999999982
6144059f4e27a1844a5f0a90,low_MoS2,1.0,2.0,3.0,MoS2_0.01562,8.502560400000018,1.1452000000000027
614406494e27a1844a5f0a92,low_MoS2,1.0,2.0,3.0,MoS2_0.01562,8.510564980000051,1.1435999999999993
614409cc4e27a1844a5f0a94,low_MoS2,1.0,2.0,3.0,MoS2_0.01562,8.506589280000096,1.1373999999999995
61440a4731cf3ef3d4a9f7ca,low_MoS2,2.0,1.0,3.0,MoS2_0.01562,41.485902439999975,0.40460000000000207
61440b0a3ac25c70a5c6cd53,low_MoS2,3.0,0.0,3.0,MoS2_0.01562,50.89512333000008,0.14800000000000324
61440b454e27a1844a5f0a96,low_MoS2,1.0,2.0,3.0,MoS2_0.01562,8.517642020000064,1.1422000000000025
61440c683ac25c70a5c6cd55,low_MoS2,3.0,0.0,3.0,MoS2_0.01562,50.8250384300001,0.31969999999999743
61440cde31cf3ef3d4a9f7cc,low_MoS2,2.0,1.0,3.0,MoS2_0.01562,41.38771605999996,0.2995999999999981
61440ddc31cf3ef3d4a9f7ce,low_MoS2,2.0,1.0,3.0,MoS2_0.01562,41.45179118000006,0.36419999999999675
61440e703ac25c70a5c6cd57,low_MoS2,3.0,0.0,3.0,MoS2_0.01562,50.32934057999993,0.15220000000000056
61440fee31cf3ef3d4a9f7d0,low_MoS2,2.0,1.0,3.0,MoS2_0.01562,41.45248876000001,0.3819000000000017
614411563ac25c70a5c6cd59,low_MoS2,3.0,0.0,3.0,MoS2_0.01562,48.85061454999997,0.13880000000000337
614411684e27a1844a5f0a98,low_MoS2,1.0,2.0,3.0,MoS2_0.01562,8.52454175000005,1.1372999999999962
614412b03ac25c70a5c6cd5b,low_MoS2,3.0,0.0,3.0,MoS2_0.01562,50.82587511000012,0.42430000000000234
614412ee4e27a1844a5f0a9a,low_MoS2,1.0,2.0,3.0,MoS2_0.01562,8.50664580000014,1.1485999999999947
614413cf4e27a1844a5f0a9c,low_MoS2,1.0,2.0,3.0,MoS2_0.01562,8.507349380000075,1.1492999999999967
614414694e27a1844a5f0a9e,low_MoS2,1.0,2.0,3.0,MoS2_0.01562,8.514651200000142,1.1411999999999978
614415593ac25c70a5c6cd5d,low_MoS2,3.0,0.0,3.0,MoS2_0.01562,50.806521659999966,0.377200000000002
614415764e27a1844a5f0aa0,low_MoS2,1.0,2.0,3.0,MoS2_0.01562,8.509487060000108,1.147599999999997
614416103ac25c70a5c6cd5f,low_MoS2,3.0,0.0,3.0,MoS2_0.01562,50.80552359999994,0.3424000000000049
614417db31cf3ef3d4a9f7d2,low_MoS2,2.0,1.0,3.0,MoS2_0.01562,41.48157871000008,0.4157999999999973
614418d04e27a1844a5f0aa2,low_MoS2,1.0,2.0,3.0,MoS2_0.01562,8.508358660000138,1.1479999999999961
61441d234e27a1844a5f0aa4,low_MoS2,1.0,2.0,3.0,MoS2_0.01562,8.510284700000081,1.1465000000000032
61441e4d31cf3ef3d4a9f7d4,low_MoS2,2.0,1.0,3.0,MoS2_0.01562,39.49394816000013,0.15529999999999688
61441f2c31cf3ef3d4a9f7d6,low_MoS2,2.0,1.0,3.0,MoS2_0.01562,41.461511650000105,0.38000000000000256
61441fe83ac25c70a5c6cd61,low_MoS2,3.0,0.0,3.0,MoS2_0.01562,50.730153140000006,0.30689999999999884
61441ffa4e27a1844a5f0aa6,low_MoS2,1.0,2.0,3.0,MoS2_0.01562,8.51344063000013,1.1473999999999975
614420c44e27a1844a5f0aa8,low_MoS2,1.0,2.0,3.0,MoS2_0.01562,8.515551259999963,1.1448999999999998
614425294e27a1844a5f0aaa,low_MoS2,1.0,2.0,3.0,MoS2_0.01562,8.528990929999988,1.139000000000003
614426d331cf3ef3d4a9f7d8,low_MoS2,2.0,1.0,3.0,MoS2_0.01562,41.26358431000013,0.2248000000000019
614429fe31cf3ef3d4a9f7da,low_MoS2,2.0,1.0,3.0,MoS2_0.01562,39.48545378000013,0.15859999999999985
61442bfc4e27a1844a5f0aac,low_MoS2,1.0,2.0,3.0,MoS2_0.01562,8.53214839,1.1503999999999976
61442d83ee0a3fd43fb47fa1,low_MoS2,1.0,2.0,3.0,MoS2_0.01562,32.15040048000013,0.40449999999999875
61442e763ac25c70a5c6cd63,low_MoS2,3.0,0.0,3.0,MoS2_0.01562,50.80120645000003,0.3853999999999971
61442f2d3ac25c70a5c6cd65,low_MoS2,3.0,0.0,3.0,MoS2_0.01562,50.321776480000075,0.13889999999999958
61442f4131cf3ef3d4a9f7dc,low_MoS2,2.0,1.0,3.0,MoS2_0.01562,41.42950121000008,0.4112000000000009
61442f584e27a1844a5f0aae,low_MoS2,1.0,2.0,3.0,MoS2_0.01562,8.521444190000036,1.143500000000003
614430b44e27a1844a5f0ab0,low_MoS2,1.0,2.0,3.0,MoS2_0.01562,8.528117060000138,1.1396999999999977
6144312931cf3ef3d4a9f7de,low_MoS2,2.0,1.0,3.0,MoS2_0.01562,41.47351105000003,0.33620000000000516
614431da3ac25c70a5c6cd67,low_MoS2,3.0,0.0,3.0,MoS2_0.01562,50.770316430000015,0.3802000000000021
6144333531cf3ef3d4a9f7e0,low_MoS2,2.0,1.0,3.0,MoS2_0.01562,41.46482633000001,0.3684999999999974
6144347d31cf3ef3d4a9f7e2,low_MoS2,2.0,1.0,3.0,MoS2_0.01562,41.45806516000012,0.3961000000000041
614434883ac25c70a5c6cd69,low_MoS2,3.0,0.0,3.0,MoS2_0.01562,50.31067498000008,0.15520000000000067
614435cf3ac25c70a5c6cd6b,low_MoS2,3.0,0.0,3.0,MoS2_0.01562,50.799278249999965,0.38349999999999795
6144378f3ac25c70a5c6cd6d,low_MoS2,3.0,0.0,3.0,MoS2_0.01562,50.81288936000002,0.3838000000000008
6144390e3ac25c70a5c6cd6f,low_MoS2,3.0,0.0,3.0,MoS2_0.01562,50.78478297000007,0.4176999999999964
6144391c31cf3ef3d4a9f7e4,low_MoS2,2.0,1.0,3.0,MoS2_0.01562,41.433886890000124,0.3780000000000001
614439aa31cf3ef3d4a9f7e6,low_MoS2,2.0,1.0,3.0,MoS2_0.01562,41.44084321999999,0.3796000000000035
61443acc4e27a1844a5f0ab2,low_MoS2,1.0,2.0,3.0,MoS2_0.01562,8.542234929999974,1.1445000000000007
61443b0331cf3ef3d4a9f7e8,low_MoS2,2.0,1.0,3.0,MoS2_0.01562,41.47306017000001,0.3327999999999989
61443e6e31cf3ef3d4a9f7ea,low_MoS2,2.0,1.0,3.0,MoS2_0.01562,41.484347720000144,0.41430000000000433
6144403c4e27a1844a5f0ab4,low_MoS2,1.0,2.0,3.0,MoS2_0.01562,8.510599340000024,1.1452000000000027
61444142baaf234b35290750,low_MoS2,2.0,1.0,3.0,MoS2_0.01562,17.903329320000005,1.0808999999999997
6144425b4e27a1844a5f0ab6,low_MoS2,1.0,2.0,3.0,MoS2_0.01562,8.513029270000086,1.1452999999999989
614445824e27a1844a5f0ab8,low_MoS2,1.0,2.0,3.0,MoS2_0.01562,8.528572910000118,1.1395000000000053
614446fc4e27a1844a5f0aba,low_MoS2,1.0,2.0,3.0,MoS2_0.01562,8.530481360000092,1.139800000000001
614449ea4e27a1844a5f0abc,low_MoS2,1.0,2.0,3.0,MoS2_0.01562,8.533010280000124,1.1351000000000013
61444e083ac25c70a5c6cd71,low_MoS2,3.0,0.0,3.0,MoS2_0.01562,50.79236705999998,0.41740000000000066
614451783ac25c70a5c6cd73,low_MoS2,3.0,0.0,3.0,MoS2_0.01562,50.70440836999993,0.3207999999999984
61445327baaf234b35290752,low_MoS2,2.0,1.0,3.0,MoS2_0.01562,17.828011309999958,1.1058999999999983
6144545e31cf3ef3d4a9f7ec,low_MoS2,2.0,1.0,3.0,MoS2_0.01562,41.45235605000012,0.36990000000000123
614455f031cf3ef3d4a9f7ee,low_MoS2,2.0,1.0,3.0,MoS2_0.01562,41.45492007000003,0.37049999999999983
6144568d31cf3ef3d4a9f7f0,low_MoS2,2.0,1.0,3.0,MoS2_0.01562,39.49631738000012,0.14849999999999852
6144582d4e27a1844a5f0abe,low_MoS2,1.0,2.0,3.0,MoS2_0.01562,8.51117337999997,1.144600000000004
614458a04e27a1844a5f0ac0,low_MoS2,1.0,2.0,3.0,MoS2_0.01562,8.512651410000014,1.1457999999999942
61445a8e3ac25c70a5c6cd75,low_MoS2,3.0,0.0,3.0,MoS2_0.01562,50.82674678000004,0.4171000000000049
61445b664e27a1844a5f0ac2,low_MoS2,1.0,2.0,3.0,MoS2_0.01562,8.526166679999985,1.1392000000000024
61445fa83ac25c70a5c6cd77,low_MoS2,3.0,0.0,3.0,MoS2_0.01562,50.78140382000007,0.34270000000000067
6144631f3ac25c70a5c6cd79,low_MoS2,3.0,0.0,3.0,MoS2_0.01562,48.83820084000005,0.15729999999999933
6144666c31cf3ef3d4a9f7f2,low_MoS2,2.0,1.0,3.0,MoS2_0.01562,41.473504559999995,0.41270000000000095
614466fb3ac25c70a5c6cd7b,low_MoS2,3.0,0.0,3.0,MoS2_0.01562,48.842827269999965,0.15640000000000498
6144670431cf3ef3d4a9f7f4,low_MoS2,2.0,1.0,3.0,MoS2_0.01562,41.45214652,0.3796999999999997
614468303ac25c70a5c6cd7d,low_MoS2,3.0,0.0,3.0,MoS2_0.01562,47.00043440999995,0.48340000000000316
61446ae231cf3ef3d4a9f7f6,low_MoS2,2.0,1.0,3.0,MoS2_0.01562,41.482473040000016,0.4136000000000024
6144734f31cf3ef3d4a9f7f8,low_MoS2,2.0,1.0,3.0,MoS2_0.01562,41.46227397000003,0.37830000000000297
6144804c4e27a1844a5f0ac4,low_MoS2,1.0,2.0,3.0,MoS2_0.01562,8.528877770000033,1.1392000000000024
614481394e27a1844a5f0ac6,low_MoS2,1.0,2.0,3.0,MoS2_0.01562,8.51678597999992,1.1432000000000002
614482343ac25c70a5c6cd7f,low_MoS2,3.0,0.0,3.0,MoS2_0.01562,50.74016098000008,0.38870000000000005
614484203ac25c70a5c6cd81,low_MoS2,3.0,0.0,3.0,MoS2_0.01562,50.797849400000054,0.38279999999999603
614484a24e27a1844a5f0ac8,low_MoS2,1.0,2.0,3.0,MoS2_0.01562,8.512693709999919,1.1448999999999998
614484fc31cf3ef3d4a9f7fa,low_MoS2,2.0,1.0,3.0,MoS2_0.01562,41.41563624999999,0.3656000000000006
61448be83ac25c70a5c6cd83,low_MoS2,3.0,0.0,3.0,MoS2_0.01562,50.76561269000005,0.38220000000000454
61448c2231cf3ef3d4a9f7fc,low_MoS2,2.0,1.0,3.0,MoS2_0.01562,41.47663905999998,0.4146000000000001
614491ce4e27a1844a5f0aca,low_MoS2,1.0,2.0,3.0,MoS2_0.01562,8.529664740000069,1.1358999999999995
614497243ac25c70a5c6cd85,low_MoS2,3.0,0.0,3.0,MoS2_0.01562,50.702136569999915,0.3053999999999988
614499e33ac25c70a5c6cd87,low_MoS2,3.0,0.0,3.0,MoS2_0.01562,50.73727726999997,0.3982000000000028
61449a9b3ac25c70a5c6cd89,low_MoS2,3.0,0.0,3.0,MoS2_0.01562,50.30297013999999,0.14300000000000068
61449abf31cf3ef3d4a9f7fe,low_MoS2,2.0,1.0,3.0,MoS2_0.01562,39.48944131000003,0.14520000000000266
61449ea231cf3ef3d4a9f800,low_MoS2,2.0,1.0,3.0,MoS2_0.01562,41.47425386999994,0.41080000000000183
6144a3094e27a1844a5f0acc,low_MoS2,1.0,2.0,3.0,MoS2_0.01562,8.543365389999988,1.1448999999999998
6144a45c4e27a1844a5f0ace,low_MoS2,1.0,2.0,3.0,MoS2_0.01562,8.517642510000112,1.1479
6144a50e31cf3ef3d4a9f802,low_MoS2,2.0,1.0,3.0,MoS2_0.01562,41.46380365,0.38049999999999784
6144a68f9cbada84a8676d8f,low_MoS2,0.0,3.0,3.0,MoS2_0.01562,-0.831610919999946,1.8096000000000032
6144a7944e27a1844a5f0ad0,low_MoS2,1.0,2.0,3.0,MoS2_0.01562,8.516982370000076,1.1429000000000045
6144a8fb3ac25c70a5c6cd8b,low_MoS2,3.0,0.0,3.0,MoS2_0.01562,50.81227499999992,0.38230000000000075
6144aa6b3ac25c70a5c6cd8d,low_MoS2,3.0,0.0,3.0,MoS2_0.01562,50.80788216000011,0.34309999999999974
6144ab2031cf3ef3d4a9f804,low_MoS2,2.0,1.0,3.0,MoS2_0.01562,41.38976502999999,0.30169999999999675
6144acb53ac25c70a5c6cd8f,low_MoS2,3.0,0.0,3.0,MoS2_0.01562,50.30589503000002,0.14880000000000138
6144b0893ac25c70a5c6cd91,low_MoS2,3.0,0.0,3.0,MoS2_0.01562,50.769429330000015,0.383899999999997
6144b1573ac25c70a5c6cd93,low_MoS2,3.0,0.0,3.0,MoS2_0.01562,50.7989279,0.39159999999999684
6144b21431cf3ef3d4a9f806,low_MoS2,2.0,1.0,3.0,MoS2_0.01562,41.465710899999934,0.3855999999999966
6144b4283ac25c70a5c6cd95,low_MoS2,3.0,0.0,3.0,MoS2_0.01562,50.80501489999998,0.3791000000000011
6144bcd23ac25c70a5c6cd97,low_MoS2,3.0,0.0,3.0,MoS2_0.01562,50.79708586999997,0.39329999999999643
6144bce431cf3ef3d4a9f808,low_MoS2,2.0,1.0,3.0,MoS2_0.01562,41.44456011000007,0.3915000000000006
6144be423ac25c70a5c6cd99,low_MoS2,3.0,0.0,3.0,MoS2_0.01562,50.31420261000009,0.1525000000000034
6144c11231cf3ef3d4a9f80a,low_MoS2,2.0,1.0,3.0,MoS2_0.01562,41.28134306000011,0.2616999999999976
6144c5004e27a1844a5f0ad2,low_MoS2,1.0,2.0,3.0,MoS2_0.01562,8.545431250000117,1.1818999999999988
6144c7103ac25c70a5c6cd9b,low_MoS2,3.0,0.0,3.0,MoS2_0.01562,50.779061690000084,0.41980000000000217
6144cb273ac25c70a5c6cd9d,low_MoS2,3.0,0.0,3.0,MoS2_0.01562,50.78485625,0.3423000000000016
6144cd263ac25c70a5c6cd9f,low_MoS2,3.0,0.0,3.0,MoS2_0.01562,48.870688440000016,0.5307000000000031
6144cf9a31cf3ef3d4a9f80c,low_MoS2,2.0,1.0,3.0,MoS2_0.01562,41.460327140000075,0.36820000000000164
6144d0924e27a1844a5f0ad4,low_MoS2,1.0,2.0,3.0,MoS2_0.01562,8.535957880000094,1.1465999999999994
6144d1a34e27a1844a5f0ad6,low_MoS2,1.0,2.0,3.0,MoS2_0.01562,8.505780669999947,1.1484999999999985
6144d5cc4e27a1844a5f0ad8,low_MoS2,1.0,2.0,3.0,MoS2_0.01562,8.516744000000042,1.142400000000002
6144de9f3ac25c70a5c6cda1,low_MoS2,3.0,0.0,3.0,MoS2_0.01562,50.77077404999992,0.3411000000000044
6144e13031cf3ef3d4a9f80e,low_MoS2,2.0,1.0,3.0,MoS2_0.01562,41.434111620000024,0.3796999999999997
6144e2694e27a1844a5f0ada,low_MoS2,1.0,2.0,3.0,MoS2_0.01562,8.53058162999994,1.1370999999999967
6144e3be31cf3ef3d4a9f810,low_MoS2,2.0,1.0,3.0,MoS2_0.01562,41.457280569999924,0.3943000000000012
6144e4d331cf3ef3d4a9f812,low_MoS2,2.0,1.0,3.0,MoS2_0.01562,41.395861229999994,0.2995000000000019
6144e5ba3ac25c70a5c6cda3,low_MoS2,3.0,0.0,3.0,MoS2_0.01562,50.888291039999935,0.15980000000000416
6144e7b13ac25c70a5c6cda5,low_MoS2,3.0,0.0,3.0,MoS2_0.01562,50.78110587000007,0.4152999999999949
6144f4eb3ac25c70a5c6cda7,low_MoS2,3.0,0.0,3.0,MoS2_0.01562,50.81490902000011,0.4245000000000019
6144f9ad3ac25c70a5c6cda9,low_MoS2,3.0,0.0,3.0,MoS2_0.01562,48.83123317999995,0.15279999999999916
6144fb533ac25c70a5c6cdab,low_MoS2,3.0,0.0,3.0,MoS2_0.01562,50.84017716000009,0.41440000000000055
6144fbfe31cf3ef3d4a9f814,low_MoS2,2.0,1.0,3.0,MoS2_0.01562,41.41210156999996,0.41850000000000165
6144fd68ee0a3fd43fb47fa3,low_MoS2,1.0,2.0,3.0,MoS2_0.01562,32.15291819999992,0.3888999999999996
6144fd8b31cf3ef3d4a9f816,low_MoS2,2.0,1.0,3.0,MoS2_0.01562,41.40621226000003,0.39970000000000283
614501264e27a1844a5f0adc,low_MoS2,1.0,2.0,3.0,MoS2_0.01562,8.510891749999953,1.1460000000000008
614502123ac25c70a5c6cdad,low_MoS2,3.0,0.0,3.0,MoS2_0.01562,50.81428275,0.3435000000000059
6145083c3ac25c70a5c6cdaf,low_MoS2,3.0,0.0,3.0,MoS2_0.01562,50.30601571000003,0.15800000000000125
61450d0331cf3ef3d4a9f818,low_MoS2,2.0,1.0,3.0,MoS2_0.01562,41.37902211000001,0.30519999999999925
61450dc74e27a1844a5f0ade,low_MoS2,1.0,2.0,3.0,MoS2_0.01562,8.509783649999942,1.1458000000000013
61450e4d31cf3ef3d4a9f81a,low_MoS2,2.0,1.0,3.0,MoS2_0.01562,40.97802326000006,0.15930000000000177
61450fc43ac25c70a5c6cdb1,low_MoS2,3.0,0.0,3.0,MoS2_0.01562,50.77081076000005,0.4235000000000042
6145179731cf3ef3d4a9f81c,low_MoS2,2.0,1.0,3.0,MoS2_0.01562,41.455967979999926,0.38530000000000086
614517f14e27a1844a5f0ae0,low_MoS2,1.0,2.0,3.0,MoS2_0.01562,8.517603289999922,1.1484999999999985
61451f733ac25c70a5c6cdb3,low_MoS2,3.0,0.0,3.0,MoS2_0.01562,50.860905800000104,0.38289999999999935
614521924e27a1844a5f0ae2,low_MoS2,1.0,2.0,3.0,MoS2_0.01562,8.54675460000001,1.178200000000004
6145223a3ac25c70a5c6cdb5,low_MoS2,3.0,0.0,3.0,MoS2_0.01562,50.84393620999996,0.42729999999999535
6145283a31cf3ef3d4a9f81e,low_MoS2,2.0,1.0,3.0,MoS2_0.01562,41.44933686999998,0.3603000000000023
61452a0431cf3ef3d4a9f820,low_MoS2,2.0,1.0,3.0,MoS2_0.01562,41.44172891000012,0.40869999999999607
61452a2b3ac25c70a5c6cdb7,low_MoS2,3.0,0.0,3.0,MoS2_0.01562,50.826027190000026,0.4172000000000011
61452a9e4e27a1844a5f0ae4,low_MoS2,1.0,2.0,3.0,MoS2_0.01562,8.51371393000002,1.1462000000000003
61452da33ac25c70a5c6cdb9,low_MoS2,3.0,0.0,3.0,MoS2_0.01562,50.811230830000035,0.4239000000000033
6145333531cf3ef3d4a9f822,low_MoS2,2.0,1.0,3.0,MoS2_0.01562,41.47914034000014,0.34619999999999607
614536c031cf3ef3d4a9f824,low_MoS2,2.0,1.0,3.0,MoS2_0.01562,41.47769813000009,0.4140000000000015
61453fc231cf3ef3d4a9f826,low_MoS2,2.0,1.0,3.0,MoS2_0.01562,41.459206180000095,0.3925000000000054
6145492b3ac25c70a5c6cdbb,low_MoS2,3.0,0.0,3.0,MoS2_0.01562,50.82539039999998,0.4277000000000015
6145568d4e27a1844a5f0ae6,low_MoS2,1.0,2.0,3.0,MoS2_0.01562,8.515531970000008,1.1439000000000021
61455a754e27a1844a5f0ae8,low_MoS2,1.0,2.0,3.0,MoS2_0.01562,8.512051010000075,1.1454000000000022
61455da531cf3ef3d4a9f828,low_MoS2,2.0,1.0,3.0,MoS2_0.01562,41.46410994000003,0.3353000000000037
614564aa3ac25c70a5c6cdbd,low_MoS2,3.0,0.0,3.0,MoS2_0.01562,50.31917887000001,0.16279999999999717
614577c93ac25c70a5c6cdbf,low_MoS2,3.0,0.0,3.0,MoS2_0.01562,50.79922387000003,0.34899999999999665
61457b3131cf3ef3d4a9f82a,low_MoS2,2.0,1.0,3.0,MoS2_0.01562,40.96758700000005,0.1529999999999987
61458cf84e27a1844a5f0aea,low_MoS2,1.0,2.0,3.0,MoS2_0.01562,8.516780169999972,1.1450999999999993
6145917b4e27a1844a5f0aec,low_MoS2,1.0,2.0,3.0,MoS2_0.01562,8.515565080000012,1.1462000000000003
6145921a3ac25c70a5c6cdc1,low_MoS2,3.0,0.0,3.0,MoS2_0.01562,50.841210219999915,0.416400000000003
614594a74e27a1844a5f0aee,low_MoS2,1.0,2.0,3.0,MoS2_0.01562,8.50483908999993,1.1474000000000046
6145973a4e27a1844a5f0af0,low_MoS2,1.0,2.0,3.0,MoS2_0.01562,8.495881990000068,1.1403999999999996
61459b804e27a1844a5f0af2,low_MoS2,1.0,2.0,3.0,MoS2_0.01562,8.54433485999996,1.1792999999999978
61459c7d3ac25c70a5c6cdc3,low_MoS2,3.0,0.0,3.0,MoS2_0.01562,50.81702467999995,0.40380000000000393
61459ea04e27a1844a5f0af4,low_MoS2,1.0,2.0,3.0,MoS2_0.01562,8.594132369999922,1.133499999999998
6145a7c531cf3ef3d4a9f82c,low_MoS2,2.0,1.0,3.0,MoS2_0.01562,41.47966822999997,0.40619999999999834
6145aae831cf3ef3d4a9f82e,low_MoS2,2.0,1.0,3.0,MoS2_0.01562,39.49621840999994,0.154200000000003
6145ab413ac25c70a5c6cdc5,low_MoS2,3.0,0.0,3.0,MoS2_0.01562,50.84026755999995,0.40800000000000125
6145ae7f3ac25c70a5c6cdc7,low_MoS2,3.0,0.0,3.0,MoS2_0.01562,50.80758499999994,0.3791999999999973
6145b22e3ac25c70a5c6cdc9,low_MoS2,3.0,0.0,3.0,MoS2_0.01562,50.81721718999999,0.4305000000000021
6145b3773ac25c70a5c6cdcb,low_MoS2,3.0,0.0,3.0,MoS2_0.01562,50.819580349999946,0.34150000000000347
6145b8f24e27a1844a5f0af6,low_MoS2,1.0,2.0,3.0,MoS2_0.01562,8.505243569999973,1.1485000000000056
6145c1a131cf3ef3d4a9f830,low_MoS2,2.0,1.0,3.0,MoS2_0.01562,41.470445410000096,0.41620000000000346
6145c3fa4e27a1844a5f0af8,low_MoS2,1.0,2.0,3.0,MoS2_0.01562,8.514831360000041,1.1467000000000027
6145c4e43ac25c70a5c6cdcd,low_MoS2,3.0,0.0,3.0,MoS2_0.01562,50.32953364000006,0.1512999999999991
6145c7034e27a1844a5f0afa,low_MoS2,1.0,2.0,3.0,MoS2_0.01562,8.508349960000057,1.1373999999999995
6145ddc531cf3ef3d4a9f832,low_MoS2,2.0,1.0,3.0,MoS2_0.01562,41.38232452000007,0.3015000000000043
6145edc43ac25c70a5c6cdcf,low_MoS2,3.0,0.0,3.0,MoS2_0.01562,50.81777318999995,0.4253999999999962
6145f1fb3ac25c70a5c6cdd1,low_MoS2,3.0,0.0,3.0,MoS2_0.01562,48.678211580000074,0.3802000000000021
6145f9484e27a1844a5f0afc,low_MoS2,1.0,2.0,3.0,MoS2_0.01562,8.513913410000011,1.146499999999996
614600c231cf3ef3d4a9f834,low_MoS2,2.0,1.0,3.0,MoS2_0.01562,40.795427570000086,0.1566000000000045
6146069a4e27a1844a5f0afe,low_MoS2,1.0,2.0,3.0,MoS2_0.01562,8.502842560000115,1.1495000000000033
614633e63ac25c70a5c6cdd3,low_MoS2,3.0,0.0,3.0,MoS2_0.01562,48.81346449999993,0.1284999999999954
61463ed331cf3ef3d4a9f836,low_MoS2,2.0,1.0,3.0,MoS2_0.01562,41.473960409999975,0.414200000000001
614643503ac25c70a5c6cdd5,low_MoS2,3.0,0.0,3.0,MoS2_0.01562,50.79931686000001,0.41629999999999967
61464e873ac25c70a5c6cdd7,low_MoS2,3.0,0.0,3.0,MoS2_0.01562,50.772523000000014,0.41839999999999833
614661c53ac25c70a5c6cdd9,low_MoS2,3.0,0.0,3.0,MoS2_0.01562,50.78302591000003,0.34539999999999793
61466e8731cf3ef3d4a9f838,low_MoS2,2.0,1.0,3.0,MoS2_0.01562,41.463589440000035,0.3628999999999962
6146726f3ac25c70a5c6cddb,low_MoS2,3.0,0.0,3.0,MoS2_0.01562,50.81095868999993,0.38470000000000226
61467a723ac25c70a5c6cddd,low_MoS2,3.0,0.0,3.0,MoS2_0.01562,50.27295381000014,0.17249999999999943
614688ce31cf3ef3d4a9f83a,low_MoS2,2.0,1.0,3.0,MoS2_0.01562,41.46378337000006,0.3879999999999981
6146900531cf3ef3d4a9f83c,low_MoS2,2.0,1.0,3.0,MoS2_0.01562,41.48908659000013,0.4128000000000043
614691b431cf3ef3d4a9f83e,low_MoS2,2.0,1.0,3.0,MoS2_0.01562,41.49090807000012,0.40919999999999845
614699723ac25c70a5c6cddf,low_MoS2,3.0,0.0,3.0,MoS2_0.01562,50.8327450200001,0.3696000000000055
61469a2631cf3ef3d4a9f840,low_MoS2,2.0,1.0,3.0,MoS2_0.01562,41.47138164999997,0.415300000000002
61469dab3ac25c70a5c6cde1,low_MoS2,3.0,0.0,3.0,MoS2_0.01562,50.796305360000055,0.41859999999999786
6146a21a3ac25c70a5c6cde3,low_MoS2,3.0,0.0,3.0,MoS2_0.01562,50.86207871000003,0.42249999999999943
6146b90d4e27a1844a5f0b00,low_MoS2,1.0,2.0,3.0,MoS2_0.01562,8.505264680000007,1.149799999999999
6146bf7e3ac25c70a5c6cde5,low_MoS2,3.0,0.0,3.0,MoS2_0.01562,50.827441660000126,0.4228000000000023
6146c0483ac25c70a5c6cde7,low_MoS2,3.0,0.0,3.0,MoS2_0.01562,50.792766980000046,0.4181999999999988
6146d0b54e27a1844a5f0b02,low_MoS2,1.0,2.0,3.0,MoS2_0.01562,8.516562790000105,1.146099999999997
6146d5293ac25c70a5c6cde9,low_MoS2,3.0,0.0,3.0,MoS2_0.01562,50.72921587000011,0.3930000000000007
6146dd853ac25c70a5c6cdeb,low_MoS2,3.0,0.0,3.0,MoS2_0.01562,50.76544097000002,0.40559999999999974
6146de474e27a1844a5f0b04,low_MoS2,1.0,2.0,3.0,MoS2_0.01562,8.55622745999997,1.1777000000000015
6146e9103ac25c70a5c6cded,low_MoS2,3.0,0.0,3.0,MoS2_0.01562,50.77180867000008,0.4134000000000029
6146ecdb3ac25c70a5c6cdef,low_MoS2,3.0,0.0,3.0,MoS2_0.01562,50.827827900000024,0.4146000000000001
6146f6363ac25c70a5c6cdf1,low_MoS2,3.0,0.0,3.0,MoS2_0.01562,49.92544725999998,0.06349999999999767
6147054331cf3ef3d4a9f842,low_MoS2,2.0,1.0,3.0,MoS2_0.01562,39.49404380000006,0.1560000000000059
614731583ac25c70a5c6cdf3,low_MoS2,3.0,0.0,3.0,MoS2_0.01562,50.80432753999995,0.40099999999999625
61476b8431cf3ef3d4a9f844,low_MoS2,2.0,1.0,3.0,MoS2_0.01562,41.48074067000012,0.4055000000000035
6147b6243ac25c70a5c6cdf5,low_MoS2,3.0,0.0,3.0,MoS2_0.01562,50.765278109999976,0.3902000000000001
6147d3de31cf3ef3d4a9f846,low_MoS2,2.0,1.0,3.0,MoS2_0.01562,41.27239129999994,0.24790000000000134
6148032b4e27a1844a5f0b06,low_MoS2,1.0,2.0,3.0,MoS2_0.01562,8.509602679999968,1.1470000000000056
614805763ac25c70a5c6cdf7,low_MoS2,3.0,0.0,3.0,MoS2_0.01562,50.79482593000004,0.41899999999999693
614818ce3ac25c70a5c6cdf9,low_MoS2,3.0,0.0,3.0,MoS2_0.01562,50.79234671999999,0.4217000000000013
614848553ac25c70a5c6cdfb,low_MoS2,3.0,0.0,3.0,MoS2_0.01562,48.84516634000003,0.1612999999999971
614853c33ac25c70a5c6cdfd,low_MoS2,3.0,0.0,3.0,MoS2_0.01562,50.86947967000007,0.1717999999999975
6148f3f63ac25c70a5c6cdff,low_MoS2,3.0,0.0,3.0,MoS2_0.01562,50.83013352000004,0.420100000000005
6149087231cf3ef3d4a9f848,low_MoS2,2.0,1.0,3.0,MoS2_0.01562,41.245408200000114,0.2505999999999986
6149c48031cf3ef3d4a9f84a,low_MoS2,2.0,1.0,3.0,MoS2_0.01562,41.574279119999986,0.41550000000000153
6149f3853ac25c70a5c6ce01,low_MoS2,3.0,0.0,3.0,MoS2_0.01562,49.82167524999992,0.1746999999999943
615083823ac25c70a5c6ce03,low_MoS2,3.0,0.0,3.0,MoS2_0.01562,50.13040912000012,0.19639999999999702
